pipeline,nutrient,accuracy,macro_f1,weighted_f1,duration_s,colsample_bytree,learning_rate,max_depth,n_estimators,rate_drop,reg_alpha,reg_lambda,skip_drop,subsample
Preprocessed,N,0.352941176,0.260869565,0.276214834,4.6,0.5,0.01,2,50,0.1,0.1,1,0.5,0.6
Preprocessed,N,0.37254902,0.294117647,0.307958478,4.39,0.5,0.01,2,50,0.1,0.1,1,0.5,0.7
Preprocessed,N,0.31372549,0.23880597,0.25285338,10.67,0.5,0.01,2,50,0.1,0.1,1,0.5,0.8
Preprocessed,N,0.411764706,0.291666667,0.308823529,24.86,0.5,0.01,2,50,0.1,0.1,5,0.5,0.6
Preprocessed,N,0.411764706,0.291666667,0.308823529,25.13,0.5,0.01,2,50,0.1,0.1,5,0.5,0.7
Preprocessed,N,0.333333333,0.25,0.264705882,25.4,0.5,0.01,2,50,0.1,0.1,5,0.5,0.8
Preprocessed,N,0.411764706,0.291666667,0.308823529,25.38,0.5,0.01,2,50,0.1,1,1,0.5,0.6
Preprocessed,N,0.431372549,0.301369863,0.319097502,25.65,0.5,0.01,2,50,0.1,1,1,0.5,0.7
Preprocessed,N,0.352941176,0.260869565,0.276214834,25.94,0.5,0.01,2,50,0.1,1,1,0.5,0.8
Preprocessed,N,0.470588235,0.32,0.338823529,25.69,0.5,0.01,2,50,0.1,1,5,0.5,0.6
Preprocessed,N,0.470588235,0.32,0.338823529,25.83,0.5,0.01,2,50,0.1,1,5,0.5,0.7
Preprocessed,N,0.411764706,0.291666667,0.308823529,25.95,0.5,0.01,2,50,0.1,1,5,0.5,0.8
Preprocessed,N,0.352941176,0.260869565,0.276214834,24.06,0.5,0.01,2,50,0.3,0.1,1,0.5,0.6
Preprocessed,N,0.352941176,0.260869565,0.276214834,24.15,0.5,0.01,2,50,0.3,0.1,1,0.5,0.7
Preprocessed,N,0.333333333,0.25,0.264705882,24.21,0.5,0.01,2,50,0.3,0.1,1,0.5,0.8
Preprocessed,N,0.431372549,0.301369863,0.319097502,23.91,0.5,0.01,2,50,0.3,0.1,5,0.5,0.6
Preprocessed,N,0.450980392,0.310810811,0.3290938,24.01,0.5,0.01,2,50,0.3,0.1,5,0.5,0.7
Preprocessed,N,0.352941176,0.260869565,0.276214834,23.93,0.5,0.01,2,50,0.3,0.1,5,0.5,0.8
Preprocessed,N,0.431372549,0.301369863,0.319097502,22.71,0.5,0.01,2,50,0.3,1,1,0.5,0.6
Preprocessed,N,0.470588235,0.32,0.338823529,5.62,0.5,0.01,2,50,0.3,1,1,0.5,0.7
Preprocessed,N,0.37254902,0.271428571,0.287394958,5.13,0.5,0.01,2,50,0.3,1,1,0.5,0.8
Preprocessed,N,0.529411765,0.346153846,0.366515837,4.96,0.5,0.01,2,50,0.3,1,5,0.5,0.6
Preprocessed,N,0.490196078,0.328947368,0.348297214,5.5,0.5,0.01,2,50,0.3,1,5,0.5,0.7
Preprocessed,N,0.450980392,0.310810811,0.3290938,5.2,0.5,0.01,2,50,0.3,1,5,0.5,0.8
Preprocessed,N,0.352941176,0.282302772,0.295547473,19.36,0.5,0.01,2,100,0.1,0.1,1,0.5,0.6
Preprocessed,N,0.352941176,0.3002079,0.311507888,19.42,0.5,0.01,2,100,0.1,0.1,1,0.5,0.7
Preprocessed,N,0.431372549,0.408636545,0.415457346,19.37,0.5,0.01,2,100,0.1,0.1,1,0.5,0.8
Preprocessed,N,0.411764706,0.291666667,0.308823529,19.41,0.5,0.01,2,100,0.1,0.1,5,0.5,0.6
Preprocessed,N,0.352941176,0.282302772,0.295547473,19.6,0.5,0.01,2,100,0.1,0.1,5,0.5,0.7
Preprocessed,N,0.333333333,0.27020202,0.282828283,20.01,0.5,0.01,2,100,0.1,0.1,5,0.5,0.8
Preprocessed,N,0.411764706,0.291666667,0.308823529,20.04,0.5,0.01,2,100,0.1,1,1,0.5,0.6
Preprocessed,N,0.352941176,0.282302772,0.295547473,19.82,0.5,0.01,2,100,0.1,1,1,0.5,0.7
Preprocessed,N,0.333333333,0.27020202,0.282828283,19.66,0.5,0.01,2,100,0.1,1,1,0.5,0.8
Preprocessed,N,0.411764706,0.291666667,0.308823529,19.6,0.5,0.01,2,100,0.1,1,5,0.5,0.6
Preprocessed,N,0.37254902,0.271428571,0.287394958,20,0.5,0.01,2,100,0.1,1,5,0.5,0.7
Preprocessed,N,0.31372549,0.23880597,0.25285338,19.9,0.5,0.01,2,100,0.1,1,5,0.5,0.8
Preprocessed,N,0.352941176,0.282302772,0.295547473,18.03,0.5,0.01,2,100,0.3,0.1,1,0.5,0.6
Preprocessed,N,0.352941176,0.3002079,0.311507888,18.1,0.5,0.01,2,100,0.3,0.1,1,0.5,0.7
Preprocessed,N,0.431372549,0.408636545,0.415457346,18.04,0.5,0.01,2,100,0.3,0.1,1,0.5,0.8
Preprocessed,N,0.411764706,0.291666667,0.308823529,17.89,0.5,0.01,2,100,0.3,0.1,5,0.5,0.6
Preprocessed,N,0.352941176,0.282302772,0.295547473,18.27,0.5,0.01,2,100,0.3,0.1,5,0.5,0.7
Preprocessed,N,0.333333333,0.27020202,0.282828283,18.54,0.5,0.01,2,100,0.3,0.1,5,0.5,0.8
Preprocessed,N,0.411764706,0.291666667,0.308823529,18.04,0.5,0.01,2,100,0.3,1,1,0.5,0.6
Preprocessed,N,0.333333333,0.25,0.264705882,18.66,0.5,0.01,2,100,0.3,1,1,0.5,0.7
Preprocessed,N,0.333333333,0.27020202,0.282828283,18.21,0.5,0.01,2,100,0.3,1,1,0.5,0.8
Preprocessed,N,0.411764706,0.291666667,0.308823529,17.86,0.5,0.01,2,100,0.3,1,5,0.5,0.6
Preprocessed,N,0.37254902,0.271428571,0.287394958,18.11,0.5,0.01,2,100,0.3,1,5,0.5,0.7
Preprocessed,N,0.31372549,0.23880597,0.25285338,18.12,0.5,0.01,2,100,0.3,1,5,0.5,0.8
Preprocessed,N,0.392156863,0.342619543,0.353234683,43.21,0.5,0.01,2,150,0.1,0.1,1,0.5,0.6
Preprocessed,N,0.392156863,0.356532357,0.365438483,43.16,0.5,0.01,2,150,0.1,0.1,1,0.5,0.7
Preprocessed,N,0.450980392,0.440438871,0.444956666,43.02,0.5,0.01,2,150,0.1,0.1,1,0.5,0.8
Preprocessed,N,0.392156863,0.325799574,0.338241565,43.04,0.5,0.01,2,150,0.1,0.1,5,0.5,0.6
Preprocessed,N,0.352941176,0.3002079,0.311507888,43.24,0.5,0.01,2,150,0.1,0.1,5,0.5,0.7
Preprocessed,N,0.411764706,0.383064516,0.390891841,43.51,0.5,0.01,2,150,0.1,0.1,5,0.5,0.8
Preprocessed,N,0.392156863,0.325799574,0.338241565,43.26,0.5,0.01,2,150,0.1,1,1,0.5,0.6
Preprocessed,N,0.352941176,0.3002079,0.311507888,43.23,0.5,0.01,2,150,0.1,1,1,0.5,0.7
Preprocessed,N,0.333333333,0.27020202,0.282828283,42.95,0.5,0.01,2,150,0.1,1,1,0.5,0.8
Preprocessed,N,0.411764706,0.291666667,0.308823529,43.13,0.5,0.01,2,150,0.1,1,5,0.5,0.6
Preprocessed,N,0.37254902,0.294117647,0.307958478,42.85,0.5,0.01,2,150,0.1,1,5,0.5,0.7
Preprocessed,N,0.333333333,0.27020202,0.282828283,43.02,0.5,0.01,2,150,0.1,1,5,0.5,0.8
Preprocessed,N,0.392156863,0.342619543,0.353234683,38.22,0.5,0.01,2,150,0.3,0.1,1,0.5,0.6
Preprocessed,N,0.37254902,0.328947368,0.339009288,38.51,0.5,0.01,2,150,0.3,0.1,1,0.5,0.7
Preprocessed,N,0.450980392,0.440438871,0.444956666,38.66,0.5,0.01,2,150,0.3,0.1,1,0.5,0.8
Preprocessed,N,0.392156863,0.305665349,0.320080601,38.42,0.5,0.01,2,150,0.3,0.1,5,0.5,0.6
Preprocessed,N,0.352941176,0.3002079,0.311507888,38.38,0.5,0.01,2,150,0.3,0.1,5,0.5,0.7
Preprocessed,N,0.352941176,0.3002079,0.311507888,38.28,0.5,0.01,2,150,0.3,0.1,5,0.5,0.8
Preprocessed,N,0.37254902,0.294117647,0.307958478,38.53,0.5,0.01,2,150,0.3,1,1,0.5,0.6
Preprocessed,N,0.333333333,0.27020202,0.282828283,38.78,0.5,0.01,2,150,0.3,1,1,0.5,0.7
Preprocessed,N,0.333333333,0.27020202,0.282828283,38.63,0.5,0.01,2,150,0.3,1,1,0.5,0.8
Preprocessed,N,0.411764706,0.291666667,0.308823529,38.26,0.5,0.01,2,150,0.3,1,5,0.5,0.6
Preprocessed,N,0.352941176,0.260869565,0.276214834,38.03,0.5,0.01,2,150,0.3,1,5,0.5,0.7
Preprocessed,N,0.333333333,0.27020202,0.282828283,38.69,0.5,0.01,2,150,0.3,1,5,0.5,0.8
Preprocessed,N,0.352941176,0.260869565,0.276214834,5.59,0.5,0.01,3,50,0.1,0.1,1,0.5,0.6
Preprocessed,N,0.37254902,0.294117647,0.307958478,5.68,0.5,0.01,3,50,0.1,0.1,1,0.5,0.7
Preprocessed,N,0.31372549,0.23880597,0.25285338,5.68,0.5,0.01,3,50,0.1,0.1,1,0.5,0.8
Preprocessed,N,0.411764706,0.291666667,0.308823529,5.6,0.5,0.01,3,50,0.1,0.1,5,0.5,0.6
Preprocessed,N,0.411764706,0.291666667,0.308823529,5.62,0.5,0.01,3,50,0.1,0.1,5,0.5,0.7
Preprocessed,N,0.333333333,0.25,0.264705882,5.89,0.5,0.01,3,50,0.1,0.1,5,0.5,0.8
Preprocessed,N,0.411764706,0.291666667,0.308823529,5.53,0.5,0.01,3,50,0.1,1,1,0.5,0.6
Preprocessed,N,0.431372549,0.301369863,0.319097502,5.62,0.5,0.01,3,50,0.1,1,1,0.5,0.7
Preprocessed,N,0.352941176,0.260869565,0.276214834,5.76,0.5,0.01,3,50,0.1,1,1,0.5,0.8
Preprocessed,N,0.470588235,0.32,0.338823529,5.59,0.5,0.01,3,50,0.1,1,5,0.5,0.6
Preprocessed,N,0.470588235,0.32,0.338823529,5.78,0.5,0.01,3,50,0.1,1,5,0.5,0.7
Preprocessed,N,0.411764706,0.291666667,0.308823529,5.73,0.5,0.01,3,50,0.1,1,5,0.5,0.8
Preprocessed,N,0.352941176,0.260869565,0.276214834,5.3,0.5,0.01,3,50,0.3,0.1,1,0.5,0.6
Preprocessed,N,0.352941176,0.260869565,0.276214834,5.25,0.5,0.01,3,50,0.3,0.1,1,0.5,0.7
Preprocessed,N,0.31372549,0.23880597,0.25285338,5.39,0.5,0.01,3,50,0.3,0.1,1,0.5,0.8
Preprocessed,N,0.431372549,0.301369863,0.319097502,5.12,0.5,0.01,3,50,0.3,0.1,5,0.5,0.6
Preprocessed,N,0.450980392,0.310810811,0.3290938,5.35,0.5,0.01,3,50,0.3,0.1,5,0.5,0.7
Preprocessed,N,0.352941176,0.260869565,0.276214834,5.38,0.5,0.01,3,50,0.3,0.1,5,0.5,0.8
Preprocessed,N,0.431372549,0.301369863,0.319097502,5.38,0.5,0.01,3,50,0.3,1,1,0.5,0.6
Preprocessed,N,0.470588235,0.32,0.338823529,5.2,0.5,0.01,3,50,0.3,1,1,0.5,0.7
Preprocessed,N,0.37254902,0.271428571,0.287394958,5.4,0.5,0.01,3,50,0.3,1,1,0.5,0.8
Preprocessed,N,0.529411765,0.346153846,0.366515837,5.12,0.5,0.01,3,50,0.3,1,5,0.5,0.6
Preprocessed,N,0.490196078,0.328947368,0.348297214,5.4,0.5,0.01,3,50,0.3,1,5,0.5,0.7
Preprocessed,N,0.450980392,0.310810811,0.3290938,5.29,0.5,0.01,3,50,0.3,1,5,0.5,0.8
Preprocessed,N,0.352941176,0.282302772,0.295547473,19.62,0.5,0.01,3,100,0.1,0.1,1,0.5,0.6
Preprocessed,N,0.352941176,0.3002079,0.311507888,19.96,0.5,0.01,3,100,0.1,0.1,1,0.5,0.7
Preprocessed,N,0.431372549,0.408636545,0.415457346,20.33,0.5,0.01,3,100,0.1,0.1,1,0.5,0.8
Preprocessed,N,0.411764706,0.291666667,0.308823529,19.71,0.5,0.01,3,100,0.1,0.1,5,0.5,0.6
Preprocessed,N,0.352941176,0.282302772,0.295547473,19.68,0.5,0.01,3,100,0.1,0.1,5,0.5,0.7
Preprocessed,N,0.333333333,0.27020202,0.282828283,19.99,0.5,0.01,3,100,0.1,0.1,5,0.5,0.8
Preprocessed,N,0.411764706,0.291666667,0.308823529,19.95,0.5,0.01,3,100,0.1,1,1,0.5,0.6
Preprocessed,N,0.352941176,0.282302772,0.295547473,19.87,0.5,0.01,3,100,0.1,1,1,0.5,0.7
Preprocessed,N,0.333333333,0.27020202,0.282828283,20.06,0.5,0.01,3,100,0.1,1,1,0.5,0.8
Preprocessed,N,0.411764706,0.291666667,0.308823529,19.69,0.5,0.01,3,100,0.1,1,5,0.5,0.6
Preprocessed,N,0.37254902,0.271428571,0.287394958,19.61,0.5,0.01,3,100,0.1,1,5,0.5,0.7
Preprocessed,N,0.31372549,0.23880597,0.25285338,19.8,0.5,0.01,3,100,0.1,1,5,0.5,0.8
Preprocessed,N,0.352941176,0.282302772,0.295547473,17.5,0.5,0.01,3,100,0.3,0.1,1,0.5,0.6
Preprocessed,N,0.352941176,0.3002079,0.311507888,17.86,0.5,0.01,3,100,0.3,0.1,1,0.5,0.7
Preprocessed,N,0.450980392,0.433333333,0.439215686,17.83,0.5,0.01,3,100,0.3,0.1,1,0.5,0.8
Preprocessed,N,0.411764706,0.291666667,0.308823529,17.49,0.5,0.01,3,100,0.3,0.1,5,0.5,0.6
Preprocessed,N,0.352941176,0.282302772,0.295547473,17.72,0.5,0.01,3,100,0.3,0.1,5,0.5,0.7
Preprocessed,N,0.333333333,0.27020202,0.282828283,17.82,0.5,0.01,3,100,0.3,0.1,5,0.5,0.8
Preprocessed,N,0.411764706,0.291666667,0.308823529,17.72,0.5,0.01,3,100,0.3,1,1,0.5,0.6
Preprocessed,N,0.333333333,0.25,0.264705882,17.67,0.5,0.01,3,100,0.3,1,1,0.5,0.7
Preprocessed,N,0.31372549,0.23880597,0.25285338,17.85,0.5,0.01,3,100,0.3,1,1,0.5,0.8
Preprocessed,N,0.411764706,0.291666667,0.308823529,17.95,0.5,0.01,3,100,0.3,1,5,0.5,0.6
Preprocessed,N,0.37254902,0.271428571,0.287394958,17.52,0.5,0.01,3,100,0.3,1,5,0.5,0.7
Preprocessed,N,0.333333333,0.25,0.264705882,18.17,0.5,0.01,3,100,0.3,1,5,0.5,0.8
Preprocessed,N,0.392156863,0.342619543,0.353234683,41.96,0.5,0.01,3,150,0.1,0.1,1,0.5,0.6
Preprocessed,N,0.392156863,0.356532357,0.365438483,42.63,0.5,0.01,3,150,0.1,0.1,1,0.5,0.7
Preprocessed,N,0.470588235,0.463157895,0.466873065,42.58,0.5,0.01,3,150,0.1,0.1,1,0.5,0.8
Preprocessed,N,0.392156863,0.325799574,0.338241565,41.9,0.5,0.01,3,150,0.1,0.1,5,0.5,0.6
Preprocessed,N,0.352941176,0.3002079,0.311507888,42.01,0.5,0.01,3,150,0.1,0.1,5,0.5,0.7
Preprocessed,N,0.411764706,0.392857143,0.399159664,42.43,0.5,0.01,3,150,0.1,0.1,5,0.5,0.8
Preprocessed,N,0.392156863,0.325799574,0.338241565,42.02,0.5,0.01,3,150,0.1,1,1,0.5,0.6
Preprocessed,N,0.352941176,0.3002079,0.311507888,42.33,0.5,0.01,3,150,0.1,1,1,0.5,0.7
Preprocessed,N,0.333333333,0.27020202,0.282828283,42.58,0.5,0.01,3,150,0.1,1,1,0.5,0.8
Preprocessed,N,0.411764706,0.291666667,0.308823529,41.86,0.5,0.01,3,150,0.1,1,5,0.5,0.6
Preprocessed,N,0.37254902,0.294117647,0.307958478,42.26,0.5,0.01,3,150,0.1,1,5,0.5,0.7
Preprocessed,N,0.333333333,0.27020202,0.282828283,42.91,0.5,0.01,3,150,0.1,1,5,0.5,0.8
Preprocessed,N,0.392156863,0.342619543,0.353234683,37.74,0.5,0.01,3,150,0.3,0.1,1,0.5,0.6
Preprocessed,N,0.37254902,0.328947368,0.339009288,38.02,0.5,0.01,3,150,0.3,0.1,1,0.5,0.7
Preprocessed,N,0.450980392,0.440438871,0.444956666,38.23,0.5,0.01,3,150,0.3,0.1,1,0.5,0.8
Preprocessed,N,0.392156863,0.305665349,0.320080601,37.91,0.5,0.01,3,150,0.3,0.1,5,0.5,0.6
Preprocessed,N,0.352941176,0.3002079,0.311507888,38.49,0.5,0.01,3,150,0.3,0.1,5,0.5,0.7
Preprocessed,N,0.352941176,0.3002079,0.311507888,38.18,0.5,0.01,3,150,0.3,0.1,5,0.5,0.8
Preprocessed,N,0.37254902,0.294117647,0.307958478,37.56,0.5,0.01,3,150,0.3,1,1,0.5,0.6
Preprocessed,N,0.333333333,0.27020202,0.282828283,37.96,0.5,0.01,3,150,0.3,1,1,0.5,0.7
Preprocessed,N,0.333333333,0.27020202,0.282828283,38.2,0.5,0.01,3,150,0.3,1,1,0.5,0.8
Preprocessed,N,0.411764706,0.291666667,0.308823529,37.84,0.5,0.01,3,150,0.3,1,5,0.5,0.6
Preprocessed,N,0.352941176,0.260869565,0.276214834,37.62,0.5,0.01,3,150,0.3,1,5,0.5,0.7
Preprocessed,N,0.333333333,0.27020202,0.282828283,37.99,0.5,0.01,3,150,0.3,1,5,0.5,0.8
Preprocessed,N,0.352941176,0.260869565,0.276214834,5.44,0.5,0.01,4,50,0.1,0.1,1,0.5,0.6
Preprocessed,N,0.37254902,0.294117647,0.307958478,5.51,0.5,0.01,4,50,0.1,0.1,1,0.5,0.7
Preprocessed,N,0.31372549,0.23880597,0.25285338,5.6,0.5,0.01,4,50,0.1,0.1,1,0.5,0.8
Preprocessed,N,0.411764706,0.291666667,0.308823529,5.38,0.5,0.01,4,50,0.1,0.1,5,0.5,0.6
Preprocessed,N,0.411764706,0.291666667,0.308823529,5.55,0.5,0.01,4,50,0.1,0.1,5,0.5,0.7
Preprocessed,N,0.333333333,0.25,0.264705882,5.64,0.5,0.01,4,50,0.1,0.1,5,0.5,0.8
Preprocessed,N,0.411764706,0.291666667,0.308823529,5.47,0.5,0.01,4,50,0.1,1,1,0.5,0.6
Preprocessed,N,0.431372549,0.301369863,0.319097502,5.51,0.5,0.01,4,50,0.1,1,1,0.5,0.7
Preprocessed,N,0.352941176,0.260869565,0.276214834,5.6,0.5,0.01,4,50,0.1,1,1,0.5,0.8
Preprocessed,N,0.470588235,0.32,0.338823529,5.49,0.5,0.01,4,50,0.1,1,5,0.5,0.6
Preprocessed,N,0.470588235,0.32,0.338823529,5.47,0.5,0.01,4,50,0.1,1,5,0.5,0.7
Preprocessed,N,0.411764706,0.291666667,0.308823529,5.59,0.5,0.01,4,50,0.1,1,5,0.5,0.8
Preprocessed,N,0.352941176,0.260869565,0.276214834,5,0.5,0.01,4,50,0.3,0.1,1,0.5,0.6
Preprocessed,N,0.352941176,0.260869565,0.276214834,5.23,0.5,0.01,4,50,0.3,0.1,1,0.5,0.7
Preprocessed,N,0.31372549,0.23880597,0.25285338,5.17,0.5,0.01,4,50,0.3,0.1,1,0.5,0.8
Preprocessed,N,0.431372549,0.301369863,0.319097502,5.29,0.5,0.01,4,50,0.3,0.1,5,0.5,0.6
Preprocessed,N,0.450980392,0.310810811,0.3290938,5.09,0.5,0.01,4,50,0.3,0.1,5,0.5,0.7
Preprocessed,N,0.352941176,0.260869565,0.276214834,5.34,0.5,0.01,4,50,0.3,0.1,5,0.5,0.8
Preprocessed,N,0.431372549,0.301369863,0.319097502,5.04,0.5,0.01,4,50,0.3,1,1,0.5,0.6
Preprocessed,N,0.470588235,0.32,0.338823529,5.23,0.5,0.01,4,50,0.3,1,1,0.5,0.7
Preprocessed,N,0.37254902,0.271428571,0.287394958,5.17,0.5,0.01,4,50,0.3,1,1,0.5,0.8
Preprocessed,N,0.529411765,0.346153846,0.366515837,5.18,0.5,0.01,4,50,0.3,1,5,0.5,0.6
Preprocessed,N,0.490196078,0.328947368,0.348297214,5.14,0.5,0.01,4,50,0.3,1,5,0.5,0.7
Preprocessed,N,0.450980392,0.310810811,0.3290938,5.29,0.5,0.01,4,50,0.3,1,5,0.5,0.8
Preprocessed,N,0.352941176,0.282302772,0.295547473,19.46,0.5,0.01,4,100,0.1,0.1,1,0.5,0.6
Preprocessed,N,0.352941176,0.3002079,0.311507888,19.61,0.5,0.01,4,100,0.1,0.1,1,0.5,0.7
Preprocessed,N,0.431372549,0.408636545,0.415457346,19.72,0.5,0.01,4,100,0.1,0.1,1,0.5,0.8
Preprocessed,N,0.411764706,0.291666667,0.308823529,19.38,0.5,0.01,4,100,0.1,0.1,5,0.5,0.6
Preprocessed,N,0.352941176,0.282302772,0.295547473,19.24,0.5,0.01,4,100,0.1,0.1,5,0.5,0.7
Preprocessed,N,0.333333333,0.27020202,0.282828283,19.78,0.5,0.01,4,100,0.1,0.1,5,0.5,0.8
Preprocessed,N,0.411764706,0.291666667,0.308823529,19.7,0.5,0.01,4,100,0.1,1,1,0.5,0.6
Preprocessed,N,0.352941176,0.282302772,0.295547473,19.61,0.5,0.01,4,100,0.1,1,1,0.5,0.7
Preprocessed,N,0.333333333,0.27020202,0.282828283,19.76,0.5,0.01,4,100,0.1,1,1,0.5,0.8
Preprocessed,N,0.411764706,0.291666667,0.308823529,19.36,0.5,0.01,4,100,0.1,1,5,0.5,0.6
Preprocessed,N,0.37254902,0.271428571,0.287394958,19.44,0.5,0.01,4,100,0.1,1,5,0.5,0.7
Preprocessed,N,0.31372549,0.23880597,0.25285338,19.49,0.5,0.01,4,100,0.1,1,5,0.5,0.8
Preprocessed,N,0.352941176,0.282302772,0.295547473,17.67,0.5,0.01,4,100,0.3,0.1,1,0.5,0.6
Preprocessed,N,0.352941176,0.3002079,0.311507888,17.85,0.5,0.01,4,100,0.3,0.1,1,0.5,0.7
Preprocessed,N,0.450980392,0.433333333,0.439215686,17.84,0.5,0.01,4,100,0.3,0.1,1,0.5,0.8
Preprocessed,N,0.411764706,0.291666667,0.308823529,17.54,0.5,0.01,4,100,0.3,0.1,5,0.5,0.6
Preprocessed,N,0.352941176,0.282302772,0.295547473,17.93,0.5,0.01,4,100,0.3,0.1,5,0.5,0.7
Preprocessed,N,0.333333333,0.27020202,0.282828283,17.65,0.5,0.01,4,100,0.3,0.1,5,0.5,0.8
Preprocessed,N,0.411764706,0.291666667,0.308823529,17.33,0.5,0.01,4,100,0.3,1,1,0.5,0.6
Preprocessed,N,0.333333333,0.25,0.264705882,17.79,0.5,0.01,4,100,0.3,1,1,0.5,0.7
Preprocessed,N,0.31372549,0.23880597,0.25285338,17.97,0.5,0.01,4,100,0.3,1,1,0.5,0.8
Preprocessed,N,0.411764706,0.291666667,0.308823529,17.72,0.5,0.01,4,100,0.3,1,5,0.5,0.6
Preprocessed,N,0.37254902,0.271428571,0.287394958,17.72,0.5,0.01,4,100,0.3,1,5,0.5,0.7
Preprocessed,N,0.333333333,0.25,0.264705882,17.88,0.5,0.01,4,100,0.3,1,5,0.5,0.8
Preprocessed,N,0.392156863,0.342619543,0.353234683,41.98,0.5,0.01,4,150,0.1,0.1,1,0.5,0.6
Preprocessed,N,0.392156863,0.356532357,0.365438483,42.19,0.5,0.01,4,150,0.1,0.1,1,0.5,0.7
Preprocessed,N,0.470588235,0.463157895,0.466873065,42.62,0.5,0.01,4,150,0.1,0.1,1,0.5,0.8
Preprocessed,N,0.392156863,0.325799574,0.338241565,41.8,0.5,0.01,4,150,0.1,0.1,5,0.5,0.6
Preprocessed,N,0.352941176,0.3002079,0.311507888,42.44,0.5,0.01,4,150,0.1,0.1,5,0.5,0.7
Preprocessed,N,0.411764706,0.392857143,0.399159664,42.88,0.5,0.01,4,150,0.1,0.1,5,0.5,0.8
Preprocessed,N,0.392156863,0.325799574,0.338241565,41.81,0.5,0.01,4,150,0.1,1,1,0.5,0.6
Preprocessed,N,0.352941176,0.3002079,0.311507888,42.12,0.5,0.01,4,150,0.1,1,1,0.5,0.7
Preprocessed,N,0.333333333,0.27020202,0.282828283,42.28,0.5,0.01,4,150,0.1,1,1,0.5,0.8
Preprocessed,N,0.411764706,0.291666667,0.308823529,42.6,0.5,0.01,4,150,0.1,1,5,0.5,0.6
Preprocessed,N,0.37254902,0.294117647,0.307958478,41.85,0.5,0.01,4,150,0.1,1,5,0.5,0.7
Preprocessed,N,0.333333333,0.27020202,0.282828283,41.98,0.5,0.01,4,150,0.1,1,5,0.5,0.8
Preprocessed,N,0.392156863,0.342619543,0.353234683,37.83,0.5,0.01,4,150,0.3,0.1,1,0.5,0.6
Preprocessed,N,0.37254902,0.328947368,0.339009288,37.9,0.5,0.01,4,150,0.3,0.1,1,0.5,0.7
Preprocessed,N,0.450980392,0.440438871,0.444956666,38.35,0.5,0.01,4,150,0.3,0.1,1,0.5,0.8
Preprocessed,N,0.392156863,0.305665349,0.320080601,37.78,0.5,0.01,4,150,0.3,0.1,5,0.5,0.6
Preprocessed,N,0.352941176,0.3002079,0.311507888,37.97,0.5,0.01,4,150,0.3,0.1,5,0.5,0.7
Preprocessed,N,0.352941176,0.3002079,0.311507888,38.19,0.5,0.01,4,150,0.3,0.1,5,0.5,0.8
Preprocessed,N,0.37254902,0.294117647,0.307958478,37.71,0.5,0.01,4,150,0.3,1,1,0.5,0.6
Preprocessed,N,0.333333333,0.27020202,0.282828283,38.4,0.5,0.01,4,150,0.3,1,1,0.5,0.7
Preprocessed,N,0.333333333,0.27020202,0.282828283,38.36,0.5,0.01,4,150,0.3,1,1,0.5,0.8
Preprocessed,N,0.411764706,0.291666667,0.308823529,38.07,0.5,0.01,4,150,0.3,1,5,0.5,0.6
Preprocessed,N,0.352941176,0.260869565,0.276214834,38.24,0.5,0.01,4,150,0.3,1,5,0.5,0.7
Preprocessed,N,0.333333333,0.27020202,0.282828283,38.77,0.5,0.01,4,150,0.3,1,5,0.5,0.8
Preprocessed,N,0.392156863,0.342619543,0.353234683,5.38,0.5,0.05,2,50,0.1,0.1,1,0.5,0.6
Preprocessed,N,0.431372549,0.408636545,0.415457346,5.55,0.5,0.05,2,50,0.1,0.1,1,0.5,0.7
Preprocessed,N,0.509803922,0.506769826,0.509045398,5.36,0.5,0.05,2,50,0.1,0.1,1,0.5,0.8
Preprocessed,N,0.37254902,0.313131313,0.325014854,5.46,0.5,0.05,2,50,0.1,0.1,5,0.5,0.6
Preprocessed,N,0.411764706,0.383064516,0.390891841,5.46,0.5,0.05,2,50,0.1,0.1,5,0.5,0.7
Preprocessed,N,0.509803922,0.506769826,0.509045398,5.49,0.5,0.05,2,50,0.1,0.1,5,0.5,0.8
Preprocessed,N,0.411764706,0.356060606,0.367201426,5.38,0.5,0.05,2,50,0.1,1,1,0.5,0.6
Preprocessed,N,0.392156863,0.356532357,0.365438483,5.54,0.5,0.05,2,50,0.1,1,1,0.5,0.7
Preprocessed,N,0.490196078,0.480407524,0.484602618,5.4,0.5,0.05,2,50,0.1,1,1,0.5,0.8
Preprocessed,N,0.392156863,0.325799574,0.338241565,5.45,0.5,0.05,2,50,0.1,1,5,0.5,0.6
Preprocessed,N,0.37254902,0.328947368,0.339009288,5.38,0.5,0.05,2,50,0.1,1,5,0.5,0.7
Preprocessed,N,0.470588235,0.457232952,0.462241183,5.48,0.5,0.05,2,50,0.1,1,5,0.5,0.8
Preprocessed,N,0.392156863,0.342619543,0.353234683,5.01,0.5,0.05,2,50,0.3,0.1,1,0.5,0.6
Preprocessed,N,0.450980392,0.433333333,0.439215686,5.18,0.5,0.05,2,50,0.3,0.1,1,0.5,0.7
Preprocessed,N,0.529411765,0.52484472,0.527584947,5.03,0.5,0.05,2,50,0.3,0.1,1,0.5,0.8
Preprocessed,N,0.392156863,0.325799574,0.338241565,5.06,0.5,0.05,2,50,0.3,0.1,5,0.5,0.6
Preprocessed,N,0.37254902,0.328947368,0.339009288,5.11,0.5,0.05,2,50,0.3,0.1,5,0.5,0.7
Preprocessed,N,0.490196078,0.485248447,0.488217026,5.18,0.5,0.05,2,50,0.3,0.1,5,0.5,0.8
Preprocessed,N,0.411764706,0.356060606,0.367201426,4.88,0.5,0.05,2,50,0.3,1,1,0.5,0.6
Preprocessed,N,0.37254902,0.328947368,0.339009288,5.05,0.5,0.05,2,50,0.3,1,1,0.5,0.7
Preprocessed,N,0.490196078,0.480407524,0.484602618,5.1,0.5,0.05,2,50,0.3,1,1,0.5,0.8
Preprocessed,N,0.392156863,0.325799574,0.338241565,5.15,0.5,0.05,2,50,0.3,1,5,0.5,0.6
Preprocessed,N,0.352941176,0.3002079,0.311507888,5.09,0.5,0.05,2,50,0.3,1,5,0.5,0.7
Preprocessed,N,0.431372549,0.408636545,0.415457346,5.15,0.5,0.05,2,50,0.3,1,5,0.5,0.8
Preprocessed,N,0.450980392,0.433333333,0.439215686,19.34,0.5,0.05,2,100,0.1,0.1,1,0.5,0.6
Preprocessed,N,0.529411765,0.52484472,0.527584947,19.36,0.5,0.05,2,100,0.1,0.1,1,0.5,0.7
Preprocessed,N,0.470588235,0.467311412,0.469769029,19.72,0.5,0.05,2,100,0.1,0.1,1,0.5,0.8
Preprocessed,N,0.411764706,0.370888158,0.380321207,19.27,0.5,0.05,2,100,0.1,0.1,5,0.5,0.6
Preprocessed,N,0.470588235,0.457232952,0.462241183,19.37,0.5,0.05,2,100,0.1,0.1,5,0.5,0.7
Preprocessed,N,0.470588235,0.467311412,0.469769029,19.51,0.5,0.05,2,100,0.1,0.1,5,0.5,0.8
Preprocessed,N,0.392156863,0.342619543,0.353234683,19.25,0.5,0.05,2,100,0.1,1,1,0.5,0.6
Preprocessed,N,0.470588235,0.457232952,0.462241183,19.46,0.5,0.05,2,100,0.1,1,1,0.5,0.7
Preprocessed,N,0.490196078,0.485248447,0.488217026,19.37,0.5,0.05,2,100,0.1,1,1,0.5,0.8
Preprocessed,N,0.411764706,0.370888158,0.380321207,19.1,0.5,0.05,2,100,0.1,1,5,0.5,0.6
Preprocessed,N,0.411764706,0.383064516,0.390891841,19.56,0.5,0.05,2,100,0.1,1,5,0.5,0.7
Preprocessed,N,0.529411765,0.52484472,0.527584947,19.68,0.5,0.05,2,100,0.1,1,5,0.5,0.8
Preprocessed,N,0.450980392,0.433333333,0.439215686,17.42,0.5,0.05,2,100,0.3,0.1,1,0.5,0.6
Preprocessed,N,0.490196078,0.480407524,0.484602618,17.56,0.5,0.05,2,100,0.3,0.1,1,0.5,0.7
Preprocessed,N,0.470588235,0.467311412,0.469769029,17.62,0.5,0.05,2,100,0.3,0.1,1,0.5,0.8
Preprocessed,N,0.411764706,0.370888158,0.380321207,17.52,0.5,0.05,2,100,0.3,0.1,5,0.5,0.6
Preprocessed,N,0.470588235,0.457232952,0.462241183,17.59,0.5,0.05,2,100,0.3,0.1,5,0.5,0.7
Preprocessed,N,0.509803922,0.506769826,0.509045398,17.57,0.5,0.05,2,100,0.3,0.1,5,0.5,0.8
Preprocessed,N,0.392156863,0.342619543,0.353234683,17.47,0.5,0.05,2,100,0.3,1,1,0.5,0.6
Preprocessed,N,0.470588235,0.457232952,0.462241183,17.49,0.5,0.05,2,100,0.3,1,1,0.5,0.7
Preprocessed,N,0.490196078,0.485248447,0.488217026,17.72,0.5,0.05,2,100,0.3,1,1,0.5,0.8
Preprocessed,N,0.392156863,0.356532357,0.365438483,17.52,0.5,0.05,2,100,0.3,1,5,0.5,0.6
Preprocessed,N,0.431372549,0.408636545,0.415457346,17.84,0.5,0.05,2,100,0.3,1,5,0.5,0.7
Preprocessed,N,0.529411765,0.52484472,0.527584947,17.68,0.5,0.05,2,100,0.3,1,5,0.5,0.8
Preprocessed,N,0.490196078,0.480407524,0.484602618,41.86,0.5,0.05,2,150,0.1,0.1,1,0.5,0.6
Preprocessed,N,0.490196078,0.480407524,0.484602618,41.74,0.5,0.05,2,150,0.1,0.1,1,0.5,0.7
Preprocessed,N,0.509803922,0.506769826,0.509045398,41.85,0.5,0.05,2,150,0.1,0.1,1,0.5,0.8
Preprocessed,N,0.431372549,0.408636545,0.415457346,41.77,0.5,0.05,2,150,0.1,0.1,5,0.5,0.6
Preprocessed,N,0.470588235,0.457232952,0.462241183,42.19,0.5,0.05,2,150,0.1,0.1,5,0.5,0.7
Preprocessed,N,0.490196078,0.488425926,0.490196078,41.79,0.5,0.05,2,150,0.1,0.1,5,0.5,0.8
Preprocessed,N,0.411764706,0.383064516,0.390891841,41.91,0.5,0.05,2,150,0.1,1,1,0.5,0.6
Preprocessed,N,0.470588235,0.457232952,0.462241183,42.29,0.5,0.05,2,150,0.1,1,1,0.5,0.7
Preprocessed,N,0.490196078,0.485248447,0.488217026,41.97,0.5,0.05,2,150,0.1,1,1,0.5,0.8
Preprocessed,N,0.392156863,0.356532357,0.365438483,41.63,0.5,0.05,2,150,0.1,1,5,0.5,0.6
Preprocessed,N,0.431372549,0.408636545,0.415457346,41.88,0.5,0.05,2,150,0.1,1,5,0.5,0.7
Preprocessed,N,0.509803922,0.506769826,0.509045398,41.92,0.5,0.05,2,150,0.1,1,5,0.5,0.8
Preprocessed,N,0.450980392,0.433333333,0.439215686,39.38,0.5,0.05,2,150,0.3,0.1,1,0.5,0.6
Preprocessed,N,0.509803922,0.502923977,0.506363949,41.64,0.5,0.05,2,150,0.3,0.1,1,0.5,0.7
Preprocessed,N,0.549019608,0.54832499,0.549366917,38.5,0.5,0.05,2,150,0.3,0.1,1,0.5,0.8
Preprocessed,N,0.411764706,0.383064516,0.390891841,37.79,0.5,0.05,2,150,0.3,0.1,5,0.5,0.6
Preprocessed,N,0.470588235,0.457232952,0.462241183,37.89,0.5,0.05,2,150,0.3,0.1,5,0.5,0.7
Preprocessed,N,0.509803922,0.506769826,0.509045398,37.85,0.5,0.05,2,150,0.3,0.1,5,0.5,0.8
Preprocessed,N,0.392156863,0.356532357,0.365438483,37.59,0.5,0.05,2,150,0.3,1,1,0.5,0.6
Preprocessed,N,0.470588235,0.457232952,0.462241183,37.66,0.5,0.05,2,150,0.3,1,1,0.5,0.7
Preprocessed,N,0.490196078,0.485248447,0.488217026,37.58,0.5,0.05,2,150,0.3,1,1,0.5,0.8
Preprocessed,N,0.392156863,0.356532357,0.365438483,37.36,0.5,0.05,2,150,0.3,1,5,0.5,0.6
Preprocessed,N,0.431372549,0.408636545,0.415457346,38.04,0.5,0.05,2,150,0.3,1,5,0.5,0.7
Preprocessed,N,0.470588235,0.463157895,0.466873065,37.66,0.5,0.05,2,150,0.3,1,5,0.5,0.8
Preprocessed,N,0.392156863,0.342619543,0.353234683,5.38,0.5,0.05,3,50,0.1,0.1,1,0.5,0.6
Preprocessed,N,0.431372549,0.408636545,0.415457346,5.61,0.5,0.05,3,50,0.1,0.1,1,0.5,0.7
Preprocessed,N,0.509803922,0.506769826,0.509045398,5.58,0.5,0.05,3,50,0.1,0.1,1,0.5,0.8
Preprocessed,N,0.37254902,0.313131313,0.325014854,5.42,0.5,0.05,3,50,0.1,0.1,5,0.5,0.6
Preprocessed,N,0.411764706,0.383064516,0.390891841,5.39,0.5,0.05,3,50,0.1,0.1,5,0.5,0.7
Preprocessed,N,0.509803922,0.506769826,0.509045398,5.62,0.5,0.05,3,50,0.1,0.1,5,0.5,0.8
Preprocessed,N,0.411764706,0.356060606,0.367201426,5.4,0.5,0.05,3,50,0.1,1,1,0.5,0.6
Preprocessed,N,0.392156863,0.356532357,0.365438483,5.46,0.5,0.05,3,50,0.1,1,1,0.5,0.7
Preprocessed,N,0.490196078,0.480407524,0.484602618,5.53,0.5,0.05,3,50,0.1,1,1,0.5,0.8
Preprocessed,N,0.392156863,0.325799574,0.338241565,5.42,0.5,0.05,3,50,0.1,1,5,0.5,0.6
Preprocessed,N,0.37254902,0.328947368,0.339009288,5.43,0.5,0.05,3,50,0.1,1,5,0.5,0.7
Preprocessed,N,0.470588235,0.457232952,0.462241183,5.49,0.5,0.05,3,50,0.1,1,5,0.5,0.8
Preprocessed,N,0.392156863,0.342619543,0.353234683,5.12,0.5,0.05,3,50,0.3,0.1,1,0.5,0.6
Preprocessed,N,0.450980392,0.433333333,0.439215686,5.06,0.5,0.05,3,50,0.3,0.1,1,0.5,0.7
Preprocessed,N,0.509803922,0.506769826,0.509045398,5.37,0.5,0.05,3,50,0.3,0.1,1,0.5,0.8
Preprocessed,N,0.392156863,0.325799574,0.338241565,5.01,0.5,0.05,3,50,0.3,0.1,5,0.5,0.6
Preprocessed,N,0.37254902,0.328947368,0.339009288,5.24,0.5,0.05,3,50,0.3,0.1,5,0.5,0.7
Preprocessed,N,0.529411765,0.52484472,0.527584947,5.4,0.5,0.05,3,50,0.3,0.1,5,0.5,0.8
Preprocessed,N,0.411764706,0.356060606,0.367201426,5.06,0.5,0.05,3,50,0.3,1,1,0.5,0.6
Preprocessed,N,0.37254902,0.328947368,0.339009288,5.13,0.5,0.05,3,50,0.3,1,1,0.5,0.7
Preprocessed,N,0.509803922,0.502923977,0.506363949,5.2,0.5,0.05,3,50,0.3,1,1,0.5,0.8
Preprocessed,N,0.392156863,0.325799574,0.338241565,4.77,0.5,0.05,3,50,0.3,1,5,0.5,0.6
Preprocessed,N,0.352941176,0.3002079,0.311507888,4.99,0.5,0.05,3,50,0.3,1,5,0.5,0.7
Preprocessed,N,0.431372549,0.408636545,0.415457346,4.93,0.5,0.05,3,50,0.3,1,5,0.5,0.8
Preprocessed,N,0.450980392,0.433333333,0.439215686,19.13,0.5,0.05,3,100,0.1,0.1,1,0.5,0.6
Preprocessed,N,0.529411765,0.52484472,0.527584947,19.29,0.5,0.05,3,100,0.1,0.1,1,0.5,0.7
Preprocessed,N,0.470588235,0.467311412,0.469769029,19.48,0.5,0.05,3,100,0.1,0.1,1,0.5,0.8
Preprocessed,N,0.411764706,0.370888158,0.380321207,19.25,0.5,0.05,3,100,0.1,0.1,5,0.5,0.6
Preprocessed,N,0.470588235,0.457232952,0.462241183,19.36,0.5,0.05,3,100,0.1,0.1,5,0.5,0.7
Preprocessed,N,0.490196078,0.485248447,0.488217026,19.5,0.5,0.05,3,100,0.1,0.1,5,0.5,0.8
Preprocessed,N,0.392156863,0.342619543,0.353234683,19.04,0.5,0.05,3,100,0.1,1,1,0.5,0.6
Preprocessed,N,0.470588235,0.457232952,0.462241183,19.62,0.5,0.05,3,100,0.1,1,1,0.5,0.7
Preprocessed,N,0.509803922,0.502923977,0.506363949,19.59,0.5,0.05,3,100,0.1,1,1,0.5,0.8
Preprocessed,N,0.411764706,0.370888158,0.380321207,19.29,0.5,0.05,3,100,0.1,1,5,0.5,0.6
Preprocessed,N,0.411764706,0.383064516,0.390891841,19.34,0.5,0.05,3,100,0.1,1,5,0.5,0.7
Preprocessed,N,0.509803922,0.502923977,0.506363949,19.51,0.5,0.05,3,100,0.1,1,5,0.5,0.8
Preprocessed,N,0.450980392,0.433333333,0.439215686,17.64,0.5,0.05,3,100,0.3,0.1,1,0.5,0.6
Preprocessed,N,0.490196078,0.480407524,0.484602618,17.66,0.5,0.05,3,100,0.3,0.1,1,0.5,0.7
Preprocessed,N,0.490196078,0.485248447,0.488217026,17.7,0.5,0.05,3,100,0.3,0.1,1,0.5,0.8
Preprocessed,N,0.411764706,0.370888158,0.380321207,17.3,0.5,0.05,3,100,0.3,0.1,5,0.5,0.6
Preprocessed,N,0.470588235,0.457232952,0.462241183,17.64,0.5,0.05,3,100,0.3,0.1,5,0.5,0.7
Preprocessed,N,0.509803922,0.506769826,0.509045398,17.92,0.5,0.05,3,100,0.3,0.1,5,0.5,0.8
Preprocessed,N,0.392156863,0.342619543,0.353234683,17.34,0.5,0.05,3,100,0.3,1,1,0.5,0.6
Preprocessed,N,0.470588235,0.457232952,0.462241183,17.42,0.5,0.05,3,100,0.3,1,1,0.5,0.7
Preprocessed,N,0.490196078,0.485248447,0.488217026,17.88,0.5,0.05,3,100,0.3,1,1,0.5,0.8
Preprocessed,N,0.392156863,0.356532357,0.365438483,17.38,0.5,0.05,3,100,0.3,1,5,0.5,0.6
Preprocessed,N,0.431372549,0.408636545,0.415457346,17.5,0.5,0.05,3,100,0.3,1,5,0.5,0.7
Preprocessed,N,0.529411765,0.52484472,0.527584947,17.74,0.5,0.05,3,100,0.3,1,5,0.5,0.8
Preprocessed,N,0.490196078,0.480407524,0.484602618,41.77,0.5,0.05,3,150,0.1,0.1,1,0.5,0.6
Preprocessed,N,0.490196078,0.480407524,0.484602618,42.35,0.5,0.05,3,150,0.1,0.1,1,0.5,0.7
Preprocessed,N,0.529411765,0.527777778,0.529411765,42.03,0.5,0.05,3,150,0.1,0.1,1,0.5,0.8
Preprocessed,N,0.431372549,0.408636545,0.415457346,41.88,0.5,0.05,3,150,0.1,0.1,5,0.5,0.6
Preprocessed,N,0.470588235,0.457232952,0.462241183,41.68,0.5,0.05,3,150,0.1,0.1,5,0.5,0.7
Preprocessed,N,0.490196078,0.488425926,0.490196078,41.87,0.5,0.05,3,150,0.1,0.1,5,0.5,0.8
Preprocessed,N,0.411764706,0.383064516,0.390891841,41.56,0.5,0.05,3,150,0.1,1,1,0.5,0.6
Preprocessed,N,0.470588235,0.457232952,0.462241183,42.04,0.5,0.05,3,150,0.1,1,1,0.5,0.7
Preprocessed,N,0.490196078,0.485248447,0.488217026,42.11,0.5,0.05,3,150,0.1,1,1,0.5,0.8
Preprocessed,N,0.392156863,0.356532357,0.365438483,41.42,0.5,0.05,3,150,0.1,1,5,0.5,0.6
Preprocessed,N,0.431372549,0.408636545,0.415457346,42.27,0.5,0.05,3,150,0.1,1,5,0.5,0.7
Preprocessed,N,0.509803922,0.506769826,0.509045398,42.63,0.5,0.05,3,150,0.1,1,5,0.5,0.8
Preprocessed,N,0.450980392,0.433333333,0.439215686,37.7,0.5,0.05,3,150,0.3,0.1,1,0.5,0.6
Preprocessed,N,0.509803922,0.502923977,0.506363949,37.71,0.5,0.05,3,150,0.3,0.1,1,0.5,0.7
Preprocessed,N,0.529411765,0.527777778,0.529411765,38.1,0.5,0.05,3,150,0.3,0.1,1,0.5,0.8
Preprocessed,N,0.411764706,0.383064516,0.390891841,37.52,0.5,0.05,3,150,0.3,0.1,5,0.5,0.6
Preprocessed,N,0.470588235,0.457232952,0.462241183,38.14,0.5,0.05,3,150,0.3,0.1,5,0.5,0.7
Preprocessed,N,0.490196078,0.485248447,0.488217026,38.38,0.5,0.05,3,150,0.3,0.1,5,0.5,0.8
Preprocessed,N,0.392156863,0.356532357,0.365438483,37.13,0.5,0.05,3,150,0.3,1,1,0.5,0.6
Preprocessed,N,0.470588235,0.457232952,0.462241183,37.94,0.5,0.05,3,150,0.3,1,1,0.5,0.7
Preprocessed,N,0.490196078,0.485248447,0.488217026,38.09,0.5,0.05,3,150,0.3,1,1,0.5,0.8
Preprocessed,N,0.392156863,0.356532357,0.365438483,37.34,0.5,0.05,3,150,0.3,1,5,0.5,0.6
Preprocessed,N,0.431372549,0.408636545,0.415457346,37.77,0.5,0.05,3,150,0.3,1,5,0.5,0.7
Preprocessed,N,0.470588235,0.463157895,0.466873065,38.79,0.5,0.05,3,150,0.3,1,5,0.5,0.8
Preprocessed,N,0.392156863,0.342619543,0.353234683,5.23,0.5,0.05,4,50,0.1,0.1,1,0.5,0.6
Preprocessed,N,0.431372549,0.408636545,0.415457346,5.41,0.5,0.05,4,50,0.1,0.1,1,0.5,0.7
Preprocessed,N,0.509803922,0.506769826,0.509045398,5.52,0.5,0.05,4,50,0.1,0.1,1,0.5,0.8
Preprocessed,N,0.37254902,0.313131313,0.325014854,5.57,0.5,0.05,4,50,0.1,0.1,5,0.5,0.6
Preprocessed,N,0.411764706,0.383064516,0.390891841,5.31,0.5,0.05,4,50,0.1,0.1,5,0.5,0.7
Preprocessed,N,0.509803922,0.506769826,0.509045398,5.43,0.5,0.05,4,50,0.1,0.1,5,0.5,0.8
Preprocessed,N,0.411764706,0.356060606,0.367201426,5.16,0.5,0.05,4,50,0.1,1,1,0.5,0.6
Preprocessed,N,0.392156863,0.356532357,0.365438483,5.34,0.5,0.05,4,50,0.1,1,1,0.5,0.7
Preprocessed,N,0.490196078,0.480407524,0.484602618,5.33,0.5,0.05,4,50,0.1,1,1,0.5,0.8
Preprocessed,N,0.392156863,0.325799574,0.338241565,5.35,0.5,0.05,4,50,0.1,1,5,0.5,0.6
Preprocessed,N,0.37254902,0.328947368,0.339009288,5.38,0.5,0.05,4,50,0.1,1,5,0.5,0.7
Preprocessed,N,0.470588235,0.457232952,0.462241183,5.41,0.5,0.05,4,50,0.1,1,5,0.5,0.8
Preprocessed,N,0.392156863,0.342619543,0.353234683,4.92,0.5,0.05,4,50,0.3,0.1,1,0.5,0.6
Preprocessed,N,0.450980392,0.433333333,0.439215686,4.98,0.5,0.05,4,50,0.3,0.1,1,0.5,0.7
Preprocessed,N,0.509803922,0.506769826,0.509045398,5.14,0.5,0.05,4,50,0.3,0.1,1,0.5,0.8
Preprocessed,N,0.392156863,0.325799574,0.338241565,5.17,0.5,0.05,4,50,0.3,0.1,5,0.5,0.6
Preprocessed,N,0.37254902,0.328947368,0.339009288,5.11,0.5,0.05,4,50,0.3,0.1,5,0.5,0.7
Preprocessed,N,0.529411765,0.52484472,0.527584947,5.09,0.5,0.05,4,50,0.3,0.1,5,0.5,0.8
Preprocessed,N,0.411764706,0.356060606,0.367201426,4.88,0.5,0.05,4,50,0.3,1,1,0.5,0.6
Preprocessed,N,0.37254902,0.328947368,0.339009288,5.14,0.5,0.05,4,50,0.3,1,1,0.5,0.7
Preprocessed,N,0.509803922,0.502923977,0.506363949,4.98,0.5,0.05,4,50,0.3,1,1,0.5,0.8
Preprocessed,N,0.392156863,0.325799574,0.338241565,4.93,0.5,0.05,4,50,0.3,1,5,0.5,0.6
Preprocessed,N,0.352941176,0.3002079,0.311507888,4.95,0.5,0.05,4,50,0.3,1,5,0.5,0.7
Preprocessed,N,0.431372549,0.408636545,0.415457346,5.17,0.5,0.05,4,50,0.3,1,5,0.5,0.8
Preprocessed,N,0.450980392,0.433333333,0.439215686,19.17,0.5,0.05,4,100,0.1,0.1,1,0.5,0.6
Preprocessed,N,0.529411765,0.52484472,0.527584947,19.37,0.5,0.05,4,100,0.1,0.1,1,0.5,0.7
Preprocessed,N,0.470588235,0.467311412,0.469769029,19.34,0.5,0.05,4,100,0.1,0.1,1,0.5,0.8
Preprocessed,N,0.411764706,0.370888158,0.380321207,19.44,0.5,0.05,4,100,0.1,0.1,5,0.5,0.6
Preprocessed,N,0.470588235,0.457232952,0.462241183,19.32,0.5,0.05,4,100,0.1,0.1,5,0.5,0.7
Preprocessed,N,0.490196078,0.485248447,0.488217026,19.37,0.5,0.05,4,100,0.1,0.1,5,0.5,0.8
Preprocessed,N,0.392156863,0.342619543,0.353234683,19.21,0.5,0.05,4,100,0.1,1,1,0.5,0.6
Preprocessed,N,0.470588235,0.457232952,0.462241183,19.27,0.5,0.05,4,100,0.1,1,1,0.5,0.7
Preprocessed,N,0.509803922,0.502923977,0.506363949,19.51,0.5,0.05,4,100,0.1,1,1,0.5,0.8
Preprocessed,N,0.411764706,0.370888158,0.380321207,19.02,0.5,0.05,4,100,0.1,1,5,0.5,0.6
Preprocessed,N,0.411764706,0.383064516,0.390891841,19.37,0.5,0.05,4,100,0.1,1,5,0.5,0.7
Preprocessed,N,0.509803922,0.502923977,0.506363949,19.32,0.5,0.05,4,100,0.1,1,5,0.5,0.8
Preprocessed,N,0.450980392,0.433333333,0.439215686,17.41,0.5,0.05,4,100,0.3,0.1,1,0.5,0.6
Preprocessed,N,0.490196078,0.480407524,0.484602618,17.64,0.5,0.05,4,100,0.3,0.1,1,0.5,0.7
Preprocessed,N,0.490196078,0.485248447,0.488217026,17.87,0.5,0.05,4,100,0.3,0.1,1,0.5,0.8
Preprocessed,N,0.411764706,0.370888158,0.380321207,17.45,0.5,0.05,4,100,0.3,0.1,5,0.5,0.6
Preprocessed,N,0.470588235,0.457232952,0.462241183,17.71,0.5,0.05,4,100,0.3,0.1,5,0.5,0.7
Preprocessed,N,0.509803922,0.506769826,0.509045398,17.99,0.5,0.05,4,100,0.3,0.1,5,0.5,0.8
Preprocessed,N,0.392156863,0.342619543,0.353234683,17.43,0.5,0.05,4,100,0.3,1,1,0.5,0.6
Preprocessed,N,0.470588235,0.457232952,0.462241183,17.65,0.5,0.05,4,100,0.3,1,1,0.5,0.7
Preprocessed,N,0.490196078,0.485248447,0.488217026,17.69,0.5,0.05,4,100,0.3,1,1,0.5,0.8
Preprocessed,N,0.392156863,0.356532357,0.365438483,17.63,0.5,0.05,4,100,0.3,1,5,0.5,0.6
Preprocessed,N,0.431372549,0.408636545,0.415457346,17.48,0.5,0.05,4,100,0.3,1,5,0.5,0.7
Preprocessed,N,0.529411765,0.52484472,0.527584947,18.17,0.5,0.05,4,100,0.3,1,5,0.5,0.8
Preprocessed,N,0.490196078,0.480407524,0.484602618,41.88,0.5,0.05,4,150,0.1,0.1,1,0.5,0.6
Preprocessed,N,0.490196078,0.480407524,0.484602618,42.12,0.5,0.05,4,150,0.1,0.1,1,0.5,0.7
Preprocessed,N,0.529411765,0.527777778,0.529411765,42.28,0.5,0.05,4,150,0.1,0.1,1,0.5,0.8
Preprocessed,N,0.431372549,0.408636545,0.415457346,41.97,0.5,0.05,4,150,0.1,0.1,5,0.5,0.6
Preprocessed,N,0.470588235,0.457232952,0.462241183,42,0.5,0.05,4,150,0.1,0.1,5,0.5,0.7
Preprocessed,N,0.490196078,0.488425926,0.490196078,42.39,0.5,0.05,4,150,0.1,0.1,5,0.5,0.8
Preprocessed,N,0.411764706,0.383064516,0.390891841,42.2,0.5,0.05,4,150,0.1,1,1,0.5,0.6
Preprocessed,N,0.470588235,0.457232952,0.462241183,42.15,0.5,0.05,4,150,0.1,1,1,0.5,0.7
Preprocessed,N,0.490196078,0.485248447,0.488217026,42.58,0.5,0.05,4,150,0.1,1,1,0.5,0.8
Preprocessed,N,0.392156863,0.356532357,0.365438483,41.67,0.5,0.05,4,150,0.1,1,5,0.5,0.6
Preprocessed,N,0.431372549,0.408636545,0.415457346,42.1,0.5,0.05,4,150,0.1,1,5,0.5,0.7
Preprocessed,N,0.509803922,0.506769826,0.509045398,42.25,0.5,0.05,4,150,0.1,1,5,0.5,0.8
Preprocessed,N,0.450980392,0.433333333,0.439215686,38.02,0.5,0.05,4,150,0.3,0.1,1,0.5,0.6
Preprocessed,N,0.509803922,0.502923977,0.506363949,37.7,0.5,0.05,4,150,0.3,0.1,1,0.5,0.7
Preprocessed,N,0.529411765,0.527777778,0.529411765,37.94,0.5,0.05,4,150,0.3,0.1,1,0.5,0.8
Preprocessed,N,0.411764706,0.383064516,0.390891841,37.56,0.5,0.05,4,150,0.3,0.1,5,0.5,0.6
Preprocessed,N,0.470588235,0.457232952,0.462241183,37.7,0.5,0.05,4,150,0.3,0.1,5,0.5,0.7
Preprocessed,N,0.490196078,0.485248447,0.488217026,38.35,0.5,0.05,4,150,0.3,0.1,5,0.5,0.8
Preprocessed,N,0.392156863,0.356532357,0.365438483,39.64,0.5,0.05,4,150,0.3,1,1,0.5,0.6
Preprocessed,N,0.470588235,0.457232952,0.462241183,39.35,0.5,0.05,4,150,0.3,1,1,0.5,0.7
Preprocessed,N,0.490196078,0.485248447,0.488217026,39.26,0.5,0.05,4,150,0.3,1,1,0.5,0.8
Preprocessed,N,0.392156863,0.356532357,0.365438483,38.7,0.5,0.05,4,150,0.3,1,5,0.5,0.6
Preprocessed,N,0.431372549,0.408636545,0.415457346,38.72,0.5,0.05,4,150,0.3,1,5,0.5,0.7
Preprocessed,N,0.470588235,0.463157895,0.466873065,39.47,0.5,0.05,4,150,0.3,1,5,0.5,0.8
Preprocessed,N,0.509803922,0.497437919,0.50207517,5.45,0.5,0.1,2,50,0.1,0.1,1,0.5,0.6
Preprocessed,N,0.529411765,0.52484472,0.527584947,5.34,0.5,0.1,2,50,0.1,0.1,1,0.5,0.7
Preprocessed,N,0.509803922,0.502923977,0.506363949,5.43,0.5,0.1,2,50,0.1,0.1,1,0.5,0.8
Preprocessed,N,0.431372549,0.398046398,0.406377936,5.29,0.5,0.1,2,50,0.1,0.1,5,0.5,0.6
Preprocessed,N,0.470588235,0.457232952,0.462241183,5.52,0.5,0.1,2,50,0.1,0.1,5,0.5,0.7
Preprocessed,N,0.490196078,0.485248447,0.488217026,5.36,0.5,0.1,2,50,0.1,0.1,5,0.5,0.8
Preprocessed,N,0.431372549,0.398046398,0.406377936,5.38,0.5,0.1,2,50,0.1,1,1,0.5,0.6
Preprocessed,N,0.490196078,0.480407524,0.484602618,5.45,0.5,0.1,2,50,0.1,1,1,0.5,0.7
Preprocessed,N,0.490196078,0.485248447,0.488217026,5.32,0.5,0.1,2,50,0.1,1,1,0.5,0.8
Preprocessed,N,0.37254902,0.313131313,0.325014854,5.33,0.5,0.1,2,50,0.1,1,5,0.5,0.6
Preprocessed,N,0.431372549,0.408636545,0.415457346,5.52,0.5,0.1,2,50,0.1,1,5,0.5,0.7
Preprocessed,N,0.509803922,0.506769826,0.509045398,5.3,0.5,0.1,2,50,0.1,1,5,0.5,0.8
Preprocessed,N,0.490196078,0.473809524,0.479271709,4.95,0.5,0.1,2,50,0.3,0.1,1,0.5,0.6
Preprocessed,N,0.490196078,0.485248447,0.488217026,5,0.5,0.1,2,50,0.3,0.1,1,0.5,0.7
Preprocessed,N,0.509803922,0.502923977,0.506363949,5.11,0.5,0.1,2,50,0.3,0.1,1,0.5,0.8
Preprocessed,N,0.411764706,0.370888158,0.380321207,4.94,0.5,0.1,2,50,0.3,0.1,5,0.5,0.6
Preprocessed,N,0.470588235,0.457232952,0.462241183,5.04,0.5,0.1,2,50,0.3,0.1,5,0.5,0.7
Preprocessed,N,0.509803922,0.506769826,0.509045398,5.01,0.5,0.1,2,50,0.3,0.1,5,0.5,0.8
Preprocessed,N,0.392156863,0.342619543,0.353234683,5.25,0.5,0.1,2,50,0.3,1,1,0.5,0.6
Preprocessed,N,0.470588235,0.457232952,0.462241183,4.92,0.5,0.1,2,50,0.3,1,1,0.5,0.7
Preprocessed,N,0.509803922,0.502923977,0.506363949,4.95,0.5,0.1,2,50,0.3,1,1,0.5,0.8
Preprocessed,N,0.37254902,0.313131313,0.325014854,5.06,0.5,0.1,2,50,0.3,1,5,0.5,0.6
Preprocessed,N,0.411764706,0.383064516,0.390891841,5.36,0.5,0.1,2,50,0.3,1,5,0.5,0.7
Preprocessed,N,0.490196078,0.485248447,0.488217026,5.03,0.5,0.1,2,50,0.3,1,5,0.5,0.8
Preprocessed,N,0.509803922,0.502923977,0.506363949,19.63,0.5,0.1,2,100,0.1,0.1,1,0.5,0.6
Preprocessed,N,0.509803922,0.502923977,0.506363949,19.36,0.5,0.1,2,100,0.1,0.1,1,0.5,0.7
Preprocessed,N,0.529411765,0.527777778,0.529411765,19.69,0.5,0.1,2,100,0.1,0.1,1,0.5,0.8
Preprocessed,N,0.450980392,0.433333333,0.439215686,19.56,0.5,0.1,2,100,0.1,0.1,5,0.5,0.6
Preprocessed,N,0.490196078,0.480407524,0.484602618,19.36,0.5,0.1,2,100,0.1,0.1,5,0.5,0.7
Preprocessed,N,0.509803922,0.509048903,0.510181431,19.46,0.5,0.1,2,100,0.1,0.1,5,0.5,0.8
Preprocessed,N,0.470588235,0.457232952,0.462241183,19.14,0.5,0.1,2,100,0.1,1,1,0.5,0.6
Preprocessed,N,0.509803922,0.506769826,0.509045398,19.51,0.5,0.1,2,100,0.1,1,1,0.5,0.7
Preprocessed,N,0.509803922,0.506769826,0.509045398,19.74,0.5,0.1,2,100,0.1,1,1,0.5,0.8
Preprocessed,N,0.411764706,0.383064516,0.390891841,19.27,0.5,0.1,2,100,0.1,1,5,0.5,0.6
Preprocessed,N,0.470588235,0.457232952,0.462241183,19.37,0.5,0.1,2,100,0.1,1,5,0.5,0.7
Preprocessed,N,0.490196078,0.488425926,0.490196078,19.3,0.5,0.1,2,100,0.1,1,5,0.5,0.8
Preprocessed,N,0.509803922,0.502923977,0.506363949,17.49,0.5,0.1,2,100,0.3,0.1,1,0.5,0.6
Preprocessed,N,0.470588235,0.463157895,0.466873065,17.73,0.5,0.1,2,100,0.3,0.1,1,0.5,0.7
Preprocessed,N,0.529411765,0.527777778,0.529411765,17.58,0.5,0.1,2,100,0.3,0.1,1,0.5,0.8
Preprocessed,N,0.450980392,0.433333333,0.439215686,17.38,0.5,0.1,2,100,0.3,0.1,5,0.5,0.6
Preprocessed,N,0.490196078,0.480407524,0.484602618,17.4,0.5,0.1,2,100,0.3,0.1,5,0.5,0.7
Preprocessed,N,0.509803922,0.509048903,0.510181431,17.44,0.5,0.1,2,100,0.3,0.1,5,0.5,0.8
Preprocessed,N,0.470588235,0.449420232,0.455770633,17.65,0.5,0.1,2,100,0.3,1,1,0.5,0.6
Preprocessed,N,0.509803922,0.502923977,0.506363949,17.66,0.5,0.1,2,100,0.3,1,1,0.5,0.7
Preprocessed,N,0.470588235,0.467311412,0.469769029,17.54,0.5,0.1,2,100,0.3,1,1,0.5,0.8
Preprocessed,N,0.411764706,0.370888158,0.380321207,17.6,0.5,0.1,2,100,0.3,1,5,0.5,0.6
Preprocessed,N,0.470588235,0.457232952,0.462241183,17.76,0.5,0.1,2,100,0.3,1,5,0.5,0.7
Preprocessed,N,0.509803922,0.506769826,0.509045398,17.7,0.5,0.1,2,100,0.3,1,5,0.5,0.8
Preprocessed,N,0.490196078,0.485248447,0.488217026,41.85,0.5,0.1,2,150,0.1,0.1,1,0.5,0.6
Preprocessed,N,0.509803922,0.502923977,0.506363949,41.95,0.5,0.1,2,150,0.1,0.1,1,0.5,0.7
Preprocessed,N,0.529411765,0.527777778,0.529411765,42.76,0.5,0.1,2,150,0.1,0.1,1,0.5,0.8
Preprocessed,N,0.509803922,0.502923977,0.506363949,41.96,0.5,0.1,2,150,0.1,0.1,5,0.5,0.6
Preprocessed,N,0.490196078,0.480407524,0.484602618,42.09,0.5,0.1,2,150,0.1,0.1,5,0.5,0.7
Preprocessed,N,0.529411765,0.529230769,0.529773756,42.07,0.5,0.1,2,150,0.1,0.1,5,0.5,0.8
Preprocessed,N,0.509803922,0.502923977,0.506363949,42.46,0.5,0.1,2,150,0.1,1,1,0.5,0.6
Preprocessed,N,0.470588235,0.463157895,0.466873065,42.27,0.5,0.1,2,150,0.1,1,1,0.5,0.7
Preprocessed,N,0.490196078,0.488425926,0.490196078,42.4,0.5,0.1,2,150,0.1,1,1,0.5,0.8
Preprocessed,N,0.450980392,0.433333333,0.439215686,42.14,0.5,0.1,2,150,0.1,1,5,0.5,0.6
Preprocessed,N,0.470588235,0.457232952,0.462241183,42.25,0.5,0.1,2,150,0.1,1,5,0.5,0.7
Preprocessed,N,0.490196078,0.488425926,0.490196078,42.14,0.5,0.1,2,150,0.1,1,5,0.5,0.8
Preprocessed,N,0.490196078,0.485248447,0.488217026,38.92,0.5,0.1,2,150,0.3,0.1,1,0.5,0.6
Preprocessed,N,0.450980392,0.433333333,0.439215686,39.22,0.5,0.1,2,150,0.3,0.1,1,0.5,0.7
Preprocessed,N,0.568627451,0.568461538,0.568959276,39.16,0.5,0.1,2,150,0.3,0.1,1,0.5,0.8
Preprocessed,N,0.509803922,0.502923977,0.506363949,39.07,0.5,0.1,2,150,0.3,0.1,5,0.5,0.6
Preprocessed,N,0.470588235,0.457232952,0.462241183,40.29,0.5,0.1,2,150,0.3,0.1,5,0.5,0.7
Preprocessed,N,0.549019608,0.54622824,0.548321766,39.55,0.5,0.1,2,150,0.3,0.1,5,0.5,0.8
Preprocessed,N,0.490196078,0.480407524,0.484602618,39.32,0.5,0.1,2,150,0.3,1,1,0.5,0.6
Preprocessed,N,0.490196078,0.480407524,0.484602618,39.19,0.5,0.1,2,150,0.3,1,1,0.5,0.7
Preprocessed,N,0.470588235,0.467311412,0.469769029,39.59,0.5,0.1,2,150,0.3,1,1,0.5,0.8
Preprocessed,N,0.431372549,0.408636545,0.415457346,39.48,0.5,0.1,2,150,0.3,1,5,0.5,0.6
Preprocessed,N,0.470588235,0.457232952,0.462241183,39.19,0.5,0.1,2,150,0.3,1,5,0.5,0.7
Preprocessed,N,0.490196078,0.488425926,0.490196078,39.5,0.5,0.1,2,150,0.3,1,5,0.5,0.8
Preprocessed,N,0.509803922,0.497437919,0.50207517,5.65,0.5,0.1,3,50,0.1,0.1,1,0.5,0.6
Preprocessed,N,0.529411765,0.52484472,0.527584947,5.69,0.5,0.1,3,50,0.1,0.1,1,0.5,0.7
Preprocessed,N,0.509803922,0.502923977,0.506363949,5.67,0.5,0.1,3,50,0.1,0.1,1,0.5,0.8
Preprocessed,N,0.431372549,0.398046398,0.406377936,5.54,0.5,0.1,3,50,0.1,0.1,5,0.5,0.6
Preprocessed,N,0.470588235,0.457232952,0.462241183,5.57,0.5,0.1,3,50,0.1,0.1,5,0.5,0.7
Preprocessed,N,0.490196078,0.485248447,0.488217026,5.7,0.5,0.1,3,50,0.1,0.1,5,0.5,0.8
Preprocessed,N,0.431372549,0.398046398,0.406377936,5.64,0.5,0.1,3,50,0.1,1,1,0.5,0.6
Preprocessed,N,0.490196078,0.480407524,0.484602618,5.56,0.5,0.1,3,50,0.1,1,1,0.5,0.7
Preprocessed,N,0.490196078,0.485248447,0.488217026,5.47,0.5,0.1,3,50,0.1,1,1,0.5,0.8
Preprocessed,N,0.37254902,0.313131313,0.325014854,5.51,0.5,0.1,3,50,0.1,1,5,0.5,0.6
Preprocessed,N,0.431372549,0.408636545,0.415457346,5.54,0.5,0.1,3,50,0.1,1,5,0.5,0.7
Preprocessed,N,0.529411765,0.52484472,0.527584947,5.62,0.5,0.1,3,50,0.1,1,5,0.5,0.8
Preprocessed,N,0.490196078,0.473809524,0.479271709,5.01,0.5,0.1,3,50,0.3,0.1,1,0.5,0.6
Preprocessed,N,0.490196078,0.485248447,0.488217026,5.1,0.5,0.1,3,50,0.3,0.1,1,0.5,0.7
Preprocessed,N,0.509803922,0.502923977,0.506363949,5.26,0.5,0.1,3,50,0.3,0.1,1,0.5,0.8
Preprocessed,N,0.411764706,0.370888158,0.380321207,5.16,0.5,0.1,3,50,0.3,0.1,5,0.5,0.6
Preprocessed,N,0.470588235,0.457232952,0.462241183,5.06,0.5,0.1,3,50,0.3,0.1,5,0.5,0.7
Preprocessed,N,0.509803922,0.506769826,0.509045398,5.15,0.5,0.1,3,50,0.3,0.1,5,0.5,0.8
Preprocessed,N,0.392156863,0.342619543,0.353234683,4.99,0.5,0.1,3,50,0.3,1,1,0.5,0.6
Preprocessed,N,0.470588235,0.457232952,0.462241183,5.21,0.5,0.1,3,50,0.3,1,1,0.5,0.7
Preprocessed,N,0.490196078,0.485248447,0.488217026,5.14,0.5,0.1,3,50,0.3,1,1,0.5,0.8
Preprocessed,N,0.37254902,0.313131313,0.325014854,5.1,0.5,0.1,3,50,0.3,1,5,0.5,0.6
Preprocessed,N,0.411764706,0.383064516,0.390891841,5.08,0.5,0.1,3,50,0.3,1,5,0.5,0.7
Preprocessed,N,0.490196078,0.485248447,0.488217026,5.2,0.5,0.1,3,50,0.3,1,5,0.5,0.8
Preprocessed,N,0.509803922,0.502923977,0.506363949,19.33,0.5,0.1,3,100,0.1,0.1,1,0.5,0.6
Preprocessed,N,0.509803922,0.502923977,0.506363949,19.62,0.5,0.1,3,100,0.1,0.1,1,0.5,0.7
Preprocessed,N,0.490196078,0.485248447,0.488217026,19.62,0.5,0.1,3,100,0.1,0.1,1,0.5,0.8
Preprocessed,N,0.450980392,0.433333333,0.439215686,19.32,0.5,0.1,3,100,0.1,0.1,5,0.5,0.6
Preprocessed,N,0.490196078,0.480407524,0.484602618,19.84,0.5,0.1,3,100,0.1,0.1,5,0.5,0.7
Preprocessed,N,0.490196078,0.488425926,0.490196078,19.7,0.5,0.1,3,100,0.1,0.1,5,0.5,0.8
Preprocessed,N,0.470588235,0.457232952,0.462241183,19.69,0.5,0.1,3,100,0.1,1,1,0.5,0.6
Preprocessed,N,0.509803922,0.506769826,0.509045398,19.9,0.5,0.1,3,100,0.1,1,1,0.5,0.7
Preprocessed,N,0.490196078,0.488425926,0.490196078,19.79,0.5,0.1,3,100,0.1,1,1,0.5,0.8
Preprocessed,N,0.411764706,0.383064516,0.390891841,19.63,0.5,0.1,3,100,0.1,1,5,0.5,0.6
Preprocessed,N,0.470588235,0.457232952,0.462241183,19.81,0.5,0.1,3,100,0.1,1,5,0.5,0.7
Preprocessed,N,0.509803922,0.506769826,0.509045398,19.81,0.5,0.1,3,100,0.1,1,5,0.5,0.8
Preprocessed,N,0.509803922,0.502923977,0.506363949,17.69,0.5,0.1,3,100,0.3,0.1,1,0.5,0.6
Preprocessed,N,0.470588235,0.463157895,0.466873065,17.76,0.5,0.1,3,100,0.3,0.1,1,0.5,0.7
Preprocessed,N,0.529411765,0.527777778,0.529411765,18.22,0.5,0.1,3,100,0.3,0.1,1,0.5,0.8
Preprocessed,N,0.450980392,0.433333333,0.439215686,17.79,0.5,0.1,3,100,0.3,0.1,5,0.5,0.6
Preprocessed,N,0.490196078,0.480407524,0.484602618,17.83,0.5,0.1,3,100,0.3,0.1,5,0.5,0.7
Preprocessed,N,0.490196078,0.488425926,0.490196078,18.01,0.5,0.1,3,100,0.3,0.1,5,0.5,0.8
Preprocessed,N,0.470588235,0.449420232,0.455770633,17.99,0.5,0.1,3,100,0.3,1,1,0.5,0.6
Preprocessed,N,0.509803922,0.502923977,0.506363949,18.02,0.5,0.1,3,100,0.3,1,1,0.5,0.7
Preprocessed,N,0.470588235,0.467311412,0.469769029,18.08,0.5,0.1,3,100,0.3,1,1,0.5,0.8
Preprocessed,N,0.411764706,0.370888158,0.380321207,17.7,0.5,0.1,3,100,0.3,1,5,0.5,0.6
Preprocessed,N,0.470588235,0.457232952,0.462241183,17.95,0.5,0.1,3,100,0.3,1,5,0.5,0.7
Preprocessed,N,0.509803922,0.506769826,0.509045398,18.27,0.5,0.1,3,100,0.3,1,5,0.5,0.8
Preprocessed,N,0.490196078,0.485248447,0.488217026,42.72,0.5,0.1,3,150,0.1,0.1,1,0.5,0.6
Preprocessed,N,0.509803922,0.502923977,0.506363949,42.62,0.5,0.1,3,150,0.1,0.1,1,0.5,0.7
Preprocessed,N,0.509803922,0.506769826,0.509045398,42.67,0.5,0.1,3,150,0.1,0.1,1,0.5,0.8
Preprocessed,N,0.509803922,0.502923977,0.506363949,42.74,0.5,0.1,3,150,0.1,0.1,5,0.5,0.6
Preprocessed,N,0.490196078,0.480407524,0.484602618,42.73,0.5,0.1,3,150,0.1,0.1,5,0.5,0.7
Preprocessed,N,0.529411765,0.529230769,0.529773756,42.88,0.5,0.1,3,150,0.1,0.1,5,0.5,0.8
Preprocessed,N,0.509803922,0.502923977,0.506363949,42.78,0.5,0.1,3,150,0.1,1,1,0.5,0.6
Preprocessed,N,0.470588235,0.463157895,0.466873065,43.11,0.5,0.1,3,150,0.1,1,1,0.5,0.7
Preprocessed,N,0.509803922,0.509048903,0.510181431,43.03,0.5,0.1,3,150,0.1,1,1,0.5,0.8
Preprocessed,N,0.450980392,0.433333333,0.439215686,42.39,0.5,0.1,3,150,0.1,1,5,0.5,0.6
Preprocessed,N,0.470588235,0.457232952,0.462241183,43.03,0.5,0.1,3,150,0.1,1,5,0.5,0.7
Preprocessed,N,0.490196078,0.488425926,0.490196078,43.31,0.5,0.1,3,150,0.1,1,5,0.5,0.8
Preprocessed,N,0.490196078,0.485248447,0.488217026,38.11,0.5,0.1,3,150,0.3,0.1,1,0.5,0.6
Preprocessed,N,0.450980392,0.433333333,0.439215686,38.48,0.5,0.1,3,150,0.3,0.1,1,0.5,0.7
Preprocessed,N,0.490196078,0.485248447,0.488217026,38.58,0.5,0.1,3,150,0.3,0.1,1,0.5,0.8
Preprocessed,N,0.509803922,0.502923977,0.506363949,38.78,0.5,0.1,3,150,0.3,0.1,5,0.5,0.6
Preprocessed,N,0.470588235,0.457232952,0.462241183,38.35,0.5,0.1,3,150,0.3,0.1,5,0.5,0.7
Preprocessed,N,0.529411765,0.52484472,0.527584947,41.2,0.5,0.1,3,150,0.3,0.1,5,0.5,0.8
Preprocessed,N,0.490196078,0.480407524,0.484602618,38.55,0.5,0.1,3,150,0.3,1,1,0.5,0.6
Preprocessed,N,0.490196078,0.480407524,0.484602618,38.71,0.5,0.1,3,150,0.3,1,1,0.5,0.7
Preprocessed,N,0.490196078,0.488425926,0.490196078,39.21,0.5,0.1,3,150,0.3,1,1,0.5,0.8
Preprocessed,N,0.431372549,0.408636545,0.415457346,38.12,0.5,0.1,3,150,0.3,1,5,0.5,0.6
Preprocessed,N,0.470588235,0.457232952,0.462241183,38.73,0.5,0.1,3,150,0.3,1,5,0.5,0.7
Preprocessed,N,0.509803922,0.506769826,0.509045398,38.88,0.5,0.1,3,150,0.3,1,5,0.5,0.8
Preprocessed,N,0.509803922,0.497437919,0.50207517,5.37,0.5,0.1,4,50,0.1,0.1,1,0.5,0.6
Preprocessed,N,0.529411765,0.52484472,0.527584947,5.56,0.5,0.1,4,50,0.1,0.1,1,0.5,0.7
Preprocessed,N,0.509803922,0.502923977,0.506363949,5.63,0.5,0.1,4,50,0.1,0.1,1,0.5,0.8
Preprocessed,N,0.431372549,0.398046398,0.406377936,5.43,0.5,0.1,4,50,0.1,0.1,5,0.5,0.6
Preprocessed,N,0.470588235,0.457232952,0.462241183,5.49,0.5,0.1,4,50,0.1,0.1,5,0.5,0.7
Preprocessed,N,0.490196078,0.485248447,0.488217026,5.72,0.5,0.1,4,50,0.1,0.1,5,0.5,0.8
Preprocessed,N,0.431372549,0.398046398,0.406377936,5.54,0.5,0.1,4,50,0.1,1,1,0.5,0.6
Preprocessed,N,0.490196078,0.480407524,0.484602618,5.6,0.5,0.1,4,50,0.1,1,1,0.5,0.7
Preprocessed,N,0.490196078,0.485248447,0.488217026,5.57,0.5,0.1,4,50,0.1,1,1,0.5,0.8
Preprocessed,N,0.37254902,0.313131313,0.325014854,5.34,0.5,0.1,4,50,0.1,1,5,0.5,0.6
Preprocessed,N,0.431372549,0.408636545,0.415457346,5.58,0.5,0.1,4,50,0.1,1,5,0.5,0.7
Preprocessed,N,0.529411765,0.52484472,0.527584947,5.49,0.5,0.1,4,50,0.1,1,5,0.5,0.8
Preprocessed,N,0.490196078,0.473809524,0.479271709,4.99,0.5,0.1,4,50,0.3,0.1,1,0.5,0.6
Preprocessed,N,0.490196078,0.485248447,0.488217026,5.17,0.5,0.1,4,50,0.3,0.1,1,0.5,0.7
Preprocessed,N,0.509803922,0.502923977,0.506363949,5.29,0.5,0.1,4,50,0.3,0.1,1,0.5,0.8
Preprocessed,N,0.411764706,0.370888158,0.380321207,4.96,0.5,0.1,4,50,0.3,0.1,5,0.5,0.6
Preprocessed,N,0.470588235,0.457232952,0.462241183,5.13,0.5,0.1,4,50,0.3,0.1,5,0.5,0.7
Preprocessed,N,0.509803922,0.506769826,0.509045398,5.16,0.5,0.1,4,50,0.3,0.1,5,0.5,0.8
Preprocessed,N,0.392156863,0.342619543,0.353234683,5.1,0.5,0.1,4,50,0.3,1,1,0.5,0.6
Preprocessed,N,0.470588235,0.457232952,0.462241183,5.1,0.5,0.1,4,50,0.3,1,1,0.5,0.7
Preprocessed,N,0.490196078,0.485248447,0.488217026,5.24,0.5,0.1,4,50,0.3,1,1,0.5,0.8
Preprocessed,N,0.37254902,0.313131313,0.325014854,5.06,0.5,0.1,4,50,0.3,1,5,0.5,0.6
Preprocessed,N,0.411764706,0.383064516,0.390891841,5.24,0.5,0.1,4,50,0.3,1,5,0.5,0.7
Preprocessed,N,0.490196078,0.485248447,0.488217026,5.25,0.5,0.1,4,50,0.3,1,5,0.5,0.8
Preprocessed,N,0.509803922,0.502923977,0.506363949,19.58,0.5,0.1,4,100,0.1,0.1,1,0.5,0.6
Preprocessed,N,0.509803922,0.502923977,0.506363949,19.61,0.5,0.1,4,100,0.1,0.1,1,0.5,0.7
Preprocessed,N,0.490196078,0.485248447,0.488217026,19.58,0.5,0.1,4,100,0.1,0.1,1,0.5,0.8
Preprocessed,N,0.450980392,0.433333333,0.439215686,19.34,0.5,0.1,4,100,0.1,0.1,5,0.5,0.6
Preprocessed,N,0.490196078,0.480407524,0.484602618,19.8,0.5,0.1,4,100,0.1,0.1,5,0.5,0.7
Preprocessed,N,0.490196078,0.488425926,0.490196078,19.68,0.5,0.1,4,100,0.1,0.1,5,0.5,0.8
Preprocessed,N,0.470588235,0.457232952,0.462241183,19.46,0.5,0.1,4,100,0.1,1,1,0.5,0.6
Preprocessed,N,0.509803922,0.506769826,0.509045398,19.43,0.5,0.1,4,100,0.1,1,1,0.5,0.7
Preprocessed,N,0.490196078,0.488425926,0.490196078,19.76,0.5,0.1,4,100,0.1,1,1,0.5,0.8
Preprocessed,N,0.411764706,0.383064516,0.390891841,19.54,0.5,0.1,4,100,0.1,1,5,0.5,0.6
Preprocessed,N,0.470588235,0.457232952,0.462241183,19.45,0.5,0.1,4,100,0.1,1,5,0.5,0.7
Preprocessed,N,0.509803922,0.506769826,0.509045398,19.7,0.5,0.1,4,100,0.1,1,5,0.5,0.8
Preprocessed,N,0.509803922,0.502923977,0.506363949,17.66,0.5,0.1,4,100,0.3,0.1,1,0.5,0.6
Preprocessed,N,0.470588235,0.463157895,0.466873065,17.72,0.5,0.1,4,100,0.3,0.1,1,0.5,0.7
Preprocessed,N,0.529411765,0.527777778,0.529411765,17.98,0.5,0.1,4,100,0.3,0.1,1,0.5,0.8
Preprocessed,N,0.450980392,0.433333333,0.439215686,17.65,0.5,0.1,4,100,0.3,0.1,5,0.5,0.6
Preprocessed,N,0.490196078,0.480407524,0.484602618,17.82,0.5,0.1,4,100,0.3,0.1,5,0.5,0.7
Preprocessed,N,0.490196078,0.488425926,0.490196078,18.01,0.5,0.1,4,100,0.3,0.1,5,0.5,0.8
Preprocessed,N,0.470588235,0.449420232,0.455770633,17.6,0.5,0.1,4,100,0.3,1,1,0.5,0.6
Preprocessed,N,0.509803922,0.502923977,0.506363949,17.71,0.5,0.1,4,100,0.3,1,1,0.5,0.7
Preprocessed,N,0.470588235,0.467311412,0.469769029,18.02,0.5,0.1,4,100,0.3,1,1,0.5,0.8
Preprocessed,N,0.411764706,0.370888158,0.380321207,17.69,0.5,0.1,4,100,0.3,1,5,0.5,0.6
Preprocessed,N,0.470588235,0.457232952,0.462241183,17.91,0.5,0.1,4,100,0.3,1,5,0.5,0.7
Preprocessed,N,0.509803922,0.506769826,0.509045398,17.89,0.5,0.1,4,100,0.3,1,5,0.5,0.8
Preprocessed,N,0.490196078,0.485248447,0.488217026,42.24,0.5,0.1,4,150,0.1,0.1,1,0.5,0.6
Preprocessed,N,0.509803922,0.502923977,0.506363949,42.83,0.5,0.1,4,150,0.1,0.1,1,0.5,0.7
Preprocessed,N,0.509803922,0.506769826,0.509045398,43.32,0.5,0.1,4,150,0.1,0.1,1,0.5,0.8
Preprocessed,N,0.509803922,0.502923977,0.506363949,42.59,0.5,0.1,4,150,0.1,0.1,5,0.5,0.6
Preprocessed,N,0.490196078,0.480407524,0.484602618,42.76,0.5,0.1,4,150,0.1,0.1,5,0.5,0.7
Preprocessed,N,0.529411765,0.529230769,0.529773756,42.81,0.5,0.1,4,150,0.1,0.1,5,0.5,0.8
Preprocessed,N,0.509803922,0.502923977,0.506363949,42.88,0.5,0.1,4,150,0.1,1,1,0.5,0.6
Preprocessed,N,0.470588235,0.463157895,0.466873065,42.72,0.5,0.1,4,150,0.1,1,1,0.5,0.7
Preprocessed,N,0.509803922,0.509048903,0.510181431,42.96,0.5,0.1,4,150,0.1,1,1,0.5,0.8
Preprocessed,N,0.450980392,0.433333333,0.439215686,42.69,0.5,0.1,4,150,0.1,1,5,0.5,0.6
Preprocessed,N,0.470588235,0.457232952,0.462241183,42.98,0.5,0.1,4,150,0.1,1,5,0.5,0.7
Preprocessed,N,0.490196078,0.488425926,0.490196078,42.82,0.5,0.1,4,150,0.1,1,5,0.5,0.8
Preprocessed,N,0.490196078,0.485248447,0.488217026,38.54,0.5,0.1,4,150,0.3,0.1,1,0.5,0.6
Preprocessed,N,0.450980392,0.433333333,0.439215686,38.5,0.5,0.1,4,150,0.3,0.1,1,0.5,0.7
Preprocessed,N,0.490196078,0.485248447,0.488217026,38.95,0.5,0.1,4,150,0.3,0.1,1,0.5,0.8
Preprocessed,N,0.509803922,0.502923977,0.506363949,38.54,0.5,0.1,4,150,0.3,0.1,5,0.5,0.6
Preprocessed,N,0.470588235,0.457232952,0.462241183,38.3,0.5,0.1,4,150,0.3,0.1,5,0.5,0.7
Preprocessed,N,0.529411765,0.52484472,0.527584947,39.28,0.5,0.1,4,150,0.3,0.1,5,0.5,0.8
Preprocessed,N,0.490196078,0.480407524,0.484602618,38.46,0.5,0.1,4,150,0.3,1,1,0.5,0.6
Preprocessed,N,0.490196078,0.480407524,0.484602618,38.24,0.5,0.1,4,150,0.3,1,1,0.5,0.7
Preprocessed,N,0.490196078,0.488425926,0.490196078,38.54,0.5,0.1,4,150,0.3,1,1,0.5,0.8
Preprocessed,N,0.431372549,0.408636545,0.415457346,38.34,0.5,0.1,4,150,0.3,1,5,0.5,0.6
Preprocessed,N,0.470588235,0.457232952,0.462241183,38.4,0.5,0.1,4,150,0.3,1,5,0.5,0.7
Preprocessed,N,0.509803922,0.506769826,0.509045398,38.71,0.5,0.1,4,150,0.3,1,5,0.5,0.8
Preprocessed,N,0.352941176,0.260869565,0.276214834,5.49,0.6,0.01,2,50,0.1,0.1,1,0.5,0.6
Preprocessed,N,0.333333333,0.25,0.264705882,5.58,0.6,0.01,2,50,0.1,0.1,1,0.5,0.7
Preprocessed,N,0.31372549,0.23880597,0.25285338,5.49,0.6,0.01,2,50,0.1,0.1,1,0.5,0.8
Preprocessed,N,0.411764706,0.291666667,0.308823529,5.43,0.6,0.01,2,50,0.1,0.1,5,0.5,0.6
Preprocessed,N,0.37254902,0.271428571,0.287394958,5.36,0.6,0.01,2,50,0.1,0.1,5,0.5,0.7
Preprocessed,N,0.31372549,0.23880597,0.25285338,5.59,0.6,0.01,2,50,0.1,0.1,5,0.5,0.8
Preprocessed,N,0.411764706,0.291666667,0.308823529,5.32,0.6,0.01,2,50,0.1,1,1,0.5,0.6
Preprocessed,N,0.411764706,0.291666667,0.308823529,5.44,0.6,0.01,2,50,0.1,1,1,0.5,0.7
Preprocessed,N,0.31372549,0.23880597,0.25285338,5.37,0.6,0.01,2,50,0.1,1,1,0.5,0.8
Preprocessed,N,0.470588235,0.32,0.338823529,5.33,0.6,0.01,2,50,0.1,1,5,0.5,0.6
Preprocessed,N,0.470588235,0.32,0.338823529,5.07,0.6,0.01,2,50,0.1,1,5,0.5,0.7
Preprocessed,N,0.411764706,0.291666667,0.308823529,5.27,0.6,0.01,2,50,0.1,1,5,0.5,0.8
Preprocessed,N,0.352941176,0.260869565,0.276214834,4.85,0.6,0.01,2,50,0.3,0.1,1,0.5,0.6
Preprocessed,N,0.333333333,0.25,0.264705882,4.88,0.6,0.01,2,50,0.3,0.1,1,0.5,0.7
Preprocessed,N,0.31372549,0.23880597,0.25285338,4.89,0.6,0.01,2,50,0.3,0.1,1,0.5,0.8
Preprocessed,N,0.431372549,0.301369863,0.319097502,4.81,0.6,0.01,2,50,0.3,0.1,5,0.5,0.6
Preprocessed,N,0.450980392,0.310810811,0.3290938,4.85,0.6,0.01,2,50,0.3,0.1,5,0.5,0.7
Preprocessed,N,0.352941176,0.260869565,0.276214834,4.8,0.6,0.01,2,50,0.3,0.1,5,0.5,0.8
Preprocessed,N,0.431372549,0.301369863,0.319097502,4.76,0.6,0.01,2,50,0.3,1,1,0.5,0.6
Preprocessed,N,0.450980392,0.310810811,0.3290938,4.76,0.6,0.01,2,50,0.3,1,1,0.5,0.7
Preprocessed,N,0.333333333,0.25,0.264705882,4.92,0.6,0.01,2,50,0.3,1,1,0.5,0.8
Preprocessed,N,0.529411765,0.346153846,0.366515837,4.77,0.6,0.01,2,50,0.3,1,5,0.5,0.6
Preprocessed,N,0.490196078,0.328947368,0.348297214,4.85,0.6,0.01,2,50,0.3,1,5,0.5,0.7
Preprocessed,N,0.470588235,0.32,0.338823529,4.88,0.6,0.01,2,50,0.3,1,5,0.5,0.8
Preprocessed,N,0.352941176,0.282302772,0.295547473,18.41,0.6,0.01,2,100,0.1,0.1,1,0.5,0.6
Preprocessed,N,0.352941176,0.3002079,0.311507888,18.75,0.6,0.01,2,100,0.1,0.1,1,0.5,0.7
Preprocessed,N,0.431372549,0.408636545,0.415457346,18.85,0.6,0.01,2,100,0.1,0.1,1,0.5,0.8
Preprocessed,N,0.392156863,0.281690141,0.298260149,18.43,0.6,0.01,2,100,0.1,0.1,5,0.5,0.6
Preprocessed,N,0.333333333,0.27020202,0.282828283,19.06,0.6,0.01,2,100,0.1,0.1,5,0.5,0.7
Preprocessed,N,0.333333333,0.27020202,0.282828283,18.94,0.6,0.01,2,100,0.1,0.1,5,0.5,0.8
Preprocessed,N,0.37254902,0.271428571,0.287394958,18.62,0.6,0.01,2,100,0.1,1,1,0.5,0.6
Preprocessed,N,0.31372549,0.23880597,0.25285338,18.72,0.6,0.01,2,100,0.1,1,1,0.5,0.7
Preprocessed,N,0.333333333,0.27020202,0.282828283,18.69,0.6,0.01,2,100,0.1,1,1,0.5,0.8
Preprocessed,N,0.411764706,0.291666667,0.308823529,18.55,0.6,0.01,2,100,0.1,1,5,0.5,0.6
Preprocessed,N,0.37254902,0.271428571,0.287394958,18.64,0.6,0.01,2,100,0.1,1,5,0.5,0.7
Preprocessed,N,0.31372549,0.23880597,0.25285338,18.74,0.6,0.01,2,100,0.1,1,5,0.5,0.8
Preprocessed,N,0.352941176,0.282302772,0.295547473,16.79,0.6,0.01,2,100,0.3,0.1,1,0.5,0.6
Preprocessed,N,0.333333333,0.27020202,0.282828283,16.96,0.6,0.01,2,100,0.3,0.1,1,0.5,0.7
Preprocessed,N,0.431372549,0.408636545,0.415457346,17.03,0.6,0.01,2,100,0.3,0.1,1,0.5,0.8
Preprocessed,N,0.411764706,0.291666667,0.308823529,16.79,0.6,0.01,2,100,0.3,0.1,5,0.5,0.6
Preprocessed,N,0.31372549,0.23880597,0.25285338,16.91,0.6,0.01,2,100,0.3,0.1,5,0.5,0.7
Preprocessed,N,0.333333333,0.27020202,0.282828283,17.05,0.6,0.01,2,100,0.3,0.1,5,0.5,0.8
Preprocessed,N,0.411764706,0.291666667,0.308823529,16.78,0.6,0.01,2,100,0.3,1,1,0.5,0.6
Preprocessed,N,0.333333333,0.25,0.264705882,17.1,0.6,0.01,2,100,0.3,1,1,0.5,0.7
Preprocessed,N,0.31372549,0.23880597,0.25285338,17.1,0.6,0.01,2,100,0.3,1,1,0.5,0.8
Preprocessed,N,0.411764706,0.291666667,0.308823529,17.02,0.6,0.01,2,100,0.3,1,5,0.5,0.6
Preprocessed,N,0.392156863,0.281690141,0.298260149,16.96,0.6,0.01,2,100,0.3,1,5,0.5,0.7
Preprocessed,N,0.352941176,0.260869565,0.276214834,17.2,0.6,0.01,2,100,0.3,1,5,0.5,0.8
Preprocessed,N,0.37254902,0.328947368,0.339009288,40.94,0.6,0.01,2,150,0.1,0.1,1,0.5,0.6
Preprocessed,N,0.392156863,0.356532357,0.365438483,40.82,0.6,0.01,2,150,0.1,0.1,1,0.5,0.7
Preprocessed,N,0.509803922,0.502923977,0.506363949,40.84,0.6,0.01,2,150,0.1,0.1,1,0.5,0.8
Preprocessed,N,0.37254902,0.294117647,0.307958478,40.61,0.6,0.01,2,150,0.1,0.1,5,0.5,0.6
Preprocessed,N,0.352941176,0.3002079,0.311507888,40.69,0.6,0.01,2,150,0.1,0.1,5,0.5,0.7
Preprocessed,N,0.392156863,0.356532357,0.365438483,40.94,0.6,0.01,2,150,0.1,0.1,5,0.5,0.8
Preprocessed,N,0.37254902,0.294117647,0.307958478,40.67,0.6,0.01,2,150,0.1,1,1,0.5,0.6
Preprocessed,N,0.333333333,0.27020202,0.282828283,40.76,0.6,0.01,2,150,0.1,1,1,0.5,0.7
Preprocessed,N,0.352941176,0.3002079,0.311507888,40.98,0.6,0.01,2,150,0.1,1,1,0.5,0.8
Preprocessed,N,0.392156863,0.281690141,0.298260149,40.6,0.6,0.01,2,150,0.1,1,5,0.5,0.6
Preprocessed,N,0.333333333,0.25,0.264705882,41.48,0.6,0.01,2,150,0.1,1,5,0.5,0.7
Preprocessed,N,0.333333333,0.27020202,0.282828283,41.27,0.6,0.01,2,150,0.1,1,5,0.5,0.8
Preprocessed,N,0.352941176,0.3002079,0.311507888,36.61,0.6,0.01,2,150,0.3,0.1,1,0.5,0.6
Preprocessed,N,0.37254902,0.328947368,0.339009288,37.11,0.6,0.01,2,150,0.3,0.1,1,0.5,0.7
Preprocessed,N,0.470588235,0.457232952,0.462241183,38.91,0.6,0.01,2,150,0.3,0.1,1,0.5,0.8
Preprocessed,N,0.37254902,0.294117647,0.307958478,83.9,0.6,0.01,2,150,0.3,0.1,5,0.5,0.6
Preprocessed,N,0.352941176,0.3002079,0.311507888,176.51,0.6,0.01,2,150,0.3,0.1,5,0.5,0.7
Preprocessed,N,0.352941176,0.3002079,0.311507888,176.82,0.6,0.01,2,150,0.3,0.1,5,0.5,0.8
Preprocessed,N,0.37254902,0.294117647,0.307958478,176.03,0.6,0.01,2,150,0.3,1,1,0.5,0.6
Preprocessed,N,0.333333333,0.27020202,0.282828283,176.79,0.6,0.01,2,150,0.3,1,1,0.5,0.7
Preprocessed,N,0.333333333,0.27020202,0.282828283,176.49,0.6,0.01,2,150,0.3,1,1,0.5,0.8
Preprocessed,N,0.411764706,0.291666667,0.308823529,176.14,0.6,0.01,2,150,0.3,1,5,0.5,0.6
Preprocessed,N,0.333333333,0.25,0.264705882,176.45,0.6,0.01,2,150,0.3,1,5,0.5,0.7
Preprocessed,N,0.31372549,0.23880597,0.25285338,177.13,0.6,0.01,2,150,0.3,1,5,0.5,0.8
Preprocessed,N,0.352941176,0.260869565,0.276214834,26.02,0.6,0.01,3,50,0.1,0.1,1,0.5,0.6
Preprocessed,N,0.333333333,0.25,0.264705882,26.56,0.6,0.01,3,50,0.1,0.1,1,0.5,0.7
Preprocessed,N,0.31372549,0.23880597,0.25285338,26.9,0.6,0.01,3,50,0.1,0.1,1,0.5,0.8
Preprocessed,N,0.411764706,0.291666667,0.308823529,25.92,0.6,0.01,3,50,0.1,0.1,5,0.5,0.6
Preprocessed,N,0.37254902,0.271428571,0.287394958,27.04,0.6,0.01,3,50,0.1,0.1,5,0.5,0.7
Preprocessed,N,0.31372549,0.23880597,0.25285338,27.29,0.6,0.01,3,50,0.1,0.1,5,0.5,0.8
Preprocessed,N,0.411764706,0.291666667,0.308823529,26.01,0.6,0.01,3,50,0.1,1,1,0.5,0.6
Preprocessed,N,0.411764706,0.291666667,0.308823529,26.38,0.6,0.01,3,50,0.1,1,1,0.5,0.7
Preprocessed,N,0.31372549,0.23880597,0.25285338,27.18,0.6,0.01,3,50,0.1,1,1,0.5,0.8
Preprocessed,N,0.470588235,0.32,0.338823529,25.59,0.6,0.01,3,50,0.1,1,5,0.5,0.6
Preprocessed,N,0.470588235,0.32,0.338823529,26.41,0.6,0.01,3,50,0.1,1,5,0.5,0.7
Preprocessed,N,0.411764706,0.291666667,0.308823529,26.72,0.6,0.01,3,50,0.1,1,5,0.5,0.8
Preprocessed,N,0.352941176,0.260869565,0.276214834,23.83,0.6,0.01,3,50,0.3,0.1,1,0.5,0.6
Preprocessed,N,0.333333333,0.25,0.264705882,24.73,0.6,0.01,3,50,0.3,0.1,1,0.5,0.7
Preprocessed,N,0.31372549,0.23880597,0.25285338,25.17,0.6,0.01,3,50,0.3,0.1,1,0.5,0.8
Preprocessed,N,0.431372549,0.301369863,0.319097502,23.93,0.6,0.01,3,50,0.3,0.1,5,0.5,0.6
Preprocessed,N,0.450980392,0.310810811,0.3290938,24.52,0.6,0.01,3,50,0.3,0.1,5,0.5,0.7
Preprocessed,N,0.352941176,0.260869565,0.276214834,25.7,0.6,0.01,3,50,0.3,0.1,5,0.5,0.8
Preprocessed,N,0.431372549,0.301369863,0.319097502,24.2,0.6,0.01,3,50,0.3,1,1,0.5,0.6
Preprocessed,N,0.450980392,0.310810811,0.3290938,24.8,0.6,0.01,3,50,0.3,1,1,0.5,0.7
Preprocessed,N,0.333333333,0.25,0.264705882,25.43,0.6,0.01,3,50,0.3,1,1,0.5,0.8
Preprocessed,N,0.529411765,0.346153846,0.366515837,23.9,0.6,0.01,3,50,0.3,1,5,0.5,0.6
Preprocessed,N,0.490196078,0.328947368,0.348297214,24.87,0.6,0.01,3,50,0.3,1,5,0.5,0.7
Preprocessed,N,0.470588235,0.32,0.338823529,25.23,0.6,0.01,3,50,0.3,1,5,0.5,0.8
Preprocessed,N,0.352941176,0.282302772,0.295547473,90.47,0.6,0.01,3,100,0.1,0.1,1,0.5,0.6
Preprocessed,N,0.352941176,0.3002079,0.311507888,92.66,0.6,0.01,3,100,0.1,0.1,1,0.5,0.7
Preprocessed,N,0.450980392,0.433333333,0.439215686,92.6,0.6,0.01,3,100,0.1,0.1,1,0.5,0.8
Preprocessed,N,0.392156863,0.281690141,0.298260149,91.25,0.6,0.01,3,100,0.1,0.1,5,0.5,0.6
Preprocessed,N,0.333333333,0.27020202,0.282828283,91.65,0.6,0.01,3,100,0.1,0.1,5,0.5,0.7
Preprocessed,N,0.333333333,0.27020202,0.282828283,92.61,0.6,0.01,3,100,0.1,0.1,5,0.5,0.8
Preprocessed,N,0.37254902,0.271428571,0.287394958,89.93,0.6,0.01,3,100,0.1,1,1,0.5,0.6
Preprocessed,N,0.31372549,0.23880597,0.25285338,91.67,0.6,0.01,3,100,0.1,1,1,0.5,0.7
Preprocessed,N,0.333333333,0.27020202,0.282828283,93.26,0.6,0.01,3,100,0.1,1,1,0.5,0.8
Preprocessed,N,0.411764706,0.291666667,0.308823529,90.28,0.6,0.01,3,100,0.1,1,5,0.5,0.6
Preprocessed,N,0.37254902,0.271428571,0.287394958,91.33,0.6,0.01,3,100,0.1,1,5,0.5,0.7
Preprocessed,N,0.31372549,0.23880597,0.25285338,92.55,0.6,0.01,3,100,0.1,1,5,0.5,0.8
Preprocessed,N,0.352941176,0.282302772,0.295547473,81.93,0.6,0.01,3,100,0.3,0.1,1,0.5,0.6
Preprocessed,N,0.333333333,0.27020202,0.282828283,83.83,0.6,0.01,3,100,0.3,0.1,1,0.5,0.7
Preprocessed,N,0.431372549,0.408636545,0.415457346,86.03,0.6,0.01,3,100,0.3,0.1,1,0.5,0.8
Preprocessed,N,0.411764706,0.291666667,0.308823529,82.28,0.6,0.01,3,100,0.3,0.1,5,0.5,0.6
Preprocessed,N,0.31372549,0.23880597,0.25285338,83.83,0.6,0.01,3,100,0.3,0.1,5,0.5,0.7
Preprocessed,N,0.333333333,0.27020202,0.282828283,85.25,0.6,0.01,3,100,0.3,0.1,5,0.5,0.8
Preprocessed,N,0.411764706,0.291666667,0.308823529,82.48,0.6,0.01,3,100,0.3,1,1,0.5,0.6
Preprocessed,N,0.333333333,0.25,0.264705882,83.5,0.6,0.01,3,100,0.3,1,1,0.5,0.7
Preprocessed,N,0.31372549,0.23880597,0.25285338,84.55,0.6,0.01,3,100,0.3,1,1,0.5,0.8
Preprocessed,N,0.411764706,0.291666667,0.308823529,82.53,0.6,0.01,3,100,0.3,1,5,0.5,0.6
Preprocessed,N,0.392156863,0.281690141,0.298260149,83.51,0.6,0.01,3,100,0.3,1,5,0.5,0.7
Preprocessed,N,0.352941176,0.260869565,0.276214834,85.16,0.6,0.01,3,100,0.3,1,5,0.5,0.8
Preprocessed,N,0.37254902,0.328947368,0.339009288,194.13,0.6,0.01,3,150,0.1,0.1,1,0.5,0.6
Preprocessed,N,0.392156863,0.356532357,0.365438483,196.71,0.6,0.01,3,150,0.1,0.1,1,0.5,0.7
Preprocessed,N,0.490196078,0.480407524,0.484602618,197.53,0.6,0.01,3,150,0.1,0.1,1,0.5,0.8
Preprocessed,N,0.37254902,0.294117647,0.307958478,193.7,0.6,0.01,3,150,0.1,0.1,5,0.5,0.6
Preprocessed,N,0.352941176,0.3002079,0.311507888,197.18,0.6,0.01,3,150,0.1,0.1,5,0.5,0.7
Preprocessed,N,0.411764706,0.383064516,0.390891841,198.71,0.6,0.01,3,150,0.1,0.1,5,0.5,0.8
Preprocessed,N,0.37254902,0.294117647,0.307958478,104.84,0.6,0.01,3,150,0.1,1,1,0.5,0.6
Preprocessed,N,0.333333333,0.27020202,0.282828283,42.41,0.6,0.01,3,150,0.1,1,1,0.5,0.7
Preprocessed,N,0.352941176,0.3002079,0.311507888,42.53,0.6,0.01,3,150,0.1,1,1,0.5,0.8
Preprocessed,N,0.392156863,0.281690141,0.298260149,42.06,0.6,0.01,3,150,0.1,1,5,0.5,0.6
Preprocessed,N,0.333333333,0.25,0.264705882,42.93,0.6,0.01,3,150,0.1,1,5,0.5,0.7
Preprocessed,N,0.333333333,0.27020202,0.282828283,42.75,0.6,0.01,3,150,0.1,1,5,0.5,0.8
Preprocessed,N,0.352941176,0.3002079,0.311507888,38.12,0.6,0.01,3,150,0.3,0.1,1,0.5,0.6
Preprocessed,N,0.37254902,0.328947368,0.339009288,38.06,0.6,0.01,3,150,0.3,0.1,1,0.5,0.7
Preprocessed,N,0.490196078,0.480407524,0.484602618,38.13,0.6,0.01,3,150,0.3,0.1,1,0.5,0.8
Preprocessed,N,0.37254902,0.294117647,0.307958478,37.94,0.6,0.01,3,150,0.3,0.1,5,0.5,0.6
Preprocessed,N,0.352941176,0.3002079,0.311507888,37.85,0.6,0.01,3,150,0.3,0.1,5,0.5,0.7
Preprocessed,N,0.352941176,0.3002079,0.311507888,37.9,0.6,0.01,3,150,0.3,0.1,5,0.5,0.8
Preprocessed,N,0.37254902,0.294117647,0.307958478,38.03,0.6,0.01,3,150,0.3,1,1,0.5,0.6
Preprocessed,N,0.333333333,0.27020202,0.282828283,38.28,0.6,0.01,3,150,0.3,1,1,0.5,0.7
Preprocessed,N,0.333333333,0.27020202,0.282828283,38.37,0.6,0.01,3,150,0.3,1,1,0.5,0.8
Preprocessed,N,0.411764706,0.291666667,0.308823529,37.45,0.6,0.01,3,150,0.3,1,5,0.5,0.6
Preprocessed,N,0.333333333,0.25,0.264705882,37.73,0.6,0.01,3,150,0.3,1,5,0.5,0.7
Preprocessed,N,0.31372549,0.23880597,0.25285338,38.01,0.6,0.01,3,150,0.3,1,5,0.5,0.8
Preprocessed,N,0.352941176,0.260869565,0.276214834,5.2,0.6,0.01,4,50,0.1,0.1,1,0.5,0.6
Preprocessed,N,0.333333333,0.25,0.264705882,5.38,0.6,0.01,4,50,0.1,0.1,1,0.5,0.7
Preprocessed,N,0.31372549,0.23880597,0.25285338,5.53,0.6,0.01,4,50,0.1,0.1,1,0.5,0.8
Preprocessed,N,0.411764706,0.291666667,0.308823529,5.21,0.6,0.01,4,50,0.1,0.1,5,0.5,0.6
Preprocessed,N,0.37254902,0.271428571,0.287394958,5.4,0.6,0.01,4,50,0.1,0.1,5,0.5,0.7
Preprocessed,N,0.31372549,0.23880597,0.25285338,5.38,0.6,0.01,4,50,0.1,0.1,5,0.5,0.8
Preprocessed,N,0.411764706,0.291666667,0.308823529,5.6,0.6,0.01,4,50,0.1,1,1,0.5,0.6
Preprocessed,N,0.411764706,0.291666667,0.308823529,5.27,0.6,0.01,4,50,0.1,1,1,0.5,0.7
Preprocessed,N,0.31372549,0.23880597,0.25285338,5.57,0.6,0.01,4,50,0.1,1,1,0.5,0.8
Preprocessed,N,0.470588235,0.32,0.338823529,5.23,0.6,0.01,4,50,0.1,1,5,0.5,0.6
Preprocessed,N,0.470588235,0.32,0.338823529,5.31,0.6,0.01,4,50,0.1,1,5,0.5,0.7
Preprocessed,N,0.411764706,0.291666667,0.308823529,5.33,0.6,0.01,4,50,0.1,1,5,0.5,0.8
Preprocessed,N,0.352941176,0.260869565,0.276214834,4.95,0.6,0.01,4,50,0.3,0.1,1,0.5,0.6
Preprocessed,N,0.333333333,0.25,0.264705882,4.96,0.6,0.01,4,50,0.3,0.1,1,0.5,0.7
Preprocessed,N,0.31372549,0.23880597,0.25285338,5.21,0.6,0.01,4,50,0.3,0.1,1,0.5,0.8
Preprocessed,N,0.431372549,0.301369863,0.319097502,4.78,0.6,0.01,4,50,0.3,0.1,5,0.5,0.6
Preprocessed,N,0.450980392,0.310810811,0.3290938,4.98,0.6,0.01,4,50,0.3,0.1,5,0.5,0.7
Preprocessed,N,0.352941176,0.260869565,0.276214834,5.05,0.6,0.01,4,50,0.3,0.1,5,0.5,0.8
Preprocessed,N,0.431372549,0.301369863,0.319097502,4.87,0.6,0.01,4,50,0.3,1,1,0.5,0.6
Preprocessed,N,0.450980392,0.310810811,0.3290938,4.86,0.6,0.01,4,50,0.3,1,1,0.5,0.7
Preprocessed,N,0.333333333,0.25,0.264705882,5.17,0.6,0.01,4,50,0.3,1,1,0.5,0.8
Preprocessed,N,0.529411765,0.346153846,0.366515837,4.9,0.6,0.01,4,50,0.3,1,5,0.5,0.6
Preprocessed,N,0.490196078,0.328947368,0.348297214,4.88,0.6,0.01,4,50,0.3,1,5,0.5,0.7
Preprocessed,N,0.470588235,0.32,0.338823529,5.07,0.6,0.01,4,50,0.3,1,5,0.5,0.8
Preprocessed,N,0.352941176,0.282302772,0.295547473,19.09,0.6,0.01,4,100,0.1,0.1,1,0.5,0.6
Preprocessed,N,0.352941176,0.3002079,0.311507888,19.27,0.6,0.01,4,100,0.1,0.1,1,0.5,0.7
Preprocessed,N,0.450980392,0.433333333,0.439215686,19.3,0.6,0.01,4,100,0.1,0.1,1,0.5,0.8
Preprocessed,N,0.392156863,0.281690141,0.298260149,20.4,0.6,0.01,4,100,0.1,0.1,5,0.5,0.6
Preprocessed,N,0.333333333,0.27020202,0.282828283,22.84,0.6,0.01,4,100,0.1,0.1,5,0.5,0.7
Preprocessed,N,0.333333333,0.27020202,0.282828283,22.98,0.6,0.01,4,100,0.1,0.1,5,0.5,0.8
Preprocessed,N,0.37254902,0.271428571,0.287394958,22.67,0.6,0.01,4,100,0.1,1,1,0.5,0.6
Preprocessed,N,0.31372549,0.23880597,0.25285338,22.87,0.6,0.01,4,100,0.1,1,1,0.5,0.7
Preprocessed,N,0.333333333,0.27020202,0.282828283,22.77,0.6,0.01,4,100,0.1,1,1,0.5,0.8
Preprocessed,N,0.411764706,0.291666667,0.308823529,22.55,0.6,0.01,4,100,0.1,1,5,0.5,0.6
Preprocessed,N,0.37254902,0.271428571,0.287394958,22.84,0.6,0.01,4,100,0.1,1,5,0.5,0.7
Preprocessed,N,0.31372549,0.23880597,0.25285338,23.05,0.6,0.01,4,100,0.1,1,5,0.5,0.8
Preprocessed,N,0.352941176,0.282302772,0.295547473,20.75,0.6,0.01,4,100,0.3,0.1,1,0.5,0.6
Preprocessed,N,0.333333333,0.27020202,0.282828283,20.76,0.6,0.01,4,100,0.3,0.1,1,0.5,0.7
Preprocessed,N,0.431372549,0.408636545,0.415457346,20.97,0.6,0.01,4,100,0.3,0.1,1,0.5,0.8
Preprocessed,N,0.411764706,0.291666667,0.308823529,20.45,0.6,0.01,4,100,0.3,0.1,5,0.5,0.6
Preprocessed,N,0.31372549,0.23880597,0.25285338,20.73,0.6,0.01,4,100,0.3,0.1,5,0.5,0.7
Preprocessed,N,0.333333333,0.27020202,0.282828283,20.9,0.6,0.01,4,100,0.3,0.1,5,0.5,0.8
Preprocessed,N,0.411764706,0.291666667,0.308823529,20.5,0.6,0.01,4,100,0.3,1,1,0.5,0.6
Preprocessed,N,0.333333333,0.25,0.264705882,20.78,0.6,0.01,4,100,0.3,1,1,0.5,0.7
Preprocessed,N,0.31372549,0.23880597,0.25285338,20.94,0.6,0.01,4,100,0.3,1,1,0.5,0.8
Preprocessed,N,0.411764706,0.291666667,0.308823529,20.82,0.6,0.01,4,100,0.3,1,5,0.5,0.6
Preprocessed,N,0.392156863,0.281690141,0.298260149,20.62,0.6,0.01,4,100,0.3,1,5,0.5,0.7
Preprocessed,N,0.352941176,0.260869565,0.276214834,20.94,0.6,0.01,4,100,0.3,1,5,0.5,0.8
Preprocessed,N,0.37254902,0.328947368,0.339009288,48.94,0.6,0.01,4,150,0.1,0.1,1,0.5,0.6
Preprocessed,N,0.392156863,0.356532357,0.365438483,49.53,0.6,0.01,4,150,0.1,0.1,1,0.5,0.7
Preprocessed,N,0.490196078,0.480407524,0.484602618,49.89,0.6,0.01,4,150,0.1,0.1,1,0.5,0.8
Preprocessed,N,0.37254902,0.294117647,0.307958478,42.74,0.6,0.01,4,150,0.1,0.1,5,0.5,0.6
Preprocessed,N,0.352941176,0.3002079,0.311507888,41.92,0.6,0.01,4,150,0.1,0.1,5,0.5,0.7
Preprocessed,N,0.411764706,0.383064516,0.390891841,42.45,0.6,0.01,4,150,0.1,0.1,5,0.5,0.8
Preprocessed,N,0.37254902,0.294117647,0.307958478,42.12,0.6,0.01,4,150,0.1,1,1,0.5,0.6
Preprocessed,N,0.333333333,0.27020202,0.282828283,41.98,0.6,0.01,4,150,0.1,1,1,0.5,0.7
Preprocessed,N,0.352941176,0.3002079,0.311507888,41.94,0.6,0.01,4,150,0.1,1,1,0.5,0.8
Preprocessed,N,0.392156863,0.281690141,0.298260149,41.73,0.6,0.01,4,150,0.1,1,5,0.5,0.6
Preprocessed,N,0.333333333,0.25,0.264705882,41.76,0.6,0.01,4,150,0.1,1,5,0.5,0.7
Preprocessed,N,0.333333333,0.27020202,0.282828283,42.27,0.6,0.01,4,150,0.1,1,5,0.5,0.8
Preprocessed,N,0.352941176,0.3002079,0.311507888,37.41,0.6,0.01,4,150,0.3,0.1,1,0.5,0.6
Preprocessed,N,0.37254902,0.328947368,0.339009288,38.01,0.6,0.01,4,150,0.3,0.1,1,0.5,0.7
Preprocessed,N,0.490196078,0.480407524,0.484602618,37.82,0.6,0.01,4,150,0.3,0.1,1,0.5,0.8
Preprocessed,N,0.37254902,0.294117647,0.307958478,37.73,0.6,0.01,4,150,0.3,0.1,5,0.5,0.6
Preprocessed,N,0.352941176,0.3002079,0.311507888,37.97,0.6,0.01,4,150,0.3,0.1,5,0.5,0.7
Preprocessed,N,0.352941176,0.3002079,0.311507888,37.82,0.6,0.01,4,150,0.3,0.1,5,0.5,0.8
Preprocessed,N,0.37254902,0.294117647,0.307958478,37.65,0.6,0.01,4,150,0.3,1,1,0.5,0.6
Preprocessed,N,0.333333333,0.27020202,0.282828283,37.61,0.6,0.01,4,150,0.3,1,1,0.5,0.7
Preprocessed,N,0.333333333,0.27020202,0.282828283,38.45,0.6,0.01,4,150,0.3,1,1,0.5,0.8
Preprocessed,N,0.411764706,0.291666667,0.308823529,37.17,0.6,0.01,4,150,0.3,1,5,0.5,0.6
Preprocessed,N,0.333333333,0.25,0.264705882,37.65,0.6,0.01,4,150,0.3,1,5,0.5,0.7
Preprocessed,N,0.31372549,0.23880597,0.25285338,37.94,0.6,0.01,4,150,0.3,1,5,0.5,0.8
Preprocessed,N,0.392156863,0.342619543,0.353234683,5.24,0.6,0.05,2,50,0.1,0.1,1,0.5,0.6
Preprocessed,N,0.470588235,0.449420232,0.455770633,5.21,0.6,0.05,2,50,0.1,0.1,1,0.5,0.7
Preprocessed,N,0.509803922,0.502923977,0.506363949,5.23,0.6,0.05,2,50,0.1,0.1,1,0.5,0.8
Preprocessed,N,0.352941176,0.3002079,0.311507888,5.2,0.6,0.05,2,50,0.1,0.1,5,0.5,0.6
Preprocessed,N,0.411764706,0.383064516,0.390891841,5.27,0.6,0.05,2,50,0.1,0.1,5,0.5,0.7
Preprocessed,N,0.509803922,0.502923977,0.506363949,5.37,0.6,0.05,2,50,0.1,0.1,5,0.5,0.8
Preprocessed,N,0.37254902,0.313131313,0.325014854,5.36,0.6,0.05,2,50,0.1,1,1,0.5,0.6
Preprocessed,N,0.411764706,0.370888158,0.380321207,5.19,0.6,0.05,2,50,0.1,1,1,0.5,0.7
Preprocessed,N,0.470588235,0.457232952,0.462241183,5.32,0.6,0.05,2,50,0.1,1,1,0.5,0.8
Preprocessed,N,0.333333333,0.27020202,0.282828283,5.52,0.6,0.05,2,50,0.1,1,5,0.5,0.6
Preprocessed,N,0.352941176,0.3002079,0.311507888,5.33,0.6,0.05,2,50,0.1,1,5,0.5,0.7
Preprocessed,N,0.450980392,0.433333333,0.439215686,5.22,0.6,0.05,2,50,0.1,1,5,0.5,0.8
Preprocessed,N,0.392156863,0.342619543,0.353234683,4.8,0.6,0.05,2,50,0.3,0.1,1,0.5,0.6
Preprocessed,N,0.450980392,0.433333333,0.439215686,4.84,0.6,0.05,2,50,0.3,0.1,1,0.5,0.7
Preprocessed,N,0.509803922,0.502923977,0.506363949,4.84,0.6,0.05,2,50,0.3,0.1,1,0.5,0.8
Preprocessed,N,0.333333333,0.27020202,0.282828283,4.94,0.6,0.05,2,50,0.3,0.1,5,0.5,0.6
Preprocessed,N,0.411764706,0.383064516,0.390891841,4.72,0.6,0.05,2,50,0.3,0.1,5,0.5,0.7
Preprocessed,N,0.509803922,0.502923977,0.506363949,4.8,0.6,0.05,2,50,0.3,0.1,5,0.5,0.8
Preprocessed,N,0.37254902,0.313131313,0.325014854,4.99,0.6,0.05,2,50,0.3,1,1,0.5,0.6
Preprocessed,N,0.411764706,0.370888158,0.380321207,4.85,0.6,0.05,2,50,0.3,1,1,0.5,0.7
Preprocessed,N,0.470588235,0.457232952,0.462241183,4.87,0.6,0.05,2,50,0.3,1,1,0.5,0.8
Preprocessed,N,0.352941176,0.282302772,0.295547473,4.85,0.6,0.05,2,50,0.3,1,5,0.5,0.6
Preprocessed,N,0.333333333,0.27020202,0.282828283,4.9,0.6,0.05,2,50,0.3,1,5,0.5,0.7
Preprocessed,N,0.431372549,0.408636545,0.415457346,4.94,0.6,0.05,2,50,0.3,1,5,0.5,0.8
Preprocessed,N,0.431372549,0.408636545,0.415457346,19.17,0.6,0.05,2,100,0.1,0.1,1,0.5,0.6
Preprocessed,N,0.490196078,0.485248447,0.488217026,19.12,0.6,0.05,2,100,0.1,0.1,1,0.5,0.7
Preprocessed,N,0.509803922,0.506769826,0.509045398,18.9,0.6,0.05,2,100,0.1,0.1,1,0.5,0.8
Preprocessed,N,0.392156863,0.356532357,0.365438483,19.08,0.6,0.05,2,100,0.1,0.1,5,0.5,0.6
Preprocessed,N,0.470588235,0.457232952,0.462241183,19.3,0.6,0.05,2,100,0.1,0.1,5,0.5,0.7
Preprocessed,N,0.490196078,0.485248447,0.488217026,19.22,0.6,0.05,2,100,0.1,0.1,5,0.5,0.8
Preprocessed,N,0.392156863,0.356532357,0.365438483,19.07,0.6,0.05,2,100,0.1,1,1,0.5,0.6
Preprocessed,N,0.470588235,0.457232952,0.462241183,19.08,0.6,0.05,2,100,0.1,1,1,0.5,0.7
Preprocessed,N,0.490196078,0.485248447,0.488217026,19.2,0.6,0.05,2,100,0.1,1,1,0.5,0.8
Preprocessed,N,0.392156863,0.356532357,0.365438483,19.04,0.6,0.05,2,100,0.1,1,5,0.5,0.6
Preprocessed,N,0.431372549,0.408636545,0.415457346,19.21,0.6,0.05,2,100,0.1,1,5,0.5,0.7
Preprocessed,N,0.509803922,0.506769826,0.509045398,19.2,0.6,0.05,2,100,0.1,1,5,0.5,0.8
Preprocessed,N,0.431372549,0.408636545,0.415457346,17.19,0.6,0.05,2,100,0.3,0.1,1,0.5,0.6
Preprocessed,N,0.470588235,0.463157895,0.466873065,17.53,0.6,0.05,2,100,0.3,0.1,1,0.5,0.7
Preprocessed,N,0.509803922,0.502923977,0.506363949,17.22,0.6,0.05,2,100,0.3,0.1,1,0.5,0.8
Preprocessed,N,0.392156863,0.356532357,0.365438483,17.62,0.6,0.05,2,100,0.3,0.1,5,0.5,0.6
Preprocessed,N,0.470588235,0.457232952,0.462241183,17.55,0.6,0.05,2,100,0.3,0.1,5,0.5,0.7
Preprocessed,N,0.509803922,0.506769826,0.509045398,17.48,0.6,0.05,2,100,0.3,0.1,5,0.5,0.8
Preprocessed,N,0.392156863,0.356532357,0.365438483,17.18,0.6,0.05,2,100,0.3,1,1,0.5,0.6
Preprocessed,N,0.470588235,0.457232952,0.462241183,17.11,0.6,0.05,2,100,0.3,1,1,0.5,0.7
Preprocessed,N,0.509803922,0.502923977,0.506363949,17.22,0.6,0.05,2,100,0.3,1,1,0.5,0.8
Preprocessed,N,0.392156863,0.356532357,0.365438483,17.26,0.6,0.05,2,100,0.3,1,5,0.5,0.6
Preprocessed,N,0.431372549,0.408636545,0.415457346,17.23,0.6,0.05,2,100,0.3,1,5,0.5,0.7
Preprocessed,N,0.509803922,0.506769826,0.509045398,17.26,0.6,0.05,2,100,0.3,1,5,0.5,0.8
Preprocessed,N,0.509803922,0.502923977,0.506363949,41.51,0.6,0.05,2,150,0.1,0.1,1,0.5,0.6
Preprocessed,N,0.470588235,0.463157895,0.466873065,41.67,0.6,0.05,2,150,0.1,0.1,1,0.5,0.7
Preprocessed,N,0.549019608,0.54832499,0.549366917,42.05,0.6,0.05,2,150,0.1,0.1,1,0.5,0.8
Preprocessed,N,0.411764706,0.383064516,0.390891841,41.48,0.6,0.05,2,150,0.1,0.1,5,0.5,0.6
Preprocessed,N,0.470588235,0.457232952,0.462241183,41.73,0.6,0.05,2,150,0.1,0.1,5,0.5,0.7
Preprocessed,N,0.490196078,0.485248447,0.488217026,41.91,0.6,0.05,2,150,0.1,0.1,5,0.5,0.8
Preprocessed,N,0.411764706,0.383064516,0.390891841,42.07,0.6,0.05,2,150,0.1,1,1,0.5,0.6
Preprocessed,N,0.470588235,0.457232952,0.462241183,41.68,0.6,0.05,2,150,0.1,1,1,0.5,0.7
Preprocessed,N,0.470588235,0.463157895,0.466873065,41.86,0.6,0.05,2,150,0.1,1,1,0.5,0.8
Preprocessed,N,0.392156863,0.356532357,0.365438483,41.75,0.6,0.05,2,150,0.1,1,5,0.5,0.6
Preprocessed,N,0.450980392,0.433333333,0.439215686,42.24,0.6,0.05,2,150,0.1,1,5,0.5,0.7
Preprocessed,N,0.490196078,0.485248447,0.488217026,41.59,0.6,0.05,2,150,0.1,1,5,0.5,0.8
Preprocessed,N,0.470588235,0.457232952,0.462241183,37.38,0.6,0.05,2,150,0.3,0.1,1,0.5,0.6
Preprocessed,N,0.450980392,0.440438871,0.444956666,37.49,0.6,0.05,2,150,0.3,0.1,1,0.5,0.7
Preprocessed,N,0.509803922,0.502923977,0.506363949,38.14,0.6,0.05,2,150,0.3,0.1,1,0.5,0.8
Preprocessed,N,0.392156863,0.356532357,0.365438483,37.56,0.6,0.05,2,150,0.3,0.1,5,0.5,0.6
Preprocessed,N,0.470588235,0.457232952,0.462241183,37.41,0.6,0.05,2,150,0.3,0.1,5,0.5,0.7
Preprocessed,N,0.509803922,0.506769826,0.509045398,37.97,0.6,0.05,2,150,0.3,0.1,5,0.5,0.8
Preprocessed,N,0.392156863,0.356532357,0.365438483,38.29,0.6,0.05,2,150,0.3,1,1,0.5,0.6
Preprocessed,N,0.470588235,0.457232952,0.462241183,37.51,0.6,0.05,2,150,0.3,1,1,0.5,0.7
Preprocessed,N,0.470588235,0.463157895,0.466873065,37.5,0.6,0.05,2,150,0.3,1,1,0.5,0.8
Preprocessed,N,0.392156863,0.356532357,0.365438483,37.5,0.6,0.05,2,150,0.3,1,5,0.5,0.6
Preprocessed,N,0.450980392,0.433333333,0.439215686,37.64,0.6,0.05,2,150,0.3,1,5,0.5,0.7
Preprocessed,N,0.470588235,0.463157895,0.466873065,38.03,0.6,0.05,2,150,0.3,1,5,0.5,0.8
Preprocessed,N,0.392156863,0.342619543,0.353234683,5.29,0.6,0.05,3,50,0.1,0.1,1,0.5,0.6
Preprocessed,N,0.470588235,0.449420232,0.455770633,5.34,0.6,0.05,3,50,0.1,0.1,1,0.5,0.7
Preprocessed,N,0.509803922,0.502923977,0.506363949,5.31,0.6,0.05,3,50,0.1,0.1,1,0.5,0.8
Preprocessed,N,0.352941176,0.3002079,0.311507888,5.32,0.6,0.05,3,50,0.1,0.1,5,0.5,0.6
Preprocessed,N,0.411764706,0.383064516,0.390891841,5.29,0.6,0.05,3,50,0.1,0.1,5,0.5,0.7
Preprocessed,N,0.529411765,0.52484472,0.527584947,5.6,0.6,0.05,3,50,0.1,0.1,5,0.5,0.8
Preprocessed,N,0.37254902,0.313131313,0.325014854,5.31,0.6,0.05,3,50,0.1,1,1,0.5,0.6
Preprocessed,N,0.411764706,0.370888158,0.380321207,5.4,0.6,0.05,3,50,0.1,1,1,0.5,0.7
Preprocessed,N,0.470588235,0.457232952,0.462241183,5.45,0.6,0.05,3,50,0.1,1,1,0.5,0.8
Preprocessed,N,0.333333333,0.27020202,0.282828283,5.26,0.6,0.05,3,50,0.1,1,5,0.5,0.6
Preprocessed,N,0.352941176,0.3002079,0.311507888,5.31,0.6,0.05,3,50,0.1,1,5,0.5,0.7
Preprocessed,N,0.450980392,0.433333333,0.439215686,5.46,0.6,0.05,3,50,0.1,1,5,0.5,0.8
Preprocessed,N,0.392156863,0.342619543,0.353234683,4.94,0.6,0.05,3,50,0.3,0.1,1,0.5,0.6
Preprocessed,N,0.450980392,0.433333333,0.439215686,5.09,0.6,0.05,3,50,0.3,0.1,1,0.5,0.7
Preprocessed,N,0.509803922,0.502923977,0.506363949,4.98,0.6,0.05,3,50,0.3,0.1,1,0.5,0.8
Preprocessed,N,0.333333333,0.27020202,0.282828283,5,0.6,0.05,3,50,0.3,0.1,5,0.5,0.6
Preprocessed,N,0.411764706,0.383064516,0.390891841,4.97,0.6,0.05,3,50,0.3,0.1,5,0.5,0.7
Preprocessed,N,0.529411765,0.52484472,0.527584947,5.14,0.6,0.05,3,50,0.3,0.1,5,0.5,0.8
Preprocessed,N,0.37254902,0.313131313,0.325014854,4.88,0.6,0.05,3,50,0.3,1,1,0.5,0.6
Preprocessed,N,0.411764706,0.370888158,0.380321207,5,0.6,0.05,3,50,0.3,1,1,0.5,0.7
Preprocessed,N,0.490196078,0.480407524,0.484602618,5,0.6,0.05,3,50,0.3,1,1,0.5,0.8
Preprocessed,N,0.352941176,0.282302772,0.295547473,4.89,0.6,0.05,3,50,0.3,1,5,0.5,0.6
Preprocessed,N,0.333333333,0.27020202,0.282828283,5,0.6,0.05,3,50,0.3,1,5,0.5,0.7
Preprocessed,N,0.431372549,0.408636545,0.415457346,5.07,0.6,0.05,3,50,0.3,1,5,0.5,0.8
Preprocessed,N,0.431372549,0.408636545,0.415457346,19.24,0.6,0.05,3,100,0.1,0.1,1,0.5,0.6
Preprocessed,N,0.490196078,0.485248447,0.488217026,19.32,0.6,0.05,3,100,0.1,0.1,1,0.5,0.7
Preprocessed,N,0.490196078,0.485248447,0.488217026,19.76,0.6,0.05,3,100,0.1,0.1,1,0.5,0.8
Preprocessed,N,0.392156863,0.356532357,0.365438483,19.06,0.6,0.05,3,100,0.1,0.1,5,0.5,0.6
Preprocessed,N,0.470588235,0.457232952,0.462241183,19.25,0.6,0.05,3,100,0.1,0.1,5,0.5,0.7
Preprocessed,N,0.490196078,0.485248447,0.488217026,19.3,0.6,0.05,3,100,0.1,0.1,5,0.5,0.8
Preprocessed,N,0.392156863,0.356532357,0.365438483,19.32,0.6,0.05,3,100,0.1,1,1,0.5,0.6
Preprocessed,N,0.470588235,0.457232952,0.462241183,19.44,0.6,0.05,3,100,0.1,1,1,0.5,0.7
Preprocessed,N,0.490196078,0.485248447,0.488217026,19.35,0.6,0.05,3,100,0.1,1,1,0.5,0.8
Preprocessed,N,0.392156863,0.356532357,0.365438483,19.26,0.6,0.05,3,100,0.1,1,5,0.5,0.6
Preprocessed,N,0.431372549,0.408636545,0.415457346,19.3,0.6,0.05,3,100,0.1,1,5,0.5,0.7
Preprocessed,N,0.490196078,0.485248447,0.488217026,19.82,0.6,0.05,3,100,0.1,1,5,0.5,0.8
Preprocessed,N,0.431372549,0.408636545,0.415457346,17.17,0.6,0.05,3,100,0.3,0.1,1,0.5,0.6
Preprocessed,N,0.470588235,0.463157895,0.466873065,17.82,0.6,0.05,3,100,0.3,0.1,1,0.5,0.7
Preprocessed,N,0.509803922,0.502923977,0.506363949,17.69,0.6,0.05,3,100,0.3,0.1,1,0.5,0.8
Preprocessed,N,0.392156863,0.356532357,0.365438483,17.25,0.6,0.05,3,100,0.3,0.1,5,0.5,0.6
Preprocessed,N,0.470588235,0.457232952,0.462241183,17.66,0.6,0.05,3,100,0.3,0.1,5,0.5,0.7
Preprocessed,N,0.509803922,0.506769826,0.509045398,17.8,0.6,0.05,3,100,0.3,0.1,5,0.5,0.8
Preprocessed,N,0.392156863,0.356532357,0.365438483,17.45,0.6,0.05,3,100,0.3,1,1,0.5,0.6
Preprocessed,N,0.470588235,0.457232952,0.462241183,17.66,0.6,0.05,3,100,0.3,1,1,0.5,0.7
Preprocessed,N,0.509803922,0.502923977,0.506363949,17.61,0.6,0.05,3,100,0.3,1,1,0.5,0.8
Preprocessed,N,0.392156863,0.356532357,0.365438483,17.34,0.6,0.05,3,100,0.3,1,5,0.5,0.6
Preprocessed,N,0.431372549,0.408636545,0.415457346,17.96,0.6,0.05,3,100,0.3,1,5,0.5,0.7
Preprocessed,N,0.509803922,0.506769826,0.509045398,17.75,0.6,0.05,3,100,0.3,1,5,0.5,0.8
Preprocessed,N,0.509803922,0.502923977,0.506363949,41.69,0.6,0.05,3,150,0.1,0.1,1,0.5,0.6
Preprocessed,N,0.470588235,0.463157895,0.466873065,41.89,0.6,0.05,3,150,0.1,0.1,1,0.5,0.7
Preprocessed,N,0.509803922,0.506769826,0.509045398,42.35,0.6,0.05,3,150,0.1,0.1,1,0.5,0.8
Preprocessed,N,0.411764706,0.383064516,0.390891841,42.2,0.6,0.05,3,150,0.1,0.1,5,0.5,0.6
Preprocessed,N,0.470588235,0.457232952,0.462241183,42.19,0.6,0.05,3,150,0.1,0.1,5,0.5,0.7
Preprocessed,N,0.490196078,0.485248447,0.488217026,42.08,0.6,0.05,3,150,0.1,0.1,5,0.5,0.8
Preprocessed,N,0.411764706,0.383064516,0.390891841,41.8,0.6,0.05,3,150,0.1,1,1,0.5,0.6
Preprocessed,N,0.470588235,0.457232952,0.462241183,42.48,0.6,0.05,3,150,0.1,1,1,0.5,0.7
Preprocessed,N,0.470588235,0.463157895,0.466873065,42.4,0.6,0.05,3,150,0.1,1,1,0.5,0.8
Preprocessed,N,0.392156863,0.356532357,0.365438483,41.74,0.6,0.05,3,150,0.1,1,5,0.5,0.6
Preprocessed,N,0.450980392,0.433333333,0.439215686,42.39,0.6,0.05,3,150,0.1,1,5,0.5,0.7
Preprocessed,N,0.490196078,0.485248447,0.488217026,42.48,0.6,0.05,3,150,0.1,1,5,0.5,0.8
Preprocessed,N,0.470588235,0.457232952,0.462241183,38.05,0.6,0.05,3,150,0.3,0.1,1,0.5,0.6
Preprocessed,N,0.450980392,0.440438871,0.444956666,37.94,0.6,0.05,3,150,0.3,0.1,1,0.5,0.7
Preprocessed,N,0.549019608,0.542690058,0.545854833,38.04,0.6,0.05,3,150,0.3,0.1,1,0.5,0.8
Preprocessed,N,0.392156863,0.356532357,0.365438483,37.59,0.6,0.05,3,150,0.3,0.1,5,0.5,0.6
Preprocessed,N,0.470588235,0.457232952,0.462241183,38.11,0.6,0.05,3,150,0.3,0.1,5,0.5,0.7
Preprocessed,N,0.509803922,0.506769826,0.509045398,38.2,0.6,0.05,3,150,0.3,0.1,5,0.5,0.8
Preprocessed,N,0.392156863,0.356532357,0.365438483,37.93,0.6,0.05,3,150,0.3,1,1,0.5,0.6
Preprocessed,N,0.470588235,0.457232952,0.462241183,42.01,0.6,0.05,3,150,0.3,1,1,0.5,0.7
Preprocessed,N,0.470588235,0.463157895,0.466873065,38.15,0.6,0.05,3,150,0.3,1,1,0.5,0.8
Preprocessed,N,0.392156863,0.356532357,0.365438483,37.95,0.6,0.05,3,150,0.3,1,5,0.5,0.6
Preprocessed,N,0.450980392,0.433333333,0.439215686,37.9,0.6,0.05,3,150,0.3,1,5,0.5,0.7
Preprocessed,N,0.470588235,0.463157895,0.466873065,38.03,0.6,0.05,3,150,0.3,1,5,0.5,0.8
Preprocessed,N,0.392156863,0.342619543,0.353234683,5.23,0.6,0.05,4,50,0.1,0.1,1,0.5,0.6
Preprocessed,N,0.470588235,0.449420232,0.455770633,5.38,0.6,0.05,4,50,0.1,0.1,1,0.5,0.7
Preprocessed,N,0.509803922,0.502923977,0.506363949,5.48,0.6,0.05,4,50,0.1,0.1,1,0.5,0.8
Preprocessed,N,0.352941176,0.3002079,0.311507888,5.24,0.6,0.05,4,50,0.1,0.1,5,0.5,0.6
Preprocessed,N,0.411764706,0.383064516,0.390891841,5.33,0.6,0.05,4,50,0.1,0.1,5,0.5,0.7
Preprocessed,N,0.529411765,0.52484472,0.527584947,5.54,0.6,0.05,4,50,0.1,0.1,5,0.5,0.8
Preprocessed,N,0.37254902,0.313131313,0.325014854,5.29,0.6,0.05,4,50,0.1,1,1,0.5,0.6
Preprocessed,N,0.411764706,0.370888158,0.380321207,5.48,0.6,0.05,4,50,0.1,1,1,0.5,0.7
Preprocessed,N,0.470588235,0.457232952,0.462241183,5.46,0.6,0.05,4,50,0.1,1,1,0.5,0.8
Preprocessed,N,0.333333333,0.27020202,0.282828283,5.27,0.6,0.05,4,50,0.1,1,5,0.5,0.6
Preprocessed,N,0.352941176,0.3002079,0.311507888,5.37,0.6,0.05,4,50,0.1,1,5,0.5,0.7
Preprocessed,N,0.450980392,0.433333333,0.439215686,5.35,0.6,0.05,4,50,0.1,1,5,0.5,0.8
Preprocessed,N,0.392156863,0.342619543,0.353234683,4.94,0.6,0.05,4,50,0.3,0.1,1,0.5,0.6
Preprocessed,N,0.450980392,0.433333333,0.439215686,5.07,0.6,0.05,4,50,0.3,0.1,1,0.5,0.7
Preprocessed,N,0.509803922,0.502923977,0.506363949,5.29,0.6,0.05,4,50,0.3,0.1,1,0.5,0.8
Preprocessed,N,0.333333333,0.27020202,0.282828283,4.92,0.6,0.05,4,50,0.3,0.1,5,0.5,0.6
Preprocessed,N,0.411764706,0.383064516,0.390891841,5.09,0.6,0.05,4,50,0.3,0.1,5,0.5,0.7
Preprocessed,N,0.529411765,0.52484472,0.527584947,5.46,0.6,0.05,4,50,0.3,0.1,5,0.5,0.8
Preprocessed,N,0.37254902,0.313131313,0.325014854,4.93,0.6,0.05,4,50,0.3,1,1,0.5,0.6
Preprocessed,N,0.411764706,0.370888158,0.380321207,5.08,0.6,0.05,4,50,0.3,1,1,0.5,0.7
Preprocessed,N,0.490196078,0.480407524,0.484602618,5.1,0.6,0.05,4,50,0.3,1,1,0.5,0.8
Preprocessed,N,0.352941176,0.282302772,0.295547473,4.9,0.6,0.05,4,50,0.3,1,5,0.5,0.6
Preprocessed,N,0.333333333,0.27020202,0.282828283,4.9,0.6,0.05,4,50,0.3,1,5,0.5,0.7
Preprocessed,N,0.431372549,0.408636545,0.415457346,5.17,0.6,0.05,4,50,0.3,1,5,0.5,0.8
Preprocessed,N,0.431372549,0.408636545,0.415457346,19.1,0.6,0.05,4,100,0.1,0.1,1,0.5,0.6
Preprocessed,N,0.490196078,0.485248447,0.488217026,19.48,0.6,0.05,4,100,0.1,0.1,1,0.5,0.7
Preprocessed,N,0.490196078,0.485248447,0.488217026,19.45,0.6,0.05,4,100,0.1,0.1,1,0.5,0.8
Preprocessed,N,0.392156863,0.356532357,0.365438483,19.19,0.6,0.05,4,100,0.1,0.1,5,0.5,0.6
Preprocessed,N,0.470588235,0.457232952,0.462241183,19.44,0.6,0.05,4,100,0.1,0.1,5,0.5,0.7
Preprocessed,N,0.490196078,0.485248447,0.488217026,19.42,0.6,0.05,4,100,0.1,0.1,5,0.5,0.8
Preprocessed,N,0.392156863,0.356532357,0.365438483,19.12,0.6,0.05,4,100,0.1,1,1,0.5,0.6
Preprocessed,N,0.470588235,0.457232952,0.462241183,19.75,0.6,0.05,4,100,0.1,1,1,0.5,0.7
Preprocessed,N,0.490196078,0.485248447,0.488217026,19.56,0.6,0.05,4,100,0.1,1,1,0.5,0.8
Preprocessed,N,0.392156863,0.356532357,0.365438483,19.08,0.6,0.05,4,100,0.1,1,5,0.5,0.6
Preprocessed,N,0.431372549,0.408636545,0.415457346,19.36,0.6,0.05,4,100,0.1,1,5,0.5,0.7
Preprocessed,N,0.490196078,0.485248447,0.488217026,19.72,0.6,0.05,4,100,0.1,1,5,0.5,0.8
Preprocessed,N,0.431372549,0.408636545,0.415457346,17.52,0.6,0.05,4,100,0.3,0.1,1,0.5,0.6
Preprocessed,N,0.470588235,0.463157895,0.466873065,17.48,0.6,0.05,4,100,0.3,0.1,1,0.5,0.7
Preprocessed,N,0.509803922,0.502923977,0.506363949,17.9,0.6,0.05,4,100,0.3,0.1,1,0.5,0.8
Preprocessed,N,0.392156863,0.356532357,0.365438483,17.43,0.6,0.05,4,100,0.3,0.1,5,0.5,0.6
Preprocessed,N,0.470588235,0.457232952,0.462241183,17.69,0.6,0.05,4,100,0.3,0.1,5,0.5,0.7
Preprocessed,N,0.509803922,0.506769826,0.509045398,18.3,0.6,0.05,4,100,0.3,0.1,5,0.5,0.8
Preprocessed,N,0.392156863,0.356532357,0.365438483,17.64,0.6,0.05,4,100,0.3,1,1,0.5,0.6
Preprocessed,N,0.470588235,0.457232952,0.462241183,17.77,0.6,0.05,4,100,0.3,1,1,0.5,0.7
Preprocessed,N,0.509803922,0.502923977,0.506363949,17.82,0.6,0.05,4,100,0.3,1,1,0.5,0.8
Preprocessed,N,0.392156863,0.356532357,0.365438483,17.46,0.6,0.05,4,100,0.3,1,5,0.5,0.6
Preprocessed,N,0.431372549,0.408636545,0.415457346,17.6,0.6,0.05,4,100,0.3,1,5,0.5,0.7
Preprocessed,N,0.509803922,0.506769826,0.509045398,17.71,0.6,0.05,4,100,0.3,1,5,0.5,0.8
Preprocessed,N,0.509803922,0.502923977,0.506363949,42.04,0.6,0.05,4,150,0.1,0.1,1,0.5,0.6
Preprocessed,N,0.470588235,0.463157895,0.466873065,42.59,0.6,0.05,4,150,0.1,0.1,1,0.5,0.7
Preprocessed,N,0.509803922,0.506769826,0.509045398,42.15,0.6,0.05,4,150,0.1,0.1,1,0.5,0.8
Preprocessed,N,0.411764706,0.383064516,0.390891841,41.75,0.6,0.05,4,150,0.1,0.1,5,0.5,0.6
Preprocessed,N,0.470588235,0.457232952,0.462241183,41.73,0.6,0.05,4,150,0.1,0.1,5,0.5,0.7
Preprocessed,N,0.490196078,0.485248447,0.488217026,42.66,0.6,0.05,4,150,0.1,0.1,5,0.5,0.8
Preprocessed,N,0.411764706,0.383064516,0.390891841,41.73,0.6,0.05,4,150,0.1,1,1,0.5,0.6
Preprocessed,N,0.470588235,0.457232952,0.462241183,41.9,0.6,0.05,4,150,0.1,1,1,0.5,0.7
Preprocessed,N,0.470588235,0.463157895,0.466873065,42.31,0.6,0.05,4,150,0.1,1,1,0.5,0.8
Preprocessed,N,0.392156863,0.356532357,0.365438483,41.89,0.6,0.05,4,150,0.1,1,5,0.5,0.6
Preprocessed,N,0.450980392,0.433333333,0.439215686,42.65,0.6,0.05,4,150,0.1,1,5,0.5,0.7
Preprocessed,N,0.490196078,0.485248447,0.488217026,42.1,0.6,0.05,4,150,0.1,1,5,0.5,0.8
Preprocessed,N,0.470588235,0.457232952,0.462241183,37.68,0.6,0.05,4,150,0.3,0.1,1,0.5,0.6
Preprocessed,N,0.450980392,0.440438871,0.444956666,38.04,0.6,0.05,4,150,0.3,0.1,1,0.5,0.7
Preprocessed,N,0.549019608,0.542690058,0.545854833,38.43,0.6,0.05,4,150,0.3,0.1,1,0.5,0.8
Preprocessed,N,0.392156863,0.356532357,0.365438483,37.8,0.6,0.05,4,150,0.3,0.1,5,0.5,0.6
Preprocessed,N,0.470588235,0.457232952,0.462241183,37.98,0.6,0.05,4,150,0.3,0.1,5,0.5,0.7
Preprocessed,N,0.509803922,0.506769826,0.509045398,38.3,0.6,0.05,4,150,0.3,0.1,5,0.5,0.8
Preprocessed,N,0.392156863,0.356532357,0.365438483,38.18,0.6,0.05,4,150,0.3,1,1,0.5,0.6
Preprocessed,N,0.470588235,0.457232952,0.462241183,38.79,0.6,0.05,4,150,0.3,1,1,0.5,0.7
Preprocessed,N,0.470588235,0.463157895,0.466873065,38.43,0.6,0.05,4,150,0.3,1,1,0.5,0.8
Preprocessed,N,0.392156863,0.356532357,0.365438483,38,0.6,0.05,4,150,0.3,1,5,0.5,0.6
Preprocessed,N,0.450980392,0.433333333,0.439215686,38.14,0.6,0.05,4,150,0.3,1,5,0.5,0.7
Preprocessed,N,0.470588235,0.463157895,0.466873065,38.25,0.6,0.05,4,150,0.3,1,5,0.5,0.8
Preprocessed,N,0.490196078,0.473809524,0.479271709,5.8,0.6,0.1,2,50,0.1,0.1,1,0.5,0.6
Preprocessed,N,0.529411765,0.52484472,0.527584947,5.56,0.6,0.1,2,50,0.1,0.1,1,0.5,0.7
Preprocessed,N,0.529411765,0.52484472,0.527584947,5.38,0.6,0.1,2,50,0.1,0.1,1,0.5,0.8
Preprocessed,N,0.392156863,0.342619543,0.353234683,5.15,0.6,0.1,2,50,0.1,0.1,5,0.5,0.6
Preprocessed,N,0.470588235,0.457232952,0.462241183,5.22,0.6,0.1,2,50,0.1,0.1,5,0.5,0.7
Preprocessed,N,0.490196078,0.485248447,0.488217026,5.31,0.6,0.1,2,50,0.1,0.1,5,0.5,0.8
Preprocessed,N,0.431372549,0.398046398,0.406377936,5.24,0.6,0.1,2,50,0.1,1,1,0.5,0.6
Preprocessed,N,0.470588235,0.463157895,0.466873065,5.21,0.6,0.1,2,50,0.1,1,1,0.5,0.7
Preprocessed,N,0.509803922,0.502923977,0.506363949,5.36,0.6,0.1,2,50,0.1,1,1,0.5,0.8
Preprocessed,N,0.392156863,0.342619543,0.353234683,5.46,0.6,0.1,2,50,0.1,1,5,0.5,0.6
Preprocessed,N,0.411764706,0.383064516,0.390891841,5.3,0.6,0.1,2,50,0.1,1,5,0.5,0.7
Preprocessed,N,0.490196078,0.480407524,0.484602618,5.45,0.6,0.1,2,50,0.1,1,5,0.5,0.8
Preprocessed,N,0.470588235,0.457232952,0.462241183,4.79,0.6,0.1,2,50,0.3,0.1,1,0.5,0.6
Preprocessed,N,0.490196078,0.480407524,0.484602618,4.96,0.6,0.1,2,50,0.3,0.1,1,0.5,0.7
Preprocessed,N,0.509803922,0.502923977,0.506363949,5.08,0.6,0.1,2,50,0.3,0.1,1,0.5,0.8
Preprocessed,N,0.392156863,0.342619543,0.353234683,4.95,0.6,0.1,2,50,0.3,0.1,5,0.5,0.6
Preprocessed,N,0.470588235,0.457232952,0.462241183,5.01,0.6,0.1,2,50,0.3,0.1,5,0.5,0.7
Preprocessed,N,0.509803922,0.502923977,0.506363949,4.87,0.6,0.1,2,50,0.3,0.1,5,0.5,0.8
Preprocessed,N,0.411764706,0.370888158,0.380321207,4.93,0.6,0.1,2,50,0.3,1,1,0.5,0.6
Preprocessed,N,0.490196078,0.473809524,0.479271709,4.9,0.6,0.1,2,50,0.3,1,1,0.5,0.7
Preprocessed,N,0.509803922,0.502923977,0.506363949,4.92,0.6,0.1,2,50,0.3,1,1,0.5,0.8
Preprocessed,N,0.352941176,0.3002079,0.311507888,4.87,0.6,0.1,2,50,0.3,1,5,0.5,0.6
Preprocessed,N,0.431372549,0.398046398,0.406377936,4.99,0.6,0.1,2,50,0.3,1,5,0.5,0.7
Preprocessed,N,0.509803922,0.502923977,0.506363949,4.87,0.6,0.1,2,50,0.3,1,5,0.5,0.8
Preprocessed,N,0.470588235,0.457232952,0.462241183,19.08,0.6,0.1,2,100,0.1,0.1,1,0.5,0.6
Preprocessed,N,0.490196078,0.485248447,0.488217026,19.23,0.6,0.1,2,100,0.1,0.1,1,0.5,0.7
Preprocessed,N,0.529411765,0.527777778,0.529411765,19.24,0.6,0.1,2,100,0.1,0.1,1,0.5,0.8
Preprocessed,N,0.450980392,0.433333333,0.439215686,19.63,0.6,0.1,2,100,0.1,0.1,5,0.5,0.6
Preprocessed,N,0.450980392,0.440438871,0.444956666,19.18,0.6,0.1,2,100,0.1,0.1,5,0.5,0.7
Preprocessed,N,0.509803922,0.506769826,0.509045398,19.19,0.6,0.1,2,100,0.1,0.1,5,0.5,0.8
Preprocessed,N,0.490196078,0.480407524,0.484602618,19.13,0.6,0.1,2,100,0.1,1,1,0.5,0.6
Preprocessed,N,0.509803922,0.506769826,0.509045398,19.07,0.6,0.1,2,100,0.1,1,1,0.5,0.7
Preprocessed,N,0.509803922,0.506769826,0.509045398,19.47,0.6,0.1,2,100,0.1,1,1,0.5,0.8
Preprocessed,N,0.392156863,0.356532357,0.365438483,19.12,0.6,0.1,2,100,0.1,1,5,0.5,0.6
Preprocessed,N,0.450980392,0.440438871,0.444956666,19.65,0.6,0.1,2,100,0.1,1,5,0.5,0.7
Preprocessed,N,0.490196078,0.485248447,0.488217026,19.32,0.6,0.1,2,100,0.1,1,5,0.5,0.8
Preprocessed,N,0.490196078,0.480407524,0.484602618,17.27,0.6,0.1,2,100,0.3,0.1,1,0.5,0.6
Preprocessed,N,0.470588235,0.463157895,0.466873065,17.74,0.6,0.1,2,100,0.3,0.1,1,0.5,0.7
Preprocessed,N,0.568627451,0.568461538,0.568959276,17.46,0.6,0.1,2,100,0.3,0.1,1,0.5,0.8
Preprocessed,N,0.450980392,0.433333333,0.439215686,17.53,0.6,0.1,2,100,0.3,0.1,5,0.5,0.6
Preprocessed,N,0.450980392,0.440438871,0.444956666,17.33,0.6,0.1,2,100,0.3,0.1,5,0.5,0.7
Preprocessed,N,0.509803922,0.506769826,0.509045398,17.33,0.6,0.1,2,100,0.3,0.1,5,0.5,0.8
Preprocessed,N,0.509803922,0.497437919,0.50207517,17.38,0.6,0.1,2,100,0.3,1,1,0.5,0.6
Preprocessed,N,0.470588235,0.463157895,0.466873065,17.42,0.6,0.1,2,100,0.3,1,1,0.5,0.7
Preprocessed,N,0.509803922,0.509048903,0.510181431,17.59,0.6,0.1,2,100,0.3,1,1,0.5,0.8
Preprocessed,N,0.37254902,0.328947368,0.339009288,17.37,0.6,0.1,2,100,0.3,1,5,0.5,0.6
Preprocessed,N,0.450980392,0.440438871,0.444956666,17.59,0.6,0.1,2,100,0.3,1,5,0.5,0.7
Preprocessed,N,0.490196078,0.485248447,0.488217026,17.61,0.6,0.1,2,100,0.3,1,5,0.5,0.8
Preprocessed,N,0.490196078,0.480407524,0.484602618,41.94,0.6,0.1,2,150,0.1,0.1,1,0.5,0.6
Preprocessed,N,0.470588235,0.457232952,0.462241183,41.96,0.6,0.1,2,150,0.1,0.1,1,0.5,0.7
Preprocessed,N,0.568627451,0.56712963,0.568627451,42.09,0.6,0.1,2,150,0.1,0.1,1,0.5,0.8
Preprocessed,N,0.490196078,0.480407524,0.484602618,41.74,0.6,0.1,2,150,0.1,0.1,5,0.5,0.6
Preprocessed,N,0.450980392,0.440438871,0.444956666,41.98,0.6,0.1,2,150,0.1,0.1,5,0.5,0.7
Preprocessed,N,0.549019608,0.54622824,0.548321766,41.7,0.6,0.1,2,150,0.1,0.1,5,0.5,0.8
Preprocessed,N,0.529411765,0.52484472,0.527584947,41.68,0.6,0.1,2,150,0.1,1,1,0.5,0.6
Preprocessed,N,0.450980392,0.440438871,0.444956666,41.8,0.6,0.1,2,150,0.1,1,1,0.5,0.7
Preprocessed,N,0.549019608,0.54622824,0.548321766,42.4,0.6,0.1,2,150,0.1,1,1,0.5,0.8
Preprocessed,N,0.470588235,0.457232952,0.462241183,41.82,0.6,0.1,2,150,0.1,1,5,0.5,0.6
Preprocessed,N,0.470588235,0.457232952,0.462241183,41.86,0.6,0.1,2,150,0.1,1,5,0.5,0.7
Preprocessed,N,0.509803922,0.502923977,0.506363949,41.74,0.6,0.1,2,150,0.1,1,5,0.5,0.8
Preprocessed,N,0.490196078,0.480407524,0.484602618,37.91,0.6,0.1,2,150,0.3,0.1,1,0.5,0.6
Preprocessed,N,0.470588235,0.457232952,0.462241183,37.91,0.6,0.1,2,150,0.3,0.1,1,0.5,0.7
Preprocessed,N,0.607843137,0.607692308,0.608144796,38.03,0.6,0.1,2,150,0.3,0.1,1,0.5,0.8
Preprocessed,N,0.509803922,0.502923977,0.506363949,37.85,0.6,0.1,2,150,0.3,0.1,5,0.5,0.6
Preprocessed,N,0.450980392,0.440438871,0.444956666,37.62,0.6,0.1,2,150,0.3,0.1,5,0.5,0.7
Preprocessed,N,0.509803922,0.506769826,0.509045398,38,0.6,0.1,2,150,0.3,0.1,5,0.5,0.8
Preprocessed,N,0.509803922,0.502923977,0.506363949,37.37,0.6,0.1,2,150,0.3,1,1,0.5,0.6
Preprocessed,N,0.431372549,0.417027986,0.422407197,37.59,0.6,0.1,2,150,0.3,1,1,0.5,0.7
Preprocessed,N,0.509803922,0.506769826,0.509045398,37.43,0.6,0.1,2,150,0.3,1,1,0.5,0.8
Preprocessed,N,0.450980392,0.433333333,0.439215686,37.62,0.6,0.1,2,150,0.3,1,5,0.5,0.6
Preprocessed,N,0.470588235,0.457232952,0.462241183,38.09,0.6,0.1,2,150,0.3,1,5,0.5,0.7
Preprocessed,N,0.470588235,0.463157895,0.466873065,38.05,0.6,0.1,2,150,0.3,1,5,0.5,0.8
Preprocessed,N,0.490196078,0.473809524,0.479271709,5.24,0.6,0.1,3,50,0.1,0.1,1,0.5,0.6
Preprocessed,N,0.529411765,0.52484472,0.527584947,5.26,0.6,0.1,3,50,0.1,0.1,1,0.5,0.7
Preprocessed,N,0.509803922,0.502923977,0.506363949,5.3,0.6,0.1,3,50,0.1,0.1,1,0.5,0.8
Preprocessed,N,0.392156863,0.342619543,0.353234683,5.26,0.6,0.1,3,50,0.1,0.1,5,0.5,0.6
Preprocessed,N,0.470588235,0.457232952,0.462241183,5.35,0.6,0.1,3,50,0.1,0.1,5,0.5,0.7
Preprocessed,N,0.490196078,0.485248447,0.488217026,5.52,0.6,0.1,3,50,0.1,0.1,5,0.5,0.8
Preprocessed,N,0.431372549,0.398046398,0.406377936,5.21,0.6,0.1,3,50,0.1,1,1,0.5,0.6
Preprocessed,N,0.470588235,0.463157895,0.466873065,5.54,0.6,0.1,3,50,0.1,1,1,0.5,0.7
Preprocessed,N,0.509803922,0.502923977,0.506363949,5.35,0.6,0.1,3,50,0.1,1,1,0.5,0.8
Preprocessed,N,0.392156863,0.342619543,0.353234683,5.34,0.6,0.1,3,50,0.1,1,5,0.5,0.6
Preprocessed,N,0.411764706,0.383064516,0.390891841,5.28,0.6,0.1,3,50,0.1,1,5,0.5,0.7
Preprocessed,N,0.509803922,0.502923977,0.506363949,5.47,0.6,0.1,3,50,0.1,1,5,0.5,0.8
Preprocessed,N,0.470588235,0.457232952,0.462241183,4.85,0.6,0.1,3,50,0.3,0.1,1,0.5,0.6
Preprocessed,N,0.490196078,0.480407524,0.484602618,5.08,0.6,0.1,3,50,0.3,0.1,1,0.5,0.7
Preprocessed,N,0.509803922,0.502923977,0.506363949,5.03,0.6,0.1,3,50,0.3,0.1,1,0.5,0.8
Preprocessed,N,0.392156863,0.342619543,0.353234683,4.92,0.6,0.1,3,50,0.3,0.1,5,0.5,0.6
Preprocessed,N,0.470588235,0.457232952,0.462241183,4.98,0.6,0.1,3,50,0.3,0.1,5,0.5,0.7
Preprocessed,N,0.509803922,0.502923977,0.506363949,5.06,0.6,0.1,3,50,0.3,0.1,5,0.5,0.8
Preprocessed,N,0.411764706,0.370888158,0.380321207,4.91,0.6,0.1,3,50,0.3,1,1,0.5,0.6
Preprocessed,N,0.490196078,0.473809524,0.479271709,4.99,0.6,0.1,3,50,0.3,1,1,0.5,0.7
Preprocessed,N,0.509803922,0.502923977,0.506363949,5.16,0.6,0.1,3,50,0.3,1,1,0.5,0.8
Preprocessed,N,0.352941176,0.3002079,0.311507888,4.78,0.6,0.1,3,50,0.3,1,5,0.5,0.6
Preprocessed,N,0.431372549,0.398046398,0.406377936,5.02,0.6,0.1,3,50,0.3,1,5,0.5,0.7
Preprocessed,N,0.509803922,0.502923977,0.506363949,5.33,0.6,0.1,3,50,0.3,1,5,0.5,0.8
Preprocessed,N,0.470588235,0.457232952,0.462241183,19.55,0.6,0.1,3,100,0.1,0.1,1,0.5,0.6
Preprocessed,N,0.490196078,0.485248447,0.488217026,19.22,0.6,0.1,3,100,0.1,0.1,1,0.5,0.7
Preprocessed,N,0.549019608,0.54832499,0.549366917,19.47,0.6,0.1,3,100,0.1,0.1,1,0.5,0.8
Preprocessed,N,0.450980392,0.433333333,0.439215686,19.3,0.6,0.1,3,100,0.1,0.1,5,0.5,0.6
Preprocessed,N,0.450980392,0.440438871,0.444956666,19.17,0.6,0.1,3,100,0.1,0.1,5,0.5,0.7
Preprocessed,N,0.509803922,0.506769826,0.509045398,19.41,0.6,0.1,3,100,0.1,0.1,5,0.5,0.8
Preprocessed,N,0.490196078,0.480407524,0.484602618,19.05,0.6,0.1,3,100,0.1,1,1,0.5,0.6
Preprocessed,N,0.509803922,0.506769826,0.509045398,19.32,0.6,0.1,3,100,0.1,1,1,0.5,0.7
Preprocessed,N,0.509803922,0.506769826,0.509045398,19.58,0.6,0.1,3,100,0.1,1,1,0.5,0.8
Preprocessed,N,0.392156863,0.356532357,0.365438483,19.65,0.6,0.1,3,100,0.1,1,5,0.5,0.6
Preprocessed,N,0.450980392,0.440438871,0.444956666,20.08,0.6,0.1,3,100,0.1,1,5,0.5,0.7
Preprocessed,N,0.490196078,0.485248447,0.488217026,19.58,0.6,0.1,3,100,0.1,1,5,0.5,0.8
Preprocessed,N,0.490196078,0.480407524,0.484602618,17.94,0.6,0.1,3,100,0.3,0.1,1,0.5,0.6
Preprocessed,N,0.470588235,0.463157895,0.466873065,17.63,0.6,0.1,3,100,0.3,0.1,1,0.5,0.7
Preprocessed,N,0.568627451,0.568461538,0.568959276,17.78,0.6,0.1,3,100,0.3,0.1,1,0.5,0.8
Preprocessed,N,0.450980392,0.433333333,0.439215686,17.41,0.6,0.1,3,100,0.3,0.1,5,0.5,0.6
Preprocessed,N,0.450980392,0.440438871,0.444956666,17.71,0.6,0.1,3,100,0.3,0.1,5,0.5,0.7
Preprocessed,N,0.490196078,0.488425926,0.490196078,17.83,0.6,0.1,3,100,0.3,0.1,5,0.5,0.8
Preprocessed,N,0.509803922,0.497437919,0.50207517,17.56,0.6,0.1,3,100,0.3,1,1,0.5,0.6
Preprocessed,N,0.470588235,0.463157895,0.466873065,17.91,0.6,0.1,3,100,0.3,1,1,0.5,0.7
Preprocessed,N,0.490196078,0.485248447,0.488217026,17.58,0.6,0.1,3,100,0.3,1,1,0.5,0.8
Preprocessed,N,0.37254902,0.328947368,0.339009288,17.5,0.6,0.1,3,100,0.3,1,5,0.5,0.6
Preprocessed,N,0.450980392,0.440438871,0.444956666,17.64,0.6,0.1,3,100,0.3,1,5,0.5,0.7
Preprocessed,N,0.490196078,0.485248447,0.488217026,17.58,0.6,0.1,3,100,0.3,1,5,0.5,0.8
Preprocessed,N,0.490196078,0.480407524,0.484602618,41.61,0.6,0.1,3,150,0.1,0.1,1,0.5,0.6
Preprocessed,N,0.470588235,0.457232952,0.462241183,44.48,0.6,0.1,3,150,0.1,0.1,1,0.5,0.7
Preprocessed,N,0.568627451,0.56712963,0.568627451,42.47,0.6,0.1,3,150,0.1,0.1,1,0.5,0.8
Preprocessed,N,0.490196078,0.480407524,0.484602618,79.99,0.6,0.1,3,150,0.1,0.1,5,0.5,0.6
Preprocessed,N,0.450980392,0.440438871,0.444956666,42.64,0.6,0.1,3,150,0.1,0.1,5,0.5,0.7
Preprocessed,N,0.549019608,0.54622824,0.548321766,43.28,0.6,0.1,3,150,0.1,0.1,5,0.5,0.8
Preprocessed,N,0.529411765,0.52484472,0.527584947,42.75,0.6,0.1,3,150,0.1,1,1,0.5,0.6
Preprocessed,N,0.450980392,0.440438871,0.444956666,43.19,0.6,0.1,3,150,0.1,1,1,0.5,0.7
Preprocessed,N,0.549019608,0.54622824,0.548321766,43.52,0.6,0.1,3,150,0.1,1,1,0.5,0.8
Preprocessed,N,0.470588235,0.457232952,0.462241183,42.58,0.6,0.1,3,150,0.1,1,5,0.5,0.6
Preprocessed,N,0.470588235,0.457232952,0.462241183,42.4,0.6,0.1,3,150,0.1,1,5,0.5,0.7
Preprocessed,N,0.490196078,0.480407524,0.484602618,42.75,0.6,0.1,3,150,0.1,1,5,0.5,0.8
Preprocessed,N,0.490196078,0.480407524,0.484602618,37.87,0.6,0.1,3,150,0.3,0.1,1,0.5,0.6
Preprocessed,N,0.470588235,0.457232952,0.462241183,38.17,0.6,0.1,3,150,0.3,0.1,1,0.5,0.7
Preprocessed,N,0.568627451,0.568461538,0.568959276,38.53,0.6,0.1,3,150,0.3,0.1,1,0.5,0.8
Preprocessed,N,0.509803922,0.502923977,0.506363949,38.03,0.6,0.1,3,150,0.3,0.1,5,0.5,0.6
Preprocessed,N,0.450980392,0.440438871,0.444956666,38.09,0.6,0.1,3,150,0.3,0.1,5,0.5,0.7
Preprocessed,N,0.529411765,0.527777778,0.529411765,38.32,0.6,0.1,3,150,0.3,0.1,5,0.5,0.8
Preprocessed,N,0.509803922,0.502923977,0.506363949,38.45,0.6,0.1,3,150,0.3,1,1,0.5,0.6
Preprocessed,N,0.431372549,0.417027986,0.422407197,38.75,0.6,0.1,3,150,0.3,1,1,0.5,0.7
Preprocessed,N,0.529411765,0.527777778,0.529411765,38.14,0.6,0.1,3,150,0.3,1,1,0.5,0.8
Preprocessed,N,0.450980392,0.433333333,0.439215686,38.06,0.6,0.1,3,150,0.3,1,5,0.5,0.6
Preprocessed,N,0.470588235,0.457232952,0.462241183,37.84,0.6,0.1,3,150,0.3,1,5,0.5,0.7
Preprocessed,N,0.470588235,0.463157895,0.466873065,38.71,0.6,0.1,3,150,0.3,1,5,0.5,0.8
Preprocessed,N,0.490196078,0.473809524,0.479271709,5.42,0.6,0.1,4,50,0.1,0.1,1,0.5,0.6
Preprocessed,N,0.529411765,0.52484472,0.527584947,5.26,0.6,0.1,4,50,0.1,0.1,1,0.5,0.7
Preprocessed,N,0.509803922,0.502923977,0.506363949,5.5,0.6,0.1,4,50,0.1,0.1,1,0.5,0.8
Preprocessed,N,0.392156863,0.342619543,0.353234683,5.37,0.6,0.1,4,50,0.1,0.1,5,0.5,0.6
Preprocessed,N,0.470588235,0.457232952,0.462241183,5.41,0.6,0.1,4,50,0.1,0.1,5,0.5,0.7
Preprocessed,N,0.490196078,0.485248447,0.488217026,5.48,0.6,0.1,4,50,0.1,0.1,5,0.5,0.8
Preprocessed,N,0.431372549,0.398046398,0.406377936,5.45,0.6,0.1,4,50,0.1,1,1,0.5,0.6
Preprocessed,N,0.470588235,0.463157895,0.466873065,5.35,0.6,0.1,4,50,0.1,1,1,0.5,0.7
Preprocessed,N,0.509803922,0.502923977,0.506363949,5.61,0.6,0.1,4,50,0.1,1,1,0.5,0.8
Preprocessed,N,0.392156863,0.342619543,0.353234683,5.36,0.6,0.1,4,50,0.1,1,5,0.5,0.6
Preprocessed,N,0.411764706,0.383064516,0.390891841,5.48,0.6,0.1,4,50,0.1,1,5,0.5,0.7
Preprocessed,N,0.509803922,0.502923977,0.506363949,5.49,0.6,0.1,4,50,0.1,1,5,0.5,0.8
Preprocessed,N,0.470588235,0.457232952,0.462241183,5.04,0.6,0.1,4,50,0.3,0.1,1,0.5,0.6
Preprocessed,N,0.490196078,0.480407524,0.484602618,5.04,0.6,0.1,4,50,0.3,0.1,1,0.5,0.7
Preprocessed,N,0.509803922,0.502923977,0.506363949,5.2,0.6,0.1,4,50,0.3,0.1,1,0.5,0.8
Preprocessed,N,0.392156863,0.342619543,0.353234683,4.94,0.6,0.1,4,50,0.3,0.1,5,0.5,0.6
Preprocessed,N,0.470588235,0.457232952,0.462241183,5.18,0.6,0.1,4,50,0.3,0.1,5,0.5,0.7
Preprocessed,N,0.509803922,0.502923977,0.506363949,5.1,0.6,0.1,4,50,0.3,0.1,5,0.5,0.8
Preprocessed,N,0.411764706,0.370888158,0.380321207,5.02,0.6,0.1,4,50,0.3,1,1,0.5,0.6
Preprocessed,N,0.490196078,0.473809524,0.479271709,5,0.6,0.1,4,50,0.3,1,1,0.5,0.7
Preprocessed,N,0.509803922,0.502923977,0.506363949,5.17,0.6,0.1,4,50,0.3,1,1,0.5,0.8
Preprocessed,N,0.352941176,0.3002079,0.311507888,4.97,0.6,0.1,4,50,0.3,1,5,0.5,0.6
Preprocessed,N,0.431372549,0.398046398,0.406377936,5.17,0.6,0.1,4,50,0.3,1,5,0.5,0.7
Preprocessed,N,0.509803922,0.502923977,0.506363949,5.19,0.6,0.1,4,50,0.3,1,5,0.5,0.8
Preprocessed,N,0.470588235,0.457232952,0.462241183,19.45,0.6,0.1,4,100,0.1,0.1,1,0.5,0.6
Preprocessed,N,0.490196078,0.485248447,0.488217026,19.61,0.6,0.1,4,100,0.1,0.1,1,0.5,0.7
Preprocessed,N,0.549019608,0.54832499,0.549366917,19.78,0.6,0.1,4,100,0.1,0.1,1,0.5,0.8
Preprocessed,N,0.450980392,0.433333333,0.439215686,19.32,0.6,0.1,4,100,0.1,0.1,5,0.5,0.6
Preprocessed,N,0.450980392,0.440438871,0.444956666,19.53,0.6,0.1,4,100,0.1,0.1,5,0.5,0.7
Preprocessed,N,0.509803922,0.506769826,0.509045398,19.75,0.6,0.1,4,100,0.1,0.1,5,0.5,0.8
Preprocessed,N,0.490196078,0.480407524,0.484602618,19.59,0.6,0.1,4,100,0.1,1,1,0.5,0.6
Preprocessed,N,0.509803922,0.506769826,0.509045398,19.47,0.6,0.1,4,100,0.1,1,1,0.5,0.7
Preprocessed,N,0.509803922,0.506769826,0.509045398,19.63,0.6,0.1,4,100,0.1,1,1,0.5,0.8
Preprocessed,N,0.392156863,0.356532357,0.365438483,19.36,0.6,0.1,4,100,0.1,1,5,0.5,0.6
Preprocessed,N,0.450980392,0.440438871,0.444956666,19.6,0.6,0.1,4,100,0.1,1,5,0.5,0.7
Preprocessed,N,0.490196078,0.485248447,0.488217026,19.88,0.6,0.1,4,100,0.1,1,5,0.5,0.8
Preprocessed,N,0.490196078,0.480407524,0.484602618,17.74,0.6,0.1,4,100,0.3,0.1,1,0.5,0.6
Preprocessed,N,0.470588235,0.463157895,0.466873065,17.7,0.6,0.1,4,100,0.3,0.1,1,0.5,0.7
Preprocessed,N,0.568627451,0.568461538,0.568959276,17.83,0.6,0.1,4,100,0.3,0.1,1,0.5,0.8
Preprocessed,N,0.450980392,0.433333333,0.439215686,17.65,0.6,0.1,4,100,0.3,0.1,5,0.5,0.6
Preprocessed,N,0.450980392,0.440438871,0.444956666,17.69,0.6,0.1,4,100,0.3,0.1,5,0.5,0.7
Preprocessed,N,0.490196078,0.488425926,0.490196078,17.74,0.6,0.1,4,100,0.3,0.1,5,0.5,0.8
Preprocessed,N,0.509803922,0.497437919,0.50207517,17.57,0.6,0.1,4,100,0.3,1,1,0.5,0.6
Preprocessed,N,0.470588235,0.463157895,0.466873065,18.26,0.6,0.1,4,100,0.3,1,1,0.5,0.7
Preprocessed,N,0.490196078,0.485248447,0.488217026,18.01,0.6,0.1,4,100,0.3,1,1,0.5,0.8
Preprocessed,N,0.37254902,0.328947368,0.339009288,17.69,0.6,0.1,4,100,0.3,1,5,0.5,0.6
Preprocessed,N,0.450980392,0.440438871,0.444956666,18.35,0.6,0.1,4,100,0.3,1,5,0.5,0.7
Preprocessed,N,0.490196078,0.485248447,0.488217026,17.95,0.6,0.1,4,100,0.3,1,5,0.5,0.8
Preprocessed,N,0.490196078,0.480407524,0.484602618,42.23,0.6,0.1,4,150,0.1,0.1,1,0.5,0.6
Preprocessed,N,0.470588235,0.457232952,0.462241183,42.5,0.6,0.1,4,150,0.1,0.1,1,0.5,0.7
Preprocessed,N,0.568627451,0.56712963,0.568627451,42.63,0.6,0.1,4,150,0.1,0.1,1,0.5,0.8
Preprocessed,N,0.490196078,0.480407524,0.484602618,42.47,0.6,0.1,4,150,0.1,0.1,5,0.5,0.6
Preprocessed,N,0.450980392,0.440438871,0.444956666,42.28,0.6,0.1,4,150,0.1,0.1,5,0.5,0.7
Preprocessed,N,0.549019608,0.54622824,0.548321766,42.81,0.6,0.1,4,150,0.1,0.1,5,0.5,0.8
Preprocessed,N,0.529411765,0.52484472,0.527584947,42.63,0.6,0.1,4,150,0.1,1,1,0.5,0.6
Preprocessed,N,0.450980392,0.440438871,0.444956666,42.06,0.6,0.1,4,150,0.1,1,1,0.5,0.7
Preprocessed,N,0.549019608,0.54622824,0.548321766,42.11,0.6,0.1,4,150,0.1,1,1,0.5,0.8
Preprocessed,N,0.470588235,0.457232952,0.462241183,41.86,0.6,0.1,4,150,0.1,1,5,0.5,0.6
Preprocessed,N,0.470588235,0.457232952,0.462241183,42.06,0.6,0.1,4,150,0.1,1,5,0.5,0.7
Preprocessed,N,0.490196078,0.480407524,0.484602618,43.11,0.6,0.1,4,150,0.1,1,5,0.5,0.8
Preprocessed,N,0.490196078,0.480407524,0.484602618,44.52,0.6,0.1,4,150,0.3,0.1,1,0.5,0.6
Preprocessed,N,0.470588235,0.457232952,0.462241183,42.27,0.6,0.1,4,150,0.3,0.1,1,0.5,0.7
Preprocessed,N,0.568627451,0.568461538,0.568959276,49.52,0.6,0.1,4,150,0.3,0.1,1,0.5,0.8
Preprocessed,N,0.509803922,0.502923977,0.506363949,40.2,0.6,0.1,4,150,0.3,0.1,5,0.5,0.6
Preprocessed,N,0.450980392,0.440438871,0.444956666,38.81,0.6,0.1,4,150,0.3,0.1,5,0.5,0.7
Preprocessed,N,0.529411765,0.527777778,0.529411765,38.09,0.6,0.1,4,150,0.3,0.1,5,0.5,0.8
Preprocessed,N,0.509803922,0.502923977,0.506363949,38.17,0.6,0.1,4,150,0.3,1,1,0.5,0.6
Preprocessed,N,0.431372549,0.417027986,0.422407197,37.73,0.6,0.1,4,150,0.3,1,1,0.5,0.7
Preprocessed,N,0.529411765,0.527777778,0.529411765,38.55,0.6,0.1,4,150,0.3,1,1,0.5,0.8
Preprocessed,N,0.450980392,0.433333333,0.439215686,38.22,0.6,0.1,4,150,0.3,1,5,0.5,0.6
Preprocessed,N,0.470588235,0.457232952,0.462241183,38,0.6,0.1,4,150,0.3,1,5,0.5,0.7
Preprocessed,N,0.470588235,0.463157895,0.466873065,37.93,0.6,0.1,4,150,0.3,1,5,0.5,0.8
Preprocessed,N,0.333333333,0.25,0.264705882,5.29,0.7,0.01,2,50,0.1,0.1,1,0.5,0.6
Preprocessed,N,0.333333333,0.25,0.264705882,5.2,0.7,0.01,2,50,0.1,0.1,1,0.5,0.7
Preprocessed,N,0.31372549,0.23880597,0.25285338,5.4,0.7,0.01,2,50,0.1,0.1,1,0.5,0.8
Preprocessed,N,0.450980392,0.310810811,0.3290938,5.14,0.7,0.01,2,50,0.1,0.1,5,0.5,0.6
Preprocessed,N,0.392156863,0.281690141,0.298260149,5.37,0.7,0.01,2,50,0.1,0.1,5,0.5,0.7
Preprocessed,N,0.31372549,0.23880597,0.25285338,5.2,0.7,0.01,2,50,0.1,0.1,5,0.5,0.8
Preprocessed,N,0.431372549,0.301369863,0.319097502,5.25,0.7,0.01,2,50,0.1,1,1,0.5,0.6
Preprocessed,N,0.411764706,0.291666667,0.308823529,5.24,0.7,0.01,2,50,0.1,1,1,0.5,0.7
Preprocessed,N,0.352941176,0.260869565,0.276214834,5.39,0.7,0.01,2,50,0.1,1,1,0.5,0.8
Preprocessed,N,0.490196078,0.328947368,0.348297214,5.2,0.7,0.01,2,50,0.1,1,5,0.5,0.6
Preprocessed,N,0.470588235,0.32,0.338823529,5.38,0.7,0.01,2,50,0.1,1,5,0.5,0.7
Preprocessed,N,0.431372549,0.301369863,0.319097502,5.44,0.7,0.01,2,50,0.1,1,5,0.5,0.8
Preprocessed,N,0.352941176,0.260869565,0.276214834,5.31,0.7,0.01,2,50,0.3,0.1,1,0.5,0.6
Preprocessed,N,0.31372549,0.23880597,0.25285338,5,0.7,0.01,2,50,0.3,0.1,1,0.5,0.7
Preprocessed,N,0.31372549,0.23880597,0.25285338,5.05,0.7,0.01,2,50,0.3,0.1,1,0.5,0.8
Preprocessed,N,0.450980392,0.310810811,0.3290938,4.76,0.7,0.01,2,50,0.3,0.1,5,0.5,0.6
Preprocessed,N,0.450980392,0.310810811,0.3290938,4.97,0.7,0.01,2,50,0.3,0.1,5,0.5,0.7
Preprocessed,N,0.37254902,0.271428571,0.287394958,5.07,0.7,0.01,2,50,0.3,0.1,5,0.5,0.8
Preprocessed,N,0.450980392,0.310810811,0.3290938,5.03,0.7,0.01,2,50,0.3,1,1,0.5,0.6
Preprocessed,N,0.431372549,0.301369863,0.319097502,4.87,0.7,0.01,2,50,0.3,1,1,0.5,0.7
Preprocessed,N,0.392156863,0.281690141,0.298260149,5,0.7,0.01,2,50,0.3,1,1,0.5,0.8
Preprocessed,N,0.529411765,0.346153846,0.366515837,4.93,0.7,0.01,2,50,0.3,1,5,0.5,0.6
Preprocessed,N,0.490196078,0.328947368,0.348297214,5,0.7,0.01,2,50,0.3,1,5,0.5,0.7
Preprocessed,N,0.470588235,0.32,0.338823529,4.9,0.7,0.01,2,50,0.3,1,5,0.5,0.8
Preprocessed,N,0.333333333,0.27020202,0.282828283,18.88,0.7,0.01,2,100,0.1,0.1,1,0.5,0.6
Preprocessed,N,0.352941176,0.3002079,0.311507888,19.43,0.7,0.01,2,100,0.1,0.1,1,0.5,0.7
Preprocessed,N,0.450980392,0.433333333,0.439215686,19.16,0.7,0.01,2,100,0.1,0.1,1,0.5,0.8
Preprocessed,N,0.392156863,0.281690141,0.298260149,19.41,0.7,0.01,2,100,0.1,0.1,5,0.5,0.6
Preprocessed,N,0.333333333,0.27020202,0.282828283,19.21,0.7,0.01,2,100,0.1,0.1,5,0.5,0.7
Preprocessed,N,0.333333333,0.27020202,0.282828283,19.18,0.7,0.01,2,100,0.1,0.1,5,0.5,0.8
Preprocessed,N,0.37254902,0.271428571,0.287394958,19.22,0.7,0.01,2,100,0.1,1,1,0.5,0.6
Preprocessed,N,0.31372549,0.23880597,0.25285338,19.2,0.7,0.01,2,100,0.1,1,1,0.5,0.7
Preprocessed,N,0.31372549,0.23880597,0.25285338,19.09,0.7,0.01,2,100,0.1,1,1,0.5,0.8
Preprocessed,N,0.411764706,0.291666667,0.308823529,19.06,0.7,0.01,2,100,0.1,1,5,0.5,0.6
Preprocessed,N,0.37254902,0.271428571,0.287394958,19.12,0.7,0.01,2,100,0.1,1,5,0.5,0.7
Preprocessed,N,0.31372549,0.23880597,0.25285338,19.22,0.7,0.01,2,100,0.1,1,5,0.5,0.8
Preprocessed,N,0.333333333,0.27020202,0.282828283,17.18,0.7,0.01,2,100,0.3,0.1,1,0.5,0.6
Preprocessed,N,0.333333333,0.27020202,0.282828283,17.47,0.7,0.01,2,100,0.3,0.1,1,0.5,0.7
Preprocessed,N,0.431372549,0.408636545,0.415457346,17.35,0.7,0.01,2,100,0.3,0.1,1,0.5,0.8
Preprocessed,N,0.411764706,0.291666667,0.308823529,17.28,0.7,0.01,2,100,0.3,0.1,5,0.5,0.6
Preprocessed,N,0.333333333,0.25,0.264705882,17.53,0.7,0.01,2,100,0.3,0.1,5,0.5,0.7
Preprocessed,N,0.333333333,0.27020202,0.282828283,17.45,0.7,0.01,2,100,0.3,0.1,5,0.5,0.8
Preprocessed,N,0.392156863,0.281690141,0.298260149,17.39,0.7,0.01,2,100,0.3,1,1,0.5,0.6
Preprocessed,N,0.333333333,0.25,0.264705882,17.89,0.7,0.01,2,100,0.3,1,1,0.5,0.7
Preprocessed,N,0.31372549,0.23880597,0.25285338,17.58,0.7,0.01,2,100,0.3,1,1,0.5,0.8
Preprocessed,N,0.411764706,0.291666667,0.308823529,17.45,0.7,0.01,2,100,0.3,1,5,0.5,0.6
Preprocessed,N,0.411764706,0.291666667,0.308823529,17.23,0.7,0.01,2,100,0.3,1,5,0.5,0.7
Preprocessed,N,0.333333333,0.25,0.264705882,17.72,0.7,0.01,2,100,0.3,1,5,0.5,0.8
Preprocessed,N,0.37254902,0.328947368,0.339009288,41.73,0.7,0.01,2,150,0.1,0.1,1,0.5,0.6
Preprocessed,N,0.392156863,0.356532357,0.365438483,42.19,0.7,0.01,2,150,0.1,0.1,1,0.5,0.7
Preprocessed,N,0.509803922,0.502923977,0.506363949,41.71,0.7,0.01,2,150,0.1,0.1,1,0.5,0.8
Preprocessed,N,0.352941176,0.282302772,0.295547473,41.64,0.7,0.01,2,150,0.1,0.1,5,0.5,0.6
Preprocessed,N,0.352941176,0.3002079,0.311507888,41.85,0.7,0.01,2,150,0.1,0.1,5,0.5,0.7
Preprocessed,N,0.392156863,0.356532357,0.365438483,42.06,0.7,0.01,2,150,0.1,0.1,5,0.5,0.8
Preprocessed,N,0.352941176,0.282302772,0.295547473,42.04,0.7,0.01,2,150,0.1,1,1,0.5,0.6
Preprocessed,N,0.333333333,0.27020202,0.282828283,41.85,0.7,0.01,2,150,0.1,1,1,0.5,0.7
Preprocessed,N,0.333333333,0.27020202,0.282828283,41.93,0.7,0.01,2,150,0.1,1,1,0.5,0.8
Preprocessed,N,0.392156863,0.281690141,0.298260149,41.98,0.7,0.01,2,150,0.1,1,5,0.5,0.6
Preprocessed,N,0.333333333,0.25,0.264705882,41.86,0.7,0.01,2,150,0.1,1,5,0.5,0.7
Preprocessed,N,0.333333333,0.27020202,0.282828283,41.7,0.7,0.01,2,150,0.1,1,5,0.5,0.8
Preprocessed,N,0.352941176,0.3002079,0.311507888,37.65,0.7,0.01,2,150,0.3,0.1,1,0.5,0.6
Preprocessed,N,0.37254902,0.328947368,0.339009288,37.57,0.7,0.01,2,150,0.3,0.1,1,0.5,0.7
Preprocessed,N,0.490196078,0.480407524,0.484602618,37.98,0.7,0.01,2,150,0.3,0.1,1,0.5,0.8
Preprocessed,N,0.411764706,0.316964286,0.331932773,37.41,0.7,0.01,2,150,0.3,0.1,5,0.5,0.6
Preprocessed,N,0.333333333,0.27020202,0.282828283,37.75,0.7,0.01,2,150,0.3,0.1,5,0.5,0.7
Preprocessed,N,0.352941176,0.3002079,0.311507888,37.9,0.7,0.01,2,150,0.3,0.1,5,0.5,0.8
Preprocessed,N,0.37254902,0.294117647,0.307958478,37.49,0.7,0.01,2,150,0.3,1,1,0.5,0.6
Preprocessed,N,0.333333333,0.27020202,0.282828283,38.16,0.7,0.01,2,150,0.3,1,1,0.5,0.7
Preprocessed,N,0.333333333,0.27020202,0.282828283,37.69,0.7,0.01,2,150,0.3,1,1,0.5,0.8
Preprocessed,N,0.411764706,0.291666667,0.308823529,37.74,0.7,0.01,2,150,0.3,1,5,0.5,0.6
Preprocessed,N,0.333333333,0.25,0.264705882,37.57,0.7,0.01,2,150,0.3,1,5,0.5,0.7
Preprocessed,N,0.333333333,0.27020202,0.282828283,37.65,0.7,0.01,2,150,0.3,1,5,0.5,0.8
Preprocessed,N,0.333333333,0.25,0.264705882,5.49,0.7,0.01,3,50,0.1,0.1,1,0.5,0.6
Preprocessed,N,0.333333333,0.25,0.264705882,5.39,0.7,0.01,3,50,0.1,0.1,1,0.5,0.7
Preprocessed,N,0.31372549,0.23880597,0.25285338,5.53,0.7,0.01,3,50,0.1,0.1,1,0.5,0.8
Preprocessed,N,0.450980392,0.310810811,0.3290938,5.25,0.7,0.01,3,50,0.1,0.1,5,0.5,0.6
Preprocessed,N,0.392156863,0.281690141,0.298260149,5.37,0.7,0.01,3,50,0.1,0.1,5,0.5,0.7
Preprocessed,N,0.31372549,0.23880597,0.25285338,5.52,0.7,0.01,3,50,0.1,0.1,5,0.5,0.8
Preprocessed,N,0.431372549,0.301369863,0.319097502,5.19,0.7,0.01,3,50,0.1,1,1,0.5,0.6
Preprocessed,N,0.411764706,0.291666667,0.308823529,5.39,0.7,0.01,3,50,0.1,1,1,0.5,0.7
Preprocessed,N,0.352941176,0.260869565,0.276214834,5.42,0.7,0.01,3,50,0.1,1,1,0.5,0.8
Preprocessed,N,0.490196078,0.328947368,0.348297214,5.25,0.7,0.01,3,50,0.1,1,5,0.5,0.6
Preprocessed,N,0.470588235,0.32,0.338823529,5.32,0.7,0.01,3,50,0.1,1,5,0.5,0.7
Preprocessed,N,0.431372549,0.301369863,0.319097502,5.48,0.7,0.01,3,50,0.1,1,5,0.5,0.8
Preprocessed,N,0.352941176,0.260869565,0.276214834,4.99,0.7,0.01,3,50,0.3,0.1,1,0.5,0.6
Preprocessed,N,0.31372549,0.23880597,0.25285338,5.08,0.7,0.01,3,50,0.3,0.1,1,0.5,0.7
Preprocessed,N,0.31372549,0.23880597,0.25285338,5.02,0.7,0.01,3,50,0.3,0.1,1,0.5,0.8
Preprocessed,N,0.450980392,0.310810811,0.3290938,4.9,0.7,0.01,3,50,0.3,0.1,5,0.5,0.6
Preprocessed,N,0.450980392,0.310810811,0.3290938,5.05,0.7,0.01,3,50,0.3,0.1,5,0.5,0.7
Preprocessed,N,0.37254902,0.271428571,0.287394958,4.99,0.7,0.01,3,50,0.3,0.1,5,0.5,0.8
Preprocessed,N,0.450980392,0.310810811,0.3290938,4.98,0.7,0.01,3,50,0.3,1,1,0.5,0.6
Preprocessed,N,0.431372549,0.301369863,0.319097502,4.9,0.7,0.01,3,50,0.3,1,1,0.5,0.7
Preprocessed,N,0.37254902,0.271428571,0.287394958,5.3,0.7,0.01,3,50,0.3,1,1,0.5,0.8
Preprocessed,N,0.529411765,0.346153846,0.366515837,5.85,0.7,0.01,3,50,0.3,1,5,0.5,0.6
Preprocessed,N,0.490196078,0.328947368,0.348297214,5.26,0.7,0.01,3,50,0.3,1,5,0.5,0.7
Preprocessed,N,0.470588235,0.32,0.338823529,5.16,0.7,0.01,3,50,0.3,1,5,0.5,0.8
Preprocessed,N,0.333333333,0.27020202,0.282828283,19.62,0.7,0.01,3,100,0.1,0.1,1,0.5,0.6
Preprocessed,N,0.352941176,0.3002079,0.311507888,19.93,0.7,0.01,3,100,0.1,0.1,1,0.5,0.7
Preprocessed,N,0.450980392,0.433333333,0.439215686,19.84,0.7,0.01,3,100,0.1,0.1,1,0.5,0.8
Preprocessed,N,0.392156863,0.281690141,0.298260149,19.61,0.7,0.01,3,100,0.1,0.1,5,0.5,0.6
Preprocessed,N,0.333333333,0.27020202,0.282828283,19.7,0.7,0.01,3,100,0.1,0.1,5,0.5,0.7
Preprocessed,N,0.333333333,0.27020202,0.282828283,19.86,0.7,0.01,3,100,0.1,0.1,5,0.5,0.8
Preprocessed,N,0.37254902,0.271428571,0.287394958,19.72,0.7,0.01,3,100,0.1,1,1,0.5,0.6
Preprocessed,N,0.31372549,0.23880597,0.25285338,19.52,0.7,0.01,3,100,0.1,1,1,0.5,0.7
Preprocessed,N,0.333333333,0.27020202,0.282828283,19.59,0.7,0.01,3,100,0.1,1,1,0.5,0.8
Preprocessed,N,0.411764706,0.291666667,0.308823529,19.54,0.7,0.01,3,100,0.1,1,5,0.5,0.6
Preprocessed,N,0.37254902,0.271428571,0.287394958,19.69,0.7,0.01,3,100,0.1,1,5,0.5,0.7
Preprocessed,N,0.31372549,0.23880597,0.25285338,19.9,0.7,0.01,3,100,0.1,1,5,0.5,0.8
Preprocessed,N,0.333333333,0.27020202,0.282828283,18.23,0.7,0.01,3,100,0.3,0.1,1,0.5,0.6
Preprocessed,N,0.333333333,0.27020202,0.282828283,18.06,0.7,0.01,3,100,0.3,0.1,1,0.5,0.7
Preprocessed,N,0.431372549,0.408636545,0.415457346,18.03,0.7,0.01,3,100,0.3,0.1,1,0.5,0.8
Preprocessed,N,0.411764706,0.291666667,0.308823529,17.56,0.7,0.01,3,100,0.3,0.1,5,0.5,0.6
Preprocessed,N,0.333333333,0.25,0.264705882,18.11,0.7,0.01,3,100,0.3,0.1,5,0.5,0.7
Preprocessed,N,0.333333333,0.27020202,0.282828283,18.14,0.7,0.01,3,100,0.3,0.1,5,0.5,0.8
Preprocessed,N,0.392156863,0.281690141,0.298260149,17.65,0.7,0.01,3,100,0.3,1,1,0.5,0.6
Preprocessed,N,0.333333333,0.25,0.264705882,17.83,0.7,0.01,3,100,0.3,1,1,0.5,0.7
Preprocessed,N,0.31372549,0.23880597,0.25285338,18.15,0.7,0.01,3,100,0.3,1,1,0.5,0.8
Preprocessed,N,0.411764706,0.291666667,0.308823529,17.63,0.7,0.01,3,100,0.3,1,5,0.5,0.6
Preprocessed,N,0.411764706,0.291666667,0.308823529,18.14,0.7,0.01,3,100,0.3,1,5,0.5,0.7
Preprocessed,N,0.333333333,0.25,0.264705882,18.02,0.7,0.01,3,100,0.3,1,5,0.5,0.8
Preprocessed,N,0.37254902,0.328947368,0.339009288,42.25,0.7,0.01,3,150,0.1,0.1,1,0.5,0.6
Preprocessed,N,0.392156863,0.356532357,0.365438483,42.73,0.7,0.01,3,150,0.1,0.1,1,0.5,0.7
Preprocessed,N,0.509803922,0.502923977,0.506363949,42.88,0.7,0.01,3,150,0.1,0.1,1,0.5,0.8
Preprocessed,N,0.352941176,0.282302772,0.295547473,43,0.7,0.01,3,150,0.1,0.1,5,0.5,0.6
Preprocessed,N,0.352941176,0.3002079,0.311507888,42.77,0.7,0.01,3,150,0.1,0.1,5,0.5,0.7
Preprocessed,N,0.392156863,0.356532357,0.365438483,42.6,0.7,0.01,3,150,0.1,0.1,5,0.5,0.8
Preprocessed,N,0.352941176,0.282302772,0.295547473,42.16,0.7,0.01,3,150,0.1,1,1,0.5,0.6
Preprocessed,N,0.333333333,0.27020202,0.282828283,42.56,0.7,0.01,3,150,0.1,1,1,0.5,0.7
Preprocessed,N,0.333333333,0.27020202,0.282828283,42.61,0.7,0.01,3,150,0.1,1,1,0.5,0.8
Preprocessed,N,0.392156863,0.281690141,0.298260149,42.3,0.7,0.01,3,150,0.1,1,5,0.5,0.6
Preprocessed,N,0.333333333,0.25,0.264705882,42.88,0.7,0.01,3,150,0.1,1,5,0.5,0.7
Preprocessed,N,0.333333333,0.27020202,0.282828283,43.02,0.7,0.01,3,150,0.1,1,5,0.5,0.8
Preprocessed,N,0.352941176,0.3002079,0.311507888,38.49,0.7,0.01,3,150,0.3,0.1,1,0.5,0.6
Preprocessed,N,0.37254902,0.328947368,0.339009288,38.43,0.7,0.01,3,150,0.3,0.1,1,0.5,0.7
Preprocessed,N,0.509803922,0.502923977,0.506363949,38.72,0.7,0.01,3,150,0.3,0.1,1,0.5,0.8
Preprocessed,N,0.411764706,0.316964286,0.331932773,37.67,0.7,0.01,3,150,0.3,0.1,5,0.5,0.6
Preprocessed,N,0.333333333,0.27020202,0.282828283,39.48,0.7,0.01,3,150,0.3,0.1,5,0.5,0.7
Preprocessed,N,0.352941176,0.3002079,0.311507888,38.68,0.7,0.01,3,150,0.3,0.1,5,0.5,0.8
Preprocessed,N,0.37254902,0.294117647,0.307958478,38.29,0.7,0.01,3,150,0.3,1,1,0.5,0.6
Preprocessed,N,0.333333333,0.27020202,0.282828283,38.55,0.7,0.01,3,150,0.3,1,1,0.5,0.7
Preprocessed,N,0.333333333,0.27020202,0.282828283,38.82,0.7,0.01,3,150,0.3,1,1,0.5,0.8
Preprocessed,N,0.411764706,0.291666667,0.308823529,38.43,0.7,0.01,3,150,0.3,1,5,0.5,0.6
Preprocessed,N,0.333333333,0.25,0.264705882,38.56,0.7,0.01,3,150,0.3,1,5,0.5,0.7
Preprocessed,N,0.333333333,0.27020202,0.282828283,39.04,0.7,0.01,3,150,0.3,1,5,0.5,0.8
Preprocessed,N,0.333333333,0.25,0.264705882,5.35,0.7,0.01,4,50,0.1,0.1,1,0.5,0.6
Preprocessed,N,0.333333333,0.25,0.264705882,5.46,0.7,0.01,4,50,0.1,0.1,1,0.5,0.7
Preprocessed,N,0.31372549,0.23880597,0.25285338,5.57,0.7,0.01,4,50,0.1,0.1,1,0.5,0.8
Preprocessed,N,0.450980392,0.310810811,0.3290938,5.43,0.7,0.01,4,50,0.1,0.1,5,0.5,0.6
Preprocessed,N,0.392156863,0.281690141,0.298260149,5.41,0.7,0.01,4,50,0.1,0.1,5,0.5,0.7
Preprocessed,N,0.31372549,0.23880597,0.25285338,5.6,0.7,0.01,4,50,0.1,0.1,5,0.5,0.8
Preprocessed,N,0.431372549,0.301369863,0.319097502,5.32,0.7,0.01,4,50,0.1,1,1,0.5,0.6
Preprocessed,N,0.411764706,0.291666667,0.308823529,5.54,0.7,0.01,4,50,0.1,1,1,0.5,0.7
Preprocessed,N,0.352941176,0.260869565,0.276214834,5.56,0.7,0.01,4,50,0.1,1,1,0.5,0.8
Preprocessed,N,0.490196078,0.328947368,0.348297214,5.3,0.7,0.01,4,50,0.1,1,5,0.5,0.6
Preprocessed,N,0.470588235,0.32,0.338823529,5.39,0.7,0.01,4,50,0.1,1,5,0.5,0.7
Preprocessed,N,0.431372549,0.301369863,0.319097502,5.56,0.7,0.01,4,50,0.1,1,5,0.5,0.8
Preprocessed,N,0.352941176,0.260869565,0.276214834,4.94,0.7,0.01,4,50,0.3,0.1,1,0.5,0.6
Preprocessed,N,0.31372549,0.23880597,0.25285338,5.18,0.7,0.01,4,50,0.3,0.1,1,0.5,0.7
Preprocessed,N,0.31372549,0.23880597,0.25285338,5.13,0.7,0.01,4,50,0.3,0.1,1,0.5,0.8
Preprocessed,N,0.450980392,0.310810811,0.3290938,4.89,0.7,0.01,4,50,0.3,0.1,5,0.5,0.6
Preprocessed,N,0.450980392,0.310810811,0.3290938,5.45,0.7,0.01,4,50,0.3,0.1,5,0.5,0.7
Preprocessed,N,0.37254902,0.271428571,0.287394958,5.19,0.7,0.01,4,50,0.3,0.1,5,0.5,0.8
Preprocessed,N,0.450980392,0.310810811,0.3290938,4.87,0.7,0.01,4,50,0.3,1,1,0.5,0.6
Preprocessed,N,0.431372549,0.301369863,0.319097502,5.2,0.7,0.01,4,50,0.3,1,1,0.5,0.7
Preprocessed,N,0.37254902,0.271428571,0.287394958,5.19,0.7,0.01,4,50,0.3,1,1,0.5,0.8
Preprocessed,N,0.529411765,0.346153846,0.366515837,4.97,0.7,0.01,4,50,0.3,1,5,0.5,0.6
Preprocessed,N,0.490196078,0.328947368,0.348297214,5.16,0.7,0.01,4,50,0.3,1,5,0.5,0.7
Preprocessed,N,0.470588235,0.32,0.338823529,5.08,0.7,0.01,4,50,0.3,1,5,0.5,0.8
Preprocessed,N,0.333333333,0.27020202,0.282828283,19.36,0.7,0.01,4,100,0.1,0.1,1,0.5,0.6
Preprocessed,N,0.352941176,0.3002079,0.311507888,19.68,0.7,0.01,4,100,0.1,0.1,1,0.5,0.7
Preprocessed,N,0.450980392,0.433333333,0.439215686,19.66,0.7,0.01,4,100,0.1,0.1,1,0.5,0.8
Preprocessed,N,0.392156863,0.281690141,0.298260149,19.34,0.7,0.01,4,100,0.1,0.1,5,0.5,0.6
Preprocessed,N,0.333333333,0.27020202,0.282828283,19.56,0.7,0.01,4,100,0.1,0.1,5,0.5,0.7
Preprocessed,N,0.333333333,0.27020202,0.282828283,19.82,0.7,0.01,4,100,0.1,0.1,5,0.5,0.8
Preprocessed,N,0.37254902,0.271428571,0.287394958,19.34,0.7,0.01,4,100,0.1,1,1,0.5,0.6
Preprocessed,N,0.31372549,0.23880597,0.25285338,20.26,0.7,0.01,4,100,0.1,1,1,0.5,0.7
Preprocessed,N,0.333333333,0.27020202,0.282828283,19.76,0.7,0.01,4,100,0.1,1,1,0.5,0.8
Preprocessed,N,0.411764706,0.291666667,0.308823529,19.48,0.7,0.01,4,100,0.1,1,5,0.5,0.6
Preprocessed,N,0.37254902,0.271428571,0.287394958,19.32,0.7,0.01,4,100,0.1,1,5,0.5,0.7
Preprocessed,N,0.31372549,0.23880597,0.25285338,19.93,0.7,0.01,4,100,0.1,1,5,0.5,0.8
Preprocessed,N,0.333333333,0.27020202,0.282828283,17.51,0.7,0.01,4,100,0.3,0.1,1,0.5,0.6
Preprocessed,N,0.333333333,0.27020202,0.282828283,17.46,0.7,0.01,4,100,0.3,0.1,1,0.5,0.7
Preprocessed,N,0.431372549,0.408636545,0.415457346,17.76,0.7,0.01,4,100,0.3,0.1,1,0.5,0.8
Preprocessed,N,0.411764706,0.291666667,0.308823529,17.49,0.7,0.01,4,100,0.3,0.1,5,0.5,0.6
Preprocessed,N,0.333333333,0.25,0.264705882,17.7,0.7,0.01,4,100,0.3,0.1,5,0.5,0.7
Preprocessed,N,0.333333333,0.27020202,0.282828283,18.08,0.7,0.01,4,100,0.3,0.1,5,0.5,0.8
Preprocessed,N,0.392156863,0.281690141,0.298260149,17.4,0.7,0.01,4,100,0.3,1,1,0.5,0.6
Preprocessed,N,0.333333333,0.25,0.264705882,17.82,0.7,0.01,4,100,0.3,1,1,0.5,0.7
Preprocessed,N,0.31372549,0.23880597,0.25285338,17.74,0.7,0.01,4,100,0.3,1,1,0.5,0.8
Preprocessed,N,0.411764706,0.291666667,0.308823529,17.53,0.7,0.01,4,100,0.3,1,5,0.5,0.6
Preprocessed,N,0.411764706,0.291666667,0.308823529,17.76,0.7,0.01,4,100,0.3,1,5,0.5,0.7
Preprocessed,N,0.333333333,0.25,0.264705882,17.77,0.7,0.01,4,100,0.3,1,5,0.5,0.8
Preprocessed,N,0.37254902,0.328947368,0.339009288,42.37,0.7,0.01,4,150,0.1,0.1,1,0.5,0.6
Preprocessed,N,0.392156863,0.356532357,0.365438483,42.5,0.7,0.01,4,150,0.1,0.1,1,0.5,0.7
Preprocessed,N,0.509803922,0.502923977,0.506363949,42.41,0.7,0.01,4,150,0.1,0.1,1,0.5,0.8
Preprocessed,N,0.352941176,0.282302772,0.295547473,42.08,0.7,0.01,4,150,0.1,0.1,5,0.5,0.6
Preprocessed,N,0.352941176,0.3002079,0.311507888,42.34,0.7,0.01,4,150,0.1,0.1,5,0.5,0.7
Preprocessed,N,0.392156863,0.356532357,0.365438483,43.25,0.7,0.01,4,150,0.1,0.1,5,0.5,0.8
Preprocessed,N,0.352941176,0.282302772,0.295547473,42.2,0.7,0.01,4,150,0.1,1,1,0.5,0.6
Preprocessed,N,0.333333333,0.27020202,0.282828283,42.4,0.7,0.01,4,150,0.1,1,1,0.5,0.7
Preprocessed,N,0.333333333,0.27020202,0.282828283,42.5,0.7,0.01,4,150,0.1,1,1,0.5,0.8
Preprocessed,N,0.392156863,0.281690141,0.298260149,42.06,0.7,0.01,4,150,0.1,1,5,0.5,0.6
Preprocessed,N,0.333333333,0.25,0.264705882,42.62,0.7,0.01,4,150,0.1,1,5,0.5,0.7
Preprocessed,N,0.333333333,0.27020202,0.282828283,42.35,0.7,0.01,4,150,0.1,1,5,0.5,0.8
Preprocessed,N,0.352941176,0.3002079,0.311507888,37.8,0.7,0.01,4,150,0.3,0.1,1,0.5,0.6
Preprocessed,N,0.37254902,0.328947368,0.339009288,38.12,0.7,0.01,4,150,0.3,0.1,1,0.5,0.7
Preprocessed,N,0.509803922,0.502923977,0.506363949,38.79,0.7,0.01,4,150,0.3,0.1,1,0.5,0.8
Preprocessed,N,0.411764706,0.316964286,0.331932773,37.77,0.7,0.01,4,150,0.3,0.1,5,0.5,0.6
Preprocessed,N,0.333333333,0.27020202,0.282828283,38.26,0.7,0.01,4,150,0.3,0.1,5,0.5,0.7
Preprocessed,N,0.352941176,0.3002079,0.311507888,38.05,0.7,0.01,4,150,0.3,0.1,5,0.5,0.8
Preprocessed,N,0.37254902,0.294117647,0.307958478,38.8,0.7,0.01,4,150,0.3,1,1,0.5,0.6
Preprocessed,N,0.333333333,0.27020202,0.282828283,38.41,0.7,0.01,4,150,0.3,1,1,0.5,0.7
Preprocessed,N,0.333333333,0.27020202,0.282828283,38.25,0.7,0.01,4,150,0.3,1,1,0.5,0.8
Preprocessed,N,0.411764706,0.291666667,0.308823529,38.08,0.7,0.01,4,150,0.3,1,5,0.5,0.6
Preprocessed,N,0.333333333,0.25,0.264705882,38,0.7,0.01,4,150,0.3,1,5,0.5,0.7
Preprocessed,N,0.333333333,0.27020202,0.282828283,38.25,0.7,0.01,4,150,0.3,1,5,0.5,0.8
Preprocessed,N,0.37254902,0.328947368,0.339009288,5.66,0.7,0.05,2,50,0.1,0.1,1,0.5,0.6
Preprocessed,N,0.470588235,0.457232952,0.462241183,5.24,0.7,0.05,2,50,0.1,0.1,1,0.5,0.7
Preprocessed,N,0.568627451,0.564440994,0.566952868,5.36,0.7,0.05,2,50,0.1,0.1,1,0.5,0.8
Preprocessed,N,0.352941176,0.3002079,0.311507888,5.23,0.7,0.05,2,50,0.1,0.1,5,0.5,0.6
Preprocessed,N,0.411764706,0.383064516,0.390891841,5.3,0.7,0.05,2,50,0.1,0.1,5,0.5,0.7
Preprocessed,N,0.529411765,0.52484472,0.527584947,5.29,0.7,0.05,2,50,0.1,0.1,5,0.5,0.8
Preprocessed,N,0.352941176,0.3002079,0.311507888,5.53,0.7,0.05,2,50,0.1,1,1,0.5,0.6
Preprocessed,N,0.392156863,0.356532357,0.365438483,5.18,0.7,0.05,2,50,0.1,1,1,0.5,0.7
Preprocessed,N,0.509803922,0.497437919,0.50207517,5.43,0.7,0.05,2,50,0.1,1,1,0.5,0.8
Preprocessed,N,0.333333333,0.27020202,0.282828283,5.19,0.7,0.05,2,50,0.1,1,5,0.5,0.6
Preprocessed,N,0.352941176,0.3002079,0.311507888,5.46,0.7,0.05,2,50,0.1,1,5,0.5,0.7
Preprocessed,N,0.470588235,0.457232952,0.462241183,5.37,0.7,0.05,2,50,0.1,1,5,0.5,0.8
Preprocessed,N,0.37254902,0.328947368,0.339009288,5.02,0.7,0.05,2,50,0.3,0.1,1,0.5,0.6
Preprocessed,N,0.450980392,0.433333333,0.439215686,4.86,0.7,0.05,2,50,0.3,0.1,1,0.5,0.7
Preprocessed,N,0.568627451,0.564440994,0.566952868,5.1,0.7,0.05,2,50,0.3,0.1,1,0.5,0.8
Preprocessed,N,0.352941176,0.3002079,0.311507888,4.79,0.7,0.05,2,50,0.3,0.1,5,0.5,0.6
Preprocessed,N,0.392156863,0.356532357,0.365438483,4.99,0.7,0.05,2,50,0.3,0.1,5,0.5,0.7
Preprocessed,N,0.529411765,0.52484472,0.527584947,4.99,0.7,0.05,2,50,0.3,0.1,5,0.5,0.8
Preprocessed,N,0.333333333,0.27020202,0.282828283,5.01,0.7,0.05,2,50,0.3,1,1,0.5,0.6
Preprocessed,N,0.37254902,0.328947368,0.339009288,4.91,0.7,0.05,2,50,0.3,1,1,0.5,0.7
Preprocessed,N,0.490196078,0.480407524,0.484602618,4.98,0.7,0.05,2,50,0.3,1,1,0.5,0.8
Preprocessed,N,0.333333333,0.27020202,0.282828283,4.84,0.7,0.05,2,50,0.3,1,5,0.5,0.6
Preprocessed,N,0.333333333,0.27020202,0.282828283,4.92,0.7,0.05,2,50,0.3,1,5,0.5,0.7
Preprocessed,N,0.431372549,0.408636545,0.415457346,4.98,0.7,0.05,2,50,0.3,1,5,0.5,0.8
Preprocessed,N,0.450980392,0.433333333,0.439215686,19.25,0.7,0.05,2,100,0.1,0.1,1,0.5,0.6
Preprocessed,N,0.490196078,0.480407524,0.484602618,19.29,0.7,0.05,2,100,0.1,0.1,1,0.5,0.7
Preprocessed,N,0.490196078,0.488425926,0.490196078,19.24,0.7,0.05,2,100,0.1,0.1,1,0.5,0.8
Preprocessed,N,0.37254902,0.328947368,0.339009288,19.5,0.7,0.05,2,100,0.1,0.1,5,0.5,0.6
Preprocessed,N,0.470588235,0.457232952,0.462241183,19.15,0.7,0.05,2,100,0.1,0.1,5,0.5,0.7
Preprocessed,N,0.509803922,0.506769826,0.509045398,19.07,0.7,0.05,2,100,0.1,0.1,5,0.5,0.8
Preprocessed,N,0.37254902,0.328947368,0.339009288,19.18,0.7,0.05,2,100,0.1,1,1,0.5,0.6
Preprocessed,N,0.470588235,0.457232952,0.462241183,19.42,0.7,0.05,2,100,0.1,1,1,0.5,0.7
Preprocessed,N,0.509803922,0.502923977,0.506363949,19.37,0.7,0.05,2,100,0.1,1,1,0.5,0.8
Preprocessed,N,0.37254902,0.328947368,0.339009288,19.23,0.7,0.05,2,100,0.1,1,5,0.5,0.6
Preprocessed,N,0.431372549,0.408636545,0.415457346,19.17,0.7,0.05,2,100,0.1,1,5,0.5,0.7
Preprocessed,N,0.509803922,0.506769826,0.509045398,19.28,0.7,0.05,2,100,0.1,1,5,0.5,0.8
Preprocessed,N,0.450980392,0.433333333,0.439215686,17.71,0.7,0.05,2,100,0.3,0.1,1,0.5,0.6
Preprocessed,N,0.509803922,0.502923977,0.506363949,17.52,0.7,0.05,2,100,0.3,0.1,1,0.5,0.7
Preprocessed,N,0.549019608,0.542690058,0.545854833,17.89,0.7,0.05,2,100,0.3,0.1,1,0.5,0.8
Preprocessed,N,0.37254902,0.328947368,0.339009288,17.25,0.7,0.05,2,100,0.3,0.1,5,0.5,0.6
Preprocessed,N,0.470588235,0.457232952,0.462241183,17.52,0.7,0.05,2,100,0.3,0.1,5,0.5,0.7
Preprocessed,N,0.509803922,0.506769826,0.509045398,17.8,0.7,0.05,2,100,0.3,0.1,5,0.5,0.8
Preprocessed,N,0.37254902,0.328947368,0.339009288,17.32,0.7,0.05,2,100,0.3,1,1,0.5,0.6
Preprocessed,N,0.450980392,0.433333333,0.439215686,17.51,0.7,0.05,2,100,0.3,1,1,0.5,0.7
Preprocessed,N,0.529411765,0.52484472,0.527584947,17.42,0.7,0.05,2,100,0.3,1,1,0.5,0.8
Preprocessed,N,0.37254902,0.328947368,0.339009288,17.39,0.7,0.05,2,100,0.3,1,5,0.5,0.6
Preprocessed,N,0.431372549,0.408636545,0.415457346,18,0.7,0.05,2,100,0.3,1,5,0.5,0.7
Preprocessed,N,0.509803922,0.506769826,0.509045398,17.49,0.7,0.05,2,100,0.3,1,5,0.5,0.8
Preprocessed,N,0.490196078,0.480407524,0.484602618,41.94,0.7,0.05,2,150,0.1,0.1,1,0.5,0.6
Preprocessed,N,0.470588235,0.463157895,0.466873065,42.1,0.7,0.05,2,150,0.1,0.1,1,0.5,0.7
Preprocessed,N,0.509803922,0.506769826,0.509045398,41.99,0.7,0.05,2,150,0.1,0.1,1,0.5,0.8
Preprocessed,N,0.411764706,0.383064516,0.390891841,42.36,0.7,0.05,2,150,0.1,0.1,5,0.5,0.6
Preprocessed,N,0.470588235,0.457232952,0.462241183,41.97,0.7,0.05,2,150,0.1,0.1,5,0.5,0.7
Preprocessed,N,0.529411765,0.527777778,0.529411765,42.51,0.7,0.05,2,150,0.1,0.1,5,0.5,0.8
Preprocessed,N,0.392156863,0.356532357,0.365438483,41.89,0.7,0.05,2,150,0.1,1,1,0.5,0.6
Preprocessed,N,0.470588235,0.457232952,0.462241183,42.1,0.7,0.05,2,150,0.1,1,1,0.5,0.7
Preprocessed,N,0.529411765,0.52484472,0.527584947,42.33,0.7,0.05,2,150,0.1,1,1,0.5,0.8
Preprocessed,N,0.392156863,0.356532357,0.365438483,42.21,0.7,0.05,2,150,0.1,1,5,0.5,0.6
Preprocessed,N,0.450980392,0.433333333,0.439215686,42.44,0.7,0.05,2,150,0.1,1,5,0.5,0.7
Preprocessed,N,0.509803922,0.506769826,0.509045398,42.41,0.7,0.05,2,150,0.1,1,5,0.5,0.8
Preprocessed,N,0.490196078,0.480407524,0.484602618,38.36,0.7,0.05,2,150,0.3,0.1,1,0.5,0.6
Preprocessed,N,0.529411765,0.52484472,0.527584947,38.17,0.7,0.05,2,150,0.3,0.1,1,0.5,0.7
Preprocessed,N,0.529411765,0.520376176,0.524248571,38.17,0.7,0.05,2,150,0.3,0.1,1,0.5,0.8
Preprocessed,N,0.392156863,0.356532357,0.365438483,39.71,0.7,0.05,2,150,0.3,0.1,5,0.5,0.6
Preprocessed,N,0.470588235,0.457232952,0.462241183,46.11,0.7,0.05,2,150,0.3,0.1,5,0.5,0.7
Preprocessed,N,0.549019608,0.54622824,0.548321766,38.71,0.7,0.05,2,150,0.3,0.1,5,0.5,0.8
Preprocessed,N,0.37254902,0.328947368,0.339009288,37.72,0.7,0.05,2,150,0.3,1,1,0.5,0.6
Preprocessed,N,0.470588235,0.457232952,0.462241183,38.08,0.7,0.05,2,150,0.3,1,1,0.5,0.7
Preprocessed,N,0.509803922,0.502923977,0.506363949,38.18,0.7,0.05,2,150,0.3,1,1,0.5,0.8
Preprocessed,N,0.392156863,0.356532357,0.365438483,38.27,0.7,0.05,2,150,0.3,1,5,0.5,0.6
Preprocessed,N,0.431372549,0.408636545,0.415457346,38.08,0.7,0.05,2,150,0.3,1,5,0.5,0.7
Preprocessed,N,0.470588235,0.463157895,0.466873065,38.67,0.7,0.05,2,150,0.3,1,5,0.5,0.8
Preprocessed,N,0.37254902,0.328947368,0.339009288,5.4,0.7,0.05,3,50,0.1,0.1,1,0.5,0.6
Preprocessed,N,0.470588235,0.457232952,0.462241183,5.31,0.7,0.05,3,50,0.1,0.1,1,0.5,0.7
Preprocessed,N,0.529411765,0.52484472,0.527584947,5.58,0.7,0.05,3,50,0.1,0.1,1,0.5,0.8
Preprocessed,N,0.352941176,0.3002079,0.311507888,5.24,0.7,0.05,3,50,0.1,0.1,5,0.5,0.6
Preprocessed,N,0.411764706,0.383064516,0.390891841,5.52,0.7,0.05,3,50,0.1,0.1,5,0.5,0.7
Preprocessed,N,0.529411765,0.52484472,0.527584947,5.39,0.7,0.05,3,50,0.1,0.1,5,0.5,0.8
Preprocessed,N,0.352941176,0.3002079,0.311507888,5.39,0.7,0.05,3,50,0.1,1,1,0.5,0.6
Preprocessed,N,0.392156863,0.356532357,0.365438483,5.35,0.7,0.05,3,50,0.1,1,1,0.5,0.7
Preprocessed,N,0.529411765,0.520376176,0.524248571,5.66,0.7,0.05,3,50,0.1,1,1,0.5,0.8
Preprocessed,N,0.333333333,0.27020202,0.282828283,5.23,0.7,0.05,3,50,0.1,1,5,0.5,0.6
Preprocessed,N,0.352941176,0.3002079,0.311507888,5.48,0.7,0.05,3,50,0.1,1,5,0.5,0.7
Preprocessed,N,0.490196078,0.480407524,0.484602618,5.49,0.7,0.05,3,50,0.1,1,5,0.5,0.8
Preprocessed,N,0.37254902,0.328947368,0.339009288,4.79,0.7,0.05,3,50,0.3,0.1,1,0.5,0.6
Preprocessed,N,0.450980392,0.433333333,0.439215686,5.11,0.7,0.05,3,50,0.3,0.1,1,0.5,0.7
Preprocessed,N,0.549019608,0.542690058,0.545854833,5.08,0.7,0.05,3,50,0.3,0.1,1,0.5,0.8
Preprocessed,N,0.352941176,0.3002079,0.311507888,4.88,0.7,0.05,3,50,0.3,0.1,5,0.5,0.6
Preprocessed,N,0.392156863,0.356532357,0.365438483,5.01,0.7,0.05,3,50,0.3,0.1,5,0.5,0.7
Preprocessed,N,0.529411765,0.52484472,0.527584947,5.08,0.7,0.05,3,50,0.3,0.1,5,0.5,0.8
Preprocessed,N,0.333333333,0.27020202,0.282828283,5.13,0.7,0.05,3,50,0.3,1,1,0.5,0.6
Preprocessed,N,0.37254902,0.328947368,0.339009288,5.1,0.7,0.05,3,50,0.3,1,1,0.5,0.7
Preprocessed,N,0.490196078,0.480407524,0.484602618,5.1,0.7,0.05,3,50,0.3,1,1,0.5,0.8
Preprocessed,N,0.333333333,0.27020202,0.282828283,4.95,0.7,0.05,3,50,0.3,1,5,0.5,0.6
Preprocessed,N,0.333333333,0.27020202,0.282828283,5.07,0.7,0.05,3,50,0.3,1,5,0.5,0.7
Preprocessed,N,0.431372549,0.408636545,0.415457346,5.17,0.7,0.05,3,50,0.3,1,5,0.5,0.8
Preprocessed,N,0.450980392,0.433333333,0.439215686,19.21,0.7,0.05,3,100,0.1,0.1,1,0.5,0.6
Preprocessed,N,0.490196078,0.480407524,0.484602618,19.33,0.7,0.05,3,100,0.1,0.1,1,0.5,0.7
Preprocessed,N,0.509803922,0.506769826,0.509045398,19.51,0.7,0.05,3,100,0.1,0.1,1,0.5,0.8
Preprocessed,N,0.37254902,0.328947368,0.339009288,19.38,0.7,0.05,3,100,0.1,0.1,5,0.5,0.6
Preprocessed,N,0.470588235,0.457232952,0.462241183,19.43,0.7,0.05,3,100,0.1,0.1,5,0.5,0.7
Preprocessed,N,0.529411765,0.527777778,0.529411765,20.01,0.7,0.05,3,100,0.1,0.1,5,0.5,0.8
Preprocessed,N,0.37254902,0.328947368,0.339009288,19.36,0.7,0.05,3,100,0.1,1,1,0.5,0.6
Preprocessed,N,0.470588235,0.457232952,0.462241183,19.66,0.7,0.05,3,100,0.1,1,1,0.5,0.7
Preprocessed,N,0.509803922,0.502923977,0.506363949,19.85,0.7,0.05,3,100,0.1,1,1,0.5,0.8
Preprocessed,N,0.37254902,0.328947368,0.339009288,19.6,0.7,0.05,3,100,0.1,1,5,0.5,0.6
Preprocessed,N,0.431372549,0.408636545,0.415457346,19.65,0.7,0.05,3,100,0.1,1,5,0.5,0.7
Preprocessed,N,0.509803922,0.506769826,0.509045398,19.6,0.7,0.05,3,100,0.1,1,5,0.5,0.8
Preprocessed,N,0.450980392,0.433333333,0.439215686,17.9,0.7,0.05,3,100,0.3,0.1,1,0.5,0.6
Preprocessed,N,0.509803922,0.502923977,0.506363949,17.63,0.7,0.05,3,100,0.3,0.1,1,0.5,0.7
Preprocessed,N,0.549019608,0.542690058,0.545854833,17.72,0.7,0.05,3,100,0.3,0.1,1,0.5,0.8
Preprocessed,N,0.37254902,0.328947368,0.339009288,18.55,0.7,0.05,3,100,0.3,0.1,5,0.5,0.6
Preprocessed,N,0.470588235,0.457232952,0.462241183,17.82,0.7,0.05,3,100,0.3,0.1,5,0.5,0.7
Preprocessed,N,0.509803922,0.506769826,0.509045398,18.5,0.7,0.05,3,100,0.3,0.1,5,0.5,0.8
Preprocessed,N,0.37254902,0.328947368,0.339009288,17.78,0.7,0.05,3,100,0.3,1,1,0.5,0.6
Preprocessed,N,0.450980392,0.433333333,0.439215686,17.83,0.7,0.05,3,100,0.3,1,1,0.5,0.7
Preprocessed,N,0.529411765,0.52484472,0.527584947,18.05,0.7,0.05,3,100,0.3,1,1,0.5,0.8
Preprocessed,N,0.37254902,0.328947368,0.339009288,17.62,0.7,0.05,3,100,0.3,1,5,0.5,0.6
Preprocessed,N,0.431372549,0.408636545,0.415457346,17.81,0.7,0.05,3,100,0.3,1,5,0.5,0.7
Preprocessed,N,0.509803922,0.506769826,0.509045398,18.17,0.7,0.05,3,100,0.3,1,5,0.5,0.8
Preprocessed,N,0.490196078,0.480407524,0.484602618,42.2,0.7,0.05,3,150,0.1,0.1,1,0.5,0.6
Preprocessed,N,0.470588235,0.463157895,0.466873065,43.11,0.7,0.05,3,150,0.1,0.1,1,0.5,0.7
Preprocessed,N,0.509803922,0.502923977,0.506363949,42.77,0.7,0.05,3,150,0.1,0.1,1,0.5,0.8
Preprocessed,N,0.411764706,0.383064516,0.390891841,42.29,0.7,0.05,3,150,0.1,0.1,5,0.5,0.6
Preprocessed,N,0.470588235,0.457232952,0.462241183,42.41,0.7,0.05,3,150,0.1,0.1,5,0.5,0.7
Preprocessed,N,0.529411765,0.527777778,0.529411765,42.94,0.7,0.05,3,150,0.1,0.1,5,0.5,0.8
Preprocessed,N,0.392156863,0.356532357,0.365438483,42.6,0.7,0.05,3,150,0.1,1,1,0.5,0.6
Preprocessed,N,0.470588235,0.457232952,0.462241183,42.92,0.7,0.05,3,150,0.1,1,1,0.5,0.7
Preprocessed,N,0.529411765,0.52484472,0.527584947,42.94,0.7,0.05,3,150,0.1,1,1,0.5,0.8
Preprocessed,N,0.392156863,0.356532357,0.365438483,42.42,0.7,0.05,3,150,0.1,1,5,0.5,0.6
Preprocessed,N,0.450980392,0.433333333,0.439215686,42.67,0.7,0.05,3,150,0.1,1,5,0.5,0.7
Preprocessed,N,0.509803922,0.506769826,0.509045398,42.93,0.7,0.05,3,150,0.1,1,5,0.5,0.8
Preprocessed,N,0.490196078,0.480407524,0.484602618,38.39,0.7,0.05,3,150,0.3,0.1,1,0.5,0.6
Preprocessed,N,0.529411765,0.52484472,0.527584947,38.52,0.7,0.05,3,150,0.3,0.1,1,0.5,0.7
Preprocessed,N,0.529411765,0.520376176,0.524248571,38.87,0.7,0.05,3,150,0.3,0.1,1,0.5,0.8
Preprocessed,N,0.392156863,0.356532357,0.365438483,38.13,0.7,0.05,3,150,0.3,0.1,5,0.5,0.6
Preprocessed,N,0.470588235,0.457232952,0.462241183,38.69,0.7,0.05,3,150,0.3,0.1,5,0.5,0.7
Preprocessed,N,0.549019608,0.54622824,0.548321766,38.57,0.7,0.05,3,150,0.3,0.1,5,0.5,0.8
Preprocessed,N,0.37254902,0.328947368,0.339009288,37.98,0.7,0.05,3,150,0.3,1,1,0.5,0.6
Preprocessed,N,0.470588235,0.457232952,0.462241183,38.63,0.7,0.05,3,150,0.3,1,1,0.5,0.7
Preprocessed,N,0.529411765,0.52484472,0.527584947,38.73,0.7,0.05,3,150,0.3,1,1,0.5,0.8
Preprocessed,N,0.392156863,0.356532357,0.365438483,38.23,0.7,0.05,3,150,0.3,1,5,0.5,0.6
Preprocessed,N,0.431372549,0.408636545,0.415457346,38.79,0.7,0.05,3,150,0.3,1,5,0.5,0.7
Preprocessed,N,0.470588235,0.463157895,0.466873065,39.07,0.7,0.05,3,150,0.3,1,5,0.5,0.8
Preprocessed,N,0.37254902,0.328947368,0.339009288,5.33,0.7,0.05,4,50,0.1,0.1,1,0.5,0.6
Preprocessed,N,0.470588235,0.457232952,0.462241183,5.59,0.7,0.05,4,50,0.1,0.1,1,0.5,0.7
Preprocessed,N,0.529411765,0.52484472,0.527584947,5.74,0.7,0.05,4,50,0.1,0.1,1,0.5,0.8
Preprocessed,N,0.352941176,0.3002079,0.311507888,5.39,0.7,0.05,4,50,0.1,0.1,5,0.5,0.6
Preprocessed,N,0.411764706,0.383064516,0.390891841,5.44,0.7,0.05,4,50,0.1,0.1,5,0.5,0.7
Preprocessed,N,0.529411765,0.52484472,0.527584947,5.53,0.7,0.05,4,50,0.1,0.1,5,0.5,0.8
Preprocessed,N,0.352941176,0.3002079,0.311507888,5.48,0.7,0.05,4,50,0.1,1,1,0.5,0.6
Preprocessed,N,0.392156863,0.356532357,0.365438483,5.53,0.7,0.05,4,50,0.1,1,1,0.5,0.7
Preprocessed,N,0.529411765,0.520376176,0.524248571,5.6,0.7,0.05,4,50,0.1,1,1,0.5,0.8
Preprocessed,N,0.333333333,0.27020202,0.282828283,5.37,0.7,0.05,4,50,0.1,1,5,0.5,0.6
Preprocessed,N,0.352941176,0.3002079,0.311507888,5.62,0.7,0.05,4,50,0.1,1,5,0.5,0.7
Preprocessed,N,0.490196078,0.480407524,0.484602618,5.61,0.7,0.05,4,50,0.1,1,5,0.5,0.8
Preprocessed,N,0.37254902,0.328947368,0.339009288,4.97,0.7,0.05,4,50,0.3,0.1,1,0.5,0.6
Preprocessed,N,0.450980392,0.433333333,0.439215686,5.13,0.7,0.05,4,50,0.3,0.1,1,0.5,0.7
Preprocessed,N,0.549019608,0.542690058,0.545854833,5.22,0.7,0.05,4,50,0.3,0.1,1,0.5,0.8
Preprocessed,N,0.352941176,0.3002079,0.311507888,5,0.7,0.05,4,50,0.3,0.1,5,0.5,0.6
Preprocessed,N,0.392156863,0.356532357,0.365438483,5.08,0.7,0.05,4,50,0.3,0.1,5,0.5,0.7
Preprocessed,N,0.529411765,0.52484472,0.527584947,5.24,0.7,0.05,4,50,0.3,0.1,5,0.5,0.8
Preprocessed,N,0.333333333,0.27020202,0.282828283,5.04,0.7,0.05,4,50,0.3,1,1,0.5,0.6
Preprocessed,N,0.37254902,0.328947368,0.339009288,5.09,0.7,0.05,4,50,0.3,1,1,0.5,0.7
Preprocessed,N,0.490196078,0.480407524,0.484602618,5.27,0.7,0.05,4,50,0.3,1,1,0.5,0.8
Preprocessed,N,0.333333333,0.27020202,0.282828283,5.04,0.7,0.05,4,50,0.3,1,5,0.5,0.6
Preprocessed,N,0.333333333,0.27020202,0.282828283,5.2,0.7,0.05,4,50,0.3,1,5,0.5,0.7
Preprocessed,N,0.431372549,0.408636545,0.415457346,5.15,0.7,0.05,4,50,0.3,1,5,0.5,0.8
Preprocessed,N,0.450980392,0.433333333,0.439215686,19.73,0.7,0.05,4,100,0.1,0.1,1,0.5,0.6
Preprocessed,N,0.490196078,0.480407524,0.484602618,19.58,0.7,0.05,4,100,0.1,0.1,1,0.5,0.7
Preprocessed,N,0.509803922,0.506769826,0.509045398,19.81,0.7,0.05,4,100,0.1,0.1,1,0.5,0.8
Preprocessed,N,0.37254902,0.328947368,0.339009288,19.81,0.7,0.05,4,100,0.1,0.1,5,0.5,0.6
Preprocessed,N,0.470588235,0.457232952,0.462241183,19.5,0.7,0.05,4,100,0.1,0.1,5,0.5,0.7
Preprocessed,N,0.529411765,0.527777778,0.529411765,19.53,0.7,0.05,4,100,0.1,0.1,5,0.5,0.8
Preprocessed,N,0.37254902,0.328947368,0.339009288,19.39,0.7,0.05,4,100,0.1,1,1,0.5,0.6
Preprocessed,N,0.470588235,0.457232952,0.462241183,19.45,0.7,0.05,4,100,0.1,1,1,0.5,0.7
Preprocessed,N,0.509803922,0.502923977,0.506363949,19.52,0.7,0.05,4,100,0.1,1,1,0.5,0.8
Preprocessed,N,0.37254902,0.328947368,0.339009288,19.28,0.7,0.05,4,100,0.1,1,5,0.5,0.6
Preprocessed,N,0.431372549,0.408636545,0.415457346,19.42,0.7,0.05,4,100,0.1,1,5,0.5,0.7
Preprocessed,N,0.509803922,0.506769826,0.509045398,19.48,0.7,0.05,4,100,0.1,1,5,0.5,0.8
Preprocessed,N,0.450980392,0.433333333,0.439215686,17.83,0.7,0.05,4,100,0.3,0.1,1,0.5,0.6
Preprocessed,N,0.509803922,0.502923977,0.506363949,17.77,0.7,0.05,4,100,0.3,0.1,1,0.5,0.7
Preprocessed,N,0.549019608,0.542690058,0.545854833,17.68,0.7,0.05,4,100,0.3,0.1,1,0.5,0.8
Preprocessed,N,0.37254902,0.328947368,0.339009288,17.52,0.7,0.05,4,100,0.3,0.1,5,0.5,0.6
Preprocessed,N,0.470588235,0.457232952,0.462241183,17.89,0.7,0.05,4,100,0.3,0.1,5,0.5,0.7
Preprocessed,N,0.509803922,0.506769826,0.509045398,17.98,0.7,0.05,4,100,0.3,0.1,5,0.5,0.8
Preprocessed,N,0.37254902,0.328947368,0.339009288,17.46,0.7,0.05,4,100,0.3,1,1,0.5,0.6
Preprocessed,N,0.450980392,0.433333333,0.439215686,18.06,0.7,0.05,4,100,0.3,1,1,0.5,0.7
Preprocessed,N,0.529411765,0.52484472,0.527584947,18.02,0.7,0.05,4,100,0.3,1,1,0.5,0.8
Preprocessed,N,0.37254902,0.328947368,0.339009288,17.48,0.7,0.05,4,100,0.3,1,5,0.5,0.6
Preprocessed,N,0.431372549,0.408636545,0.415457346,18.06,0.7,0.05,4,100,0.3,1,5,0.5,0.7
Preprocessed,N,0.509803922,0.506769826,0.509045398,18.39,0.7,0.05,4,100,0.3,1,5,0.5,0.8
Preprocessed,N,0.490196078,0.480407524,0.484602618,42.1,0.7,0.05,4,150,0.1,0.1,1,0.5,0.6
Preprocessed,N,0.470588235,0.463157895,0.466873065,42.08,0.7,0.05,4,150,0.1,0.1,1,0.5,0.7
Preprocessed,N,0.509803922,0.502923977,0.506363949,42.48,0.7,0.05,4,150,0.1,0.1,1,0.5,0.8
Preprocessed,N,0.411764706,0.383064516,0.390891841,42.27,0.7,0.05,4,150,0.1,0.1,5,0.5,0.6
Preprocessed,N,0.470588235,0.457232952,0.462241183,42.52,0.7,0.05,4,150,0.1,0.1,5,0.5,0.7
Preprocessed,N,0.529411765,0.527777778,0.529411765,42.4,0.7,0.05,4,150,0.1,0.1,5,0.5,0.8
Preprocessed,N,0.392156863,0.356532357,0.365438483,41.95,0.7,0.05,4,150,0.1,1,1,0.5,0.6
Preprocessed,N,0.470588235,0.457232952,0.462241183,42.39,0.7,0.05,4,150,0.1,1,1,0.5,0.7
Preprocessed,N,0.529411765,0.52484472,0.527584947,42.9,0.7,0.05,4,150,0.1,1,1,0.5,0.8
Preprocessed,N,0.392156863,0.356532357,0.365438483,41.94,0.7,0.05,4,150,0.1,1,5,0.5,0.6
Preprocessed,N,0.450980392,0.433333333,0.439215686,42.17,0.7,0.05,4,150,0.1,1,5,0.5,0.7
Preprocessed,N,0.509803922,0.506769826,0.509045398,42.33,0.7,0.05,4,150,0.1,1,5,0.5,0.8
Preprocessed,N,0.490196078,0.480407524,0.484602618,38.18,0.7,0.05,4,150,0.3,0.1,1,0.5,0.6
Preprocessed,N,0.529411765,0.52484472,0.527584947,38.21,0.7,0.05,4,150,0.3,0.1,1,0.5,0.7
Preprocessed,N,0.529411765,0.520376176,0.524248571,38.08,0.7,0.05,4,150,0.3,0.1,1,0.5,0.8
Preprocessed,N,0.392156863,0.356532357,0.365438483,37.92,0.7,0.05,4,150,0.3,0.1,5,0.5,0.6
Preprocessed,N,0.470588235,0.457232952,0.462241183,37.82,0.7,0.05,4,150,0.3,0.1,5,0.5,0.7
Preprocessed,N,0.549019608,0.54622824,0.548321766,38.3,0.7,0.05,4,150,0.3,0.1,5,0.5,0.8
Preprocessed,N,0.37254902,0.328947368,0.339009288,37.75,0.7,0.05,4,150,0.3,1,1,0.5,0.6
Preprocessed,N,0.470588235,0.457232952,0.462241183,38.31,0.7,0.05,4,150,0.3,1,1,0.5,0.7
Preprocessed,N,0.529411765,0.52484472,0.527584947,38.16,0.7,0.05,4,150,0.3,1,1,0.5,0.8
Preprocessed,N,0.392156863,0.356532357,0.365438483,37.84,0.7,0.05,4,150,0.3,1,5,0.5,0.6
Preprocessed,N,0.431372549,0.408636545,0.415457346,38.25,0.7,0.05,4,150,0.3,1,5,0.5,0.7
Preprocessed,N,0.470588235,0.463157895,0.466873065,38.62,0.7,0.05,4,150,0.3,1,5,0.5,0.8
Preprocessed,N,0.470588235,0.457232952,0.462241183,5.48,0.7,0.1,2,50,0.1,0.1,1,0.5,0.6
Preprocessed,N,0.470588235,0.463157895,0.466873065,5.27,0.7,0.1,2,50,0.1,0.1,1,0.5,0.7
Preprocessed,N,0.509803922,0.506769826,0.509045398,5.35,0.7,0.1,2,50,0.1,0.1,1,0.5,0.8
Preprocessed,N,0.411764706,0.383064516,0.390891841,5.15,0.7,0.1,2,50,0.1,0.1,5,0.5,0.6
Preprocessed,N,0.470588235,0.457232952,0.462241183,5.38,0.7,0.1,2,50,0.1,0.1,5,0.5,0.7
Preprocessed,N,0.529411765,0.52484472,0.527584947,5.2,0.7,0.1,2,50,0.1,0.1,5,0.5,0.8
Preprocessed,N,0.431372549,0.408636545,0.415457346,5.31,0.7,0.1,2,50,0.1,1,1,0.5,0.6
Preprocessed,N,0.490196078,0.480407524,0.484602618,5.32,0.7,0.1,2,50,0.1,1,1,0.5,0.7
Preprocessed,N,0.529411765,0.52484472,0.527584947,5.46,0.7,0.1,2,50,0.1,1,1,0.5,0.8
Preprocessed,N,0.37254902,0.328947368,0.339009288,5.24,0.7,0.1,2,50,0.1,1,5,0.5,0.6
Preprocessed,N,0.431372549,0.408636545,0.415457346,5.34,0.7,0.1,2,50,0.1,1,5,0.5,0.7
Preprocessed,N,0.529411765,0.520376176,0.524248571,5.18,0.7,0.1,2,50,0.1,1,5,0.5,0.8
Preprocessed,N,0.490196078,0.473809524,0.479271709,5.03,0.7,0.1,2,50,0.3,0.1,1,0.5,0.6
Preprocessed,N,0.529411765,0.527777778,0.529411765,4.89,0.7,0.1,2,50,0.3,0.1,1,0.5,0.7
Preprocessed,N,0.529411765,0.52484472,0.527584947,5.08,0.7,0.1,2,50,0.3,0.1,1,0.5,0.8
Preprocessed,N,0.37254902,0.341935484,0.35028463,4.91,0.7,0.1,2,50,0.3,0.1,5,0.5,0.6
Preprocessed,N,0.450980392,0.440438871,0.444956666,4.95,0.7,0.1,2,50,0.3,0.1,5,0.5,0.7
Preprocessed,N,0.549019608,0.54622824,0.548321766,4.93,0.7,0.1,2,50,0.3,0.1,5,0.5,0.8
Preprocessed,N,0.352941176,0.315018315,0.32449903,4.96,0.7,0.1,2,50,0.3,1,1,0.5,0.6
Preprocessed,N,0.490196078,0.480407524,0.484602618,5.05,0.7,0.1,2,50,0.3,1,1,0.5,0.7
Preprocessed,N,0.529411765,0.520376176,0.524248571,5.31,0.7,0.1,2,50,0.3,1,1,0.5,0.8
Preprocessed,N,0.37254902,0.328947368,0.339009288,4.99,0.7,0.1,2,50,0.3,1,5,0.5,0.6
Preprocessed,N,0.411764706,0.383064516,0.390891841,4.89,0.7,0.1,2,50,0.3,1,5,0.5,0.7
Preprocessed,N,0.529411765,0.520376176,0.524248571,4.98,0.7,0.1,2,50,0.3,1,5,0.5,0.8
Preprocessed,N,0.509803922,0.502923977,0.506363949,19.25,0.7,0.1,2,100,0.1,0.1,1,0.5,0.6
Preprocessed,N,0.490196078,0.485248447,0.488217026,19.49,0.7,0.1,2,100,0.1,0.1,1,0.5,0.7
Preprocessed,N,0.568627451,0.56712963,0.568627451,19.29,0.7,0.1,2,100,0.1,0.1,1,0.5,0.8
Preprocessed,N,0.490196078,0.480407524,0.484602618,19.28,0.7,0.1,2,100,0.1,0.1,5,0.5,0.6
Preprocessed,N,0.529411765,0.52484472,0.527584947,19.26,0.7,0.1,2,100,0.1,0.1,5,0.5,0.7
Preprocessed,N,0.509803922,0.509048903,0.510181431,19.23,0.7,0.1,2,100,0.1,0.1,5,0.5,0.8
Preprocessed,N,0.490196078,0.480407524,0.484602618,19.17,0.7,0.1,2,100,0.1,1,1,0.5,0.6
Preprocessed,N,0.509803922,0.506769826,0.509045398,19.28,0.7,0.1,2,100,0.1,1,1,0.5,0.7
Preprocessed,N,0.529411765,0.527777778,0.529411765,19.56,0.7,0.1,2,100,0.1,1,1,0.5,0.8
Preprocessed,N,0.392156863,0.356532357,0.365438483,19.19,0.7,0.1,2,100,0.1,1,5,0.5,0.6
Preprocessed,N,0.450980392,0.433333333,0.439215686,19.35,0.7,0.1,2,100,0.1,1,5,0.5,0.7
Preprocessed,N,0.568627451,0.56712963,0.568627451,19.24,0.7,0.1,2,100,0.1,1,5,0.5,0.8
Preprocessed,N,0.509803922,0.502923977,0.506363949,17.49,0.7,0.1,2,100,0.3,0.1,1,0.5,0.6
Preprocessed,N,0.490196078,0.485248447,0.488217026,17.26,0.7,0.1,2,100,0.3,0.1,1,0.5,0.7
Preprocessed,N,0.568627451,0.56712963,0.568627451,17.61,0.7,0.1,2,100,0.3,0.1,1,0.5,0.8
Preprocessed,N,0.509803922,0.502923977,0.506363949,17.4,0.7,0.1,2,100,0.3,0.1,5,0.5,0.6
Preprocessed,N,0.490196078,0.485248447,0.488217026,17.63,0.7,0.1,2,100,0.3,0.1,5,0.5,0.7
Preprocessed,N,0.529411765,0.52484472,0.527584947,17.56,0.7,0.1,2,100,0.3,0.1,5,0.5,0.8
Preprocessed,N,0.450980392,0.433333333,0.439215686,17.73,0.7,0.1,2,100,0.3,1,1,0.5,0.6
Preprocessed,N,0.490196078,0.485248447,0.488217026,17.92,0.7,0.1,2,100,0.3,1,1,0.5,0.7
Preprocessed,N,0.549019608,0.54622824,0.548321766,17.65,0.7,0.1,2,100,0.3,1,1,0.5,0.8
Preprocessed,N,0.37254902,0.328947368,0.339009288,17.51,0.7,0.1,2,100,0.3,1,5,0.5,0.6
Preprocessed,N,0.470588235,0.457232952,0.462241183,17.71,0.7,0.1,2,100,0.3,1,5,0.5,0.7
Preprocessed,N,0.529411765,0.52484472,0.527584947,17.58,0.7,0.1,2,100,0.3,1,5,0.5,0.8
Preprocessed,N,0.490196078,0.480407524,0.484602618,42.14,0.7,0.1,2,150,0.1,0.1,1,0.5,0.6
Preprocessed,N,0.490196078,0.480407524,0.484602618,42.09,0.7,0.1,2,150,0.1,0.1,1,0.5,0.7
Preprocessed,N,0.490196078,0.485248447,0.488217026,42.17,0.7,0.1,2,150,0.1,0.1,1,0.5,0.8
Preprocessed,N,0.490196078,0.480407524,0.484602618,41.77,0.7,0.1,2,150,0.1,0.1,5,0.5,0.6
Preprocessed,N,0.470588235,0.463157895,0.466873065,41.83,0.7,0.1,2,150,0.1,0.1,5,0.5,0.7
Preprocessed,N,0.549019608,0.54622824,0.548321766,42.11,0.7,0.1,2,150,0.1,0.1,5,0.5,0.8
Preprocessed,N,0.529411765,0.52484472,0.527584947,42.07,0.7,0.1,2,150,0.1,1,1,0.5,0.6
Preprocessed,N,0.470588235,0.463157895,0.466873065,41.9,0.7,0.1,2,150,0.1,1,1,0.5,0.7
Preprocessed,N,0.529411765,0.527777778,0.529411765,42.27,0.7,0.1,2,150,0.1,1,1,0.5,0.8
Preprocessed,N,0.490196078,0.480407524,0.484602618,42.04,0.7,0.1,2,150,0.1,1,5,0.5,0.6
Preprocessed,N,0.450980392,0.433333333,0.439215686,42.51,0.7,0.1,2,150,0.1,1,5,0.5,0.7
Preprocessed,N,0.490196078,0.480407524,0.484602618,42.11,0.7,0.1,2,150,0.1,1,5,0.5,0.8
Preprocessed,N,0.490196078,0.480407524,0.484602618,37.67,0.7,0.1,2,150,0.3,0.1,1,0.5,0.6
Preprocessed,N,0.490196078,0.480407524,0.484602618,38.04,0.7,0.1,2,150,0.3,0.1,1,0.5,0.7
Preprocessed,N,0.568627451,0.56712963,0.568627451,38.3,0.7,0.1,2,150,0.3,0.1,1,0.5,0.8
Preprocessed,N,0.450980392,0.440438871,0.444956666,38.25,0.7,0.1,2,150,0.3,0.1,5,0.5,0.6
Preprocessed,N,0.470588235,0.463157895,0.466873065,37.85,0.7,0.1,2,150,0.3,0.1,5,0.5,0.7
Preprocessed,N,0.509803922,0.502923977,0.506363949,37.89,0.7,0.1,2,150,0.3,0.1,5,0.5,0.8
Preprocessed,N,0.509803922,0.506769826,0.509045398,37.63,0.7,0.1,2,150,0.3,1,1,0.5,0.6
Preprocessed,N,0.450980392,0.440438871,0.444956666,37.77,0.7,0.1,2,150,0.3,1,1,0.5,0.7
Preprocessed,N,0.568627451,0.564440994,0.566952868,38.1,0.7,0.1,2,150,0.3,1,1,0.5,0.8
Preprocessed,N,0.470588235,0.457232952,0.462241183,37.77,0.7,0.1,2,150,0.3,1,5,0.5,0.6
Preprocessed,N,0.470588235,0.457232952,0.462241183,37.54,0.7,0.1,2,150,0.3,1,5,0.5,0.7
Preprocessed,N,0.509803922,0.502923977,0.506363949,38,0.7,0.1,2,150,0.3,1,5,0.5,0.8
Preprocessed,N,0.470588235,0.457232952,0.462241183,5.1,0.7,0.1,3,50,0.1,0.1,1,0.5,0.6
Preprocessed,N,0.470588235,0.463157895,0.466873065,5.38,0.7,0.1,3,50,0.1,0.1,1,0.5,0.7
Preprocessed,N,0.509803922,0.506769826,0.509045398,5.39,0.7,0.1,3,50,0.1,0.1,1,0.5,0.8
Preprocessed,N,0.411764706,0.383064516,0.390891841,5.48,0.7,0.1,3,50,0.1,0.1,5,0.5,0.6
Preprocessed,N,0.470588235,0.457232952,0.462241183,5.23,0.7,0.1,3,50,0.1,0.1,5,0.5,0.7
Preprocessed,N,0.509803922,0.502923977,0.506363949,5.61,0.7,0.1,3,50,0.1,0.1,5,0.5,0.8
Preprocessed,N,0.431372549,0.408636545,0.415457346,5.48,0.7,0.1,3,50,0.1,1,1,0.5,0.6
Preprocessed,N,0.490196078,0.480407524,0.484602618,5.44,0.7,0.1,3,50,0.1,1,1,0.5,0.7
Preprocessed,N,0.529411765,0.52484472,0.527584947,5.23,0.7,0.1,3,50,0.1,1,1,0.5,0.8
Preprocessed,N,0.37254902,0.328947368,0.339009288,5.39,0.7,0.1,3,50,0.1,1,5,0.5,0.6
Preprocessed,N,0.431372549,0.408636545,0.415457346,5.28,0.7,0.1,3,50,0.1,1,5,0.5,0.7
Preprocessed,N,0.549019608,0.542690058,0.545854833,5.49,0.7,0.1,3,50,0.1,1,5,0.5,0.8
Preprocessed,N,0.490196078,0.473809524,0.479271709,4.83,0.7,0.1,3,50,0.3,0.1,1,0.5,0.6
Preprocessed,N,0.529411765,0.527777778,0.529411765,5.12,0.7,0.1,3,50,0.3,0.1,1,0.5,0.7
Preprocessed,N,0.529411765,0.52484472,0.527584947,5.06,0.7,0.1,3,50,0.3,0.1,1,0.5,0.8
Preprocessed,N,0.37254902,0.341935484,0.35028463,4.98,0.7,0.1,3,50,0.3,0.1,5,0.5,0.6
Preprocessed,N,0.450980392,0.440438871,0.444956666,4.87,0.7,0.1,3,50,0.3,0.1,5,0.5,0.7
Preprocessed,N,0.509803922,0.506769826,0.509045398,5.05,0.7,0.1,3,50,0.3,0.1,5,0.5,0.8
Preprocessed,N,0.352941176,0.315018315,0.32449903,4.91,0.7,0.1,3,50,0.3,1,1,0.5,0.6
Preprocessed,N,0.490196078,0.480407524,0.484602618,5.03,0.7,0.1,3,50,0.3,1,1,0.5,0.7
Preprocessed,N,0.529411765,0.520376176,0.524248571,5.08,0.7,0.1,3,50,0.3,1,1,0.5,0.8
Preprocessed,N,0.37254902,0.328947368,0.339009288,5.06,0.7,0.1,3,50,0.3,1,5,0.5,0.6
Preprocessed,N,0.411764706,0.383064516,0.390891841,5.06,0.7,0.1,3,50,0.3,1,5,0.5,0.7
Preprocessed,N,0.529411765,0.520376176,0.524248571,5.12,0.7,0.1,3,50,0.3,1,5,0.5,0.8
Preprocessed,N,0.509803922,0.502923977,0.506363949,19.51,0.7,0.1,3,100,0.1,0.1,1,0.5,0.6
Preprocessed,N,0.490196078,0.485248447,0.488217026,19.5,0.7,0.1,3,100,0.1,0.1,1,0.5,0.7
Preprocessed,N,0.549019608,0.54622824,0.548321766,19.58,0.7,0.1,3,100,0.1,0.1,1,0.5,0.8
Preprocessed,N,0.490196078,0.480407524,0.484602618,19.34,0.7,0.1,3,100,0.1,0.1,5,0.5,0.6
Preprocessed,N,0.529411765,0.52484472,0.527584947,19.67,0.7,0.1,3,100,0.1,0.1,5,0.5,0.7
Preprocessed,N,0.509803922,0.509048903,0.510181431,19.61,0.7,0.1,3,100,0.1,0.1,5,0.5,0.8
Preprocessed,N,0.490196078,0.480407524,0.484602618,19.2,0.7,0.1,3,100,0.1,1,1,0.5,0.6
Preprocessed,N,0.509803922,0.506769826,0.509045398,19.44,0.7,0.1,3,100,0.1,1,1,0.5,0.7
Preprocessed,N,0.549019608,0.54832499,0.549366917,19.47,0.7,0.1,3,100,0.1,1,1,0.5,0.8
Preprocessed,N,0.392156863,0.356532357,0.365438483,19.36,0.7,0.1,3,100,0.1,1,5,0.5,0.6
Preprocessed,N,0.450980392,0.433333333,0.439215686,19.35,0.7,0.1,3,100,0.1,1,5,0.5,0.7
Preprocessed,N,0.549019608,0.54622824,0.548321766,19.5,0.7,0.1,3,100,0.1,1,5,0.5,0.8
Preprocessed,N,0.509803922,0.502923977,0.506363949,17.53,0.7,0.1,3,100,0.3,0.1,1,0.5,0.6
Preprocessed,N,0.490196078,0.485248447,0.488217026,17.76,0.7,0.1,3,100,0.3,0.1,1,0.5,0.7
Preprocessed,N,0.568627451,0.56712963,0.568627451,17.82,0.7,0.1,3,100,0.3,0.1,1,0.5,0.8
Preprocessed,N,0.509803922,0.502923977,0.506363949,17.51,0.7,0.1,3,100,0.3,0.1,5,0.5,0.6
Preprocessed,N,0.490196078,0.485248447,0.488217026,17.95,0.7,0.1,3,100,0.3,0.1,5,0.5,0.7
Preprocessed,N,0.549019608,0.54622824,0.548321766,17.91,0.7,0.1,3,100,0.3,0.1,5,0.5,0.8
Preprocessed,N,0.450980392,0.433333333,0.439215686,17.41,0.7,0.1,3,100,0.3,1,1,0.5,0.6
Preprocessed,N,0.490196078,0.485248447,0.488217026,17.6,0.7,0.1,3,100,0.3,1,1,0.5,0.7
Preprocessed,N,0.549019608,0.54622824,0.548321766,17.88,0.7,0.1,3,100,0.3,1,1,0.5,0.8
Preprocessed,N,0.37254902,0.328947368,0.339009288,17.45,0.7,0.1,3,100,0.3,1,5,0.5,0.6
Preprocessed,N,0.470588235,0.457232952,0.462241183,17.7,0.7,0.1,3,100,0.3,1,5,0.5,0.7
Preprocessed,N,0.549019608,0.54622824,0.548321766,17.82,0.7,0.1,3,100,0.3,1,5,0.5,0.8
Preprocessed,N,0.490196078,0.480407524,0.484602618,42.04,0.7,0.1,3,150,0.1,0.1,1,0.5,0.6
Preprocessed,N,0.490196078,0.480407524,0.484602618,42.15,0.7,0.1,3,150,0.1,0.1,1,0.5,0.7
Preprocessed,N,0.490196078,0.485248447,0.488217026,42.39,0.7,0.1,3,150,0.1,0.1,1,0.5,0.8
Preprocessed,N,0.490196078,0.480407524,0.484602618,41.82,0.7,0.1,3,150,0.1,0.1,5,0.5,0.6
Preprocessed,N,0.470588235,0.463157895,0.466873065,42.52,0.7,0.1,3,150,0.1,0.1,5,0.5,0.7
Preprocessed,N,0.490196078,0.485248447,0.488217026,42.17,0.7,0.1,3,150,0.1,0.1,5,0.5,0.8
Preprocessed,N,0.529411765,0.52484472,0.527584947,41.78,0.7,0.1,3,150,0.1,1,1,0.5,0.6
Preprocessed,N,0.470588235,0.463157895,0.466873065,42.1,0.7,0.1,3,150,0.1,1,1,0.5,0.7
Preprocessed,N,0.549019608,0.54832499,0.549366917,42.67,0.7,0.1,3,150,0.1,1,1,0.5,0.8
Preprocessed,N,0.490196078,0.480407524,0.484602618,42.1,0.7,0.1,3,150,0.1,1,5,0.5,0.6
Preprocessed,N,0.450980392,0.433333333,0.439215686,42.42,0.7,0.1,3,150,0.1,1,5,0.5,0.7
Preprocessed,N,0.509803922,0.502923977,0.506363949,42.31,0.7,0.1,3,150,0.1,1,5,0.5,0.8
Preprocessed,N,0.490196078,0.480407524,0.484602618,37.8,0.7,0.1,3,150,0.3,0.1,1,0.5,0.6
Preprocessed,N,0.490196078,0.480407524,0.484602618,38.61,0.7,0.1,3,150,0.3,0.1,1,0.5,0.7
Preprocessed,N,0.588235294,0.587601078,0.588552402,38.24,0.7,0.1,3,150,0.3,0.1,1,0.5,0.8
Preprocessed,N,0.450980392,0.440438871,0.444956666,37.69,0.7,0.1,3,150,0.3,0.1,5,0.5,0.6
Preprocessed,N,0.470588235,0.463157895,0.466873065,38.09,0.7,0.1,3,150,0.3,0.1,5,0.5,0.7
Preprocessed,N,0.529411765,0.52484472,0.527584947,38.47,0.7,0.1,3,150,0.3,0.1,5,0.5,0.8
Preprocessed,N,0.509803922,0.506769826,0.509045398,37.8,0.7,0.1,3,150,0.3,1,1,0.5,0.6
Preprocessed,N,0.450980392,0.440438871,0.444956666,37.84,0.7,0.1,3,150,0.3,1,1,0.5,0.7
Preprocessed,N,0.568627451,0.564440994,0.566952868,38.33,0.7,0.1,3,150,0.3,1,1,0.5,0.8
Preprocessed,N,0.470588235,0.457232952,0.462241183,38.38,0.7,0.1,3,150,0.3,1,5,0.5,0.6
Preprocessed,N,0.470588235,0.457232952,0.462241183,38.39,0.7,0.1,3,150,0.3,1,5,0.5,0.7
Preprocessed,N,0.490196078,0.480407524,0.484602618,38.47,0.7,0.1,3,150,0.3,1,5,0.5,0.8
Preprocessed,N,0.470588235,0.457232952,0.462241183,5.31,0.7,0.1,4,50,0.1,0.1,1,0.5,0.6
Preprocessed,N,0.470588235,0.463157895,0.466873065,5.38,0.7,0.1,4,50,0.1,0.1,1,0.5,0.7
Preprocessed,N,0.509803922,0.506769826,0.509045398,5.53,0.7,0.1,4,50,0.1,0.1,1,0.5,0.8
Preprocessed,N,0.411764706,0.383064516,0.390891841,5.35,0.7,0.1,4,50,0.1,0.1,5,0.5,0.6
Preprocessed,N,0.470588235,0.457232952,0.462241183,5.32,0.7,0.1,4,50,0.1,0.1,5,0.5,0.7
Preprocessed,N,0.509803922,0.502923977,0.506363949,5.51,0.7,0.1,4,50,0.1,0.1,5,0.5,0.8
Preprocessed,N,0.431372549,0.408636545,0.415457346,5.25,0.7,0.1,4,50,0.1,1,1,0.5,0.6
Preprocessed,N,0.490196078,0.480407524,0.484602618,5.38,0.7,0.1,4,50,0.1,1,1,0.5,0.7
Preprocessed,N,0.529411765,0.52484472,0.527584947,5.47,0.7,0.1,4,50,0.1,1,1,0.5,0.8
Preprocessed,N,0.37254902,0.328947368,0.339009288,5.26,0.7,0.1,4,50,0.1,1,5,0.5,0.6
Preprocessed,N,0.431372549,0.408636545,0.415457346,5.36,0.7,0.1,4,50,0.1,1,5,0.5,0.7
Preprocessed,N,0.549019608,0.542690058,0.545854833,5.56,0.7,0.1,4,50,0.1,1,5,0.5,0.8
Preprocessed,N,0.490196078,0.473809524,0.479271709,4.89,0.7,0.1,4,50,0.3,0.1,1,0.5,0.6
Preprocessed,N,0.529411765,0.527777778,0.529411765,5.13,0.7,0.1,4,50,0.3,0.1,1,0.5,0.7
Preprocessed,N,0.529411765,0.52484472,0.527584947,5.19,0.7,0.1,4,50,0.3,0.1,1,0.5,0.8
Preprocessed,N,0.37254902,0.341935484,0.35028463,4.97,0.7,0.1,4,50,0.3,0.1,5,0.5,0.6
Preprocessed,N,0.450980392,0.440438871,0.444956666,5,0.7,0.1,4,50,0.3,0.1,5,0.5,0.7
Preprocessed,N,0.509803922,0.506769826,0.509045398,4.99,0.7,0.1,4,50,0.3,0.1,5,0.5,0.8
Preprocessed,N,0.352941176,0.315018315,0.32449903,5.05,0.7,0.1,4,50,0.3,1,1,0.5,0.6
Preprocessed,N,0.490196078,0.480407524,0.484602618,5.14,0.7,0.1,4,50,0.3,1,1,0.5,0.7
Preprocessed,N,0.529411765,0.520376176,0.524248571,5.07,0.7,0.1,4,50,0.3,1,1,0.5,0.8
Preprocessed,N,0.37254902,0.328947368,0.339009288,4.99,0.7,0.1,4,50,0.3,1,5,0.5,0.6
Preprocessed,N,0.411764706,0.383064516,0.390891841,5.08,0.7,0.1,4,50,0.3,1,5,0.5,0.7
Preprocessed,N,0.529411765,0.520376176,0.524248571,5.1,0.7,0.1,4,50,0.3,1,5,0.5,0.8
Preprocessed,N,0.509803922,0.502923977,0.506363949,19.62,0.7,0.1,4,100,0.1,0.1,1,0.5,0.6
Preprocessed,N,0.490196078,0.485248447,0.488217026,19.46,0.7,0.1,4,100,0.1,0.1,1,0.5,0.7
Preprocessed,N,0.549019608,0.54622824,0.548321766,19.7,0.7,0.1,4,100,0.1,0.1,1,0.5,0.8
Preprocessed,N,0.490196078,0.480407524,0.484602618,19.16,0.7,0.1,4,100,0.1,0.1,5,0.5,0.6
Preprocessed,N,0.529411765,0.52484472,0.527584947,19.55,0.7,0.1,4,100,0.1,0.1,5,0.5,0.7
Preprocessed,N,0.509803922,0.509048903,0.510181431,19.43,0.7,0.1,4,100,0.1,0.1,5,0.5,0.8
Preprocessed,N,0.490196078,0.480407524,0.484602618,19.32,0.7,0.1,4,100,0.1,1,1,0.5,0.6
Preprocessed,N,0.509803922,0.506769826,0.509045398,19.37,0.7,0.1,4,100,0.1,1,1,0.5,0.7
Preprocessed,N,0.549019608,0.54832499,0.549366917,19.69,0.7,0.1,4,100,0.1,1,1,0.5,0.8
Preprocessed,N,0.392156863,0.356532357,0.365438483,19.34,0.7,0.1,4,100,0.1,1,5,0.5,0.6
Preprocessed,N,0.450980392,0.433333333,0.439215686,19.45,0.7,0.1,4,100,0.1,1,5,0.5,0.7
Preprocessed,N,0.549019608,0.54622824,0.548321766,19.66,0.7,0.1,4,100,0.1,1,5,0.5,0.8
Preprocessed,N,0.509803922,0.502923977,0.506363949,17.61,0.7,0.1,4,100,0.3,0.1,1,0.5,0.6
Preprocessed,N,0.490196078,0.485248447,0.488217026,17.81,0.7,0.1,4,100,0.3,0.1,1,0.5,0.7
Preprocessed,N,0.568627451,0.56712963,0.568627451,17.71,0.7,0.1,4,100,0.3,0.1,1,0.5,0.8
Preprocessed,N,0.509803922,0.502923977,0.506363949,17.75,0.7,0.1,4,100,0.3,0.1,5,0.5,0.6
Preprocessed,N,0.490196078,0.485248447,0.488217026,17.55,0.7,0.1,4,100,0.3,0.1,5,0.5,0.7
Preprocessed,N,0.549019608,0.54622824,0.548321766,17.75,0.7,0.1,4,100,0.3,0.1,5,0.5,0.8
Preprocessed,N,0.450980392,0.433333333,0.439215686,17.7,0.7,0.1,4,100,0.3,1,1,0.5,0.6
Preprocessed,N,0.490196078,0.485248447,0.488217026,17.84,0.7,0.1,4,100,0.3,1,1,0.5,0.7
Preprocessed,N,0.549019608,0.54622824,0.548321766,17.69,0.7,0.1,4,100,0.3,1,1,0.5,0.8
Preprocessed,N,0.37254902,0.328947368,0.339009288,17.49,0.7,0.1,4,100,0.3,1,5,0.5,0.6
Preprocessed,N,0.470588235,0.457232952,0.462241183,17.7,0.7,0.1,4,100,0.3,1,5,0.5,0.7
Preprocessed,N,0.549019608,0.54622824,0.548321766,17.87,0.7,0.1,4,100,0.3,1,5,0.5,0.8
Preprocessed,N,0.490196078,0.480407524,0.484602618,42.1,0.7,0.1,4,150,0.1,0.1,1,0.5,0.6
Preprocessed,N,0.490196078,0.480407524,0.484602618,42.07,0.7,0.1,4,150,0.1,0.1,1,0.5,0.7
Preprocessed,N,0.490196078,0.485248447,0.488217026,42.58,0.7,0.1,4,150,0.1,0.1,1,0.5,0.8
Preprocessed,N,0.490196078,0.480407524,0.484602618,41.89,0.7,0.1,4,150,0.1,0.1,5,0.5,0.6
Preprocessed,N,0.470588235,0.463157895,0.466873065,42.29,0.7,0.1,4,150,0.1,0.1,5,0.5,0.7
Preprocessed,N,0.490196078,0.485248447,0.488217026,41.88,0.7,0.1,4,150,0.1,0.1,5,0.5,0.8
Preprocessed,N,0.529411765,0.52484472,0.527584947,42.07,0.7,0.1,4,150,0.1,1,1,0.5,0.6
Preprocessed,N,0.470588235,0.463157895,0.466873065,42.07,0.7,0.1,4,150,0.1,1,1,0.5,0.7
Preprocessed,N,0.549019608,0.54832499,0.549366917,43.16,0.7,0.1,4,150,0.1,1,1,0.5,0.8
Preprocessed,N,0.490196078,0.480407524,0.484602618,42.32,0.7,0.1,4,150,0.1,1,5,0.5,0.6
Preprocessed,N,0.450980392,0.433333333,0.439215686,43.14,0.7,0.1,4,150,0.1,1,5,0.5,0.7
Preprocessed,N,0.509803922,0.502923977,0.506363949,42.92,0.7,0.1,4,150,0.1,1,5,0.5,0.8
Preprocessed,N,0.490196078,0.480407524,0.484602618,38.1,0.7,0.1,4,150,0.3,0.1,1,0.5,0.6
Preprocessed,N,0.490196078,0.480407524,0.484602618,38.16,0.7,0.1,4,150,0.3,0.1,1,0.5,0.7
Preprocessed,N,0.588235294,0.587601078,0.588552402,38.45,0.7,0.1,4,150,0.3,0.1,1,0.5,0.8
Preprocessed,N,0.450980392,0.440438871,0.444956666,38.09,0.7,0.1,4,150,0.3,0.1,5,0.5,0.6
Preprocessed,N,0.470588235,0.463157895,0.466873065,39.81,0.7,0.1,4,150,0.3,0.1,5,0.5,0.7
Preprocessed,N,0.529411765,0.52484472,0.527584947,38.81,0.7,0.1,4,150,0.3,0.1,5,0.5,0.8
Preprocessed,N,0.509803922,0.506769826,0.509045398,38.42,0.7,0.1,4,150,0.3,1,1,0.5,0.6
Preprocessed,N,0.450980392,0.440438871,0.444956666,38.53,0.7,0.1,4,150,0.3,1,1,0.5,0.7
Preprocessed,N,0.568627451,0.564440994,0.566952868,39.1,0.7,0.1,4,150,0.3,1,1,0.5,0.8
Preprocessed,N,0.470588235,0.457232952,0.462241183,39.13,0.7,0.1,4,150,0.3,1,5,0.5,0.6
Preprocessed,N,0.470588235,0.457232952,0.462241183,168.13,0.7,0.1,4,150,0.3,1,5,0.5,0.7
Preprocessed,N,0.490196078,0.480407524,0.484602618,81.24,0.7,0.1,4,150,0.3,1,5,0.5,0.8
