pipeline,nutrient,accuracy,macro_f1,weighted_f1,duration_s,colsample_bytree,learning_rate,max_depth,n_estimators,rate_drop,reg_alpha,reg_lambda,skip_drop,subsample
RawPixels,K,0.37254901960784315,0.2893617021276596,0.30638297872340425,14.52,0.5,0.01,2,50,0.1,0.1,1.0,0.5,0.6
RawPixels,K,0.39215686274509803,0.3344202898550725,0.3467391304347826,14.57,0.5,0.01,2,50,0.1,0.1,1.0,0.5,0.7
RawPixels,K,0.43137254901960786,0.37018129871221195,0.38542072151227674,14.36,0.5,0.01,2,50,0.1,0.1,1.0,0.5,0.8
RawPixels,K,0.27450980392156865,0.21016827783745076,0.22253111771024198,14.22,0.5,0.01,2,50,0.1,0.1,5.0,0.5,0.6
RawPixels,K,0.3333333333333333,0.25854700854700857,0.2737556561085973,14.45,0.5,0.01,2,50,0.1,0.1,5.0,0.5,0.7
RawPixels,K,0.37254901960784315,0.2893617021276596,0.30638297872340425,14.65,0.5,0.01,2,50,0.1,0.1,5.0,0.5,0.8
RawPixels,K,0.35294117647058826,0.2724668814894379,0.2884943451064636,14.5,0.5,0.01,2,50,0.1,1.0,1.0,0.5,0.6
RawPixels,K,0.3333333333333333,0.25886143931256717,0.27408858280154164,14.08,0.5,0.01,2,50,0.1,1.0,1.0,0.5,0.7
RawPixels,K,0.39215686274509803,0.3344202898550725,0.3467391304347826,14.57,0.5,0.01,2,50,0.1,1.0,1.0,0.5,0.8
RawPixels,K,0.27450980392156865,0.21016827783745076,0.22253111771024198,14.48,0.5,0.01,2,50,0.1,1.0,5.0,0.5,0.6
RawPixels,K,0.3137254901960784,0.24144144144144145,0.25564387917329096,14.4,0.5,0.01,2,50,0.1,1.0,5.0,0.5,0.7
RawPixels,K,0.35294117647058826,0.2724668814894379,0.2884943451064636,14.59,0.5,0.01,2,50,0.1,1.0,5.0,0.5,0.8
RawPixels,K,0.35294117647058826,0.2724668814894379,0.2884943451064636,13.59,0.5,0.01,2,50,0.3,0.1,1.0,0.5,0.6
RawPixels,K,0.3333333333333333,0.25886143931256717,0.27408858280154164,13.92,0.5,0.01,2,50,0.3,0.1,1.0,0.5,0.7
RawPixels,K,0.4117647058823529,0.3521786492374728,0.3659746251441753,13.95,0.5,0.01,2,50,0.3,0.1,1.0,0.5,0.8
RawPixels,K,0.27450980392156865,0.21016827783745076,0.22253111771024198,13.89,0.5,0.01,2,50,0.3,0.1,5.0,0.5,0.6
RawPixels,K,0.3137254901960784,0.24131757966344433,0.25551273140835284,14.05,0.5,0.01,2,50,0.3,0.1,5.0,0.5,0.7
RawPixels,K,0.35294117647058826,0.2724668814894379,0.2884943451064636,13.99,0.5,0.01,2,50,0.3,0.1,5.0,0.5,0.8
RawPixels,K,0.3137254901960784,0.24131757966344433,0.25551273140835284,14.06,0.5,0.01,2,50,0.3,1.0,1.0,0.5,0.6
RawPixels,K,0.35294117647058826,0.27279279279279284,0.2888394276629571,14.01,0.5,0.01,2,50,0.3,1.0,1.0,0.5,0.7
RawPixels,K,0.37254901960784315,0.28952991452991456,0.30656108597285064,14.09,0.5,0.01,2,50,0.3,1.0,1.0,0.5,0.8
RawPixels,K,0.23529411764705882,0.173202614379085,0.18339100346020762,13.9,0.5,0.01,2,50,0.3,1.0,5.0,0.5,0.6
RawPixels,K,0.29411764705882354,0.22344322344322345,0.2365869424692954,13.99,0.5,0.01,2,50,0.3,1.0,5.0,0.5,0.7
RawPixels,K,0.3137254901960784,0.24131757966344433,0.25551273140835284,14.0,0.5,0.01,2,50,0.3,1.0,5.0,0.5,0.8
RawPixels,K,0.5294117647058824,0.5239234449760765,0.5253307064452575,32.48,0.5,0.01,2,100,0.1,0.1,1.0,0.5,0.6
RawPixels,K,0.5294117647058824,0.5184111281672258,0.5221679324979182,32.61,0.5,0.01,2,100,0.1,0.1,1.0,0.5,0.7
RawPixels,K,0.5686274509803921,0.5619472315124489,0.5643124139287822,32.75,0.5,0.01,2,100,0.1,0.1,1.0,0.5,0.8
RawPixels,K,0.39215686274509803,0.3057617532697066,0.32374773875616,32.94,0.5,0.01,2,100,0.1,0.1,5.0,0.5,0.6
RawPixels,K,0.43137254901960786,0.3672312556458898,0.3814801530368244,32.68,0.5,0.01,2,100,0.1,0.1,5.0,0.5,0.7
RawPixels,K,0.49019607843137253,0.45793650793650803,0.4672268907563025,32.71,0.5,0.01,2,100,0.1,0.1,5.0,0.5,0.8
RawPixels,K,0.47058823529411764,0.42287581699346405,0.43391003460207617,32.9,0.5,0.01,2,100,0.1,1.0,1.0,0.5,0.6
RawPixels,K,0.5098039215686274,0.49191015702643615,0.4973166368515206,32.85,0.5,0.01,2,100,0.1,1.0,1.0,0.5,0.7
RawPixels,K,0.5490196078431373,0.5346712907688517,0.5393845752525809,32.82,0.5,0.01,2,100,0.1,1.0,1.0,0.5,0.8
RawPixels,K,0.35294117647058826,0.2724358974358974,0.2884615384615385,32.5,0.5,0.01,2,100,0.1,1.0,5.0,0.5,0.6
RawPixels,K,0.39215686274509803,0.3060283687943262,0.3240300375469337,32.96,0.5,0.01,2,100,0.1,1.0,5.0,0.5,0.7
RawPixels,K,0.47058823529411764,0.42364040181755197,0.43617652452508604,32.57,0.5,0.01,2,100,0.1,1.0,5.0,0.5,0.8
RawPixels,K,0.47058823529411764,0.44425537278628596,0.45078019863645974,30.2,0.5,0.01,2,100,0.3,0.1,1.0,0.5,0.6
RawPixels,K,0.5294117647058824,0.519100782258677,0.5228981544771019,30.25,0.5,0.01,2,100,0.3,0.1,1.0,0.5,0.7
RawPixels,K,0.5490196078431373,0.5346712907688517,0.5393845752525809,29.95,0.5,0.01,2,100,0.3,0.1,1.0,0.5,0.8
RawPixels,K,0.37254901960784315,0.2893617021276596,0.30638297872340425,30.39,0.5,0.01,2,100,0.3,0.1,5.0,0.5,0.6
RawPixels,K,0.43137254901960786,0.3672312556458898,0.3814801530368244,30.54,0.5,0.01,2,100,0.3,0.1,5.0,0.5,0.7
RawPixels,K,0.47058823529411764,0.42364040181755197,0.43617652452508604,30.57,0.5,0.01,2,100,0.3,0.1,5.0,0.5,0.8
RawPixels,K,0.45098039215686275,0.38275193798449614,0.3979138166894665,30.01,0.5,0.01,2,100,0.3,1.0,1.0,0.5,0.6
RawPixels,K,0.47058823529411764,0.44286999550157446,0.45034532031436053,30.37,0.5,0.01,2,100,0.3,1.0,1.0,0.5,0.7
RawPixels,K,0.5294117647058824,0.5058459156020132,0.5131925941108151,30.34,0.5,0.01,2,100,0.3,1.0,1.0,0.5,0.8
RawPixels,K,0.35294117647058826,0.2724358974358974,0.2884615384615385,30.28,0.5,0.01,2,100,0.3,1.0,5.0,0.5,0.6
RawPixels,K,0.37254901960784315,0.28952991452991456,0.30656108597285064,30.76,0.5,0.01,2,100,0.3,1.0,5.0,0.5,0.7
RawPixels,K,0.47058823529411764,0.42364040181755197,0.43617652452508604,30.0,0.5,0.01,2,100,0.3,1.0,5.0,0.5,0.8
RawPixels,K,0.5882352941176471,0.5955798587377535,0.5931808129950544,61.95,0.5,0.01,2,150,0.1,0.1,1.0,0.5,0.6
RawPixels,K,0.5686274509803921,0.5623745819397993,0.5647649026165651,62.02,0.5,0.01,2,150,0.1,0.1,1.0,0.5,0.7
RawPixels,K,0.5686274509803921,0.5623745819397993,0.5647649026165651,61.96,0.5,0.01,2,150,0.1,0.1,1.0,0.5,0.8
RawPixels,K,0.49019607843137253,0.45959595959595956,0.4670231729055258,61.34,0.5,0.01,2,150,0.1,0.1,5.0,0.5,0.6
RawPixels,K,0.5098039215686274,0.5042735042735043,0.5059254471019177,61.28,0.5,0.01,2,150,0.1,0.1,5.0,0.5,0.7
RawPixels,K,0.5294117647058824,0.5184111281672258,0.5221679324979182,61.73,0.5,0.01,2,150,0.1,0.1,5.0,0.5,0.8
RawPixels,K,0.5490196078431373,0.5519612985953255,0.5508161648992522,61.47,0.5,0.01,2,150,0.1,1.0,1.0,0.5,0.6
RawPixels,K,0.5294117647058824,0.5184111281672258,0.5221679324979182,61.63,0.5,0.01,2,150,0.1,1.0,1.0,0.5,0.7
RawPixels,K,0.5490196078431373,0.5348484848484848,0.539572192513369,61.76,0.5,0.01,2,150,0.1,1.0,1.0,0.5,0.8
RawPixels,K,0.4117647058823529,0.35097109304426377,0.36426351028216164,61.25,0.5,0.01,2,150,0.1,1.0,5.0,0.5,0.6
RawPixels,K,0.45098039215686275,0.42777777777777776,0.43333333333333335,61.71,0.5,0.01,2,150,0.1,1.0,5.0,0.5,0.7
RawPixels,K,0.5098039215686274,0.47380952380952385,0.4840336134453781,61.69,0.5,0.01,2,150,0.1,1.0,5.0,0.5,0.8
RawPixels,K,0.6078431372549019,0.6123713684689295,0.6109600585927702,55.98,0.5,0.01,2,150,0.3,0.1,1.0,0.5,0.6
RawPixels,K,0.5490196078431373,0.5457572882364979,0.5471701210483636,56.14,0.5,0.01,2,150,0.3,0.1,1.0,0.5,0.7
RawPixels,K,0.5686274509803921,0.5623745819397993,0.5647649026165651,56.55,0.5,0.01,2,150,0.3,0.1,1.0,0.5,0.8
RawPixels,K,0.47058823529411764,0.4427350427350427,0.44917043740573154,55.82,0.5,0.01,2,150,0.3,0.1,5.0,0.5,0.6
RawPixels,K,0.5098039215686274,0.5042735042735043,0.5059254471019177,55.87,0.5,0.01,2,150,0.3,0.1,5.0,0.5,0.7
RawPixels,K,0.5490196078431373,0.5348484848484848,0.539572192513369,56.26,0.5,0.01,2,150,0.3,0.1,5.0,0.5,0.8
RawPixels,K,0.49019607843137253,0.45959595959595956,0.4670231729055258,56.52,0.5,0.01,2,150,0.3,1.0,1.0,0.5,0.6
RawPixels,K,0.5098039215686274,0.5015569226095542,0.504322303083913,56.55,0.5,0.01,2,150,0.3,1.0,1.0,0.5,0.7
RawPixels,K,0.5490196078431373,0.5348484848484848,0.539572192513369,56.3,0.5,0.01,2,150,0.3,1.0,1.0,0.5,0.8
RawPixels,K,0.4117647058823529,0.35097109304426377,0.36426351028216164,56.1,0.5,0.01,2,150,0.3,1.0,5.0,0.5,0.6
RawPixels,K,0.43137254901960786,0.3914395026303204,0.4006245252763946,56.0,0.5,0.01,2,150,0.3,1.0,5.0,0.5,0.7
RawPixels,K,0.49019607843137253,0.4577235772357724,0.4670014347202296,56.67,0.5,0.01,2,150,0.3,1.0,5.0,0.5,0.8
RawPixels,K,0.37254901960784315,0.2893617021276596,0.30638297872340425,14.52,0.5,0.01,3,50,0.1,0.1,1.0,0.5,0.6
RawPixels,K,0.39215686274509803,0.3344202898550725,0.3467391304347826,14.5,0.5,0.01,3,50,0.1,0.1,1.0,0.5,0.7
RawPixels,K,0.43137254901960786,0.37018129871221195,0.38542072151227674,14.94,0.5,0.01,3,50,0.1,0.1,1.0,0.5,0.8
RawPixels,K,0.27450980392156865,0.21016827783745076,0.22253111771024198,14.54,0.5,0.01,3,50,0.1,0.1,5.0,0.5,0.6
RawPixels,K,0.3333333333333333,0.25854700854700857,0.2737556561085973,14.54,0.5,0.01,3,50,0.1,0.1,5.0,0.5,0.7
RawPixels,K,0.37254901960784315,0.2893617021276596,0.30638297872340425,14.42,0.5,0.01,3,50,0.1,0.1,5.0,0.5,0.8
RawPixels,K,0.35294117647058826,0.2724668814894379,0.2884943451064636,14.45,0.5,0.01,3,50,0.1,1.0,1.0,0.5,0.6
RawPixels,K,0.3333333333333333,0.25886143931256717,0.27408858280154164,14.52,0.5,0.01,3,50,0.1,1.0,1.0,0.5,0.7
RawPixels,K,0.39215686274509803,0.3344202898550725,0.3467391304347826,14.55,0.5,0.01,3,50,0.1,1.0,1.0,0.5,0.8
RawPixels,K,0.27450980392156865,0.21016827783745076,0.22253111771024198,14.44,0.5,0.01,3,50,0.1,1.0,5.0,0.5,0.6
RawPixels,K,0.3137254901960784,0.24144144144144145,0.25564387917329096,14.38,0.5,0.01,3,50,0.1,1.0,5.0,0.5,0.7
RawPixels,K,0.35294117647058826,0.2724668814894379,0.2884943451064636,14.61,0.5,0.01,3,50,0.1,1.0,5.0,0.5,0.8
RawPixels,K,0.35294117647058826,0.2724668814894379,0.2884943451064636,14.02,0.5,0.01,3,50,0.3,0.1,1.0,0.5,0.6
RawPixels,K,0.3333333333333333,0.25886143931256717,0.27408858280154164,13.91,0.5,0.01,3,50,0.3,0.1,1.0,0.5,0.7
RawPixels,K,0.4117647058823529,0.3521786492374728,0.3659746251441753,13.98,0.5,0.01,3,50,0.3,0.1,1.0,0.5,0.8
RawPixels,K,0.27450980392156865,0.21016827783745076,0.22253111771024198,13.81,0.5,0.01,3,50,0.3,0.1,5.0,0.5,0.6
RawPixels,K,0.3137254901960784,0.24131757966344433,0.25551273140835284,13.88,0.5,0.01,3,50,0.3,0.1,5.0,0.5,0.7
RawPixels,K,0.35294117647058826,0.2724668814894379,0.2884943451064636,13.93,0.5,0.01,3,50,0.3,0.1,5.0,0.5,0.8
RawPixels,K,0.3137254901960784,0.24131757966344433,0.25551273140835284,13.76,0.5,0.01,3,50,0.3,1.0,1.0,0.5,0.6
RawPixels,K,0.35294117647058826,0.27279279279279284,0.2888394276629571,13.8,0.5,0.01,3,50,0.3,1.0,1.0,0.5,0.7
RawPixels,K,0.37254901960784315,0.28952991452991456,0.30656108597285064,13.98,0.5,0.01,3,50,0.3,1.0,1.0,0.5,0.8
RawPixels,K,0.23529411764705882,0.173202614379085,0.18339100346020762,13.86,0.5,0.01,3,50,0.3,1.0,5.0,0.5,0.6
RawPixels,K,0.29411764705882354,0.22344322344322345,0.2365869424692954,13.79,0.5,0.01,3,50,0.3,1.0,5.0,0.5,0.7
RawPixels,K,0.3137254901960784,0.24131757966344433,0.25551273140835284,13.9,0.5,0.01,3,50,0.3,1.0,5.0,0.5,0.8
RawPixels,K,0.5294117647058824,0.5239234449760765,0.5253307064452575,31.96,0.5,0.01,3,100,0.1,0.1,1.0,0.5,0.6
RawPixels,K,0.5294117647058824,0.5184111281672258,0.5221679324979182,32.27,0.5,0.01,3,100,0.1,0.1,1.0,0.5,0.7
RawPixels,K,0.5686274509803921,0.5619472315124489,0.5643124139287822,32.57,0.5,0.01,3,100,0.1,0.1,1.0,0.5,0.8
RawPixels,K,0.39215686274509803,0.3057617532697066,0.32374773875616,32.46,0.5,0.01,3,100,0.1,0.1,5.0,0.5,0.6
RawPixels,K,0.43137254901960786,0.3672312556458898,0.3814801530368244,32.64,0.5,0.01,3,100,0.1,0.1,5.0,0.5,0.7
RawPixels,K,0.49019607843137253,0.45793650793650803,0.4672268907563025,32.67,0.5,0.01,3,100,0.1,0.1,5.0,0.5,0.8
RawPixels,K,0.47058823529411764,0.42287581699346405,0.43391003460207617,32.23,0.5,0.01,3,100,0.1,1.0,1.0,0.5,0.6
RawPixels,K,0.5098039215686274,0.49191015702643615,0.4973166368515206,32.65,0.5,0.01,3,100,0.1,1.0,1.0,0.5,0.7
RawPixels,K,0.5490196078431373,0.5346712907688517,0.5393845752525809,33.05,0.5,0.01,3,100,0.1,1.0,1.0,0.5,0.8
RawPixels,K,0.35294117647058826,0.2724358974358974,0.2884615384615385,32.54,0.5,0.01,3,100,0.1,1.0,5.0,0.5,0.6
RawPixels,K,0.39215686274509803,0.3060283687943262,0.3240300375469337,32.35,0.5,0.01,3,100,0.1,1.0,5.0,0.5,0.7
RawPixels,K,0.47058823529411764,0.42364040181755197,0.43617652452508604,32.93,0.5,0.01,3,100,0.1,1.0,5.0,0.5,0.8
RawPixels,K,0.47058823529411764,0.44425537278628596,0.45078019863645974,30.61,0.5,0.01,3,100,0.3,0.1,1.0,0.5,0.6
RawPixels,K,0.5294117647058824,0.519100782258677,0.5228981544771019,30.66,0.5,0.01,3,100,0.3,0.1,1.0,0.5,0.7
RawPixels,K,0.5490196078431373,0.5346712907688517,0.5393845752525809,30.71,0.5,0.01,3,100,0.3,0.1,1.0,0.5,0.8
RawPixels,K,0.37254901960784315,0.2893617021276596,0.30638297872340425,30.15,0.5,0.01,3,100,0.3,0.1,5.0,0.5,0.6
RawPixels,K,0.43137254901960786,0.3672312556458898,0.3814801530368244,30.53,0.5,0.01,3,100,0.3,0.1,5.0,0.5,0.7
RawPixels,K,0.47058823529411764,0.42364040181755197,0.43617652452508604,30.58,0.5,0.01,3,100,0.3,0.1,5.0,0.5,0.8
RawPixels,K,0.45098039215686275,0.38275193798449614,0.3979138166894665,30.12,0.5,0.01,3,100,0.3,1.0,1.0,0.5,0.6
RawPixels,K,0.47058823529411764,0.44286999550157446,0.45034532031436053,29.83,0.5,0.01,3,100,0.3,1.0,1.0,0.5,0.7
RawPixels,K,0.5294117647058824,0.5058459156020132,0.5131925941108151,30.55,0.5,0.01,3,100,0.3,1.0,1.0,0.5,0.8
RawPixels,K,0.35294117647058826,0.2724358974358974,0.2884615384615385,30.12,0.5,0.01,3,100,0.3,1.0,5.0,0.5,0.6
RawPixels,K,0.37254901960784315,0.28952991452991456,0.30656108597285064,30.07,0.5,0.01,3,100,0.3,1.0,5.0,0.5,0.7
RawPixels,K,0.47058823529411764,0.42364040181755197,0.43617652452508604,30.75,0.5,0.01,3,100,0.3,1.0,5.0,0.5,0.8
RawPixels,K,0.5882352941176471,0.5955798587377535,0.5931808129950544,61.54,0.5,0.01,3,150,0.1,0.1,1.0,0.5,0.6
RawPixels,K,0.5686274509803921,0.5623745819397993,0.5647649026165651,61.29,0.5,0.01,3,150,0.1,0.1,1.0,0.5,0.7
RawPixels,K,0.5686274509803921,0.5623745819397993,0.5647649026165651,62.66,0.5,0.01,3,150,0.1,0.1,1.0,0.5,0.8
RawPixels,K,0.49019607843137253,0.45959595959595956,0.4670231729055258,61.74,0.5,0.01,3,150,0.1,0.1,5.0,0.5,0.6
RawPixels,K,0.5098039215686274,0.5042735042735043,0.5059254471019177,61.52,0.5,0.01,3,150,0.1,0.1,5.0,0.5,0.7
RawPixels,K,0.5294117647058824,0.5184111281672258,0.5221679324979182,62.44,0.5,0.01,3,150,0.1,0.1,5.0,0.5,0.8
RawPixels,K,0.5490196078431373,0.5519612985953255,0.5508161648992522,61.09,0.5,0.01,3,150,0.1,1.0,1.0,0.5,0.6
RawPixels,K,0.5294117647058824,0.5184111281672258,0.5221679324979182,61.89,0.5,0.01,3,150,0.1,1.0,1.0,0.5,0.7
RawPixels,K,0.5490196078431373,0.5348484848484848,0.539572192513369,62.15,0.5,0.01,3,150,0.1,1.0,1.0,0.5,0.8
RawPixels,K,0.4117647058823529,0.35097109304426377,0.36426351028216164,61.32,0.5,0.01,3,150,0.1,1.0,5.0,0.5,0.6
RawPixels,K,0.45098039215686275,0.42777777777777776,0.43333333333333335,61.4,0.5,0.01,3,150,0.1,1.0,5.0,0.5,0.7
RawPixels,K,0.5098039215686274,0.47380952380952385,0.4840336134453781,62.25,0.5,0.01,3,150,0.1,1.0,5.0,0.5,0.8
RawPixels,K,0.6078431372549019,0.6123713684689295,0.6109600585927702,56.03,0.5,0.01,3,150,0.3,0.1,1.0,0.5,0.6
RawPixels,K,0.5490196078431373,0.5457572882364979,0.5471701210483636,56.51,0.5,0.01,3,150,0.3,0.1,1.0,0.5,0.7
RawPixels,K,0.5686274509803921,0.5623745819397993,0.5647649026165651,57.06,0.5,0.01,3,150,0.3,0.1,1.0,0.5,0.8
RawPixels,K,0.47058823529411764,0.4427350427350427,0.44917043740573154,55.9,0.5,0.01,3,150,0.3,0.1,5.0,0.5,0.6
RawPixels,K,0.5098039215686274,0.5042735042735043,0.5059254471019177,56.4,0.5,0.01,3,150,0.3,0.1,5.0,0.5,0.7
RawPixels,K,0.5490196078431373,0.5348484848484848,0.539572192513369,56.75,0.5,0.01,3,150,0.3,0.1,5.0,0.5,0.8
RawPixels,K,0.49019607843137253,0.45959595959595956,0.4670231729055258,56.04,0.5,0.01,3,150,0.3,1.0,1.0,0.5,0.6
RawPixels,K,0.5098039215686274,0.5015569226095542,0.504322303083913,56.48,0.5,0.01,3,150,0.3,1.0,1.0,0.5,0.7
RawPixels,K,0.5490196078431373,0.5348484848484848,0.539572192513369,56.49,0.5,0.01,3,150,0.3,1.0,1.0,0.5,0.8
RawPixels,K,0.4117647058823529,0.35097109304426377,0.36426351028216164,56.15,0.5,0.01,3,150,0.3,1.0,5.0,0.5,0.6
RawPixels,K,0.43137254901960786,0.3914395026303204,0.4006245252763946,56.01,0.5,0.01,3,150,0.3,1.0,5.0,0.5,0.7
RawPixels,K,0.49019607843137253,0.4577235772357724,0.4670014347202296,56.27,0.5,0.01,3,150,0.3,1.0,5.0,0.5,0.8
RawPixels,K,0.37254901960784315,0.2893617021276596,0.30638297872340425,14.54,0.5,0.01,4,50,0.1,0.1,1.0,0.5,0.6
RawPixels,K,0.39215686274509803,0.3344202898550725,0.3467391304347826,14.63,0.5,0.01,4,50,0.1,0.1,1.0,0.5,0.7
RawPixels,K,0.43137254901960786,0.37018129871221195,0.38542072151227674,14.7,0.5,0.01,4,50,0.1,0.1,1.0,0.5,0.8
RawPixels,K,0.27450980392156865,0.21016827783745076,0.22253111771024198,14.46,0.5,0.01,4,50,0.1,0.1,5.0,0.5,0.6
RawPixels,K,0.3333333333333333,0.25854700854700857,0.2737556561085973,14.54,0.5,0.01,4,50,0.1,0.1,5.0,0.5,0.7
RawPixels,K,0.37254901960784315,0.2893617021276596,0.30638297872340425,14.6,0.5,0.01,4,50,0.1,0.1,5.0,0.5,0.8
RawPixels,K,0.35294117647058826,0.2724668814894379,0.2884943451064636,14.69,0.5,0.01,4,50,0.1,1.0,1.0,0.5,0.6
RawPixels,K,0.3333333333333333,0.25886143931256717,0.27408858280154164,14.68,0.5,0.01,4,50,0.1,1.0,1.0,0.5,0.7
RawPixels,K,0.39215686274509803,0.3344202898550725,0.3467391304347826,14.68,0.5,0.01,4,50,0.1,1.0,1.0,0.5,0.8
RawPixels,K,0.27450980392156865,0.21016827783745076,0.22253111771024198,14.5,0.5,0.01,4,50,0.1,1.0,5.0,0.5,0.6
RawPixels,K,0.3137254901960784,0.24144144144144145,0.25564387917329096,14.54,0.5,0.01,4,50,0.1,1.0,5.0,0.5,0.7
RawPixels,K,0.35294117647058826,0.2724668814894379,0.2884943451064636,14.68,0.5,0.01,4,50,0.1,1.0,5.0,0.5,0.8
RawPixels,K,0.35294117647058826,0.2724668814894379,0.2884943451064636,13.91,0.5,0.01,4,50,0.3,0.1,1.0,0.5,0.6
RawPixels,K,0.3333333333333333,0.25886143931256717,0.27408858280154164,13.78,0.5,0.01,4,50,0.3,0.1,1.0,0.5,0.7
RawPixels,K,0.4117647058823529,0.3521786492374728,0.3659746251441753,13.77,0.5,0.01,4,50,0.3,0.1,1.0,0.5,0.8
RawPixels,K,0.27450980392156865,0.21016827783745076,0.22253111771024198,14.01,0.5,0.01,4,50,0.3,0.1,5.0,0.5,0.6
RawPixels,K,0.3137254901960784,0.24131757966344433,0.25551273140835284,13.98,0.5,0.01,4,50,0.3,0.1,5.0,0.5,0.7
RawPixels,K,0.35294117647058826,0.2724668814894379,0.2884943451064636,13.98,0.5,0.01,4,50,0.3,0.1,5.0,0.5,0.8
RawPixels,K,0.3137254901960784,0.24131757966344433,0.25551273140835284,14.01,0.5,0.01,4,50,0.3,1.0,1.0,0.5,0.6
RawPixels,K,0.35294117647058826,0.27279279279279284,0.2888394276629571,13.96,0.5,0.01,4,50,0.3,1.0,1.0,0.5,0.7
RawPixels,K,0.37254901960784315,0.28952991452991456,0.30656108597285064,14.11,0.5,0.01,4,50,0.3,1.0,1.0,0.5,0.8
RawPixels,K,0.23529411764705882,0.173202614379085,0.18339100346020762,14.02,0.5,0.01,4,50,0.3,1.0,5.0,0.5,0.6
RawPixels,K,0.29411764705882354,0.22344322344322345,0.2365869424692954,13.89,0.5,0.01,4,50,0.3,1.0,5.0,0.5,0.7
RawPixels,K,0.3137254901960784,0.24131757966344433,0.25551273140835284,13.98,0.5,0.01,4,50,0.3,1.0,5.0,0.5,0.8
RawPixels,K,0.5294117647058824,0.5239234449760765,0.5253307064452575,32.71,0.5,0.01,4,100,0.1,0.1,1.0,0.5,0.6
RawPixels,K,0.5294117647058824,0.5184111281672258,0.5221679324979182,32.79,0.5,0.01,4,100,0.1,0.1,1.0,0.5,0.7
RawPixels,K,0.5686274509803921,0.5619472315124489,0.5643124139287822,32.74,0.5,0.01,4,100,0.1,0.1,1.0,0.5,0.8
RawPixels,K,0.39215686274509803,0.3057617532697066,0.32374773875616,32.63,0.5,0.01,4,100,0.1,0.1,5.0,0.5,0.6
RawPixels,K,0.43137254901960786,0.3672312556458898,0.3814801530368244,32.24,0.5,0.01,4,100,0.1,0.1,5.0,0.5,0.7
RawPixels,K,0.49019607843137253,0.45793650793650803,0.4672268907563025,32.63,0.5,0.01,4,100,0.1,0.1,5.0,0.5,0.8
RawPixels,K,0.47058823529411764,0.42287581699346405,0.43391003460207617,31.65,0.5,0.01,4,100,0.1,1.0,1.0,0.5,0.6
RawPixels,K,0.5098039215686274,0.49191015702643615,0.4973166368515206,32.51,0.5,0.01,4,100,0.1,1.0,1.0,0.5,0.7
RawPixels,K,0.5490196078431373,0.5346712907688517,0.5393845752525809,32.7,0.5,0.01,4,100,0.1,1.0,1.0,0.5,0.8
RawPixels,K,0.35294117647058826,0.2724358974358974,0.2884615384615385,32.62,0.5,0.01,4,100,0.1,1.0,5.0,0.5,0.6
RawPixels,K,0.39215686274509803,0.3060283687943262,0.3240300375469337,31.99,0.5,0.01,4,100,0.1,1.0,5.0,0.5,0.7
RawPixels,K,0.47058823529411764,0.42364040181755197,0.43617652452508604,32.43,0.5,0.01,4,100,0.1,1.0,5.0,0.5,0.8
RawPixels,K,0.47058823529411764,0.44425537278628596,0.45078019863645974,30.46,0.5,0.01,4,100,0.3,0.1,1.0,0.5,0.6
RawPixels,K,0.5294117647058824,0.519100782258677,0.5228981544771019,30.16,0.5,0.01,4,100,0.3,0.1,1.0,0.5,0.7
RawPixels,K,0.5490196078431373,0.5346712907688517,0.5393845752525809,30.53,0.5,0.01,4,100,0.3,0.1,1.0,0.5,0.8
RawPixels,K,0.37254901960784315,0.2893617021276596,0.30638297872340425,30.47,0.5,0.01,4,100,0.3,0.1,5.0,0.5,0.6
RawPixels,K,0.43137254901960786,0.3672312556458898,0.3814801530368244,30.23,0.5,0.01,4,100,0.3,0.1,5.0,0.5,0.7
RawPixels,K,0.47058823529411764,0.42364040181755197,0.43617652452508604,30.49,0.5,0.01,4,100,0.3,0.1,5.0,0.5,0.8
RawPixels,K,0.45098039215686275,0.38275193798449614,0.3979138166894665,29.83,0.5,0.01,4,100,0.3,1.0,1.0,0.5,0.6
RawPixels,K,0.47058823529411764,0.44286999550157446,0.45034532031436053,30.46,0.5,0.01,4,100,0.3,1.0,1.0,0.5,0.7
RawPixels,K,0.5294117647058824,0.5058459156020132,0.5131925941108151,30.48,0.5,0.01,4,100,0.3,1.0,1.0,0.5,0.8
RawPixels,K,0.35294117647058826,0.2724358974358974,0.2884615384615385,30.0,0.5,0.01,4,100,0.3,1.0,5.0,0.5,0.6
RawPixels,K,0.37254901960784315,0.28952991452991456,0.30656108597285064,30.05,0.5,0.01,4,100,0.3,1.0,5.0,0.5,0.7
RawPixels,K,0.47058823529411764,0.42364040181755197,0.43617652452508604,30.81,0.5,0.01,4,100,0.3,1.0,5.0,0.5,0.8
RawPixels,K,0.5882352941176471,0.5955798587377535,0.5931808129950544,61.83,0.5,0.01,4,150,0.1,0.1,1.0,0.5,0.6
RawPixels,K,0.5686274509803921,0.5623745819397993,0.5647649026165651,62.72,0.5,0.01,4,150,0.1,0.1,1.0,0.5,0.7
RawPixels,K,0.5686274509803921,0.5623745819397993,0.5647649026165651,63.25,0.5,0.01,4,150,0.1,0.1,1.0,0.5,0.8
RawPixels,K,0.49019607843137253,0.45959595959595956,0.4670231729055258,61.49,0.5,0.01,4,150,0.1,0.1,5.0,0.5,0.6
RawPixels,K,0.5098039215686274,0.5042735042735043,0.5059254471019177,61.8,0.5,0.01,4,150,0.1,0.1,5.0,0.5,0.7
RawPixels,K,0.5294117647058824,0.5184111281672258,0.5221679324979182,62.69,0.5,0.01,4,150,0.1,0.1,5.0,0.5,0.8
RawPixels,K,0.5490196078431373,0.5519612985953255,0.5508161648992522,61.79,0.5,0.01,4,150,0.1,1.0,1.0,0.5,0.6
RawPixels,K,0.5294117647058824,0.5184111281672258,0.5221679324979182,62.39,0.5,0.01,4,150,0.1,1.0,1.0,0.5,0.7
RawPixels,K,0.5490196078431373,0.5348484848484848,0.539572192513369,62.52,0.5,0.01,4,150,0.1,1.0,1.0,0.5,0.8
RawPixels,K,0.4117647058823529,0.35097109304426377,0.36426351028216164,61.66,0.5,0.01,4,150,0.1,1.0,5.0,0.5,0.6
RawPixels,K,0.45098039215686275,0.42777777777777776,0.43333333333333335,61.62,0.5,0.01,4,150,0.1,1.0,5.0,0.5,0.7
RawPixels,K,0.5098039215686274,0.47380952380952385,0.4840336134453781,62.51,0.5,0.01,4,150,0.1,1.0,5.0,0.5,0.8
RawPixels,K,0.6078431372549019,0.6123713684689295,0.6109600585927702,55.77,0.5,0.01,4,150,0.3,0.1,1.0,0.5,0.6
RawPixels,K,0.5490196078431373,0.5457572882364979,0.5471701210483636,56.84,0.5,0.01,4,150,0.3,0.1,1.0,0.5,0.7
RawPixels,K,0.5686274509803921,0.5623745819397993,0.5647649026165651,56.97,0.5,0.01,4,150,0.3,0.1,1.0,0.5,0.8
RawPixels,K,0.47058823529411764,0.4427350427350427,0.44917043740573154,55.97,0.5,0.01,4,150,0.3,0.1,5.0,0.5,0.6
RawPixels,K,0.5098039215686274,0.5042735042735043,0.5059254471019177,55.81,0.5,0.01,4,150,0.3,0.1,5.0,0.5,0.7
RawPixels,K,0.5490196078431373,0.5348484848484848,0.539572192513369,57.13,0.5,0.01,4,150,0.3,0.1,5.0,0.5,0.8
RawPixels,K,0.49019607843137253,0.45959595959595956,0.4670231729055258,55.89,0.5,0.01,4,150,0.3,1.0,1.0,0.5,0.6
RawPixels,K,0.5098039215686274,0.5015569226095542,0.504322303083913,56.83,0.5,0.01,4,150,0.3,1.0,1.0,0.5,0.7
RawPixels,K,0.5490196078431373,0.5348484848484848,0.539572192513369,55.94,0.5,0.01,4,150,0.3,1.0,1.0,0.5,0.8
RawPixels,K,0.4117647058823529,0.35097109304426377,0.36426351028216164,56.23,0.5,0.01,4,150,0.3,1.0,5.0,0.5,0.6
RawPixels,K,0.43137254901960786,0.3914395026303204,0.4006245252763946,56.26,0.5,0.01,4,150,0.3,1.0,5.0,0.5,0.7
RawPixels,K,0.49019607843137253,0.4577235772357724,0.4670014347202296,56.22,0.5,0.01,4,150,0.3,1.0,5.0,0.5,0.8
RawPixels,K,0.6666666666666666,0.6606837606837607,0.6633484162895928,14.6,0.5,0.05,2,50,0.1,0.1,1.0,0.5,0.6
RawPixels,K,0.6274509803921569,0.6281981981981982,0.6275039745627982,14.7,0.5,0.05,2,50,0.1,0.1,1.0,0.5,0.7
RawPixels,K,0.6470588235294118,0.6511896511896512,0.6487709428885899,14.98,0.5,0.05,2,50,0.1,0.1,1.0,0.5,0.8
RawPixels,K,0.6666666666666666,0.6628828828828829,0.6642289348171702,14.82,0.5,0.05,2,50,0.1,0.1,5.0,0.5,0.6
RawPixels,K,0.5686274509803921,0.5623745819397993,0.5647649026165651,14.9,0.5,0.05,2,50,0.1,0.1,5.0,0.5,0.7
RawPixels,K,0.5882352941176471,0.5876068376068376,0.5878582202111614,14.78,0.5,0.05,2,50,0.1,0.1,5.0,0.5,0.8
RawPixels,K,0.6666666666666666,0.6606837606837607,0.6633484162895928,14.78,0.5,0.05,2,50,0.1,1.0,1.0,0.5,0.6
RawPixels,K,0.6078431372549019,0.6047008547008548,0.6059577677224736,14.97,0.5,0.05,2,50,0.1,1.0,1.0,0.5,0.7
RawPixels,K,0.6078431372549019,0.6047008547008548,0.6059577677224736,14.78,0.5,0.05,2,50,0.1,1.0,1.0,0.5,0.8
RawPixels,K,0.5882352941176471,0.5828206880838459,0.5850186964738049,14.75,0.5,0.05,2,50,0.1,1.0,5.0,0.5,0.6
RawPixels,K,0.5686274509803921,0.5633011478856207,0.5657459724415524,14.59,0.5,0.05,2,50,0.1,1.0,5.0,0.5,0.7
RawPixels,K,0.5686274509803921,0.5633011478856207,0.5657459724415524,14.69,0.5,0.05,2,50,0.1,1.0,5.0,0.5,0.8
RawPixels,K,0.6470588235294118,0.642294291074779,0.6438772131742003,14.44,0.5,0.05,2,50,0.3,0.1,1.0,0.5,0.6
RawPixels,K,0.6078431372549019,0.6047008547008548,0.6059577677224736,14.2,0.5,0.05,2,50,0.3,0.1,1.0,0.5,0.7
RawPixels,K,0.6470588235294118,0.6511896511896512,0.6487709428885899,14.38,0.5,0.05,2,50,0.3,0.1,1.0,0.5,0.8
RawPixels,K,0.6274509803921569,0.6217948717948718,0.6240573152337858,14.18,0.5,0.05,2,50,0.3,0.1,5.0,0.5,0.6
RawPixels,K,0.5686274509803921,0.5633011478856207,0.5657459724415524,14.26,0.5,0.05,2,50,0.3,0.1,5.0,0.5,0.7
RawPixels,K,0.5882352941176471,0.5883040935672516,0.5885964912280702,14.31,0.5,0.05,2,50,0.3,0.1,5.0,0.5,0.8
RawPixels,K,0.6078431372549019,0.6049707602339182,0.6062435500515996,14.15,0.5,0.05,2,50,0.3,1.0,1.0,0.5,0.6
RawPixels,K,0.5686274509803921,0.5633011478856207,0.5657459724415524,14.3,0.5,0.05,2,50,0.3,1.0,1.0,0.5,0.7
RawPixels,K,0.6078431372549019,0.6047008547008548,0.6059577677224736,14.25,0.5,0.05,2,50,0.3,1.0,1.0,0.5,0.8
RawPixels,K,0.5490196078431373,0.5387465387465388,0.5424263071321895,14.14,0.5,0.05,2,50,0.3,1.0,5.0,0.5,0.6
RawPixels,K,0.5686274509803921,0.5633011478856207,0.5657459724415524,14.25,0.5,0.05,2,50,0.3,1.0,5.0,0.5,0.7
RawPixels,K,0.5882352941176471,0.5883040935672516,0.5885964912280702,14.29,0.5,0.05,2,50,0.3,1.0,5.0,0.5,0.8
RawPixels,K,0.6470588235294118,0.6557454890788225,0.6507457683928272,32.7,0.5,0.05,2,100,0.1,0.1,1.0,0.5,0.6
RawPixels,K,0.6274509803921569,0.6281981981981982,0.6275039745627982,33.09,0.5,0.05,2,100,0.1,0.1,1.0,0.5,0.7
RawPixels,K,0.6470588235294118,0.6511896511896512,0.6487709428885899,32.95,0.5,0.05,2,100,0.1,0.1,1.0,0.5,0.8
RawPixels,K,0.6470588235294118,0.6460818713450293,0.6464396284829721,32.99,0.5,0.05,2,100,0.1,0.1,5.0,0.5,0.6
RawPixels,K,0.6274509803921569,0.6281981981981982,0.6275039745627982,32.78,0.5,0.05,2,100,0.1,0.1,5.0,0.5,0.7
RawPixels,K,0.6470588235294118,0.6511396011396011,0.6487179487179489,32.79,0.5,0.05,2,100,0.1,0.1,5.0,0.5,0.8
RawPixels,K,0.6470588235294118,0.6460818713450293,0.6464396284829721,32.64,0.5,0.05,2,100,0.1,1.0,1.0,0.5,0.6
RawPixels,K,0.6274509803921569,0.6281981981981982,0.6275039745627982,32.5,0.5,0.05,2,100,0.1,1.0,1.0,0.5,0.7
RawPixels,K,0.6274509803921569,0.6340956340956342,0.6306713953772778,32.35,0.5,0.05,2,100,0.1,1.0,1.0,0.5,0.8
RawPixels,K,0.6470588235294118,0.6460818713450293,0.6464396284829721,32.21,0.5,0.05,2,100,0.1,1.0,5.0,0.5,0.6
RawPixels,K,0.6078431372549019,0.604093567251462,0.6053147574819402,32.59,0.5,0.05,2,100,0.1,1.0,5.0,0.5,0.7
RawPixels,K,0.6470588235294118,0.6511396011396011,0.6487179487179489,32.51,0.5,0.05,2,100,0.1,1.0,5.0,0.5,0.8
RawPixels,K,0.6274509803921569,0.6281981981981982,0.6275039745627982,30.32,0.5,0.05,2,100,0.3,0.1,1.0,0.5,0.6
RawPixels,K,0.6078431372549019,0.604093567251462,0.6053147574819402,30.22,0.5,0.05,2,100,0.3,0.1,1.0,0.5,0.7
RawPixels,K,0.6274509803921569,0.6340956340956342,0.6306713953772778,30.37,0.5,0.05,2,100,0.3,0.1,1.0,0.5,0.8
RawPixels,K,0.6470588235294118,0.6460818713450293,0.6464396284829721,30.31,0.5,0.05,2,100,0.3,0.1,5.0,0.5,0.6
RawPixels,K,0.6274509803921569,0.6217948717948718,0.6240573152337858,30.16,0.5,0.05,2,100,0.3,0.1,5.0,0.5,0.7
RawPixels,K,0.6470588235294118,0.6511396011396011,0.6487179487179489,30.0,0.5,0.05,2,100,0.3,0.1,5.0,0.5,0.8
RawPixels,K,0.6470588235294118,0.6460818713450293,0.6464396284829721,30.25,0.5,0.05,2,100,0.3,1.0,1.0,0.5,0.6
RawPixels,K,0.6078431372549019,0.604093567251462,0.6053147574819402,30.3,0.5,0.05,2,100,0.3,1.0,1.0,0.5,0.7
RawPixels,K,0.6274509803921569,0.6340956340956342,0.6306713953772778,29.98,0.5,0.05,2,100,0.3,1.0,1.0,0.5,0.8
RawPixels,K,0.6470588235294118,0.6460818713450293,0.6464396284829721,30.29,0.5,0.05,2,100,0.3,1.0,5.0,0.5,0.6
RawPixels,K,0.6078431372549019,0.5961352657004831,0.6005115089514066,30.05,0.5,0.05,2,100,0.3,1.0,5.0,0.5,0.7
RawPixels,K,0.6470588235294118,0.6511396011396011,0.6487179487179489,30.39,0.5,0.05,2,100,0.3,1.0,5.0,0.5,0.8
RawPixels,K,0.6470588235294118,0.6557454890788225,0.6507457683928272,60.91,0.5,0.05,2,150,0.1,0.1,1.0,0.5,0.6
RawPixels,K,0.6470588235294118,0.6511396011396011,0.6487179487179489,61.86,0.5,0.05,2,150,0.1,0.1,1.0,0.5,0.7
RawPixels,K,0.6470588235294118,0.6511896511896512,0.6487709428885899,61.57,0.5,0.05,2,150,0.1,0.1,1.0,0.5,0.8
RawPixels,K,0.6470588235294118,0.6518218623481781,0.6494403429387949,61.25,0.5,0.05,2,150,0.1,0.1,5.0,0.5,0.6
RawPixels,K,0.6470588235294118,0.6511396011396011,0.6487179487179489,62.03,0.5,0.05,2,150,0.1,0.1,5.0,0.5,0.7
RawPixels,K,0.6470588235294118,0.6511396011396011,0.6487179487179489,61.06,0.5,0.05,2,150,0.1,0.1,5.0,0.5,0.8
RawPixels,K,0.6666666666666666,0.6692076692076693,0.6678488443194326,62.07,0.5,0.05,2,150,0.1,1.0,1.0,0.5,0.6
RawPixels,K,0.6470588235294118,0.6511396011396011,0.6487179487179489,61.55,0.5,0.05,2,150,0.1,1.0,1.0,0.5,0.7
RawPixels,K,0.6274509803921569,0.6340956340956342,0.6306713953772778,61.78,0.5,0.05,2,150,0.1,1.0,1.0,0.5,0.8
RawPixels,K,0.6470588235294118,0.6460818713450293,0.6464396284829721,61.37,0.5,0.05,2,150,0.1,1.0,5.0,0.5,0.6
RawPixels,K,0.6470588235294118,0.6511396011396011,0.6487179487179489,61.65,0.5,0.05,2,150,0.1,1.0,5.0,0.5,0.7
RawPixels,K,0.6470588235294118,0.6511396011396011,0.6487179487179489,61.34,0.5,0.05,2,150,0.1,1.0,5.0,0.5,0.8
RawPixels,K,0.6470588235294118,0.6518218623481781,0.6494403429387949,55.54,0.5,0.05,2,150,0.3,0.1,1.0,0.5,0.6
RawPixels,K,0.6470588235294118,0.6511396011396011,0.6487179487179489,57.39,0.5,0.05,2,150,0.3,0.1,1.0,0.5,0.7
RawPixels,K,0.6274509803921569,0.6340956340956342,0.6306713953772778,56.41,0.5,0.05,2,150,0.3,0.1,1.0,0.5,0.8
RawPixels,K,0.6274509803921569,0.6289878542510121,0.6283400809716599,56.02,0.5,0.05,2,150,0.3,0.1,5.0,0.5,0.6
RawPixels,K,0.6470588235294118,0.6511396011396011,0.6487179487179489,56.17,0.5,0.05,2,150,0.3,0.1,5.0,0.5,0.7
RawPixels,K,0.6470588235294118,0.6511396011396011,0.6487179487179489,56.09,0.5,0.05,2,150,0.3,0.1,5.0,0.5,0.8
RawPixels,K,0.6666666666666666,0.6692076692076693,0.6678488443194326,56.13,0.5,0.05,2,150,0.3,1.0,1.0,0.5,0.6
RawPixels,K,0.6470588235294118,0.6511396011396011,0.6487179487179489,56.08,0.5,0.05,2,150,0.3,1.0,1.0,0.5,0.7
RawPixels,K,0.6470588235294118,0.6511396011396011,0.6487179487179489,56.2,0.5,0.05,2,150,0.3,1.0,1.0,0.5,0.8
RawPixels,K,0.6470588235294118,0.6460818713450293,0.6464396284829721,56.2,0.5,0.05,2,150,0.3,1.0,5.0,0.5,0.6
RawPixels,K,0.6274509803921569,0.6281981981981982,0.6275039745627982,55.94,0.5,0.05,2,150,0.3,1.0,5.0,0.5,0.7
RawPixels,K,0.6470588235294118,0.6511396011396011,0.6487179487179489,56.43,0.5,0.05,2,150,0.3,1.0,5.0,0.5,0.8
RawPixels,K,0.6666666666666666,0.6606837606837607,0.6633484162895928,14.75,0.5,0.05,3,50,0.1,0.1,1.0,0.5,0.6
RawPixels,K,0.6274509803921569,0.6281981981981982,0.6275039745627982,14.66,0.5,0.05,3,50,0.1,0.1,1.0,0.5,0.7
RawPixels,K,0.6470588235294118,0.6511896511896512,0.6487709428885899,14.67,0.5,0.05,3,50,0.1,0.1,1.0,0.5,0.8
RawPixels,K,0.6666666666666666,0.6628828828828829,0.6642289348171702,14.65,0.5,0.05,3,50,0.1,0.1,5.0,0.5,0.6
RawPixels,K,0.5686274509803921,0.5623745819397993,0.5647649026165651,14.68,0.5,0.05,3,50,0.1,0.1,5.0,0.5,0.7
RawPixels,K,0.5882352941176471,0.5876068376068376,0.5878582202111614,14.76,0.5,0.05,3,50,0.1,0.1,5.0,0.5,0.8
RawPixels,K,0.6666666666666666,0.6606837606837607,0.6633484162895928,14.58,0.5,0.05,3,50,0.1,1.0,1.0,0.5,0.6
RawPixels,K,0.6078431372549019,0.6047008547008548,0.6059577677224736,14.65,0.5,0.05,3,50,0.1,1.0,1.0,0.5,0.7
RawPixels,K,0.6078431372549019,0.6047008547008548,0.6059577677224736,14.62,0.5,0.05,3,50,0.1,1.0,1.0,0.5,0.8
RawPixels,K,0.5882352941176471,0.5828206880838459,0.5850186964738049,14.73,0.5,0.05,3,50,0.1,1.0,5.0,0.5,0.6
RawPixels,K,0.5686274509803921,0.5633011478856207,0.5657459724415524,14.64,0.5,0.05,3,50,0.1,1.0,5.0,0.5,0.7
RawPixels,K,0.5686274509803921,0.5633011478856207,0.5657459724415524,14.64,0.5,0.05,3,50,0.1,1.0,5.0,0.5,0.8
RawPixels,K,0.6470588235294118,0.642294291074779,0.6438772131742003,14.07,0.5,0.05,3,50,0.3,0.1,1.0,0.5,0.6
RawPixels,K,0.6078431372549019,0.6047008547008548,0.6059577677224736,13.96,0.5,0.05,3,50,0.3,0.1,1.0,0.5,0.7
RawPixels,K,0.6470588235294118,0.6511896511896512,0.6487709428885899,14.11,0.5,0.05,3,50,0.3,0.1,1.0,0.5,0.8
RawPixels,K,0.6274509803921569,0.6217948717948718,0.6240573152337858,14.0,0.5,0.05,3,50,0.3,0.1,5.0,0.5,0.6
RawPixels,K,0.5686274509803921,0.5633011478856207,0.5657459724415524,14.12,0.5,0.05,3,50,0.3,0.1,5.0,0.5,0.7
RawPixels,K,0.5882352941176471,0.5883040935672516,0.5885964912280702,14.22,0.5,0.05,3,50,0.3,0.1,5.0,0.5,0.8
RawPixels,K,0.6078431372549019,0.6049707602339182,0.6062435500515996,13.7,0.5,0.05,3,50,0.3,1.0,1.0,0.5,0.6
RawPixels,K,0.5686274509803921,0.5633011478856207,0.5657459724415524,14.11,0.5,0.05,3,50,0.3,1.0,1.0,0.5,0.7
RawPixels,K,0.6078431372549019,0.6047008547008548,0.6059577677224736,14.06,0.5,0.05,3,50,0.3,1.0,1.0,0.5,0.8
RawPixels,K,0.5490196078431373,0.5387465387465388,0.5424263071321895,14.17,0.5,0.05,3,50,0.3,1.0,5.0,0.5,0.6
RawPixels,K,0.5686274509803921,0.5633011478856207,0.5657459724415524,14.04,0.5,0.05,3,50,0.3,1.0,5.0,0.5,0.7
RawPixels,K,0.5882352941176471,0.5883040935672516,0.5885964912280702,14.08,0.5,0.05,3,50,0.3,1.0,5.0,0.5,0.8
RawPixels,K,0.6470588235294118,0.6557454890788225,0.6507457683928272,32.43,0.5,0.05,3,100,0.1,0.1,1.0,0.5,0.6
RawPixels,K,0.6274509803921569,0.6281981981981982,0.6275039745627982,32.78,0.5,0.05,3,100,0.1,0.1,1.0,0.5,0.7
RawPixels,K,0.6470588235294118,0.6511896511896512,0.6487709428885899,33.0,0.5,0.05,3,100,0.1,0.1,1.0,0.5,0.8
RawPixels,K,0.6470588235294118,0.6460818713450293,0.6464396284829721,32.7,0.5,0.05,3,100,0.1,0.1,5.0,0.5,0.6
RawPixels,K,0.6274509803921569,0.6281981981981982,0.6275039745627982,33.0,0.5,0.05,3,100,0.1,0.1,5.0,0.5,0.7
RawPixels,K,0.6470588235294118,0.6511396011396011,0.6487179487179489,32.93,0.5,0.05,3,100,0.1,0.1,5.0,0.5,0.8
RawPixels,K,0.6470588235294118,0.6460818713450293,0.6464396284829721,32.79,0.5,0.05,3,100,0.1,1.0,1.0,0.5,0.6
RawPixels,K,0.6274509803921569,0.6281981981981982,0.6275039745627982,32.44,0.5,0.05,3,100,0.1,1.0,1.0,0.5,0.7
RawPixels,K,0.6274509803921569,0.6340956340956342,0.6306713953772778,32.94,0.5,0.05,3,100,0.1,1.0,1.0,0.5,0.8
RawPixels,K,0.6470588235294118,0.6460818713450293,0.6464396284829721,32.79,0.5,0.05,3,100,0.1,1.0,5.0,0.5,0.6
RawPixels,K,0.6078431372549019,0.604093567251462,0.6053147574819402,32.6,0.5,0.05,3,100,0.1,1.0,5.0,0.5,0.7
RawPixels,K,0.6470588235294118,0.6511396011396011,0.6487179487179489,32.91,0.5,0.05,3,100,0.1,1.0,5.0,0.5,0.8
RawPixels,K,0.6274509803921569,0.6281981981981982,0.6275039745627982,30.04,0.5,0.05,3,100,0.3,0.1,1.0,0.5,0.6
RawPixels,K,0.6078431372549019,0.604093567251462,0.6053147574819402,30.51,0.5,0.05,3,100,0.3,0.1,1.0,0.5,0.7
RawPixels,K,0.6274509803921569,0.6340956340956342,0.6306713953772778,30.53,0.5,0.05,3,100,0.3,0.1,1.0,0.5,0.8
RawPixels,K,0.6470588235294118,0.6460818713450293,0.6464396284829721,30.01,0.5,0.05,3,100,0.3,0.1,5.0,0.5,0.6
RawPixels,K,0.6274509803921569,0.6217948717948718,0.6240573152337858,30.33,0.5,0.05,3,100,0.3,0.1,5.0,0.5,0.7
RawPixels,K,0.6470588235294118,0.6511396011396011,0.6487179487179489,30.8,0.5,0.05,3,100,0.3,0.1,5.0,0.5,0.8
RawPixels,K,0.6470588235294118,0.6460818713450293,0.6464396284829721,30.16,0.5,0.05,3,100,0.3,1.0,1.0,0.5,0.6
RawPixels,K,0.6078431372549019,0.604093567251462,0.6053147574819402,30.56,0.5,0.05,3,100,0.3,1.0,1.0,0.5,0.7
RawPixels,K,0.6274509803921569,0.6340956340956342,0.6306713953772778,30.66,0.5,0.05,3,100,0.3,1.0,1.0,0.5,0.8
RawPixels,K,0.6470588235294118,0.6460818713450293,0.6464396284829721,30.34,0.5,0.05,3,100,0.3,1.0,5.0,0.5,0.6
RawPixels,K,0.6078431372549019,0.5961352657004831,0.6005115089514066,30.56,0.5,0.05,3,100,0.3,1.0,5.0,0.5,0.7
RawPixels,K,0.6470588235294118,0.6511396011396011,0.6487179487179489,30.66,0.5,0.05,3,100,0.3,1.0,5.0,0.5,0.8
RawPixels,K,0.6470588235294118,0.6557454890788225,0.6507457683928272,62.05,0.5,0.05,3,150,0.1,0.1,1.0,0.5,0.6
RawPixels,K,0.6470588235294118,0.6511396011396011,0.6487179487179489,61.84,0.5,0.05,3,150,0.1,0.1,1.0,0.5,0.7
RawPixels,K,0.6470588235294118,0.6511896511896512,0.6487709428885899,62.26,0.5,0.05,3,150,0.1,0.1,1.0,0.5,0.8
RawPixels,K,0.6470588235294118,0.6518218623481781,0.6494403429387949,61.41,0.5,0.05,3,150,0.1,0.1,5.0,0.5,0.6
RawPixels,K,0.6470588235294118,0.6511396011396011,0.6487179487179489,61.86,0.5,0.05,3,150,0.1,0.1,5.0,0.5,0.7
RawPixels,K,0.6470588235294118,0.6511396011396011,0.6487179487179489,61.67,0.5,0.05,3,150,0.1,0.1,5.0,0.5,0.8
RawPixels,K,0.6666666666666666,0.6692076692076693,0.6678488443194326,61.73,0.5,0.05,3,150,0.1,1.0,1.0,0.5,0.6
RawPixels,K,0.6470588235294118,0.6511396011396011,0.6487179487179489,61.97,0.5,0.05,3,150,0.1,1.0,1.0,0.5,0.7
RawPixels,K,0.6274509803921569,0.6340956340956342,0.6306713953772778,61.63,0.5,0.05,3,150,0.1,1.0,1.0,0.5,0.8
RawPixels,K,0.6470588235294118,0.6460818713450293,0.6464396284829721,61.32,0.5,0.05,3,150,0.1,1.0,5.0,0.5,0.6
RawPixels,K,0.6470588235294118,0.6511396011396011,0.6487179487179489,61.82,0.5,0.05,3,150,0.1,1.0,5.0,0.5,0.7
RawPixels,K,0.6470588235294118,0.6511396011396011,0.6487179487179489,62.0,0.5,0.05,3,150,0.1,1.0,5.0,0.5,0.8
RawPixels,K,0.6470588235294118,0.6518218623481781,0.6494403429387949,55.79,0.5,0.05,3,150,0.3,0.1,1.0,0.5,0.6
RawPixels,K,0.6470588235294118,0.6511396011396011,0.6487179487179489,55.98,0.5,0.05,3,150,0.3,0.1,1.0,0.5,0.7
RawPixels,K,0.6274509803921569,0.6340956340956342,0.6306713953772778,56.72,0.5,0.05,3,150,0.3,0.1,1.0,0.5,0.8
RawPixels,K,0.6274509803921569,0.6289878542510121,0.6283400809716599,56.43,0.5,0.05,3,150,0.3,0.1,5.0,0.5,0.6
RawPixels,K,0.6470588235294118,0.6511396011396011,0.6487179487179489,56.26,0.5,0.05,3,150,0.3,0.1,5.0,0.5,0.7
RawPixels,K,0.6470588235294118,0.6511396011396011,0.6487179487179489,56.74,0.5,0.05,3,150,0.3,0.1,5.0,0.5,0.8
RawPixels,K,0.6666666666666666,0.6692076692076693,0.6678488443194326,56.03,0.5,0.05,3,150,0.3,1.0,1.0,0.5,0.6
RawPixels,K,0.6470588235294118,0.6511396011396011,0.6487179487179489,56.2,0.5,0.05,3,150,0.3,1.0,1.0,0.5,0.7
RawPixels,K,0.6470588235294118,0.6511396011396011,0.6487179487179489,56.65,0.5,0.05,3,150,0.3,1.0,1.0,0.5,0.8
RawPixels,K,0.6470588235294118,0.6460818713450293,0.6464396284829721,56.9,0.5,0.05,3,150,0.3,1.0,5.0,0.5,0.6
RawPixels,K,0.6274509803921569,0.6281981981981982,0.6275039745627982,56.87,0.5,0.05,3,150,0.3,1.0,5.0,0.5,0.7
RawPixels,K,0.6470588235294118,0.6511396011396011,0.6487179487179489,56.64,0.5,0.05,3,150,0.3,1.0,5.0,0.5,0.8
RawPixels,K,0.6666666666666666,0.6606837606837607,0.6633484162895928,14.4,0.5,0.05,4,50,0.1,0.1,1.0,0.5,0.6
RawPixels,K,0.6274509803921569,0.6281981981981982,0.6275039745627982,14.64,0.5,0.05,4,50,0.1,0.1,1.0,0.5,0.7
RawPixels,K,0.6470588235294118,0.6511896511896512,0.6487709428885899,14.72,0.5,0.05,4,50,0.1,0.1,1.0,0.5,0.8
RawPixels,K,0.6666666666666666,0.6628828828828829,0.6642289348171702,14.65,0.5,0.05,4,50,0.1,0.1,5.0,0.5,0.6
RawPixels,K,0.5686274509803921,0.5623745819397993,0.5647649026165651,14.49,0.5,0.05,4,50,0.1,0.1,5.0,0.5,0.7
RawPixels,K,0.5882352941176471,0.5876068376068376,0.5878582202111614,14.61,0.5,0.05,4,50,0.1,0.1,5.0,0.5,0.8
RawPixels,K,0.6666666666666666,0.6606837606837607,0.6633484162895928,14.43,0.5,0.05,4,50,0.1,1.0,1.0,0.5,0.6
RawPixels,K,0.6078431372549019,0.6047008547008548,0.6059577677224736,14.63,0.5,0.05,4,50,0.1,1.0,1.0,0.5,0.7
RawPixels,K,0.6078431372549019,0.6047008547008548,0.6059577677224736,14.86,0.5,0.05,4,50,0.1,1.0,1.0,0.5,0.8
RawPixels,K,0.5882352941176471,0.5828206880838459,0.5850186964738049,14.5,0.5,0.05,4,50,0.1,1.0,5.0,0.5,0.6
RawPixels,K,0.5686274509803921,0.5633011478856207,0.5657459724415524,14.89,0.5,0.05,4,50,0.1,1.0,5.0,0.5,0.7
RawPixels,K,0.5686274509803921,0.5633011478856207,0.5657459724415524,14.66,0.5,0.05,4,50,0.1,1.0,5.0,0.5,0.8
RawPixels,K,0.6470588235294118,0.642294291074779,0.6438772131742003,14.1,0.5,0.05,4,50,0.3,0.1,1.0,0.5,0.6
RawPixels,K,0.6078431372549019,0.6047008547008548,0.6059577677224736,14.16,0.5,0.05,4,50,0.3,0.1,1.0,0.5,0.7
RawPixels,K,0.6470588235294118,0.6511896511896512,0.6487709428885899,13.85,0.5,0.05,4,50,0.3,0.1,1.0,0.5,0.8
RawPixels,K,0.6274509803921569,0.6217948717948718,0.6240573152337858,13.99,0.5,0.05,4,50,0.3,0.1,5.0,0.5,0.6
RawPixels,K,0.5686274509803921,0.5633011478856207,0.5657459724415524,13.84,0.5,0.05,4,50,0.3,0.1,5.0,0.5,0.7
RawPixels,K,0.5882352941176471,0.5883040935672516,0.5885964912280702,14.26,0.5,0.05,4,50,0.3,0.1,5.0,0.5,0.8
RawPixels,K,0.6078431372549019,0.6049707602339182,0.6062435500515996,13.99,0.5,0.05,4,50,0.3,1.0,1.0,0.5,0.6
RawPixels,K,0.5686274509803921,0.5633011478856207,0.5657459724415524,14.07,0.5,0.05,4,50,0.3,1.0,1.0,0.5,0.7
RawPixels,K,0.6078431372549019,0.6047008547008548,0.6059577677224736,13.83,0.5,0.05,4,50,0.3,1.0,1.0,0.5,0.8
RawPixels,K,0.5490196078431373,0.5387465387465388,0.5424263071321895,13.97,0.5,0.05,4,50,0.3,1.0,5.0,0.5,0.6
RawPixels,K,0.5686274509803921,0.5633011478856207,0.5657459724415524,13.94,0.5,0.05,4,50,0.3,1.0,5.0,0.5,0.7
RawPixels,K,0.5882352941176471,0.5883040935672516,0.5885964912280702,14.22,0.5,0.05,4,50,0.3,1.0,5.0,0.5,0.8
RawPixels,K,0.6470588235294118,0.6557454890788225,0.6507457683928272,32.7,0.5,0.05,4,100,0.1,0.1,1.0,0.5,0.6
RawPixels,K,0.6274509803921569,0.6281981981981982,0.6275039745627982,33.02,0.5,0.05,4,100,0.1,0.1,1.0,0.5,0.7
RawPixels,K,0.6470588235294118,0.6511896511896512,0.6487709428885899,32.95,0.5,0.05,4,100,0.1,0.1,1.0,0.5,0.8
RawPixels,K,0.6470588235294118,0.6460818713450293,0.6464396284829721,32.46,0.5,0.05,4,100,0.1,0.1,5.0,0.5,0.6
RawPixels,K,0.6274509803921569,0.6281981981981982,0.6275039745627982,32.58,0.5,0.05,4,100,0.1,0.1,5.0,0.5,0.7
RawPixels,K,0.6470588235294118,0.6511396011396011,0.6487179487179489,33.25,0.5,0.05,4,100,0.1,0.1,5.0,0.5,0.8
RawPixels,K,0.6470588235294118,0.6460818713450293,0.6464396284829721,32.71,0.5,0.05,4,100,0.1,1.0,1.0,0.5,0.6
RawPixels,K,0.6274509803921569,0.6281981981981982,0.6275039745627982,32.66,0.5,0.05,4,100,0.1,1.0,1.0,0.5,0.7
RawPixels,K,0.6274509803921569,0.6340956340956342,0.6306713953772778,33.05,0.5,0.05,4,100,0.1,1.0,1.0,0.5,0.8
RawPixels,K,0.6470588235294118,0.6460818713450293,0.6464396284829721,32.97,0.5,0.05,4,100,0.1,1.0,5.0,0.5,0.6
RawPixels,K,0.6078431372549019,0.604093567251462,0.6053147574819402,32.86,0.5,0.05,4,100,0.1,1.0,5.0,0.5,0.7
RawPixels,K,0.6470588235294118,0.6511396011396011,0.6487179487179489,33.11,0.5,0.05,4,100,0.1,1.0,5.0,0.5,0.8
RawPixels,K,0.6274509803921569,0.6281981981981982,0.6275039745627982,30.46,0.5,0.05,4,100,0.3,0.1,1.0,0.5,0.6
RawPixels,K,0.6078431372549019,0.604093567251462,0.6053147574819402,30.35,0.5,0.05,4,100,0.3,0.1,1.0,0.5,0.7
RawPixels,K,0.6274509803921569,0.6340956340956342,0.6306713953772778,30.82,0.5,0.05,4,100,0.3,0.1,1.0,0.5,0.8
RawPixels,K,0.6470588235294118,0.6460818713450293,0.6464396284829721,30.52,0.5,0.05,4,100,0.3,0.1,5.0,0.5,0.6
RawPixels,K,0.6274509803921569,0.6217948717948718,0.6240573152337858,30.84,0.5,0.05,4,100,0.3,0.1,5.0,0.5,0.7
RawPixels,K,0.6470588235294118,0.6511396011396011,0.6487179487179489,30.54,0.5,0.05,4,100,0.3,0.1,5.0,0.5,0.8
RawPixels,K,0.6470588235294118,0.6460818713450293,0.6464396284829721,31.41,0.5,0.05,4,100,0.3,1.0,1.0,0.5,0.6
RawPixels,K,0.6078431372549019,0.604093567251462,0.6053147574819402,30.37,0.5,0.05,4,100,0.3,1.0,1.0,0.5,0.7
RawPixels,K,0.6274509803921569,0.6340956340956342,0.6306713953772778,31.03,0.5,0.05,4,100,0.3,1.0,1.0,0.5,0.8
RawPixels,K,0.6470588235294118,0.6460818713450293,0.6464396284829721,30.89,0.5,0.05,4,100,0.3,1.0,5.0,0.5,0.6
RawPixels,K,0.6078431372549019,0.5961352657004831,0.6005115089514066,31.0,0.5,0.05,4,100,0.3,1.0,5.0,0.5,0.7
RawPixels,K,0.6470588235294118,0.6511396011396011,0.6487179487179489,30.66,0.5,0.05,4,100,0.3,1.0,5.0,0.5,0.8
RawPixels,K,0.6470588235294118,0.6557454890788225,0.6507457683928272,62.18,0.5,0.05,4,150,0.1,0.1,1.0,0.5,0.6
RawPixels,K,0.6470588235294118,0.6511396011396011,0.6487179487179489,61.73,0.5,0.05,4,150,0.1,0.1,1.0,0.5,0.7
RawPixels,K,0.6470588235294118,0.6511896511896512,0.6487709428885899,63.17,0.5,0.05,4,150,0.1,0.1,1.0,0.5,0.8
RawPixels,K,0.6470588235294118,0.6518218623481781,0.6494403429387949,62.34,0.5,0.05,4,150,0.1,0.1,5.0,0.5,0.6
RawPixels,K,0.6470588235294118,0.6511396011396011,0.6487179487179489,61.99,0.5,0.05,4,150,0.1,0.1,5.0,0.5,0.7
RawPixels,K,0.6470588235294118,0.6511396011396011,0.6487179487179489,62.68,0.5,0.05,4,150,0.1,0.1,5.0,0.5,0.8
RawPixels,K,0.6666666666666666,0.6692076692076693,0.6678488443194326,61.39,0.5,0.05,4,150,0.1,1.0,1.0,0.5,0.6
RawPixels,K,0.6470588235294118,0.6511396011396011,0.6487179487179489,62.25,0.5,0.05,4,150,0.1,1.0,1.0,0.5,0.7
RawPixels,K,0.6274509803921569,0.6340956340956342,0.6306713953772778,62.39,0.5,0.05,4,150,0.1,1.0,1.0,0.5,0.8
RawPixels,K,0.6470588235294118,0.6460818713450293,0.6464396284829721,61.95,0.5,0.05,4,150,0.1,1.0,5.0,0.5,0.6
RawPixels,K,0.6470588235294118,0.6511396011396011,0.6487179487179489,62.42,0.5,0.05,4,150,0.1,1.0,5.0,0.5,0.7
RawPixels,K,0.6470588235294118,0.6511396011396011,0.6487179487179489,62.81,0.5,0.05,4,150,0.1,1.0,5.0,0.5,0.8
RawPixels,K,0.6470588235294118,0.6518218623481781,0.6494403429387949,55.38,0.5,0.05,4,150,0.3,0.1,1.0,0.5,0.6
RawPixels,K,0.6470588235294118,0.6511396011396011,0.6487179487179489,56.68,0.5,0.05,4,150,0.3,0.1,1.0,0.5,0.7
RawPixels,K,0.6274509803921569,0.6340956340956342,0.6306713953772778,57.13,0.5,0.05,4,150,0.3,0.1,1.0,0.5,0.8
RawPixels,K,0.6274509803921569,0.6289878542510121,0.6283400809716599,56.17,0.5,0.05,4,150,0.3,0.1,5.0,0.5,0.6
RawPixels,K,0.6470588235294118,0.6511396011396011,0.6487179487179489,56.23,0.5,0.05,4,150,0.3,0.1,5.0,0.5,0.7
RawPixels,K,0.6470588235294118,0.6511396011396011,0.6487179487179489,56.59,0.5,0.05,4,150,0.3,0.1,5.0,0.5,0.8
RawPixels,K,0.6666666666666666,0.6692076692076693,0.6678488443194326,56.46,0.5,0.05,4,150,0.3,1.0,1.0,0.5,0.6
RawPixels,K,0.6470588235294118,0.6511396011396011,0.6487179487179489,56.69,0.5,0.05,4,150,0.3,1.0,1.0,0.5,0.7
RawPixels,K,0.6470588235294118,0.6511396011396011,0.6487179487179489,56.94,0.5,0.05,4,150,0.3,1.0,1.0,0.5,0.8
RawPixels,K,0.6470588235294118,0.6460818713450293,0.6464396284829721,56.43,0.5,0.05,4,150,0.3,1.0,5.0,0.5,0.6
RawPixels,K,0.6274509803921569,0.6281981981981982,0.6275039745627982,56.91,0.5,0.05,4,150,0.3,1.0,5.0,0.5,0.7
RawPixels,K,0.6470588235294118,0.6511396011396011,0.6487179487179489,57.14,0.5,0.05,4,150,0.3,1.0,5.0,0.5,0.8
RawPixels,K,0.6666666666666666,0.6666666666666666,0.6666666666666666,14.72,0.5,0.1,2,50,0.1,0.1,1.0,0.5,0.6
RawPixels,K,0.6666666666666666,0.669365721997301,0.6680161943319838,14.64,0.5,0.1,2,50,0.1,0.1,1.0,0.5,0.7
RawPixels,K,0.6470588235294118,0.6511396011396011,0.6487179487179489,15.05,0.5,0.1,2,50,0.1,0.1,1.0,0.5,0.8
RawPixels,K,0.6666666666666666,0.6666666666666666,0.6666666666666666,14.83,0.5,0.1,2,50,0.1,0.1,5.0,0.5,0.6
RawPixels,K,0.6274509803921569,0.6281981981981982,0.6275039745627982,14.5,0.5,0.1,2,50,0.1,0.1,5.0,0.5,0.7
RawPixels,K,0.6470588235294118,0.6511396011396011,0.6487179487179489,14.84,0.5,0.1,2,50,0.1,0.1,5.0,0.5,0.8
RawPixels,K,0.6666666666666666,0.6666666666666666,0.6666666666666666,14.8,0.5,0.1,2,50,0.1,1.0,1.0,0.5,0.6
RawPixels,K,0.6666666666666666,0.6692076692076693,0.6678488443194326,14.91,0.5,0.1,2,50,0.1,1.0,1.0,0.5,0.7
RawPixels,K,0.6470588235294118,0.6511896511896512,0.6487709428885899,14.71,0.5,0.1,2,50,0.1,1.0,1.0,0.5,0.8
RawPixels,K,0.6666666666666666,0.6606837606837607,0.6633484162895928,14.61,0.5,0.1,2,50,0.1,1.0,5.0,0.5,0.6
RawPixels,K,0.6078431372549019,0.604093567251462,0.6053147574819402,14.91,0.5,0.1,2,50,0.1,1.0,5.0,0.5,0.7
RawPixels,K,0.6274509803921569,0.6285380116959064,0.6278637770897832,15.2,0.5,0.1,2,50,0.1,1.0,5.0,0.5,0.8
RawPixels,K,0.6862745098039216,0.684126984126984,0.6851540616246499,14.26,0.5,0.1,2,50,0.3,0.1,1.0,0.5,0.6
RawPixels,K,0.6470588235294118,0.6557454890788225,0.6507457683928272,13.96,0.5,0.1,2,50,0.3,0.1,1.0,0.5,0.7
RawPixels,K,0.6274509803921569,0.6342780026990553,0.6308644915456062,13.98,0.5,0.1,2,50,0.3,0.1,1.0,0.5,0.8
RawPixels,K,0.6470588235294118,0.642294291074779,0.6438772131742003,13.86,0.5,0.1,2,50,0.3,0.1,5.0,0.5,0.6
RawPixels,K,0.6470588235294118,0.6511396011396011,0.6487179487179489,14.29,0.5,0.1,2,50,0.3,0.1,5.0,0.5,0.7
RawPixels,K,0.6274509803921569,0.6285380116959064,0.6278637770897832,14.36,0.5,0.1,2,50,0.3,0.1,5.0,0.5,0.8
RawPixels,K,0.6862745098039216,0.684126984126984,0.6851540616246499,14.23,0.5,0.1,2,50,0.3,1.0,1.0,0.5,0.6
RawPixels,K,0.6470588235294118,0.6460818713450293,0.6464396284829721,14.13,0.5,0.1,2,50,0.3,1.0,1.0,0.5,0.7
RawPixels,K,0.6274509803921569,0.635019635019635,0.6316497492968082,14.23,0.5,0.1,2,50,0.3,1.0,1.0,0.5,0.8
RawPixels,K,0.6470588235294118,0.6362162162162163,0.6406995230524642,13.87,0.5,0.1,2,50,0.3,1.0,5.0,0.5,0.6
RawPixels,K,0.5882352941176471,0.5794685990338165,0.5828644501278772,14.24,0.5,0.1,2,50,0.3,1.0,5.0,0.5,0.7
RawPixels,K,0.6274509803921569,0.6285380116959064,0.6278637770897832,14.41,0.5,0.1,2,50,0.3,1.0,5.0,0.5,0.8
RawPixels,K,0.6274509803921569,0.637389770723104,0.631310301898537,32.89,0.5,0.1,2,100,0.1,0.1,1.0,0.5,0.6
RawPixels,K,0.6862745098039216,0.690782059950417,0.6867915523207255,33.13,0.5,0.1,2,100,0.1,0.1,1.0,0.5,0.7
RawPixels,K,0.6274509803921569,0.6342780026990553,0.6308644915456062,33.04,0.5,0.1,2,100,0.1,0.1,1.0,0.5,0.8
RawPixels,K,0.6274509803921569,0.6340956340956342,0.6306713953772778,32.88,0.5,0.1,2,100,0.1,0.1,5.0,0.5,0.6
RawPixels,K,0.6666666666666666,0.6731040564373897,0.6691254279489572,32.61,0.5,0.1,2,100,0.1,0.1,5.0,0.5,0.7
RawPixels,K,0.6274509803921569,0.6342780026990553,0.6308644915456062,33.14,0.5,0.1,2,100,0.1,0.1,5.0,0.5,0.8
RawPixels,K,0.6666666666666666,0.670843776106934,0.6682883679787706,32.82,0.5,0.1,2,100,0.1,1.0,1.0,0.5,0.6
RawPixels,K,0.6470588235294118,0.6511396011396011,0.6487179487179489,32.65,0.5,0.1,2,100,0.1,1.0,1.0,0.5,0.7
RawPixels,K,0.6274509803921569,0.6342780026990553,0.6308644915456062,33.16,0.5,0.1,2,100,0.1,1.0,1.0,0.5,0.8
RawPixels,K,0.6470588235294118,0.6484126984126983,0.6473389355742296,32.71,0.5,0.1,2,100,0.1,1.0,5.0,0.5,0.6
RawPixels,K,0.6274509803921569,0.6281981981981982,0.6275039745627982,32.92,0.5,0.1,2,100,0.1,1.0,5.0,0.5,0.7
RawPixels,K,0.6470588235294118,0.6511396011396011,0.6487179487179489,33.01,0.5,0.1,2,100,0.1,1.0,5.0,0.5,0.8
RawPixels,K,0.6470588235294118,0.6543741254406008,0.6492937363052985,30.76,0.5,0.1,2,100,0.3,0.1,1.0,0.5,0.6
RawPixels,K,0.6274509803921569,0.637389770723104,0.631310301898537,30.45,0.5,0.1,2,100,0.3,0.1,1.0,0.5,0.7
RawPixels,K,0.5882352941176471,0.5948648648648649,0.5922098569157392,30.34,0.5,0.1,2,100,0.3,0.1,1.0,0.5,0.8
RawPixels,K,0.6470588235294118,0.6557454890788225,0.6507457683928272,30.04,0.5,0.1,2,100,0.3,0.1,5.0,0.5,0.6
RawPixels,K,0.6470588235294118,0.6511396011396011,0.6487179487179489,30.73,0.5,0.1,2,100,0.3,0.1,5.0,0.5,0.7
RawPixels,K,0.6470588235294118,0.6557454890788225,0.6507457683928272,30.72,0.5,0.1,2,100,0.3,0.1,5.0,0.5,0.8
RawPixels,K,0.6862745098039216,0.688888888888889,0.6873949579831933,30.54,0.5,0.1,2,100,0.3,1.0,1.0,0.5,0.6
RawPixels,K,0.6666666666666666,0.6731040564373897,0.6691254279489572,30.33,0.5,0.1,2,100,0.3,1.0,1.0,0.5,0.7
RawPixels,K,0.6274509803921569,0.6342780026990553,0.6308644915456062,30.52,0.5,0.1,2,100,0.3,1.0,1.0,0.5,0.8
RawPixels,K,0.6470588235294118,0.6460818713450293,0.6464396284829721,30.82,0.5,0.1,2,100,0.3,1.0,5.0,0.5,0.6
RawPixels,K,0.6078431372549019,0.604093567251462,0.6053147574819402,30.72,0.5,0.1,2,100,0.3,1.0,5.0,0.5,0.7
RawPixels,K,0.6470588235294118,0.6511396011396011,0.6487179487179489,30.69,0.5,0.1,2,100,0.3,1.0,5.0,0.5,0.8
RawPixels,K,0.6274509803921569,0.637389770723104,0.631310301898537,61.14,0.5,0.1,2,150,0.1,0.1,1.0,0.5,0.6
RawPixels,K,0.6274509803921569,0.6381981981981982,0.6333863275039746,61.7,0.5,0.1,2,150,0.1,0.1,1.0,0.5,0.7
RawPixels,K,0.6274509803921569,0.638110661268556,0.6332936413431769,61.83,0.5,0.1,2,150,0.1,0.1,1.0,0.5,0.8
RawPixels,K,0.6470588235294118,0.6489647542279121,0.6479234652609265,61.97,0.5,0.1,2,150,0.1,0.1,5.0,0.5,0.6
RawPixels,K,0.6666666666666666,0.6731040564373897,0.6691254279489572,61.84,0.5,0.1,2,150,0.1,0.1,5.0,0.5,0.7
RawPixels,K,0.6274509803921569,0.630946736209894,0.628845563830084,62.02,0.5,0.1,2,150,0.1,0.1,5.0,0.5,0.8
RawPixels,K,0.6666666666666666,0.670843776106934,0.6682883679787706,62.04,0.5,0.1,2,150,0.1,1.0,1.0,0.5,0.6
RawPixels,K,0.6470588235294118,0.6511396011396011,0.6487179487179489,61.93,0.5,0.1,2,150,0.1,1.0,1.0,0.5,0.7
RawPixels,K,0.6274509803921569,0.630946736209894,0.628845563830084,62.01,0.5,0.1,2,150,0.1,1.0,1.0,0.5,0.8
RawPixels,K,0.6470588235294118,0.6518218623481781,0.6494403429387949,61.45,0.5,0.1,2,150,0.1,1.0,5.0,0.5,0.6
RawPixels,K,0.6470588235294118,0.6511396011396011,0.6487179487179489,61.46,0.5,0.1,2,150,0.1,1.0,5.0,0.5,0.7
RawPixels,K,0.6470588235294118,0.6511396011396011,0.6487179487179489,62.03,0.5,0.1,2,150,0.1,1.0,5.0,0.5,0.8
RawPixels,K,0.6274509803921569,0.6344729344729345,0.6310708898944193,55.71,0.5,0.1,2,150,0.3,0.1,1.0,0.5,0.6
RawPixels,K,0.6274509803921569,0.6386514719848053,0.6326462208815149,56.6,0.5,0.1,2,150,0.3,0.1,1.0,0.5,0.7
RawPixels,K,0.5686274509803921,0.576846846846847,0.5731319554848967,57.39,0.5,0.1,2,150,0.3,0.1,1.0,0.5,0.8
RawPixels,K,0.6274509803921569,0.6340956340956342,0.6306713953772778,55.97,0.5,0.1,2,150,0.3,0.1,5.0,0.5,0.6
RawPixels,K,0.6470588235294118,0.6511396011396011,0.6487179487179489,56.1,0.5,0.1,2,150,0.3,0.1,5.0,0.5,0.7
RawPixels,K,0.6666666666666666,0.6761347813979394,0.6696889282028602,56.58,0.5,0.1,2,150,0.3,0.1,5.0,0.5,0.8
RawPixels,K,0.6666666666666666,0.670843776106934,0.6682883679787706,55.86,0.5,0.1,2,150,0.3,1.0,1.0,0.5,0.6
RawPixels,K,0.6666666666666666,0.6731040564373897,0.6691254279489572,55.93,0.5,0.1,2,150,0.3,1.0,1.0,0.5,0.7
RawPixels,K,0.6274509803921569,0.6342780026990553,0.6308644915456062,56.37,0.5,0.1,2,150,0.3,1.0,1.0,0.5,0.8
RawPixels,K,0.6666666666666666,0.6692076692076693,0.6678488443194326,60.14,0.5,0.1,2,150,0.3,1.0,5.0,0.5,0.6
RawPixels,K,0.6470588235294118,0.6511396011396011,0.6487179487179489,57.66,0.5,0.1,2,150,0.3,1.0,5.0,0.5,0.7
RawPixels,K,0.6470588235294118,0.6511896511896512,0.6487709428885899,56.55,0.5,0.1,2,150,0.3,1.0,5.0,0.5,0.8
RawPixels,K,0.6666666666666666,0.6666666666666666,0.6666666666666666,14.71,0.5,0.1,3,50,0.1,0.1,1.0,0.5,0.6
RawPixels,K,0.6666666666666666,0.669365721997301,0.6680161943319838,14.84,0.5,0.1,3,50,0.1,0.1,1.0,0.5,0.7
RawPixels,K,0.6470588235294118,0.6511396011396011,0.6487179487179489,14.9,0.5,0.1,3,50,0.1,0.1,1.0,0.5,0.8
RawPixels,K,0.6666666666666666,0.6666666666666666,0.6666666666666666,14.85,0.5,0.1,3,50,0.1,0.1,5.0,0.5,0.6
RawPixels,K,0.6274509803921569,0.6281981981981982,0.6275039745627982,14.75,0.5,0.1,3,50,0.1,0.1,5.0,0.5,0.7
RawPixels,K,0.6470588235294118,0.6511396011396011,0.6487179487179489,15.11,0.5,0.1,3,50,0.1,0.1,5.0,0.5,0.8
RawPixels,K,0.6666666666666666,0.6666666666666666,0.6666666666666666,14.79,0.5,0.1,3,50,0.1,1.0,1.0,0.5,0.6
RawPixels,K,0.6666666666666666,0.6692076692076693,0.6678488443194326,14.68,0.5,0.1,3,50,0.1,1.0,1.0,0.5,0.7
RawPixels,K,0.6470588235294118,0.6511896511896512,0.6487709428885899,14.89,0.5,0.1,3,50,0.1,1.0,1.0,0.5,0.8
RawPixels,K,0.6666666666666666,0.6606837606837607,0.6633484162895928,14.86,0.5,0.1,3,50,0.1,1.0,5.0,0.5,0.6
RawPixels,K,0.6078431372549019,0.604093567251462,0.6053147574819402,14.97,0.5,0.1,3,50,0.1,1.0,5.0,0.5,0.7
RawPixels,K,0.6274509803921569,0.6285380116959064,0.6278637770897832,15.27,0.5,0.1,3,50,0.1,1.0,5.0,0.5,0.8
RawPixels,K,0.6862745098039216,0.684126984126984,0.6851540616246499,14.34,0.5,0.1,3,50,0.3,0.1,1.0,0.5,0.6
RawPixels,K,0.6470588235294118,0.6557454890788225,0.6507457683928272,14.44,0.5,0.1,3,50,0.3,0.1,1.0,0.5,0.7
RawPixels,K,0.6274509803921569,0.6342780026990553,0.6308644915456062,14.01,0.5,0.1,3,50,0.3,0.1,1.0,0.5,0.8
RawPixels,K,0.6470588235294118,0.642294291074779,0.6438772131742003,14.2,0.5,0.1,3,50,0.3,0.1,5.0,0.5,0.6
RawPixels,K,0.6470588235294118,0.6511396011396011,0.6487179487179489,14.39,0.5,0.1,3,50,0.3,0.1,5.0,0.5,0.7
RawPixels,K,0.6274509803921569,0.6285380116959064,0.6278637770897832,14.51,0.5,0.1,3,50,0.3,0.1,5.0,0.5,0.8
RawPixels,K,0.6862745098039216,0.684126984126984,0.6851540616246499,14.07,0.5,0.1,3,50,0.3,1.0,1.0,0.5,0.6
RawPixels,K,0.6470588235294118,0.6460818713450293,0.6464396284829721,14.21,0.5,0.1,3,50,0.3,1.0,1.0,0.5,0.7
RawPixels,K,0.6274509803921569,0.635019635019635,0.6316497492968082,14.54,0.5,0.1,3,50,0.3,1.0,1.0,0.5,0.8
RawPixels,K,0.6470588235294118,0.6362162162162163,0.6406995230524642,14.34,0.5,0.1,3,50,0.3,1.0,5.0,0.5,0.6
RawPixels,K,0.5882352941176471,0.5794685990338165,0.5828644501278772,14.03,0.5,0.1,3,50,0.3,1.0,5.0,0.5,0.7
RawPixels,K,0.6274509803921569,0.6285380116959064,0.6278637770897832,14.13,0.5,0.1,3,50,0.3,1.0,5.0,0.5,0.8
RawPixels,K,0.6274509803921569,0.637389770723104,0.631310301898537,32.93,0.5,0.1,3,100,0.1,0.1,1.0,0.5,0.6
RawPixels,K,0.6862745098039216,0.690782059950417,0.6867915523207255,33.21,0.5,0.1,3,100,0.1,0.1,1.0,0.5,0.7
RawPixels,K,0.6274509803921569,0.6342780026990553,0.6308644915456062,33.05,0.5,0.1,3,100,0.1,0.1,1.0,0.5,0.8
RawPixels,K,0.6274509803921569,0.6340956340956342,0.6306713953772778,32.96,0.5,0.1,3,100,0.1,0.1,5.0,0.5,0.6
RawPixels,K,0.6666666666666666,0.6731040564373897,0.6691254279489572,33.04,0.5,0.1,3,100,0.1,0.1,5.0,0.5,0.7
RawPixels,K,0.6274509803921569,0.6342780026990553,0.6308644915456062,33.37,0.5,0.1,3,100,0.1,0.1,5.0,0.5,0.8
RawPixels,K,0.6666666666666666,0.670843776106934,0.6682883679787706,33.11,0.5,0.1,3,100,0.1,1.0,1.0,0.5,0.6
RawPixels,K,0.6470588235294118,0.6511396011396011,0.6487179487179489,32.83,0.5,0.1,3,100,0.1,1.0,1.0,0.5,0.7
RawPixels,K,0.6274509803921569,0.6342780026990553,0.6308644915456062,33.08,0.5,0.1,3,100,0.1,1.0,1.0,0.5,0.8
RawPixels,K,0.6470588235294118,0.6484126984126983,0.6473389355742296,33.03,0.5,0.1,3,100,0.1,1.0,5.0,0.5,0.6
RawPixels,K,0.6274509803921569,0.6281981981981982,0.6275039745627982,32.84,0.5,0.1,3,100,0.1,1.0,5.0,0.5,0.7
RawPixels,K,0.6470588235294118,0.6511396011396011,0.6487179487179489,33.18,0.5,0.1,3,100,0.1,1.0,5.0,0.5,0.8
RawPixels,K,0.6470588235294118,0.6543741254406008,0.6492937363052985,30.24,0.5,0.1,3,100,0.3,0.1,1.0,0.5,0.6
RawPixels,K,0.6274509803921569,0.637389770723104,0.631310301898537,30.46,0.5,0.1,3,100,0.3,0.1,1.0,0.5,0.7
RawPixels,K,0.5882352941176471,0.5948648648648649,0.5922098569157392,30.64,0.5,0.1,3,100,0.3,0.1,1.0,0.5,0.8
RawPixels,K,0.6470588235294118,0.6557454890788225,0.6507457683928272,30.67,0.5,0.1,3,100,0.3,0.1,5.0,0.5,0.6
RawPixels,K,0.6470588235294118,0.6511396011396011,0.6487179487179489,31.07,0.5,0.1,3,100,0.3,0.1,5.0,0.5,0.7
RawPixels,K,0.6470588235294118,0.6557454890788225,0.6507457683928272,30.85,0.5,0.1,3,100,0.3,0.1,5.0,0.5,0.8
RawPixels,K,0.6862745098039216,0.688888888888889,0.6873949579831933,30.33,0.5,0.1,3,100,0.3,1.0,1.0,0.5,0.6
RawPixels,K,0.6666666666666666,0.6731040564373897,0.6691254279489572,30.59,0.5,0.1,3,100,0.3,1.0,1.0,0.5,0.7
RawPixels,K,0.6274509803921569,0.6342780026990553,0.6308644915456062,30.8,0.5,0.1,3,100,0.3,1.0,1.0,0.5,0.8
RawPixels,K,0.6470588235294118,0.6460818713450293,0.6464396284829721,30.34,0.5,0.1,3,100,0.3,1.0,5.0,0.5,0.6
RawPixels,K,0.6078431372549019,0.604093567251462,0.6053147574819402,30.96,0.5,0.1,3,100,0.3,1.0,5.0,0.5,0.7
RawPixels,K,0.6470588235294118,0.6511396011396011,0.6487179487179489,30.73,0.5,0.1,3,100,0.3,1.0,5.0,0.5,0.8
RawPixels,K,0.6274509803921569,0.637389770723104,0.631310301898537,61.47,0.5,0.1,3,150,0.1,0.1,1.0,0.5,0.6
RawPixels,K,0.6274509803921569,0.6381981981981982,0.6333863275039746,62.11,0.5,0.1,3,150,0.1,0.1,1.0,0.5,0.7
RawPixels,K,0.6274509803921569,0.638110661268556,0.6332936413431769,62.11,0.5,0.1,3,150,0.1,0.1,1.0,0.5,0.8
RawPixels,K,0.6470588235294118,0.6489647542279121,0.6479234652609265,61.26,0.5,0.1,3,150,0.1,0.1,5.0,0.5,0.6
RawPixels,K,0.6666666666666666,0.6731040564373897,0.6691254279489572,61.45,0.5,0.1,3,150,0.1,0.1,5.0,0.5,0.7
RawPixels,K,0.6274509803921569,0.630946736209894,0.628845563830084,62.21,0.5,0.1,3,150,0.1,0.1,5.0,0.5,0.8
RawPixels,K,0.6666666666666666,0.670843776106934,0.6682883679787706,61.8,0.5,0.1,3,150,0.1,1.0,1.0,0.5,0.6
RawPixels,K,0.6470588235294118,0.6511396011396011,0.6487179487179489,61.49,0.5,0.1,3,150,0.1,1.0,1.0,0.5,0.7
RawPixels,K,0.6274509803921569,0.630946736209894,0.628845563830084,63.0,0.5,0.1,3,150,0.1,1.0,1.0,0.5,0.8
RawPixels,K,0.6470588235294118,0.6518218623481781,0.6494403429387949,61.91,0.5,0.1,3,150,0.1,1.0,5.0,0.5,0.6
RawPixels,K,0.6470588235294118,0.6511396011396011,0.6487179487179489,61.9,0.5,0.1,3,150,0.1,1.0,5.0,0.5,0.7
RawPixels,K,0.6470588235294118,0.6511396011396011,0.6487179487179489,62.18,0.5,0.1,3,150,0.1,1.0,5.0,0.5,0.8
RawPixels,K,0.6274509803921569,0.6344729344729345,0.6310708898944193,56.07,0.5,0.1,3,150,0.3,0.1,1.0,0.5,0.6
RawPixels,K,0.6274509803921569,0.6386514719848053,0.6326462208815149,55.95,0.5,0.1,3,150,0.3,0.1,1.0,0.5,0.7
RawPixels,K,0.5686274509803921,0.576846846846847,0.5731319554848967,56.48,0.5,0.1,3,150,0.3,0.1,1.0,0.5,0.8
RawPixels,K,0.6274509803921569,0.6340956340956342,0.6306713953772778,56.23,0.5,0.1,3,150,0.3,0.1,5.0,0.5,0.6
RawPixels,K,0.6470588235294118,0.6511396011396011,0.6487179487179489,56.53,0.5,0.1,3,150,0.3,0.1,5.0,0.5,0.7
RawPixels,K,0.6666666666666666,0.6761347813979394,0.6696889282028602,56.74,0.5,0.1,3,150,0.3,0.1,5.0,0.5,0.8
RawPixels,K,0.6666666666666666,0.670843776106934,0.6682883679787706,55.69,0.5,0.1,3,150,0.3,1.0,1.0,0.5,0.6
RawPixels,K,0.6666666666666666,0.6731040564373897,0.6691254279489572,55.69,0.5,0.1,3,150,0.3,1.0,1.0,0.5,0.7
RawPixels,K,0.6274509803921569,0.6342780026990553,0.6308644915456062,55.89,0.5,0.1,3,150,0.3,1.0,1.0,0.5,0.8
RawPixels,K,0.6666666666666666,0.6692076692076693,0.6678488443194326,55.11,0.5,0.1,3,150,0.3,1.0,5.0,0.5,0.6
RawPixels,K,0.6470588235294118,0.6511396011396011,0.6487179487179489,55.3,0.5,0.1,3,150,0.3,1.0,5.0,0.5,0.7
RawPixels,K,0.6470588235294118,0.6511896511896512,0.6487709428885899,56.35,0.5,0.1,3,150,0.3,1.0,5.0,0.5,0.8
RawPixels,K,0.6666666666666666,0.6666666666666666,0.6666666666666666,14.63,0.5,0.1,4,50,0.1,0.1,1.0,0.5,0.6
RawPixels,K,0.6666666666666666,0.669365721997301,0.6680161943319838,14.49,0.5,0.1,4,50,0.1,0.1,1.0,0.5,0.7
RawPixels,K,0.6470588235294118,0.6511396011396011,0.6487179487179489,14.63,0.5,0.1,4,50,0.1,0.1,1.0,0.5,0.8
RawPixels,K,0.6666666666666666,0.6666666666666666,0.6666666666666666,14.77,0.5,0.1,4,50,0.1,0.1,5.0,0.5,0.6
RawPixels,K,0.6274509803921569,0.6281981981981982,0.6275039745627982,14.56,0.5,0.1,4,50,0.1,0.1,5.0,0.5,0.7
RawPixels,K,0.6470588235294118,0.6511396011396011,0.6487179487179489,14.89,0.5,0.1,4,50,0.1,0.1,5.0,0.5,0.8
RawPixels,K,0.6666666666666666,0.6666666666666666,0.6666666666666666,14.49,0.5,0.1,4,50,0.1,1.0,1.0,0.5,0.6
RawPixels,K,0.6666666666666666,0.6692076692076693,0.6678488443194326,14.88,0.5,0.1,4,50,0.1,1.0,1.0,0.5,0.7
RawPixels,K,0.6470588235294118,0.6511896511896512,0.6487709428885899,15.02,0.5,0.1,4,50,0.1,1.0,1.0,0.5,0.8
RawPixels,K,0.6666666666666666,0.6606837606837607,0.6633484162895928,14.65,0.5,0.1,4,50,0.1,1.0,5.0,0.5,0.6
RawPixels,K,0.6078431372549019,0.604093567251462,0.6053147574819402,14.62,0.5,0.1,4,50,0.1,1.0,5.0,0.5,0.7
RawPixels,K,0.6274509803921569,0.6285380116959064,0.6278637770897832,14.64,0.5,0.1,4,50,0.1,1.0,5.0,0.5,0.8
RawPixels,K,0.6862745098039216,0.684126984126984,0.6851540616246499,13.94,0.5,0.1,4,50,0.3,0.1,1.0,0.5,0.6
RawPixels,K,0.6470588235294118,0.6557454890788225,0.6507457683928272,14.09,0.5,0.1,4,50,0.3,0.1,1.0,0.5,0.7
RawPixels,K,0.6274509803921569,0.6342780026990553,0.6308644915456062,14.13,0.5,0.1,4,50,0.3,0.1,1.0,0.5,0.8
RawPixels,K,0.6470588235294118,0.642294291074779,0.6438772131742003,13.99,0.5,0.1,4,50,0.3,0.1,5.0,0.5,0.6
RawPixels,K,0.6470588235294118,0.6511396011396011,0.6487179487179489,13.96,0.5,0.1,4,50,0.3,0.1,5.0,0.5,0.7
RawPixels,K,0.6274509803921569,0.6285380116959064,0.6278637770897832,14.03,0.5,0.1,4,50,0.3,0.1,5.0,0.5,0.8
RawPixels,K,0.6862745098039216,0.684126984126984,0.6851540616246499,14.32,0.5,0.1,4,50,0.3,1.0,1.0,0.5,0.6
RawPixels,K,0.6470588235294118,0.6460818713450293,0.6464396284829721,14.08,0.5,0.1,4,50,0.3,1.0,1.0,0.5,0.7
RawPixels,K,0.6274509803921569,0.635019635019635,0.6316497492968082,14.42,0.5,0.1,4,50,0.3,1.0,1.0,0.5,0.8
RawPixels,K,0.6470588235294118,0.6362162162162163,0.6406995230524642,14.36,0.5,0.1,4,50,0.3,1.0,5.0,0.5,0.6
RawPixels,K,0.5882352941176471,0.5794685990338165,0.5828644501278772,14.44,0.5,0.1,4,50,0.3,1.0,5.0,0.5,0.7
RawPixels,K,0.6274509803921569,0.6285380116959064,0.6278637770897832,14.42,0.5,0.1,4,50,0.3,1.0,5.0,0.5,0.8
RawPixels,K,0.6274509803921569,0.637389770723104,0.631310301898537,33.2,0.5,0.1,4,100,0.1,0.1,1.0,0.5,0.6
RawPixels,K,0.6862745098039216,0.690782059950417,0.6867915523207255,32.92,0.5,0.1,4,100,0.1,0.1,1.0,0.5,0.7
RawPixels,K,0.6274509803921569,0.6342780026990553,0.6308644915456062,32.92,0.5,0.1,4,100,0.1,0.1,1.0,0.5,0.8
RawPixels,K,0.6274509803921569,0.6340956340956342,0.6306713953772778,33.1,0.5,0.1,4,100,0.1,0.1,5.0,0.5,0.6
RawPixels,K,0.6666666666666666,0.6731040564373897,0.6691254279489572,33.09,0.5,0.1,4,100,0.1,0.1,5.0,0.5,0.7
RawPixels,K,0.6274509803921569,0.6342780026990553,0.6308644915456062,33.22,0.5,0.1,4,100,0.1,0.1,5.0,0.5,0.8
RawPixels,K,0.6666666666666666,0.670843776106934,0.6682883679787706,33.59,0.5,0.1,4,100,0.1,1.0,1.0,0.5,0.6
RawPixels,K,0.6470588235294118,0.6511396011396011,0.6487179487179489,32.98,0.5,0.1,4,100,0.1,1.0,1.0,0.5,0.7
RawPixels,K,0.6274509803921569,0.6342780026990553,0.6308644915456062,33.06,0.5,0.1,4,100,0.1,1.0,1.0,0.5,0.8
RawPixels,K,0.6470588235294118,0.6484126984126983,0.6473389355742296,32.76,0.5,0.1,4,100,0.1,1.0,5.0,0.5,0.6
RawPixels,K,0.6274509803921569,0.6281981981981982,0.6275039745627982,33.3,0.5,0.1,4,100,0.1,1.0,5.0,0.5,0.7
RawPixels,K,0.6470588235294118,0.6511396011396011,0.6487179487179489,33.19,0.5,0.1,4,100,0.1,1.0,5.0,0.5,0.8
RawPixels,K,0.6470588235294118,0.6543741254406008,0.6492937363052985,30.32,0.5,0.1,4,100,0.3,0.1,1.0,0.5,0.6
RawPixels,K,0.6274509803921569,0.637389770723104,0.631310301898537,30.48,0.5,0.1,4,100,0.3,0.1,1.0,0.5,0.7
RawPixels,K,0.5882352941176471,0.5948648648648649,0.5922098569157392,30.76,0.5,0.1,4,100,0.3,0.1,1.0,0.5,0.8
RawPixels,K,0.6470588235294118,0.6557454890788225,0.6507457683928272,30.07,0.5,0.1,4,100,0.3,0.1,5.0,0.5,0.6
RawPixels,K,0.6470588235294118,0.6511396011396011,0.6487179487179489,31.14,0.5,0.1,4,100,0.3,0.1,5.0,0.5,0.7
RawPixels,K,0.6470588235294118,0.6557454890788225,0.6507457683928272,31.13,0.5,0.1,4,100,0.3,0.1,5.0,0.5,0.8
RawPixels,K,0.6862745098039216,0.688888888888889,0.6873949579831933,30.65,0.5,0.1,4,100,0.3,1.0,1.0,0.5,0.6
RawPixels,K,0.6666666666666666,0.6731040564373897,0.6691254279489572,30.51,0.5,0.1,4,100,0.3,1.0,1.0,0.5,0.7
RawPixels,K,0.6274509803921569,0.6342780026990553,0.6308644915456062,31.04,0.5,0.1,4,100,0.3,1.0,1.0,0.5,0.8
RawPixels,K,0.6470588235294118,0.6460818713450293,0.6464396284829721,30.61,0.5,0.1,4,100,0.3,1.0,5.0,0.5,0.6
RawPixels,K,0.6078431372549019,0.604093567251462,0.6053147574819402,30.56,0.5,0.1,4,100,0.3,1.0,5.0,0.5,0.7
RawPixels,K,0.6470588235294118,0.6511396011396011,0.6487179487179489,30.95,0.5,0.1,4,100,0.3,1.0,5.0,0.5,0.8
RawPixels,K,0.6274509803921569,0.637389770723104,0.631310301898537,61.86,0.5,0.1,4,150,0.1,0.1,1.0,0.5,0.6
RawPixels,K,0.6274509803921569,0.6381981981981982,0.6333863275039746,61.79,0.5,0.1,4,150,0.1,0.1,1.0,0.5,0.7
RawPixels,K,0.6274509803921569,0.638110661268556,0.6332936413431769,62.43,0.5,0.1,4,150,0.1,0.1,1.0,0.5,0.8
RawPixels,K,0.6470588235294118,0.6489647542279121,0.6479234652609265,62.16,0.5,0.1,4,150,0.1,0.1,5.0,0.5,0.6
RawPixels,K,0.6666666666666666,0.6731040564373897,0.6691254279489572,61.78,0.5,0.1,4,150,0.1,0.1,5.0,0.5,0.7
RawPixels,K,0.6274509803921569,0.630946736209894,0.628845563830084,62.11,0.5,0.1,4,150,0.1,0.1,5.0,0.5,0.8
RawPixels,K,0.6666666666666666,0.670843776106934,0.6682883679787706,61.84,0.5,0.1,4,150,0.1,1.0,1.0,0.5,0.6
RawPixels,K,0.6470588235294118,0.6511396011396011,0.6487179487179489,61.98,0.5,0.1,4,150,0.1,1.0,1.0,0.5,0.7
RawPixels,K,0.6274509803921569,0.630946736209894,0.628845563830084,61.77,0.5,0.1,4,150,0.1,1.0,1.0,0.5,0.8
RawPixels,K,0.6470588235294118,0.6518218623481781,0.6494403429387949,61.81,0.5,0.1,4,150,0.1,1.0,5.0,0.5,0.6
RawPixels,K,0.6470588235294118,0.6511396011396011,0.6487179487179489,61.74,0.5,0.1,4,150,0.1,1.0,5.0,0.5,0.7
RawPixels,K,0.6470588235294118,0.6511396011396011,0.6487179487179489,62.41,0.5,0.1,4,150,0.1,1.0,5.0,0.5,0.8
RawPixels,K,0.6274509803921569,0.6344729344729345,0.6310708898944193,55.77,0.5,0.1,4,150,0.3,0.1,1.0,0.5,0.6
RawPixels,K,0.6274509803921569,0.6386514719848053,0.6326462208815149,56.5,0.5,0.1,4,150,0.3,0.1,1.0,0.5,0.7
RawPixels,K,0.5686274509803921,0.576846846846847,0.5731319554848967,56.61,0.5,0.1,4,150,0.3,0.1,1.0,0.5,0.8
RawPixels,K,0.6274509803921569,0.6340956340956342,0.6306713953772778,56.15,0.5,0.1,4,150,0.3,0.1,5.0,0.5,0.6
RawPixels,K,0.6470588235294118,0.6511396011396011,0.6487179487179489,56.28,0.5,0.1,4,150,0.3,0.1,5.0,0.5,0.7
RawPixels,K,0.6666666666666666,0.6761347813979394,0.6696889282028602,56.38,0.5,0.1,4,150,0.3,0.1,5.0,0.5,0.8
RawPixels,K,0.6666666666666666,0.670843776106934,0.6682883679787706,56.17,0.5,0.1,4,150,0.3,1.0,1.0,0.5,0.6
RawPixels,K,0.6666666666666666,0.6731040564373897,0.6691254279489572,56.43,0.5,0.1,4,150,0.3,1.0,1.0,0.5,0.7
RawPixels,K,0.6274509803921569,0.6342780026990553,0.6308644915456062,56.83,0.5,0.1,4,150,0.3,1.0,1.0,0.5,0.8
RawPixels,K,0.6666666666666666,0.6692076692076693,0.6678488443194326,56.41,0.5,0.1,4,150,0.3,1.0,5.0,0.5,0.6
RawPixels,K,0.6470588235294118,0.6511396011396011,0.6487179487179489,56.23,0.5,0.1,4,150,0.3,1.0,5.0,0.5,0.7
RawPixels,K,0.6470588235294118,0.6511896511896512,0.6487709428885899,56.34,0.5,0.1,4,150,0.3,1.0,5.0,0.5,0.8
RawPixels,K,0.43137254901960786,0.3382820784729586,0.35818102426548565,15.04,0.6,0.01,2,50,0.1,0.1,1.0,0.5,0.6
RawPixels,K,0.43137254901960786,0.3672312556458898,0.3814801530368244,14.81,0.6,0.01,2,50,0.1,0.1,1.0,0.5,0.7
RawPixels,K,0.47058823529411764,0.42364040181755197,0.43617652452508604,14.82,0.6,0.01,2,50,0.1,0.1,1.0,0.5,0.8
RawPixels,K,0.35294117647058826,0.27279279279279284,0.2888394276629571,14.69,0.6,0.01,2,50,0.1,0.1,5.0,0.5,0.6
RawPixels,K,0.3333333333333333,0.25854700854700857,0.2737556561085973,14.95,0.6,0.01,2,50,0.1,0.1,5.0,0.5,0.7
RawPixels,K,0.39215686274509803,0.3060283687943262,0.3240300375469337,14.88,0.6,0.01,2,50,0.1,0.1,5.0,0.5,0.8
RawPixels,K,0.39215686274509803,0.30662393162393164,0.32466063348416285,14.99,0.6,0.01,2,50,0.1,1.0,1.0,0.5,0.6
RawPixels,K,0.4117647058823529,0.3220219158713326,0.3409643815108228,14.82,0.6,0.01,2,50,0.1,1.0,1.0,0.5,0.7
RawPixels,K,0.4117647058823529,0.32556458897922314,0.3447154471544715,14.81,0.6,0.01,2,50,0.1,1.0,1.0,0.5,0.8
RawPixels,K,0.29411764705882354,0.22331154684095864,0.2364475201845444,14.87,0.6,0.01,2,50,0.1,1.0,5.0,0.5,0.6
RawPixels,K,0.3137254901960784,0.24144144144144145,0.25564387917329096,14.58,0.6,0.01,2,50,0.1,1.0,5.0,0.5,0.7
RawPixels,K,0.37254901960784315,0.28952991452991456,0.30656108597285064,14.72,0.6,0.01,2,50,0.1,1.0,5.0,0.5,0.8
RawPixels,K,0.4117647058823529,0.32269503546099293,0.3416770963704631,14.42,0.6,0.01,2,50,0.3,0.1,1.0,0.5,0.6
RawPixels,K,0.39215686274509803,0.30687830687830686,0.3249299719887955,14.3,0.6,0.01,2,50,0.3,0.1,1.0,0.5,0.7
RawPixels,K,0.45098039215686275,0.3843614965365991,0.4000505811079562,14.39,0.6,0.01,2,50,0.3,0.1,1.0,0.5,0.8
RawPixels,K,0.29411764705882354,0.2277121374865736,0.24110696910343088,14.3,0.6,0.01,2,50,0.3,0.1,5.0,0.5,0.6
RawPixels,K,0.3333333333333333,0.25854700854700857,0.2737556561085973,14.29,0.6,0.01,2,50,0.3,0.1,5.0,0.5,0.7
RawPixels,K,0.39215686274509803,0.3060283687943262,0.3240300375469337,14.0,0.6,0.01,2,50,0.3,0.1,5.0,0.5,0.8
RawPixels,K,0.37254901960784315,0.2900107411385607,0.30707019649965245,14.28,0.6,0.01,2,50,0.3,1.0,1.0,0.5,0.6
RawPixels,K,0.39215686274509803,0.30662393162393164,0.32466063348416285,14.34,0.6,0.01,2,50,0.3,1.0,1.0,0.5,0.7
RawPixels,K,0.37254901960784315,0.28952991452991456,0.30656108597285064,14.4,0.6,0.01,2,50,0.3,1.0,1.0,0.5,0.8
RawPixels,K,0.27450980392156865,0.21009009009009008,0.22244833068362477,14.01,0.6,0.01,2,50,0.3,1.0,5.0,0.5,0.6
RawPixels,K,0.3137254901960784,0.24144144144144145,0.25564387917329096,14.51,0.6,0.01,2,50,0.3,1.0,5.0,0.5,0.7
RawPixels,K,0.35294117647058826,0.2724668814894379,0.2884943451064636,14.38,0.6,0.01,2,50,0.3,1.0,5.0,0.5,0.8
RawPixels,K,0.5294117647058824,0.5073170731707317,0.5136298421807748,32.86,0.6,0.01,2,100,0.1,0.1,1.0,0.5,0.6
RawPixels,K,0.5686274509803921,0.5623745819397993,0.5647649026165651,33.09,0.6,0.01,2,100,0.1,0.1,1.0,0.5,0.7
RawPixels,K,0.5686274509803921,0.5619472315124489,0.5643124139287822,33.09,0.6,0.01,2,100,0.1,0.1,1.0,0.5,0.8
RawPixels,K,0.45098039215686275,0.38275193798449614,0.3979138166894665,32.75,0.6,0.01,2,100,0.1,0.1,5.0,0.5,0.6
RawPixels,K,0.45098039215686275,0.40740740740740744,0.4183006535947712,33.02,0.6,0.01,2,100,0.1,0.1,5.0,0.5,0.7
RawPixels,K,0.49019607843137253,0.45793650793650803,0.4672268907563025,33.17,0.6,0.01,2,100,0.1,0.1,5.0,0.5,0.8
RawPixels,K,0.49019607843137253,0.43908105878010123,0.4510685259055743,33.13,0.6,0.01,2,100,0.1,1.0,1.0,0.5,0.6
RawPixels,K,0.5294117647058824,0.5222552505294243,0.5249649431375978,32.92,0.6,0.01,2,100,0.1,1.0,1.0,0.5,0.7
RawPixels,K,0.5490196078431373,0.5355051452612428,0.5402674800092304,33.22,0.6,0.01,2,100,0.1,1.0,1.0,0.5,0.8
RawPixels,K,0.37254901960784315,0.2893617021276596,0.30638297872340425,33.1,0.6,0.01,2,100,0.1,1.0,5.0,0.5,0.6
RawPixels,K,0.4117647058823529,0.35108695652173916,0.36438618925831207,33.15,0.6,0.01,2,100,0.1,1.0,5.0,0.5,0.7
RawPixels,K,0.47058823529411764,0.42364040181755197,0.43617652452508604,32.9,0.6,0.01,2,100,0.1,1.0,5.0,0.5,0.8
RawPixels,K,0.5294117647058824,0.5073170731707317,0.5136298421807748,30.54,0.6,0.01,2,100,0.3,0.1,1.0,0.5,0.6
RawPixels,K,0.5490196078431373,0.5457572882364979,0.5471701210483636,30.79,0.6,0.01,2,100,0.3,0.1,1.0,0.5,0.7
RawPixels,K,0.5490196078431373,0.5348484848484848,0.539572192513369,30.88,0.6,0.01,2,100,0.3,0.1,1.0,0.5,0.8
RawPixels,K,0.4117647058823529,0.35097109304426377,0.36426351028216164,30.57,0.6,0.01,2,100,0.3,0.1,5.0,0.5,0.6
RawPixels,K,0.43137254901960786,0.3672312556458898,0.3814801530368244,30.91,0.6,0.01,2,100,0.3,0.1,5.0,0.5,0.7
RawPixels,K,0.49019607843137253,0.45793650793650803,0.4672268907563025,30.7,0.6,0.01,2,100,0.3,0.1,5.0,0.5,0.8
RawPixels,K,0.45098039215686275,0.38275193798449614,0.3979138166894665,30.6,0.6,0.01,2,100,0.3,1.0,1.0,0.5,0.6
RawPixels,K,0.5294117647058824,0.5222552505294243,0.5249649431375978,30.55,0.6,0.01,2,100,0.3,1.0,1.0,0.5,0.7
RawPixels,K,0.5294117647058824,0.5054394115369725,0.5127621780419486,30.59,0.6,0.01,2,100,0.3,1.0,1.0,0.5,0.8
RawPixels,K,0.3333333333333333,0.25851063829787235,0.2737171464330413,30.4,0.6,0.01,2,100,0.3,1.0,5.0,0.5,0.6
RawPixels,K,0.39215686274509803,0.3060283687943262,0.3240300375469337,30.83,0.6,0.01,2,100,0.3,1.0,5.0,0.5,0.7
RawPixels,K,0.47058823529411764,0.42347849835087503,0.435317102829031,31.14,0.6,0.01,2,100,0.3,1.0,5.0,0.5,0.8
RawPixels,K,0.6470588235294118,0.6495726495726495,0.6485671191553545,61.7,0.6,0.01,2,150,0.1,0.1,1.0,0.5,0.6
RawPixels,K,0.5686274509803921,0.5623745819397993,0.5647649026165651,62.25,0.6,0.01,2,150,0.1,0.1,1.0,0.5,0.7
RawPixels,K,0.5882352941176471,0.5874269005847954,0.5876676986584107,61.96,0.6,0.01,2,150,0.1,0.1,1.0,0.5,0.8
RawPixels,K,0.5098039215686274,0.4760194113569043,0.4844127100641732,61.8,0.6,0.01,2,150,0.1,0.1,5.0,0.5,0.6
RawPixels,K,0.5294117647058824,0.5184111281672258,0.5221679324979182,62.16,0.6,0.01,2,150,0.1,0.1,5.0,0.5,0.7
RawPixels,K,0.5490196078431373,0.5348484848484848,0.539572192513369,61.57,0.6,0.01,2,150,0.1,0.1,5.0,0.5,0.8
RawPixels,K,0.5294117647058824,0.5096888562870591,0.5149027518581245,61.67,0.6,0.01,2,150,0.1,1.0,1.0,0.5,0.6
RawPixels,K,0.5686274509803921,0.5623745819397993,0.5647649026165651,61.72,0.6,0.01,2,150,0.1,1.0,1.0,0.5,0.7
RawPixels,K,0.5490196078431373,0.5346712907688517,0.5393845752525809,62.74,0.6,0.01,2,150,0.1,1.0,1.0,0.5,0.8
RawPixels,K,0.43137254901960786,0.3670634920634921,0.38130252100840334,61.66,0.6,0.01,2,150,0.1,1.0,5.0,0.5,0.6
RawPixels,K,0.47058823529411764,0.4578947368421053,0.4613003095975232,61.8,0.6,0.01,2,150,0.1,1.0,5.0,0.5,0.7
RawPixels,K,0.5294117647058824,0.5054394115369725,0.5127621780419486,62.21,0.6,0.01,2,150,0.1,1.0,5.0,0.5,0.8
RawPixels,K,0.5686274509803921,0.568931475029036,0.5687845870055339,56.86,0.6,0.01,2,150,0.3,0.1,1.0,0.5,0.6
RawPixels,K,0.5686274509803921,0.5623745819397993,0.5647649026165651,55.95,0.6,0.01,2,150,0.3,0.1,1.0,0.5,0.7
RawPixels,K,0.5686274509803921,0.5619472315124489,0.5643124139287822,56.85,0.6,0.01,2,150,0.3,0.1,1.0,0.5,0.8
RawPixels,K,0.45098039215686275,0.42777777777777776,0.43333333333333335,55.91,0.6,0.01,2,150,0.3,0.1,5.0,0.5,0.6
RawPixels,K,0.5098039215686274,0.5047113908803015,0.5063890917444089,56.42,0.6,0.01,2,150,0.3,0.1,5.0,0.5,0.7
RawPixels,K,0.5490196078431373,0.5348484848484848,0.539572192513369,56.45,0.6,0.01,2,150,0.3,0.1,5.0,0.5,0.8
RawPixels,K,0.5294117647058824,0.5096888562870591,0.5149027518581245,56.38,0.6,0.01,2,150,0.3,1.0,1.0,0.5,0.6
RawPixels,K,0.5490196078431373,0.5348484848484848,0.539572192513369,56.1,0.6,0.01,2,150,0.3,1.0,1.0,0.5,0.7
RawPixels,K,0.5490196078431373,0.5346712907688517,0.5393845752525809,56.96,0.6,0.01,2,150,0.3,1.0,1.0,0.5,0.8
RawPixels,K,0.39215686274509803,0.33603896103896097,0.3484530175706646,56.18,0.6,0.01,2,150,0.3,1.0,5.0,0.5,0.6
RawPixels,K,0.45098039215686275,0.4257759784075574,0.4322457728030483,56.77,0.6,0.01,2,150,0.3,1.0,5.0,0.5,0.7
RawPixels,K,0.5098039215686274,0.47380952380952385,0.4840336134453781,55.82,0.6,0.01,2,150,0.3,1.0,5.0,0.5,0.8
RawPixels,K,0.43137254901960786,0.3382820784729586,0.35818102426548565,14.62,0.6,0.01,3,50,0.1,0.1,1.0,0.5,0.6
RawPixels,K,0.43137254901960786,0.3672312556458898,0.3814801530368244,14.85,0.6,0.01,3,50,0.1,0.1,1.0,0.5,0.7
RawPixels,K,0.47058823529411764,0.42364040181755197,0.43617652452508604,14.72,0.6,0.01,3,50,0.1,0.1,1.0,0.5,0.8
RawPixels,K,0.35294117647058826,0.27279279279279284,0.2888394276629571,14.6,0.6,0.01,3,50,0.1,0.1,5.0,0.5,0.6
RawPixels,K,0.3333333333333333,0.25854700854700857,0.2737556561085973,14.79,0.6,0.01,3,50,0.1,0.1,5.0,0.5,0.7
RawPixels,K,0.39215686274509803,0.3060283687943262,0.3240300375469337,14.78,0.6,0.01,3,50,0.1,0.1,5.0,0.5,0.8
RawPixels,K,0.39215686274509803,0.30662393162393164,0.32466063348416285,14.63,0.6,0.01,3,50,0.1,1.0,1.0,0.5,0.6
RawPixels,K,0.4117647058823529,0.3220219158713326,0.3409643815108228,14.69,0.6,0.01,3,50,0.1,1.0,1.0,0.5,0.7
RawPixels,K,0.4117647058823529,0.32556458897922314,0.3447154471544715,14.73,0.6,0.01,3,50,0.1,1.0,1.0,0.5,0.8
RawPixels,K,0.29411764705882354,0.22331154684095864,0.2364475201845444,14.73,0.6,0.01,3,50,0.1,1.0,5.0,0.5,0.6
RawPixels,K,0.3137254901960784,0.24144144144144145,0.25564387917329096,14.57,0.6,0.01,3,50,0.1,1.0,5.0,0.5,0.7
RawPixels,K,0.37254901960784315,0.28952991452991456,0.30656108597285064,14.61,0.6,0.01,3,50,0.1,1.0,5.0,0.5,0.8
RawPixels,K,0.4117647058823529,0.32269503546099293,0.3416770963704631,14.18,0.6,0.01,3,50,0.3,0.1,1.0,0.5,0.6
RawPixels,K,0.39215686274509803,0.30687830687830686,0.3249299719887955,14.23,0.6,0.01,3,50,0.3,0.1,1.0,0.5,0.7
RawPixels,K,0.45098039215686275,0.3843614965365991,0.4000505811079562,14.14,0.6,0.01,3,50,0.3,0.1,1.0,0.5,0.8
RawPixels,K,0.29411764705882354,0.2277121374865736,0.24110696910343088,13.87,0.6,0.01,3,50,0.3,0.1,5.0,0.5,0.6
RawPixels,K,0.3333333333333333,0.25854700854700857,0.2737556561085973,14.2,0.6,0.01,3,50,0.3,0.1,5.0,0.5,0.7
RawPixels,K,0.39215686274509803,0.3060283687943262,0.3240300375469337,14.15,0.6,0.01,3,50,0.3,0.1,5.0,0.5,0.8
RawPixels,K,0.37254901960784315,0.2900107411385607,0.30707019649965245,13.83,0.6,0.01,3,50,0.3,1.0,1.0,0.5,0.6
RawPixels,K,0.39215686274509803,0.30662393162393164,0.32466063348416285,14.24,0.6,0.01,3,50,0.3,1.0,1.0,0.5,0.7
RawPixels,K,0.37254901960784315,0.28952991452991456,0.30656108597285064,14.28,0.6,0.01,3,50,0.3,1.0,1.0,0.5,0.8
RawPixels,K,0.27450980392156865,0.21009009009009008,0.22244833068362477,13.94,0.6,0.01,3,50,0.3,1.0,5.0,0.5,0.6
RawPixels,K,0.3137254901960784,0.24144144144144145,0.25564387917329096,14.01,0.6,0.01,3,50,0.3,1.0,5.0,0.5,0.7
RawPixels,K,0.35294117647058826,0.2724668814894379,0.2884943451064636,13.9,0.6,0.01,3,50,0.3,1.0,5.0,0.5,0.8
RawPixels,K,0.5294117647058824,0.5073170731707317,0.5136298421807748,32.87,0.6,0.01,3,100,0.1,0.1,1.0,0.5,0.6
RawPixels,K,0.5686274509803921,0.5623745819397993,0.5647649026165651,33.08,0.6,0.01,3,100,0.1,0.1,1.0,0.5,0.7
RawPixels,K,0.5686274509803921,0.5619472315124489,0.5643124139287822,32.86,0.6,0.01,3,100,0.1,0.1,1.0,0.5,0.8
RawPixels,K,0.45098039215686275,0.38275193798449614,0.3979138166894665,32.63,0.6,0.01,3,100,0.1,0.1,5.0,0.5,0.6
RawPixels,K,0.45098039215686275,0.40740740740740744,0.4183006535947712,32.92,0.6,0.01,3,100,0.1,0.1,5.0,0.5,0.7
RawPixels,K,0.49019607843137253,0.45793650793650803,0.4672268907563025,33.05,0.6,0.01,3,100,0.1,0.1,5.0,0.5,0.8
RawPixels,K,0.49019607843137253,0.43908105878010123,0.4510685259055743,32.84,0.6,0.01,3,100,0.1,1.0,1.0,0.5,0.6
RawPixels,K,0.5294117647058824,0.5222552505294243,0.5249649431375978,32.7,0.6,0.01,3,100,0.1,1.0,1.0,0.5,0.7
RawPixels,K,0.5490196078431373,0.5355051452612428,0.5402674800092304,33.06,0.6,0.01,3,100,0.1,1.0,1.0,0.5,0.8
RawPixels,K,0.37254901960784315,0.2893617021276596,0.30638297872340425,33.16,0.6,0.01,3,100,0.1,1.0,5.0,0.5,0.6
RawPixels,K,0.4117647058823529,0.35108695652173916,0.36438618925831207,33.04,0.6,0.01,3,100,0.1,1.0,5.0,0.5,0.7
RawPixels,K,0.47058823529411764,0.42364040181755197,0.43617652452508604,32.93,0.6,0.01,3,100,0.1,1.0,5.0,0.5,0.8
RawPixels,K,0.5294117647058824,0.5073170731707317,0.5136298421807748,30.47,0.6,0.01,3,100,0.3,0.1,1.0,0.5,0.6
RawPixels,K,0.5490196078431373,0.5457572882364979,0.5471701210483636,30.59,0.6,0.01,3,100,0.3,0.1,1.0,0.5,0.7
RawPixels,K,0.5490196078431373,0.5348484848484848,0.539572192513369,30.81,0.6,0.01,3,100,0.3,0.1,1.0,0.5,0.8
RawPixels,K,0.4117647058823529,0.35097109304426377,0.36426351028216164,30.72,0.6,0.01,3,100,0.3,0.1,5.0,0.5,0.6
RawPixels,K,0.43137254901960786,0.3672312556458898,0.3814801530368244,30.8,0.6,0.01,3,100,0.3,0.1,5.0,0.5,0.7
RawPixels,K,0.49019607843137253,0.45793650793650803,0.4672268907563025,30.97,0.6,0.01,3,100,0.3,0.1,5.0,0.5,0.8
RawPixels,K,0.45098039215686275,0.38275193798449614,0.3979138166894665,30.96,0.6,0.01,3,100,0.3,1.0,1.0,0.5,0.6
RawPixels,K,0.5294117647058824,0.5222552505294243,0.5249649431375978,30.87,0.6,0.01,3,100,0.3,1.0,1.0,0.5,0.7
RawPixels,K,0.5294117647058824,0.5054394115369725,0.5127621780419486,30.87,0.6,0.01,3,100,0.3,1.0,1.0,0.5,0.8
RawPixels,K,0.3333333333333333,0.25851063829787235,0.2737171464330413,30.69,0.6,0.01,3,100,0.3,1.0,5.0,0.5,0.6
RawPixels,K,0.39215686274509803,0.3060283687943262,0.3240300375469337,30.4,0.6,0.01,3,100,0.3,1.0,5.0,0.5,0.7
RawPixels,K,0.47058823529411764,0.42347849835087503,0.435317102829031,30.91,0.6,0.01,3,100,0.3,1.0,5.0,0.5,0.8
RawPixels,K,0.6470588235294118,0.6495726495726495,0.6485671191553545,61.95,0.6,0.01,3,150,0.1,0.1,1.0,0.5,0.6
RawPixels,K,0.5686274509803921,0.5623745819397993,0.5647649026165651,62.23,0.6,0.01,3,150,0.1,0.1,1.0,0.5,0.7
RawPixels,K,0.5882352941176471,0.5874269005847954,0.5876676986584107,63.19,0.6,0.01,3,150,0.1,0.1,1.0,0.5,0.8
RawPixels,K,0.5098039215686274,0.4760194113569043,0.4844127100641732,61.36,0.6,0.01,3,150,0.1,0.1,5.0,0.5,0.6
RawPixels,K,0.5294117647058824,0.5184111281672258,0.5221679324979182,62.03,0.6,0.01,3,150,0.1,0.1,5.0,0.5,0.7
RawPixels,K,0.5490196078431373,0.5348484848484848,0.539572192513369,62.57,0.6,0.01,3,150,0.1,0.1,5.0,0.5,0.8
RawPixels,K,0.5294117647058824,0.5096888562870591,0.5149027518581245,62.04,0.6,0.01,3,150,0.1,1.0,1.0,0.5,0.6
RawPixels,K,0.5686274509803921,0.5623745819397993,0.5647649026165651,62.71,0.6,0.01,3,150,0.1,1.0,1.0,0.5,0.7
RawPixels,K,0.5490196078431373,0.5346712907688517,0.5393845752525809,62.55,0.6,0.01,3,150,0.1,1.0,1.0,0.5,0.8
RawPixels,K,0.43137254901960786,0.3670634920634921,0.38130252100840334,61.83,0.6,0.01,3,150,0.1,1.0,5.0,0.5,0.6
RawPixels,K,0.47058823529411764,0.4578947368421053,0.4613003095975232,61.78,0.6,0.01,3,150,0.1,1.0,5.0,0.5,0.7
RawPixels,K,0.5294117647058824,0.5054394115369725,0.5127621780419486,62.71,0.6,0.01,3,150,0.1,1.0,5.0,0.5,0.8
RawPixels,K,0.5686274509803921,0.568931475029036,0.5687845870055339,55.96,0.6,0.01,3,150,0.3,0.1,1.0,0.5,0.6
RawPixels,K,0.5686274509803921,0.5623745819397993,0.5647649026165651,56.55,0.6,0.01,3,150,0.3,0.1,1.0,0.5,0.7
RawPixels,K,0.5686274509803921,0.5619472315124489,0.5643124139287822,57.21,0.6,0.01,3,150,0.3,0.1,1.0,0.5,0.8
RawPixels,K,0.45098039215686275,0.42777777777777776,0.43333333333333335,55.95,0.6,0.01,3,150,0.3,0.1,5.0,0.5,0.6
RawPixels,K,0.5098039215686274,0.5047113908803015,0.5063890917444089,56.82,0.6,0.01,3,150,0.3,0.1,5.0,0.5,0.7
RawPixels,K,0.5490196078431373,0.5348484848484848,0.539572192513369,57.01,0.6,0.01,3,150,0.3,0.1,5.0,0.5,0.8
RawPixels,K,0.5294117647058824,0.5096888562870591,0.5149027518581245,56.07,0.6,0.01,3,150,0.3,1.0,1.0,0.5,0.6
RawPixels,K,0.5490196078431373,0.5348484848484848,0.539572192513369,56.51,0.6,0.01,3,150,0.3,1.0,1.0,0.5,0.7
RawPixels,K,0.5490196078431373,0.5346712907688517,0.5393845752525809,56.36,0.6,0.01,3,150,0.3,1.0,1.0,0.5,0.8
RawPixels,K,0.39215686274509803,0.33603896103896097,0.3484530175706646,56.55,0.6,0.01,3,150,0.3,1.0,5.0,0.5,0.6
RawPixels,K,0.45098039215686275,0.4257759784075574,0.4322457728030483,56.13,0.6,0.01,3,150,0.3,1.0,5.0,0.5,0.7
RawPixels,K,0.5098039215686274,0.47380952380952385,0.4840336134453781,56.51,0.6,0.01,3,150,0.3,1.0,5.0,0.5,0.8
RawPixels,K,0.43137254901960786,0.3382820784729586,0.35818102426548565,14.6,0.6,0.01,4,50,0.1,0.1,1.0,0.5,0.6
RawPixels,K,0.43137254901960786,0.3672312556458898,0.3814801530368244,14.79,0.6,0.01,4,50,0.1,0.1,1.0,0.5,0.7
RawPixels,K,0.47058823529411764,0.42364040181755197,0.43617652452508604,14.82,0.6,0.01,4,50,0.1,0.1,1.0,0.5,0.8
RawPixels,K,0.35294117647058826,0.27279279279279284,0.2888394276629571,14.55,0.6,0.01,4,50,0.1,0.1,5.0,0.5,0.6
RawPixels,K,0.3333333333333333,0.25854700854700857,0.2737556561085973,14.69,0.6,0.01,4,50,0.1,0.1,5.0,0.5,0.7
RawPixels,K,0.39215686274509803,0.3060283687943262,0.3240300375469337,14.85,0.6,0.01,4,50,0.1,0.1,5.0,0.5,0.8
RawPixels,K,0.39215686274509803,0.30662393162393164,0.32466063348416285,14.66,0.6,0.01,4,50,0.1,1.0,1.0,0.5,0.6
RawPixels,K,0.4117647058823529,0.3220219158713326,0.3409643815108228,14.55,0.6,0.01,4,50,0.1,1.0,1.0,0.5,0.7
RawPixels,K,0.4117647058823529,0.32556458897922314,0.3447154471544715,14.67,0.6,0.01,4,50,0.1,1.0,1.0,0.5,0.8
RawPixels,K,0.29411764705882354,0.22331154684095864,0.2364475201845444,14.6,0.6,0.01,4,50,0.1,1.0,5.0,0.5,0.6
RawPixels,K,0.3137254901960784,0.24144144144144145,0.25564387917329096,14.57,0.6,0.01,4,50,0.1,1.0,5.0,0.5,0.7
RawPixels,K,0.37254901960784315,0.28952991452991456,0.30656108597285064,15.1,0.6,0.01,4,50,0.1,1.0,5.0,0.5,0.8
RawPixels,K,0.4117647058823529,0.32269503546099293,0.3416770963704631,14.05,0.6,0.01,4,50,0.3,0.1,1.0,0.5,0.6
RawPixels,K,0.39215686274509803,0.30687830687830686,0.3249299719887955,14.3,0.6,0.01,4,50,0.3,0.1,1.0,0.5,0.7
RawPixels,K,0.45098039215686275,0.3843614965365991,0.4000505811079562,14.21,0.6,0.01,4,50,0.3,0.1,1.0,0.5,0.8
RawPixels,K,0.29411764705882354,0.2277121374865736,0.24110696910343088,13.79,0.6,0.01,4,50,0.3,0.1,5.0,0.5,0.6
RawPixels,K,0.3333333333333333,0.25854700854700857,0.2737556561085973,14.06,0.6,0.01,4,50,0.3,0.1,5.0,0.5,0.7
RawPixels,K,0.39215686274509803,0.3060283687943262,0.3240300375469337,14.2,0.6,0.01,4,50,0.3,0.1,5.0,0.5,0.8
RawPixels,K,0.37254901960784315,0.2900107411385607,0.30707019649965245,14.08,0.6,0.01,4,50,0.3,1.0,1.0,0.5,0.6
RawPixels,K,0.39215686274509803,0.30662393162393164,0.32466063348416285,14.15,0.6,0.01,4,50,0.3,1.0,1.0,0.5,0.7
RawPixels,K,0.37254901960784315,0.28952991452991456,0.30656108597285064,13.89,0.6,0.01,4,50,0.3,1.0,1.0,0.5,0.8
RawPixels,K,0.27450980392156865,0.21009009009009008,0.22244833068362477,14.1,0.6,0.01,4,50,0.3,1.0,5.0,0.5,0.6
RawPixels,K,0.3137254901960784,0.24144144144144145,0.25564387917329096,14.15,0.6,0.01,4,50,0.3,1.0,5.0,0.5,0.7
RawPixels,K,0.35294117647058826,0.2724668814894379,0.2884943451064636,13.99,0.6,0.01,4,50,0.3,1.0,5.0,0.5,0.8
RawPixels,K,0.5294117647058824,0.5073170731707317,0.5136298421807748,32.67,0.6,0.01,4,100,0.1,0.1,1.0,0.5,0.6
RawPixels,K,0.5686274509803921,0.5623745819397993,0.5647649026165651,33.1,0.6,0.01,4,100,0.1,0.1,1.0,0.5,0.7
RawPixels,K,0.5686274509803921,0.5619472315124489,0.5643124139287822,33.33,0.6,0.01,4,100,0.1,0.1,1.0,0.5,0.8
RawPixels,K,0.45098039215686275,0.38275193798449614,0.3979138166894665,32.95,0.6,0.01,4,100,0.1,0.1,5.0,0.5,0.6
RawPixels,K,0.45098039215686275,0.40740740740740744,0.4183006535947712,32.73,0.6,0.01,4,100,0.1,0.1,5.0,0.5,0.7
RawPixels,K,0.49019607843137253,0.45793650793650803,0.4672268907563025,32.88,0.6,0.01,4,100,0.1,0.1,5.0,0.5,0.8
RawPixels,K,0.49019607843137253,0.43908105878010123,0.4510685259055743,32.24,0.6,0.01,4,100,0.1,1.0,1.0,0.5,0.6
RawPixels,K,0.5294117647058824,0.5222552505294243,0.5249649431375978,32.66,0.6,0.01,4,100,0.1,1.0,1.0,0.5,0.7
RawPixels,K,0.5490196078431373,0.5355051452612428,0.5402674800092304,32.27,0.6,0.01,4,100,0.1,1.0,1.0,0.5,0.8
RawPixels,K,0.37254901960784315,0.2893617021276596,0.30638297872340425,32.49,0.6,0.01,4,100,0.1,1.0,5.0,0.5,0.6
RawPixels,K,0.4117647058823529,0.35108695652173916,0.36438618925831207,32.59,0.6,0.01,4,100,0.1,1.0,5.0,0.5,0.7
RawPixels,K,0.47058823529411764,0.42364040181755197,0.43617652452508604,32.46,0.6,0.01,4,100,0.1,1.0,5.0,0.5,0.8
RawPixels,K,0.5294117647058824,0.5073170731707317,0.5136298421807748,30.44,0.6,0.01,4,100,0.3,0.1,1.0,0.5,0.6
RawPixels,K,0.5490196078431373,0.5457572882364979,0.5471701210483636,30.1,0.6,0.01,4,100,0.3,0.1,1.0,0.5,0.7
RawPixels,K,0.5490196078431373,0.5348484848484848,0.539572192513369,30.66,0.6,0.01,4,100,0.3,0.1,1.0,0.5,0.8
RawPixels,K,0.4117647058823529,0.35097109304426377,0.36426351028216164,30.72,0.6,0.01,4,100,0.3,0.1,5.0,0.5,0.6
RawPixels,K,0.43137254901960786,0.3672312556458898,0.3814801530368244,30.68,0.6,0.01,4,100,0.3,0.1,5.0,0.5,0.7
RawPixels,K,0.49019607843137253,0.45793650793650803,0.4672268907563025,30.7,0.6,0.01,4,100,0.3,0.1,5.0,0.5,0.8
RawPixels,K,0.45098039215686275,0.38275193798449614,0.3979138166894665,30.47,0.6,0.01,4,100,0.3,1.0,1.0,0.5,0.6
RawPixels,K,0.5294117647058824,0.5222552505294243,0.5249649431375978,30.26,0.6,0.01,4,100,0.3,1.0,1.0,0.5,0.7
RawPixels,K,0.5294117647058824,0.5054394115369725,0.5127621780419486,31.11,0.6,0.01,4,100,0.3,1.0,1.0,0.5,0.8
RawPixels,K,0.3333333333333333,0.25851063829787235,0.2737171464330413,30.14,0.6,0.01,4,100,0.3,1.0,5.0,0.5,0.6
RawPixels,K,0.39215686274509803,0.3060283687943262,0.3240300375469337,30.59,0.6,0.01,4,100,0.3,1.0,5.0,0.5,0.7
RawPixels,K,0.47058823529411764,0.42347849835087503,0.435317102829031,30.81,0.6,0.01,4,100,0.3,1.0,5.0,0.5,0.8
RawPixels,K,0.6470588235294118,0.6495726495726495,0.6485671191553545,62.03,0.6,0.01,4,150,0.1,0.1,1.0,0.5,0.6
RawPixels,K,0.5686274509803921,0.5623745819397993,0.5647649026165651,62.64,0.6,0.01,4,150,0.1,0.1,1.0,0.5,0.7
RawPixels,K,0.5882352941176471,0.5874269005847954,0.5876676986584107,62.73,0.6,0.01,4,150,0.1,0.1,1.0,0.5,0.8
RawPixels,K,0.5098039215686274,0.4760194113569043,0.4844127100641732,61.52,0.6,0.01,4,150,0.1,0.1,5.0,0.5,0.6
RawPixels,K,0.5294117647058824,0.5184111281672258,0.5221679324979182,61.97,0.6,0.01,4,150,0.1,0.1,5.0,0.5,0.7
RawPixels,K,0.5490196078431373,0.5348484848484848,0.539572192513369,62.75,0.6,0.01,4,150,0.1,0.1,5.0,0.5,0.8
RawPixels,K,0.5294117647058824,0.5096888562870591,0.5149027518581245,61.86,0.6,0.01,4,150,0.1,1.0,1.0,0.5,0.6
RawPixels,K,0.5686274509803921,0.5623745819397993,0.5647649026165651,61.93,0.6,0.01,4,150,0.1,1.0,1.0,0.5,0.7
RawPixels,K,0.5490196078431373,0.5346712907688517,0.5393845752525809,62.4,0.6,0.01,4,150,0.1,1.0,1.0,0.5,0.8
RawPixels,K,0.43137254901960786,0.3670634920634921,0.38130252100840334,61.7,0.6,0.01,4,150,0.1,1.0,5.0,0.5,0.6
RawPixels,K,0.47058823529411764,0.4578947368421053,0.4613003095975232,61.99,0.6,0.01,4,150,0.1,1.0,5.0,0.5,0.7
RawPixels,K,0.5294117647058824,0.5054394115369725,0.5127621780419486,62.1,0.6,0.01,4,150,0.1,1.0,5.0,0.5,0.8
RawPixels,K,0.5686274509803921,0.568931475029036,0.5687845870055339,56.18,0.6,0.01,4,150,0.3,0.1,1.0,0.5,0.6
RawPixels,K,0.5686274509803921,0.5623745819397993,0.5647649026165651,56.62,0.6,0.01,4,150,0.3,0.1,1.0,0.5,0.7
RawPixels,K,0.5686274509803921,0.5619472315124489,0.5643124139287822,56.92,0.6,0.01,4,150,0.3,0.1,1.0,0.5,0.8
RawPixels,K,0.45098039215686275,0.42777777777777776,0.43333333333333335,56.63,0.6,0.01,4,150,0.3,0.1,5.0,0.5,0.6
RawPixels,K,0.5098039215686274,0.5047113908803015,0.5063890917444089,56.48,0.6,0.01,4,150,0.3,0.1,5.0,0.5,0.7
RawPixels,K,0.5490196078431373,0.5348484848484848,0.539572192513369,56.88,0.6,0.01,4,150,0.3,0.1,5.0,0.5,0.8
RawPixels,K,0.5294117647058824,0.5096888562870591,0.5149027518581245,56.11,0.6,0.01,4,150,0.3,1.0,1.0,0.5,0.6
RawPixels,K,0.5490196078431373,0.5348484848484848,0.539572192513369,56.53,0.6,0.01,4,150,0.3,1.0,1.0,0.5,0.7
RawPixels,K,0.5490196078431373,0.5346712907688517,0.5393845752525809,56.31,0.6,0.01,4,150,0.3,1.0,1.0,0.5,0.8
RawPixels,K,0.39215686274509803,0.33603896103896097,0.3484530175706646,55.46,0.6,0.01,4,150,0.3,1.0,5.0,0.5,0.6
RawPixels,K,0.45098039215686275,0.4257759784075574,0.4322457728030483,55.07,0.6,0.01,4,150,0.3,1.0,5.0,0.5,0.7
RawPixels,K,0.5098039215686274,0.47380952380952385,0.4840336134453781,55.81,0.6,0.01,4,150,0.3,1.0,5.0,0.5,0.8
RawPixels,K,0.6470588235294118,0.6435666435666435,0.6452244099302924,14.37,0.6,0.05,2,50,0.1,0.1,1.0,0.5,0.6
RawPixels,K,0.6470588235294118,0.6460818713450293,0.6464396284829721,14.48,0.6,0.05,2,50,0.1,0.1,1.0,0.5,0.7
RawPixels,K,0.6470588235294118,0.6511396011396011,0.6487179487179489,14.72,0.6,0.05,2,50,0.1,0.1,1.0,0.5,0.8
RawPixels,K,0.6666666666666666,0.6666666666666666,0.6666666666666666,14.4,0.6,0.05,2,50,0.1,0.1,5.0,0.5,0.6
RawPixels,K,0.5882352941176471,0.5786138981791157,0.5819594727523116,14.42,0.6,0.05,2,50,0.1,0.1,5.0,0.5,0.7
RawPixels,K,0.6274509803921569,0.6285380116959064,0.6278637770897832,14.6,0.6,0.05,2,50,0.1,0.1,5.0,0.5,0.8
RawPixels,K,0.6666666666666666,0.6666666666666666,0.6666666666666666,14.8,0.6,0.05,2,50,0.1,1.0,1.0,0.5,0.6
RawPixels,K,0.6274509803921569,0.6217948717948718,0.6240573152337858,14.71,0.6,0.05,2,50,0.1,1.0,1.0,0.5,0.7
RawPixels,K,0.6470588235294118,0.6511896511896512,0.6487709428885899,14.31,0.6,0.05,2,50,0.1,1.0,1.0,0.5,0.8
RawPixels,K,0.6274509803921569,0.6162563723539333,0.6204211857009561,14.72,0.6,0.05,2,50,0.1,1.0,5.0,0.5,0.6
RawPixels,K,0.5686274509803921,0.5623745819397993,0.5647649026165651,14.43,0.6,0.05,2,50,0.1,1.0,5.0,0.5,0.7
RawPixels,K,0.6274509803921569,0.622514619883041,0.6248194014447884,14.67,0.6,0.05,2,50,0.1,1.0,5.0,0.5,0.8
RawPixels,K,0.6666666666666666,0.6660818713450292,0.666047471620227,14.03,0.6,0.05,2,50,0.3,0.1,1.0,0.5,0.6
RawPixels,K,0.6078431372549019,0.5961352657004831,0.6005115089514066,13.82,0.6,0.05,2,50,0.3,0.1,1.0,0.5,0.7
RawPixels,K,0.6470588235294118,0.6511396011396011,0.6487179487179489,14.41,0.6,0.05,2,50,0.3,0.1,1.0,0.5,0.8
RawPixels,K,0.6274509803921569,0.6162563723539333,0.6204211857009561,14.04,0.6,0.05,2,50,0.3,0.1,5.0,0.5,0.6
RawPixels,K,0.5686274509803921,0.5633011478856207,0.5657459724415524,14.01,0.6,0.05,2,50,0.3,0.1,5.0,0.5,0.7
RawPixels,K,0.6274509803921569,0.622514619883041,0.6248194014447884,13.86,0.6,0.05,2,50,0.3,0.1,5.0,0.5,0.8
RawPixels,K,0.6274509803921569,0.6162563723539333,0.6204211857009561,13.8,0.6,0.05,2,50,0.3,1.0,1.0,0.5,0.6
RawPixels,K,0.5882352941176471,0.5795613104872467,0.5829626151962152,14.05,0.6,0.05,2,50,0.3,1.0,1.0,0.5,0.7
RawPixels,K,0.6274509803921569,0.6285380116959064,0.6278637770897832,14.14,0.6,0.05,2,50,0.3,1.0,1.0,0.5,0.8
RawPixels,K,0.6274509803921569,0.6162563723539333,0.6204211857009561,14.18,0.6,0.05,2,50,0.3,1.0,5.0,0.5,0.6
RawPixels,K,0.5490196078431373,0.5467144162796337,0.5481835507410955,13.96,0.6,0.05,2,50,0.3,1.0,5.0,0.5,0.7
RawPixels,K,0.5882352941176471,0.5806054501706676,0.5840681748610137,14.03,0.6,0.05,2,50,0.3,1.0,5.0,0.5,0.8
RawPixels,K,0.6666666666666666,0.6692076692076693,0.6678488443194326,33.02,0.6,0.05,2,100,0.1,0.1,1.0,0.5,0.6
RawPixels,K,0.6470588235294118,0.6511396011396011,0.6487179487179489,33.2,0.6,0.05,2,100,0.1,0.1,1.0,0.5,0.7
RawPixels,K,0.6274509803921569,0.6340956340956342,0.6306713953772778,32.78,0.6,0.05,2,100,0.1,0.1,1.0,0.5,0.8
RawPixels,K,0.6470588235294118,0.6460818713450293,0.6464396284829721,33.23,0.6,0.05,2,100,0.1,0.1,5.0,0.5,0.6
RawPixels,K,0.6274509803921569,0.6281981981981982,0.6275039745627982,32.73,0.6,0.05,2,100,0.1,0.1,5.0,0.5,0.7
RawPixels,K,0.6470588235294118,0.6511396011396011,0.6487179487179489,32.73,0.6,0.05,2,100,0.1,0.1,5.0,0.5,0.8
RawPixels,K,0.6862745098039216,0.691358024691358,0.6884531590413944,32.75,0.6,0.05,2,100,0.1,1.0,1.0,0.5,0.6
RawPixels,K,0.6666666666666666,0.6692076692076693,0.6678488443194326,32.86,0.6,0.05,2,100,0.1,1.0,1.0,0.5,0.7
RawPixels,K,0.6470588235294118,0.6511396011396011,0.6487179487179489,32.73,0.6,0.05,2,100,0.1,1.0,1.0,0.5,0.8
RawPixels,K,0.6470588235294118,0.6495726495726495,0.6485671191553545,33.0,0.6,0.05,2,100,0.1,1.0,5.0,0.5,0.6
RawPixels,K,0.5882352941176471,0.5786138981791157,0.5819594727523116,33.07,0.6,0.05,2,100,0.1,1.0,5.0,0.5,0.7
RawPixels,K,0.6470588235294118,0.6511396011396011,0.6487179487179489,33.07,0.6,0.05,2,100,0.1,1.0,5.0,0.5,0.8
RawPixels,K,0.6666666666666666,0.6731040564373897,0.6691254279489572,30.47,0.6,0.05,2,100,0.3,0.1,1.0,0.5,0.6
RawPixels,K,0.6470588235294118,0.6460818713450293,0.6464396284829721,30.4,0.6,0.05,2,100,0.3,0.1,1.0,0.5,0.7
RawPixels,K,0.6078431372549019,0.6114439946018894,0.6097642295784711,30.48,0.6,0.05,2,100,0.3,0.1,1.0,0.5,0.8
RawPixels,K,0.6470588235294118,0.6460818713450293,0.6464396284829721,30.84,0.6,0.05,2,100,0.3,0.1,5.0,0.5,0.6
RawPixels,K,0.6666666666666666,0.6692076692076693,0.6678488443194326,30.42,0.6,0.05,2,100,0.3,0.1,5.0,0.5,0.7
RawPixels,K,0.6274509803921569,0.6340956340956342,0.6306713953772778,30.47,0.6,0.05,2,100,0.3,0.1,5.0,0.5,0.8
RawPixels,K,0.6862745098039216,0.691358024691358,0.6884531590413944,30.33,0.6,0.05,2,100,0.3,1.0,1.0,0.5,0.6
RawPixels,K,0.6274509803921569,0.6281981981981982,0.6275039745627982,30.35,0.6,0.05,2,100,0.3,1.0,1.0,0.5,0.7
RawPixels,K,0.6274509803921569,0.6340956340956342,0.6306713953772778,30.57,0.6,0.05,2,100,0.3,1.0,1.0,0.5,0.8
RawPixels,K,0.6470588235294118,0.6495726495726495,0.6485671191553545,30.59,0.6,0.05,2,100,0.3,1.0,5.0,0.5,0.6
RawPixels,K,0.6078431372549019,0.6047008547008548,0.6059577677224736,30.54,0.6,0.05,2,100,0.3,1.0,5.0,0.5,0.7
RawPixels,K,0.6274509803921569,0.6340956340956342,0.6306713953772778,30.66,0.6,0.05,2,100,0.3,1.0,5.0,0.5,0.8
RawPixels,K,0.6470588235294118,0.6511396011396011,0.6487179487179489,61.44,0.6,0.05,2,150,0.1,0.1,1.0,0.5,0.6
RawPixels,K,0.6666666666666666,0.6731040564373897,0.6691254279489572,60.55,0.6,0.05,2,150,0.1,0.1,1.0,0.5,0.7
RawPixels,K,0.6274509803921569,0.6340956340956342,0.6306713953772778,61.74,0.6,0.05,2,150,0.1,0.1,1.0,0.5,0.8
RawPixels,K,0.6470588235294118,0.6511396011396011,0.6487179487179489,61.13,0.6,0.05,2,150,0.1,0.1,5.0,0.5,0.6
RawPixels,K,0.6470588235294118,0.6511396011396011,0.6487179487179489,61.29,0.6,0.05,2,150,0.1,0.1,5.0,0.5,0.7
RawPixels,K,0.6470588235294118,0.6511396011396011,0.6487179487179489,61.65,0.6,0.05,2,150,0.1,0.1,5.0,0.5,0.8
RawPixels,K,0.6862745098039216,0.691358024691358,0.6884531590413944,61.96,0.6,0.05,2,150,0.1,1.0,1.0,0.5,0.6
RawPixels,K,0.6470588235294118,0.6511396011396011,0.6487179487179489,61.17,0.6,0.05,2,150,0.1,1.0,1.0,0.5,0.7
RawPixels,K,0.6470588235294118,0.6511396011396011,0.6487179487179489,62.3,0.6,0.05,2,150,0.1,1.0,1.0,0.5,0.8
RawPixels,K,0.6666666666666666,0.6692076692076693,0.6678488443194326,61.84,0.6,0.05,2,150,0.1,1.0,5.0,0.5,0.6
RawPixels,K,0.6470588235294118,0.6511396011396011,0.6487179487179489,61.96,0.6,0.05,2,150,0.1,1.0,5.0,0.5,0.7
RawPixels,K,0.6470588235294118,0.6511396011396011,0.6487179487179489,62.02,0.6,0.05,2,150,0.1,1.0,5.0,0.5,0.8
RawPixels,K,0.6666666666666666,0.6692076692076693,0.6678488443194326,56.12,0.6,0.05,2,150,0.3,0.1,1.0,0.5,0.6
RawPixels,K,0.6666666666666666,0.6731040564373897,0.6691254279489572,56.01,0.6,0.05,2,150,0.3,0.1,1.0,0.5,0.7
RawPixels,K,0.6078431372549019,0.6114439946018894,0.6097642295784711,56.49,0.6,0.05,2,150,0.3,0.1,1.0,0.5,0.8
RawPixels,K,0.6666666666666666,0.6692076692076693,0.6678488443194326,56.47,0.6,0.05,2,150,0.3,0.1,5.0,0.5,0.6
RawPixels,K,0.6470588235294118,0.6511396011396011,0.6487179487179489,56.29,0.6,0.05,2,150,0.3,0.1,5.0,0.5,0.7
RawPixels,K,0.6274509803921569,0.6340956340956342,0.6306713953772778,56.53,0.6,0.05,2,150,0.3,0.1,5.0,0.5,0.8
RawPixels,K,0.6862745098039216,0.691358024691358,0.6884531590413944,56.61,0.6,0.05,2,150,0.3,1.0,1.0,0.5,0.6
RawPixels,K,0.6470588235294118,0.6511396011396011,0.6487179487179489,55.84,0.6,0.05,2,150,0.3,1.0,1.0,0.5,0.7
RawPixels,K,0.6470588235294118,0.6511396011396011,0.6487179487179489,56.52,0.6,0.05,2,150,0.3,1.0,1.0,0.5,0.8
RawPixels,K,0.6470588235294118,0.6511396011396011,0.6487179487179489,56.44,0.6,0.05,2,150,0.3,1.0,5.0,0.5,0.6
RawPixels,K,0.6274509803921569,0.6281981981981982,0.6275039745627982,56.35,0.6,0.05,2,150,0.3,1.0,5.0,0.5,0.7
RawPixels,K,0.6274509803921569,0.6340956340956342,0.6306713953772778,55.37,0.6,0.05,2,150,0.3,1.0,5.0,0.5,0.8
RawPixels,K,0.6470588235294118,0.6435666435666435,0.6452244099302924,14.6,0.6,0.05,3,50,0.1,0.1,1.0,0.5,0.6
RawPixels,K,0.6470588235294118,0.6460818713450293,0.6464396284829721,14.66,0.6,0.05,3,50,0.1,0.1,1.0,0.5,0.7
RawPixels,K,0.6470588235294118,0.6511396011396011,0.6487179487179489,14.76,0.6,0.05,3,50,0.1,0.1,1.0,0.5,0.8
RawPixels,K,0.6666666666666666,0.6666666666666666,0.6666666666666666,14.7,0.6,0.05,3,50,0.1,0.1,5.0,0.5,0.6
RawPixels,K,0.5882352941176471,0.5786138981791157,0.5819594727523116,14.56,0.6,0.05,3,50,0.1,0.1,5.0,0.5,0.7
RawPixels,K,0.6274509803921569,0.6285380116959064,0.6278637770897832,14.64,0.6,0.05,3,50,0.1,0.1,5.0,0.5,0.8
RawPixels,K,0.6666666666666666,0.6666666666666666,0.6666666666666666,14.62,0.6,0.05,3,50,0.1,1.0,1.0,0.5,0.6
RawPixels,K,0.6274509803921569,0.6217948717948718,0.6240573152337858,14.66,0.6,0.05,3,50,0.1,1.0,1.0,0.5,0.7
RawPixels,K,0.6470588235294118,0.6511896511896512,0.6487709428885899,14.73,0.6,0.05,3,50,0.1,1.0,1.0,0.5,0.8
RawPixels,K,0.6274509803921569,0.6162563723539333,0.6204211857009561,14.53,0.6,0.05,3,50,0.1,1.0,5.0,0.5,0.6
RawPixels,K,0.5686274509803921,0.5623745819397993,0.5647649026165651,14.75,0.6,0.05,3,50,0.1,1.0,5.0,0.5,0.7
RawPixels,K,0.6274509803921569,0.622514619883041,0.6248194014447884,14.71,0.6,0.05,3,50,0.1,1.0,5.0,0.5,0.8
RawPixels,K,0.6666666666666666,0.6660818713450292,0.666047471620227,13.99,0.6,0.05,3,50,0.3,0.1,1.0,0.5,0.6
RawPixels,K,0.6078431372549019,0.5961352657004831,0.6005115089514066,13.93,0.6,0.05,3,50,0.3,0.1,1.0,0.5,0.7
RawPixels,K,0.6470588235294118,0.6511396011396011,0.6487179487179489,14.15,0.6,0.05,3,50,0.3,0.1,1.0,0.5,0.8
RawPixels,K,0.6274509803921569,0.6162563723539333,0.6204211857009561,13.79,0.6,0.05,3,50,0.3,0.1,5.0,0.5,0.6
RawPixels,K,0.5686274509803921,0.5633011478856207,0.5657459724415524,14.07,0.6,0.05,3,50,0.3,0.1,5.0,0.5,0.7
RawPixels,K,0.6274509803921569,0.622514619883041,0.6248194014447884,13.9,0.6,0.05,3,50,0.3,0.1,5.0,0.5,0.8
RawPixels,K,0.6274509803921569,0.6162563723539333,0.6204211857009561,14.0,0.6,0.05,3,50,0.3,1.0,1.0,0.5,0.6
RawPixels,K,0.5882352941176471,0.5795613104872467,0.5829626151962152,13.95,0.6,0.05,3,50,0.3,1.0,1.0,0.5,0.7
RawPixels,K,0.6274509803921569,0.6285380116959064,0.6278637770897832,14.16,0.6,0.05,3,50,0.3,1.0,1.0,0.5,0.8
RawPixels,K,0.6274509803921569,0.6162563723539333,0.6204211857009561,14.13,0.6,0.05,3,50,0.3,1.0,5.0,0.5,0.6
RawPixels,K,0.5490196078431373,0.5467144162796337,0.5481835507410955,13.89,0.6,0.05,3,50,0.3,1.0,5.0,0.5,0.7
RawPixels,K,0.5882352941176471,0.5806054501706676,0.5840681748610137,13.9,0.6,0.05,3,50,0.3,1.0,5.0,0.5,0.8
RawPixels,K,0.6666666666666666,0.6692076692076693,0.6678488443194326,32.69,0.6,0.05,3,100,0.1,0.1,1.0,0.5,0.6
RawPixels,K,0.6470588235294118,0.6511396011396011,0.6487179487179489,32.67,0.6,0.05,3,100,0.1,0.1,1.0,0.5,0.7
RawPixels,K,0.6274509803921569,0.6340956340956342,0.6306713953772778,33.04,0.6,0.05,3,100,0.1,0.1,1.0,0.5,0.8
RawPixels,K,0.6470588235294118,0.6460818713450293,0.6464396284829721,32.8,0.6,0.05,3,100,0.1,0.1,5.0,0.5,0.6
RawPixels,K,0.6274509803921569,0.6281981981981982,0.6275039745627982,32.75,0.6,0.05,3,100,0.1,0.1,5.0,0.5,0.7
RawPixels,K,0.6470588235294118,0.6511396011396011,0.6487179487179489,33.0,0.6,0.05,3,100,0.1,0.1,5.0,0.5,0.8
RawPixels,K,0.6862745098039216,0.691358024691358,0.6884531590413944,32.55,0.6,0.05,3,100,0.1,1.0,1.0,0.5,0.6
RawPixels,K,0.6666666666666666,0.6692076692076693,0.6678488443194326,33.31,0.6,0.05,3,100,0.1,1.0,1.0,0.5,0.7
RawPixels,K,0.6470588235294118,0.6511396011396011,0.6487179487179489,33.04,0.6,0.05,3,100,0.1,1.0,1.0,0.5,0.8
RawPixels,K,0.6470588235294118,0.6495726495726495,0.6485671191553545,32.73,0.6,0.05,3,100,0.1,1.0,5.0,0.5,0.6
RawPixels,K,0.5882352941176471,0.5786138981791157,0.5819594727523116,33.04,0.6,0.05,3,100,0.1,1.0,5.0,0.5,0.7
RawPixels,K,0.6470588235294118,0.6511396011396011,0.6487179487179489,32.54,0.6,0.05,3,100,0.1,1.0,5.0,0.5,0.8
RawPixels,K,0.6666666666666666,0.6731040564373897,0.6691254279489572,30.46,0.6,0.05,3,100,0.3,0.1,1.0,0.5,0.6
RawPixels,K,0.6470588235294118,0.6460818713450293,0.6464396284829721,30.4,0.6,0.05,3,100,0.3,0.1,1.0,0.5,0.7
RawPixels,K,0.6078431372549019,0.6114439946018894,0.6097642295784711,30.7,0.6,0.05,3,100,0.3,0.1,1.0,0.5,0.8
RawPixels,K,0.6470588235294118,0.6460818713450293,0.6464396284829721,30.44,0.6,0.05,3,100,0.3,0.1,5.0,0.5,0.6
RawPixels,K,0.6666666666666666,0.6692076692076693,0.6678488443194326,30.51,0.6,0.05,3,100,0.3,0.1,5.0,0.5,0.7
RawPixels,K,0.6274509803921569,0.6340956340956342,0.6306713953772778,30.27,0.6,0.05,3,100,0.3,0.1,5.0,0.5,0.8
RawPixels,K,0.6862745098039216,0.691358024691358,0.6884531590413944,30.58,0.6,0.05,3,100,0.3,1.0,1.0,0.5,0.6
RawPixels,K,0.6274509803921569,0.6281981981981982,0.6275039745627982,30.57,0.6,0.05,3,100,0.3,1.0,1.0,0.5,0.7
RawPixels,K,0.6274509803921569,0.6340956340956342,0.6306713953772778,30.65,0.6,0.05,3,100,0.3,1.0,1.0,0.5,0.8
RawPixels,K,0.6470588235294118,0.6495726495726495,0.6485671191553545,30.17,0.6,0.05,3,100,0.3,1.0,5.0,0.5,0.6
RawPixels,K,0.6078431372549019,0.6047008547008548,0.6059577677224736,30.34,0.6,0.05,3,100,0.3,1.0,5.0,0.5,0.7
RawPixels,K,0.6274509803921569,0.6340956340956342,0.6306713953772778,30.61,0.6,0.05,3,100,0.3,1.0,5.0,0.5,0.8
RawPixels,K,0.6470588235294118,0.6511396011396011,0.6487179487179489,61.55,0.6,0.05,3,150,0.1,0.1,1.0,0.5,0.6
RawPixels,K,0.6666666666666666,0.6731040564373897,0.6691254279489572,61.77,0.6,0.05,3,150,0.1,0.1,1.0,0.5,0.7
RawPixels,K,0.6274509803921569,0.6340956340956342,0.6306713953772778,62.5,0.6,0.05,3,150,0.1,0.1,1.0,0.5,0.8
RawPixels,K,0.6470588235294118,0.6511396011396011,0.6487179487179489,61.8,0.6,0.05,3,150,0.1,0.1,5.0,0.5,0.6
RawPixels,K,0.6470588235294118,0.6511396011396011,0.6487179487179489,62.54,0.6,0.05,3,150,0.1,0.1,5.0,0.5,0.7
RawPixels,K,0.6470588235294118,0.6511396011396011,0.6487179487179489,61.59,0.6,0.05,3,150,0.1,0.1,5.0,0.5,0.8
RawPixels,K,0.6862745098039216,0.691358024691358,0.6884531590413944,62.09,0.6,0.05,3,150,0.1,1.0,1.0,0.5,0.6
RawPixels,K,0.6470588235294118,0.6511396011396011,0.6487179487179489,61.98,0.6,0.05,3,150,0.1,1.0,1.0,0.5,0.7
RawPixels,K,0.6470588235294118,0.6511396011396011,0.6487179487179489,61.65,0.6,0.05,3,150,0.1,1.0,1.0,0.5,0.8
RawPixels,K,0.6666666666666666,0.6692076692076693,0.6678488443194326,62.05,0.6,0.05,3,150,0.1,1.0,5.0,0.5,0.6
RawPixels,K,0.6470588235294118,0.6511396011396011,0.6487179487179489,61.82,0.6,0.05,3,150,0.1,1.0,5.0,0.5,0.7
RawPixels,K,0.6470588235294118,0.6511396011396011,0.6487179487179489,62.1,0.6,0.05,3,150,0.1,1.0,5.0,0.5,0.8
RawPixels,K,0.6666666666666666,0.6692076692076693,0.6678488443194326,56.4,0.6,0.05,3,150,0.3,0.1,1.0,0.5,0.6
RawPixels,K,0.6666666666666666,0.6731040564373897,0.6691254279489572,56.57,0.6,0.05,3,150,0.3,0.1,1.0,0.5,0.7
RawPixels,K,0.6078431372549019,0.6114439946018894,0.6097642295784711,56.39,0.6,0.05,3,150,0.3,0.1,1.0,0.5,0.8
RawPixels,K,0.6666666666666666,0.6692076692076693,0.6678488443194326,56.1,0.6,0.05,3,150,0.3,0.1,5.0,0.5,0.6
RawPixels,K,0.6470588235294118,0.6511396011396011,0.6487179487179489,56.37,0.6,0.05,3,150,0.3,0.1,5.0,0.5,0.7
RawPixels,K,0.6274509803921569,0.6340956340956342,0.6306713953772778,56.38,0.6,0.05,3,150,0.3,0.1,5.0,0.5,0.8
RawPixels,K,0.6862745098039216,0.691358024691358,0.6884531590413944,55.89,0.6,0.05,3,150,0.3,1.0,1.0,0.5,0.6
RawPixels,K,0.6470588235294118,0.6511396011396011,0.6487179487179489,56.42,0.6,0.05,3,150,0.3,1.0,1.0,0.5,0.7
RawPixels,K,0.6470588235294118,0.6511396011396011,0.6487179487179489,56.7,0.6,0.05,3,150,0.3,1.0,1.0,0.5,0.8
RawPixels,K,0.6470588235294118,0.6511396011396011,0.6487179487179489,56.35,0.6,0.05,3,150,0.3,1.0,5.0,0.5,0.6
RawPixels,K,0.6274509803921569,0.6281981981981982,0.6275039745627982,56.48,0.6,0.05,3,150,0.3,1.0,5.0,0.5,0.7
RawPixels,K,0.6274509803921569,0.6340956340956342,0.6306713953772778,56.65,0.6,0.05,3,150,0.3,1.0,5.0,0.5,0.8
RawPixels,K,0.6470588235294118,0.6435666435666435,0.6452244099302924,14.42,0.6,0.05,4,50,0.1,0.1,1.0,0.5,0.6
RawPixels,K,0.6470588235294118,0.6460818713450293,0.6464396284829721,14.53,0.6,0.05,4,50,0.1,0.1,1.0,0.5,0.7
RawPixels,K,0.6470588235294118,0.6511396011396011,0.6487179487179489,14.57,0.6,0.05,4,50,0.1,0.1,1.0,0.5,0.8
RawPixels,K,0.6666666666666666,0.6666666666666666,0.6666666666666666,14.58,0.6,0.05,4,50,0.1,0.1,5.0,0.5,0.6
RawPixels,K,0.5882352941176471,0.5786138981791157,0.5819594727523116,14.48,0.6,0.05,4,50,0.1,0.1,5.0,0.5,0.7
RawPixels,K,0.6274509803921569,0.6285380116959064,0.6278637770897832,14.81,0.6,0.05,4,50,0.1,0.1,5.0,0.5,0.8
RawPixels,K,0.6666666666666666,0.6666666666666666,0.6666666666666666,14.66,0.6,0.05,4,50,0.1,1.0,1.0,0.5,0.6
RawPixels,K,0.6274509803921569,0.6217948717948718,0.6240573152337858,14.61,0.6,0.05,4,50,0.1,1.0,1.0,0.5,0.7
RawPixels,K,0.6470588235294118,0.6511896511896512,0.6487709428885899,14.62,0.6,0.05,4,50,0.1,1.0,1.0,0.5,0.8
RawPixels,K,0.6274509803921569,0.6162563723539333,0.6204211857009561,14.42,0.6,0.05,4,50,0.1,1.0,5.0,0.5,0.6
RawPixels,K,0.5686274509803921,0.5623745819397993,0.5647649026165651,14.84,0.6,0.05,4,50,0.1,1.0,5.0,0.5,0.7
RawPixels,K,0.6274509803921569,0.622514619883041,0.6248194014447884,14.58,0.6,0.05,4,50,0.1,1.0,5.0,0.5,0.8
RawPixels,K,0.6666666666666666,0.6660818713450292,0.666047471620227,14.08,0.6,0.05,4,50,0.3,0.1,1.0,0.5,0.6
RawPixels,K,0.6078431372549019,0.5961352657004831,0.6005115089514066,14.17,0.6,0.05,4,50,0.3,0.1,1.0,0.5,0.7
RawPixels,K,0.6470588235294118,0.6511396011396011,0.6487179487179489,13.92,0.6,0.05,4,50,0.3,0.1,1.0,0.5,0.8
RawPixels,K,0.6274509803921569,0.6162563723539333,0.6204211857009561,13.86,0.6,0.05,4,50,0.3,0.1,5.0,0.5,0.6
RawPixels,K,0.5686274509803921,0.5633011478856207,0.5657459724415524,13.93,0.6,0.05,4,50,0.3,0.1,5.0,0.5,0.7
RawPixels,K,0.6274509803921569,0.622514619883041,0.6248194014447884,14.05,0.6,0.05,4,50,0.3,0.1,5.0,0.5,0.8
RawPixels,K,0.6274509803921569,0.6162563723539333,0.6204211857009561,13.9,0.6,0.05,4,50,0.3,1.0,1.0,0.5,0.6
RawPixels,K,0.5882352941176471,0.5795613104872467,0.5829626151962152,14.05,0.6,0.05,4,50,0.3,1.0,1.0,0.5,0.7
RawPixels,K,0.6274509803921569,0.6285380116959064,0.6278637770897832,13.96,0.6,0.05,4,50,0.3,1.0,1.0,0.5,0.8
RawPixels,K,0.6274509803921569,0.6162563723539333,0.6204211857009561,13.9,0.6,0.05,4,50,0.3,1.0,5.0,0.5,0.6
RawPixels,K,0.5490196078431373,0.5467144162796337,0.5481835507410955,13.96,0.6,0.05,4,50,0.3,1.0,5.0,0.5,0.7
RawPixels,K,0.5882352941176471,0.5806054501706676,0.5840681748610137,13.93,0.6,0.05,4,50,0.3,1.0,5.0,0.5,0.8
RawPixels,K,0.6666666666666666,0.6692076692076693,0.6678488443194326,32.9,0.6,0.05,4,100,0.1,0.1,1.0,0.5,0.6
RawPixels,K,0.6470588235294118,0.6511396011396011,0.6487179487179489,32.71,0.6,0.05,4,100,0.1,0.1,1.0,0.5,0.7
RawPixels,K,0.6274509803921569,0.6340956340956342,0.6306713953772778,32.95,0.6,0.05,4,100,0.1,0.1,1.0,0.5,0.8
RawPixels,K,0.6470588235294118,0.6460818713450293,0.6464396284829721,32.85,0.6,0.05,4,100,0.1,0.1,5.0,0.5,0.6
RawPixels,K,0.6274509803921569,0.6281981981981982,0.6275039745627982,32.49,0.6,0.05,4,100,0.1,0.1,5.0,0.5,0.7
RawPixels,K,0.6470588235294118,0.6511396011396011,0.6487179487179489,32.93,0.6,0.05,4,100,0.1,0.1,5.0,0.5,0.8
RawPixels,K,0.6862745098039216,0.691358024691358,0.6884531590413944,32.42,0.6,0.05,4,100,0.1,1.0,1.0,0.5,0.6
RawPixels,K,0.6666666666666666,0.6692076692076693,0.6678488443194326,32.8,0.6,0.05,4,100,0.1,1.0,1.0,0.5,0.7
RawPixels,K,0.6470588235294118,0.6511396011396011,0.6487179487179489,32.81,0.6,0.05,4,100,0.1,1.0,1.0,0.5,0.8
RawPixels,K,0.6470588235294118,0.6495726495726495,0.6485671191553545,33.05,0.6,0.05,4,100,0.1,1.0,5.0,0.5,0.6
RawPixels,K,0.5882352941176471,0.5786138981791157,0.5819594727523116,32.93,0.6,0.05,4,100,0.1,1.0,5.0,0.5,0.7
RawPixels,K,0.6470588235294118,0.6511396011396011,0.6487179487179489,33.04,0.6,0.05,4,100,0.1,1.0,5.0,0.5,0.8
RawPixels,K,0.6666666666666666,0.6731040564373897,0.6691254279489572,30.12,0.6,0.05,4,100,0.3,0.1,1.0,0.5,0.6
RawPixels,K,0.6470588235294118,0.6460818713450293,0.6464396284829721,30.4,0.6,0.05,4,100,0.3,0.1,1.0,0.5,0.7
RawPixels,K,0.6078431372549019,0.6114439946018894,0.6097642295784711,30.43,0.6,0.05,4,100,0.3,0.1,1.0,0.5,0.8
RawPixels,K,0.6470588235294118,0.6460818713450293,0.6464396284829721,30.53,0.6,0.05,4,100,0.3,0.1,5.0,0.5,0.6
RawPixels,K,0.6666666666666666,0.6692076692076693,0.6678488443194326,30.7,0.6,0.05,4,100,0.3,0.1,5.0,0.5,0.7
RawPixels,K,0.6274509803921569,0.6340956340956342,0.6306713953772778,30.4,0.6,0.05,4,100,0.3,0.1,5.0,0.5,0.8
RawPixels,K,0.6862745098039216,0.691358024691358,0.6884531590413944,30.22,0.6,0.05,4,100,0.3,1.0,1.0,0.5,0.6
RawPixels,K,0.6274509803921569,0.6281981981981982,0.6275039745627982,30.46,0.6,0.05,4,100,0.3,1.0,1.0,0.5,0.7
RawPixels,K,0.6274509803921569,0.6340956340956342,0.6306713953772778,30.9,0.6,0.05,4,100,0.3,1.0,1.0,0.5,0.8
RawPixels,K,0.6470588235294118,0.6495726495726495,0.6485671191553545,30.07,0.6,0.05,4,100,0.3,1.0,5.0,0.5,0.6
RawPixels,K,0.6078431372549019,0.6047008547008548,0.6059577677224736,30.6,0.6,0.05,4,100,0.3,1.0,5.0,0.5,0.7
RawPixels,K,0.6274509803921569,0.6340956340956342,0.6306713953772778,30.76,0.6,0.05,4,100,0.3,1.0,5.0,0.5,0.8
RawPixels,K,0.6470588235294118,0.6511396011396011,0.6487179487179489,61.55,0.6,0.05,4,150,0.1,0.1,1.0,0.5,0.6
RawPixels,K,0.6666666666666666,0.6731040564373897,0.6691254279489572,61.54,0.6,0.05,4,150,0.1,0.1,1.0,0.5,0.7
RawPixels,K,0.6274509803921569,0.6340956340956342,0.6306713953772778,61.61,0.6,0.05,4,150,0.1,0.1,1.0,0.5,0.8
RawPixels,K,0.6470588235294118,0.6511396011396011,0.6487179487179489,61.3,0.6,0.05,4,150,0.1,0.1,5.0,0.5,0.6
RawPixels,K,0.6470588235294118,0.6511396011396011,0.6487179487179489,61.8,0.6,0.05,4,150,0.1,0.1,5.0,0.5,0.7
RawPixels,K,0.6470588235294118,0.6511396011396011,0.6487179487179489,62.03,0.6,0.05,4,150,0.1,0.1,5.0,0.5,0.8
RawPixels,K,0.6862745098039216,0.691358024691358,0.6884531590413944,62.07,0.6,0.05,4,150,0.1,1.0,1.0,0.5,0.6
RawPixels,K,0.6470588235294118,0.6511396011396011,0.6487179487179489,61.93,0.6,0.05,4,150,0.1,1.0,1.0,0.5,0.7
RawPixels,K,0.6470588235294118,0.6511396011396011,0.6487179487179489,61.42,0.6,0.05,4,150,0.1,1.0,1.0,0.5,0.8
RawPixels,K,0.6666666666666666,0.6692076692076693,0.6678488443194326,61.2,0.6,0.05,4,150,0.1,1.0,5.0,0.5,0.6
RawPixels,K,0.6470588235294118,0.6511396011396011,0.6487179487179489,61.87,0.6,0.05,4,150,0.1,1.0,5.0,0.5,0.7
RawPixels,K,0.6470588235294118,0.6511396011396011,0.6487179487179489,61.87,0.6,0.05,4,150,0.1,1.0,5.0,0.5,0.8
RawPixels,K,0.6666666666666666,0.6692076692076693,0.6678488443194326,55.97,0.6,0.05,4,150,0.3,0.1,1.0,0.5,0.6
RawPixels,K,0.6666666666666666,0.6731040564373897,0.6691254279489572,56.16,0.6,0.05,4,150,0.3,0.1,1.0,0.5,0.7
RawPixels,K,0.6078431372549019,0.6114439946018894,0.6097642295784711,56.28,0.6,0.05,4,150,0.3,0.1,1.0,0.5,0.8
RawPixels,K,0.6666666666666666,0.6692076692076693,0.6678488443194326,55.9,0.6,0.05,4,150,0.3,0.1,5.0,0.5,0.6
RawPixels,K,0.6470588235294118,0.6511396011396011,0.6487179487179489,56.39,0.6,0.05,4,150,0.3,0.1,5.0,0.5,0.7
RawPixels,K,0.6274509803921569,0.6340956340956342,0.6306713953772778,56.75,0.6,0.05,4,150,0.3,0.1,5.0,0.5,0.8
RawPixels,K,0.6862745098039216,0.691358024691358,0.6884531590413944,55.5,0.6,0.05,4,150,0.3,1.0,1.0,0.5,0.6
RawPixels,K,0.6470588235294118,0.6511396011396011,0.6487179487179489,56.12,0.6,0.05,4,150,0.3,1.0,1.0,0.5,0.7
RawPixels,K,0.6470588235294118,0.6511396011396011,0.6487179487179489,55.96,0.6,0.05,4,150,0.3,1.0,1.0,0.5,0.8
RawPixels,K,0.6470588235294118,0.6511396011396011,0.6487179487179489,56.06,0.6,0.05,4,150,0.3,1.0,5.0,0.5,0.6
RawPixels,K,0.6274509803921569,0.6281981981981982,0.6275039745627982,55.82,0.6,0.05,4,150,0.3,1.0,5.0,0.5,0.7
RawPixels,K,0.6274509803921569,0.6340956340956342,0.6306713953772778,56.45,0.6,0.05,4,150,0.3,1.0,5.0,0.5,0.8
RawPixels,K,0.6666666666666666,0.6666666666666666,0.6666666666666666,14.59,0.6,0.1,2,50,0.1,0.1,1.0,0.5,0.6
RawPixels,K,0.6666666666666666,0.6692076692076693,0.6678488443194326,14.59,0.6,0.1,2,50,0.1,0.1,1.0,0.5,0.7
RawPixels,K,0.6470588235294118,0.6557454890788225,0.6507457683928272,14.75,0.6,0.1,2,50,0.1,0.1,1.0,0.5,0.8
RawPixels,K,0.6862745098039216,0.6863247863247862,0.6859728506787331,14.63,0.6,0.1,2,50,0.1,0.1,5.0,0.5,0.6
RawPixels,K,0.6274509803921569,0.6217948717948718,0.6240573152337858,14.64,0.6,0.1,2,50,0.1,0.1,5.0,0.5,0.7
RawPixels,K,0.6274509803921569,0.6340956340956342,0.6306713953772778,14.52,0.6,0.1,2,50,0.1,0.1,5.0,0.5,0.8
RawPixels,K,0.6862745098039216,0.684126984126984,0.6851540616246499,14.49,0.6,0.1,2,50,0.1,1.0,1.0,0.5,0.6
RawPixels,K,0.6666666666666666,0.6692076692076693,0.6678488443194326,14.75,0.6,0.1,2,50,0.1,1.0,1.0,0.5,0.7
RawPixels,K,0.6078431372549019,0.6118938371569951,0.6102405334603477,14.57,0.6,0.1,2,50,0.1,1.0,1.0,0.5,0.8
RawPixels,K,0.6470588235294118,0.6460818713450293,0.6464396284829721,14.67,0.6,0.1,2,50,0.1,1.0,5.0,0.5,0.6
RawPixels,K,0.6470588235294118,0.6460818713450293,0.6464396284829721,14.54,0.6,0.1,2,50,0.1,1.0,5.0,0.5,0.7
RawPixels,K,0.6470588235294118,0.6518218623481781,0.6494403429387949,14.53,0.6,0.1,2,50,0.1,1.0,5.0,0.5,0.8
RawPixels,K,0.6666666666666666,0.6666666666666666,0.6666666666666666,13.99,0.6,0.1,2,50,0.3,0.1,1.0,0.5,0.6
RawPixels,K,0.6470588235294118,0.6518218623481781,0.6494403429387949,13.98,0.6,0.1,2,50,0.3,0.1,1.0,0.5,0.7
RawPixels,K,0.6274509803921569,0.6340956340956342,0.6306713953772778,13.74,0.6,0.1,2,50,0.3,0.1,1.0,0.5,0.8
RawPixels,K,0.6862745098039216,0.6863247863247862,0.6859728506787331,13.68,0.6,0.1,2,50,0.3,0.1,5.0,0.5,0.6
RawPixels,K,0.6274509803921569,0.6217948717948718,0.6240573152337858,13.75,0.6,0.1,2,50,0.3,0.1,5.0,0.5,0.7
RawPixels,K,0.6274509803921569,0.6340956340956342,0.6306713953772778,13.99,0.6,0.1,2,50,0.3,0.1,5.0,0.5,0.8
RawPixels,K,0.6862745098039216,0.684126984126984,0.6851540616246499,14.02,0.6,0.1,2,50,0.3,1.0,1.0,0.5,0.6
RawPixels,K,0.6470588235294118,0.6460818713450293,0.6464396284829721,13.94,0.6,0.1,2,50,0.3,1.0,1.0,0.5,0.7
RawPixels,K,0.6274509803921569,0.6340956340956342,0.6306713953772778,14.03,0.6,0.1,2,50,0.3,1.0,1.0,0.5,0.8
RawPixels,K,0.6666666666666666,0.6666666666666666,0.6666666666666666,14.15,0.6,0.1,2,50,0.3,1.0,5.0,0.5,0.6
RawPixels,K,0.6078431372549019,0.5961352657004831,0.6005115089514066,14.03,0.6,0.1,2,50,0.3,1.0,5.0,0.5,0.7
RawPixels,K,0.6470588235294118,0.6511896511896512,0.6487709428885899,13.89,0.6,0.1,2,50,0.3,1.0,5.0,0.5,0.8
RawPixels,K,0.6078431372549019,0.6163673724649333,0.611900294827124,32.65,0.6,0.1,2,100,0.1,0.1,1.0,0.5,0.6
RawPixels,K,0.6470588235294118,0.6548648648648648,0.651033386327504,32.49,0.6,0.1,2,100,0.1,0.1,1.0,0.5,0.7
RawPixels,K,0.5686274509803921,0.576846846846847,0.5731319554848967,32.54,0.6,0.1,2,100,0.1,0.1,1.0,0.5,0.8
RawPixels,K,0.6666666666666666,0.6692076692076693,0.6678488443194326,32.72,0.6,0.1,2,100,0.1,0.1,5.0,0.5,0.6
RawPixels,K,0.6666666666666666,0.6731040564373897,0.6691254279489572,32.88,0.6,0.1,2,100,0.1,0.1,5.0,0.5,0.7
RawPixels,K,0.6274509803921569,0.6340956340956342,0.6306713953772778,32.73,0.6,0.1,2,100,0.1,0.1,5.0,0.5,0.8
RawPixels,K,0.6666666666666666,0.6692076692076693,0.6678488443194326,32.7,0.6,0.1,2,100,0.1,1.0,1.0,0.5,0.6
RawPixels,K,0.6470588235294118,0.6511396011396011,0.6487179487179489,32.66,0.6,0.1,2,100,0.1,1.0,1.0,0.5,0.7
RawPixels,K,0.6078431372549019,0.6167341430499326,0.6122886401524174,32.8,0.6,0.1,2,100,0.1,1.0,1.0,0.5,0.8
RawPixels,K,0.6666666666666666,0.6692076692076693,0.6678488443194326,32.68,0.6,0.1,2,100,0.1,1.0,5.0,0.5,0.6
RawPixels,K,0.6666666666666666,0.6731040564373897,0.6691254279489572,33.09,0.6,0.1,2,100,0.1,1.0,5.0,0.5,0.7
RawPixels,K,0.6274509803921569,0.6340956340956342,0.6306713953772778,32.81,0.6,0.1,2,100,0.1,1.0,5.0,0.5,0.8
RawPixels,K,0.6274509803921569,0.6368253968253968,0.6319327731092437,30.29,0.6,0.1,2,100,0.3,0.1,1.0,0.5,0.6
RawPixels,K,0.6470588235294118,0.6601139601139602,0.6536953242835596,29.95,0.6,0.1,2,100,0.3,0.1,1.0,0.5,0.7
RawPixels,K,0.6078431372549019,0.6170016170016169,0.6125718478659655,30.39,0.6,0.1,2,100,0.3,0.1,1.0,0.5,0.8
RawPixels,K,0.6666666666666666,0.6692076692076693,0.6678488443194326,30.56,0.6,0.1,2,100,0.3,0.1,5.0,0.5,0.6
RawPixels,K,0.6862745098039216,0.691358024691358,0.6884531590413944,30.23,0.6,0.1,2,100,0.3,0.1,5.0,0.5,0.7
RawPixels,K,0.6274509803921569,0.6380942345854627,0.632056204811623,31.17,0.6,0.1,2,100,0.3,0.1,5.0,0.5,0.8
RawPixels,K,0.6862745098039216,0.691358024691358,0.6884531590413944,30.34,0.6,0.1,2,100,0.3,1.0,1.0,0.5,0.6
RawPixels,K,0.6666666666666666,0.6731040564373897,0.6691254279489572,30.31,0.6,0.1,2,100,0.3,1.0,1.0,0.5,0.7
RawPixels,K,0.6470588235294118,0.6557454890788225,0.6507457683928272,29.67,0.6,0.1,2,100,0.3,1.0,1.0,0.5,0.8
RawPixels,K,0.6666666666666666,0.6692076692076693,0.6678488443194326,30.62,0.6,0.1,2,100,0.3,1.0,5.0,0.5,0.6
RawPixels,K,0.6274509803921569,0.6281981981981982,0.6275039745627982,29.97,0.6,0.1,2,100,0.3,1.0,5.0,0.5,0.7
RawPixels,K,0.6470588235294118,0.6511396011396011,0.6487179487179489,30.38,0.6,0.1,2,100,0.3,1.0,5.0,0.5,0.8
RawPixels,K,0.6078431372549019,0.6203071364046974,0.614442850310856,61.54,0.6,0.1,2,150,0.1,0.1,1.0,0.5,0.6
RawPixels,K,0.6470588235294118,0.6558730158730158,0.6521008403361344,62.37,0.6,0.1,2,150,0.1,0.1,1.0,0.5,0.7
RawPixels,K,0.6274509803921569,0.6381981981981982,0.6333863275039746,61.91,0.6,0.1,2,150,0.1,0.1,1.0,0.5,0.8
RawPixels,K,0.6078431372549019,0.6159544159544159,0.6114630467571643,62.21,0.6,0.1,2,150,0.1,0.1,5.0,0.5,0.6
RawPixels,K,0.6666666666666666,0.6773161797552042,0.6719094391978179,61.88,0.6,0.1,2,150,0.1,0.1,5.0,0.5,0.7
RawPixels,K,0.6470588235294118,0.6556380942345854,0.6506320562048117,61.49,0.6,0.1,2,150,0.1,0.1,5.0,0.5,0.8
RawPixels,K,0.6470588235294118,0.6511396011396011,0.6487179487179489,61.69,0.6,0.1,2,150,0.1,1.0,1.0,0.5,0.6
RawPixels,K,0.6666666666666666,0.6739819685778556,0.670054981980039,61.72,0.6,0.1,2,150,0.1,1.0,1.0,0.5,0.7
RawPixels,K,0.6078431372549019,0.6134028765607713,0.6102697124368952,61.92,0.6,0.1,2,150,0.1,1.0,1.0,0.5,0.8
RawPixels,K,0.6470588235294118,0.6511396011396011,0.6487179487179489,61.72,0.6,0.1,2,150,0.1,1.0,5.0,0.5,0.6
RawPixels,K,0.6666666666666666,0.6731040564373897,0.6691254279489572,61.58,0.6,0.1,2,150,0.1,1.0,5.0,0.5,0.7
RawPixels,K,0.6274509803921569,0.6340956340956342,0.6306713953772778,61.83,0.6,0.1,2,150,0.1,1.0,5.0,0.5,0.8
RawPixels,K,0.6274509803921569,0.6368253968253968,0.6319327731092437,55.6,0.6,0.1,2,150,0.3,0.1,1.0,0.5,0.6
RawPixels,K,0.6274509803921569,0.6368253968253968,0.6319327731092437,56.09,0.6,0.1,2,150,0.3,0.1,1.0,0.5,0.7
RawPixels,K,0.6078431372549019,0.6248313090418353,0.6163372231483686,56.05,0.6,0.1,2,150,0.3,0.1,1.0,0.5,0.8
RawPixels,K,0.6470588235294118,0.6543741254406008,0.6492937363052985,55.62,0.6,0.1,2,150,0.3,0.1,5.0,0.5,0.6
RawPixels,K,0.6666666666666666,0.6731040564373897,0.6691254279489572,56.27,0.6,0.1,2,150,0.3,0.1,5.0,0.5,0.7
RawPixels,K,0.6274509803921569,0.6380942345854627,0.632056204811623,56.32,0.6,0.1,2,150,0.3,0.1,5.0,0.5,0.8
RawPixels,K,0.6666666666666666,0.6731040564373897,0.6691254279489572,55.67,0.6,0.1,2,150,0.3,1.0,1.0,0.5,0.6
RawPixels,K,0.6666666666666666,0.6773161797552042,0.6719094391978179,56.07,0.6,0.1,2,150,0.3,1.0,1.0,0.5,0.7
RawPixels,K,0.6470588235294118,0.6557454890788225,0.6507457683928272,56.25,0.6,0.1,2,150,0.3,1.0,1.0,0.5,0.8
RawPixels,K,0.6470588235294118,0.6511396011396011,0.6487179487179489,55.92,0.6,0.1,2,150,0.3,1.0,5.0,0.5,0.6
RawPixels,K,0.6666666666666666,0.6731040564373897,0.6691254279489572,56.15,0.6,0.1,2,150,0.3,1.0,5.0,0.5,0.7
RawPixels,K,0.6470588235294118,0.6511396011396011,0.6487179487179489,55.92,0.6,0.1,2,150,0.3,1.0,5.0,0.5,0.8
RawPixels,K,0.6666666666666666,0.6666666666666666,0.6666666666666666,14.32,0.6,0.1,3,50,0.1,0.1,1.0,0.5,0.6
RawPixels,K,0.6666666666666666,0.6692076692076693,0.6678488443194326,14.42,0.6,0.1,3,50,0.1,0.1,1.0,0.5,0.7
RawPixels,K,0.6470588235294118,0.6557454890788225,0.6507457683928272,14.61,0.6,0.1,3,50,0.1,0.1,1.0,0.5,0.8
RawPixels,K,0.6862745098039216,0.6863247863247862,0.6859728506787331,14.63,0.6,0.1,3,50,0.1,0.1,5.0,0.5,0.6
RawPixels,K,0.6274509803921569,0.6217948717948718,0.6240573152337858,14.59,0.6,0.1,3,50,0.1,0.1,5.0,0.5,0.7
RawPixels,K,0.6274509803921569,0.6340956340956342,0.6306713953772778,14.66,0.6,0.1,3,50,0.1,0.1,5.0,0.5,0.8
RawPixels,K,0.6862745098039216,0.684126984126984,0.6851540616246499,14.34,0.6,0.1,3,50,0.1,1.0,1.0,0.5,0.6
RawPixels,K,0.6666666666666666,0.6692076692076693,0.6678488443194326,14.17,0.6,0.1,3,50,0.1,1.0,1.0,0.5,0.7
RawPixels,K,0.6078431372549019,0.6118938371569951,0.6102405334603477,14.73,0.6,0.1,3,50,0.1,1.0,1.0,0.5,0.8
RawPixels,K,0.6470588235294118,0.6460818713450293,0.6464396284829721,14.61,0.6,0.1,3,50,0.1,1.0,5.0,0.5,0.6
RawPixels,K,0.6470588235294118,0.6460818713450293,0.6464396284829721,14.3,0.6,0.1,3,50,0.1,1.0,5.0,0.5,0.7
RawPixels,K,0.6470588235294118,0.6518218623481781,0.6494403429387949,14.36,0.6,0.1,3,50,0.1,1.0,5.0,0.5,0.8
RawPixels,K,0.6666666666666666,0.6666666666666666,0.6666666666666666,13.85,0.6,0.1,3,50,0.3,0.1,1.0,0.5,0.6
RawPixels,K,0.6470588235294118,0.6518218623481781,0.6494403429387949,13.9,0.6,0.1,3,50,0.3,0.1,1.0,0.5,0.7
RawPixels,K,0.6274509803921569,0.6340956340956342,0.6306713953772778,13.83,0.6,0.1,3,50,0.3,0.1,1.0,0.5,0.8
RawPixels,K,0.6862745098039216,0.6863247863247862,0.6859728506787331,13.98,0.6,0.1,3,50,0.3,0.1,5.0,0.5,0.6
RawPixels,K,0.6274509803921569,0.6217948717948718,0.6240573152337858,13.98,0.6,0.1,3,50,0.3,0.1,5.0,0.5,0.7
RawPixels,K,0.6274509803921569,0.6340956340956342,0.6306713953772778,14.06,0.6,0.1,3,50,0.3,0.1,5.0,0.5,0.8
RawPixels,K,0.6862745098039216,0.684126984126984,0.6851540616246499,13.72,0.6,0.1,3,50,0.3,1.0,1.0,0.5,0.6
RawPixels,K,0.6470588235294118,0.6460818713450293,0.6464396284829721,13.99,0.6,0.1,3,50,0.3,1.0,1.0,0.5,0.7
RawPixels,K,0.6274509803921569,0.6340956340956342,0.6306713953772778,14.25,0.6,0.1,3,50,0.3,1.0,1.0,0.5,0.8
RawPixels,K,0.6666666666666666,0.6666666666666666,0.6666666666666666,13.95,0.6,0.1,3,50,0.3,1.0,5.0,0.5,0.6
RawPixels,K,0.6078431372549019,0.5961352657004831,0.6005115089514066,14.1,0.6,0.1,3,50,0.3,1.0,5.0,0.5,0.7
RawPixels,K,0.6470588235294118,0.6511896511896512,0.6487709428885899,14.19,0.6,0.1,3,50,0.3,1.0,5.0,0.5,0.8
RawPixels,K,0.6078431372549019,0.6163673724649333,0.611900294827124,32.33,0.6,0.1,3,100,0.1,0.1,1.0,0.5,0.6
RawPixels,K,0.6470588235294118,0.6548648648648648,0.651033386327504,32.2,0.6,0.1,3,100,0.1,0.1,1.0,0.5,0.7
RawPixels,K,0.5686274509803921,0.576846846846847,0.5731319554848967,32.81,0.6,0.1,3,100,0.1,0.1,1.0,0.5,0.8
RawPixels,K,0.6666666666666666,0.6692076692076693,0.6678488443194326,32.96,0.6,0.1,3,100,0.1,0.1,5.0,0.5,0.6
RawPixels,K,0.6666666666666666,0.6731040564373897,0.6691254279489572,32.85,0.6,0.1,3,100,0.1,0.1,5.0,0.5,0.7
RawPixels,K,0.6274509803921569,0.6340956340956342,0.6306713953772778,32.89,0.6,0.1,3,100,0.1,0.1,5.0,0.5,0.8
RawPixels,K,0.6666666666666666,0.6692076692076693,0.6678488443194326,32.86,0.6,0.1,3,100,0.1,1.0,1.0,0.5,0.6
RawPixels,K,0.6470588235294118,0.6511396011396011,0.6487179487179489,32.85,0.6,0.1,3,100,0.1,1.0,1.0,0.5,0.7
RawPixels,K,0.6078431372549019,0.6167341430499326,0.6122886401524174,32.92,0.6,0.1,3,100,0.1,1.0,1.0,0.5,0.8
RawPixels,K,0.6666666666666666,0.6692076692076693,0.6678488443194326,32.52,0.6,0.1,3,100,0.1,1.0,5.0,0.5,0.6
RawPixels,K,0.6666666666666666,0.6731040564373897,0.6691254279489572,32.29,0.6,0.1,3,100,0.1,1.0,5.0,0.5,0.7
RawPixels,K,0.6274509803921569,0.6340956340956342,0.6306713953772778,32.73,0.6,0.1,3,100,0.1,1.0,5.0,0.5,0.8
RawPixels,K,0.6274509803921569,0.6368253968253968,0.6319327731092437,30.14,0.6,0.1,3,100,0.3,0.1,1.0,0.5,0.6
RawPixels,K,0.6470588235294118,0.6601139601139602,0.6536953242835596,30.06,0.6,0.1,3,100,0.3,0.1,1.0,0.5,0.7
RawPixels,K,0.6078431372549019,0.6170016170016169,0.6125718478659655,30.49,0.6,0.1,3,100,0.3,0.1,1.0,0.5,0.8
RawPixels,K,0.6666666666666666,0.6692076692076693,0.6678488443194326,30.3,0.6,0.1,3,100,0.3,0.1,5.0,0.5,0.6
RawPixels,K,0.6862745098039216,0.691358024691358,0.6884531590413944,30.53,0.6,0.1,3,100,0.3,0.1,5.0,0.5,0.7
RawPixels,K,0.6274509803921569,0.6380942345854627,0.632056204811623,30.2,0.6,0.1,3,100,0.3,0.1,5.0,0.5,0.8
RawPixels,K,0.6862745098039216,0.691358024691358,0.6884531590413944,30.21,0.6,0.1,3,100,0.3,1.0,1.0,0.5,0.6
RawPixels,K,0.6666666666666666,0.6731040564373897,0.6691254279489572,30.33,0.6,0.1,3,100,0.3,1.0,1.0,0.5,0.7
RawPixels,K,0.6470588235294118,0.6557454890788225,0.6507457683928272,30.2,0.6,0.1,3,100,0.3,1.0,1.0,0.5,0.8
RawPixels,K,0.6666666666666666,0.6692076692076693,0.6678488443194326,30.02,0.6,0.1,3,100,0.3,1.0,5.0,0.5,0.6
RawPixels,K,0.6274509803921569,0.6281981981981982,0.6275039745627982,30.38,0.6,0.1,3,100,0.3,1.0,5.0,0.5,0.7
RawPixels,K,0.6470588235294118,0.6511396011396011,0.6487179487179489,30.55,0.6,0.1,3,100,0.3,1.0,5.0,0.5,0.8
RawPixels,K,0.6078431372549019,0.6203071364046974,0.614442850310856,61.22,0.6,0.1,3,150,0.1,0.1,1.0,0.5,0.6
RawPixels,K,0.6470588235294118,0.6558730158730158,0.6521008403361344,61.98,0.6,0.1,3,150,0.1,0.1,1.0,0.5,0.7
RawPixels,K,0.6274509803921569,0.6381981981981982,0.6333863275039746,62.41,0.6,0.1,3,150,0.1,0.1,1.0,0.5,0.8
RawPixels,K,0.6078431372549019,0.6159544159544159,0.6114630467571643,61.13,0.6,0.1,3,150,0.1,0.1,5.0,0.5,0.6
RawPixels,K,0.6666666666666666,0.6773161797552042,0.6719094391978179,61.36,0.6,0.1,3,150,0.1,0.1,5.0,0.5,0.7
RawPixels,K,0.6470588235294118,0.6556380942345854,0.6506320562048117,61.67,0.6,0.1,3,150,0.1,0.1,5.0,0.5,0.8
RawPixels,K,0.6470588235294118,0.6511396011396011,0.6487179487179489,60.88,0.6,0.1,3,150,0.1,1.0,1.0,0.5,0.6
RawPixels,K,0.6666666666666666,0.6739819685778556,0.670054981980039,61.9,0.6,0.1,3,150,0.1,1.0,1.0,0.5,0.7
RawPixels,K,0.6078431372549019,0.6134028765607713,0.6102697124368952,62.0,0.6,0.1,3,150,0.1,1.0,1.0,0.5,0.8
RawPixels,K,0.6470588235294118,0.6511396011396011,0.6487179487179489,61.12,0.6,0.1,3,150,0.1,1.0,5.0,0.5,0.6
RawPixels,K,0.6666666666666666,0.6731040564373897,0.6691254279489572,61.46,0.6,0.1,3,150,0.1,1.0,5.0,0.5,0.7
RawPixels,K,0.6274509803921569,0.6340956340956342,0.6306713953772778,61.72,0.6,0.1,3,150,0.1,1.0,5.0,0.5,0.8
RawPixels,K,0.6274509803921569,0.6368253968253968,0.6319327731092437,55.52,0.6,0.1,3,150,0.3,0.1,1.0,0.5,0.6
RawPixels,K,0.6274509803921569,0.6368253968253968,0.6319327731092437,56.01,0.6,0.1,3,150,0.3,0.1,1.0,0.5,0.7
RawPixels,K,0.6078431372549019,0.6248313090418353,0.6163372231483686,56.89,0.6,0.1,3,150,0.3,0.1,1.0,0.5,0.8
RawPixels,K,0.6470588235294118,0.6543741254406008,0.6492937363052985,56.09,0.6,0.1,3,150,0.3,0.1,5.0,0.5,0.6
RawPixels,K,0.6666666666666666,0.6731040564373897,0.6691254279489572,56.34,0.6,0.1,3,150,0.3,0.1,5.0,0.5,0.7
RawPixels,K,0.6274509803921569,0.6380942345854627,0.632056204811623,56.88,0.6,0.1,3,150,0.3,0.1,5.0,0.5,0.8
RawPixels,K,0.6666666666666666,0.6731040564373897,0.6691254279489572,55.73,0.6,0.1,3,150,0.3,1.0,1.0,0.5,0.6
RawPixels,K,0.6666666666666666,0.6773161797552042,0.6719094391978179,56.07,0.6,0.1,3,150,0.3,1.0,1.0,0.5,0.7
RawPixels,K,0.6470588235294118,0.6557454890788225,0.6507457683928272,56.79,0.6,0.1,3,150,0.3,1.0,1.0,0.5,0.8
RawPixels,K,0.6470588235294118,0.6511396011396011,0.6487179487179489,55.71,0.6,0.1,3,150,0.3,1.0,5.0,0.5,0.6
RawPixels,K,0.6666666666666666,0.6731040564373897,0.6691254279489572,56.59,0.6,0.1,3,150,0.3,1.0,5.0,0.5,0.7
RawPixels,K,0.6470588235294118,0.6511396011396011,0.6487179487179489,56.49,0.6,0.1,3,150,0.3,1.0,5.0,0.5,0.8
RawPixels,K,0.6666666666666666,0.6666666666666666,0.6666666666666666,14.77,0.6,0.1,4,50,0.1,0.1,1.0,0.5,0.6
RawPixels,K,0.6666666666666666,0.6692076692076693,0.6678488443194326,14.62,0.6,0.1,4,50,0.1,0.1,1.0,0.5,0.7
RawPixels,K,0.6470588235294118,0.6557454890788225,0.6507457683928272,14.67,0.6,0.1,4,50,0.1,0.1,1.0,0.5,0.8
RawPixels,K,0.6862745098039216,0.6863247863247862,0.6859728506787331,14.53,0.6,0.1,4,50,0.1,0.1,5.0,0.5,0.6
RawPixels,K,0.6274509803921569,0.6217948717948718,0.6240573152337858,14.53,0.6,0.1,4,50,0.1,0.1,5.0,0.5,0.7
RawPixels,K,0.6274509803921569,0.6340956340956342,0.6306713953772778,14.65,0.6,0.1,4,50,0.1,0.1,5.0,0.5,0.8
RawPixels,K,0.6862745098039216,0.684126984126984,0.6851540616246499,14.54,0.6,0.1,4,50,0.1,1.0,1.0,0.5,0.6
RawPixels,K,0.6666666666666666,0.6692076692076693,0.6678488443194326,14.36,0.6,0.1,4,50,0.1,1.0,1.0,0.5,0.7
RawPixels,K,0.6078431372549019,0.6118938371569951,0.6102405334603477,14.75,0.6,0.1,4,50,0.1,1.0,1.0,0.5,0.8
RawPixels,K,0.6470588235294118,0.6460818713450293,0.6464396284829721,14.65,0.6,0.1,4,50,0.1,1.0,5.0,0.5,0.6
RawPixels,K,0.6470588235294118,0.6460818713450293,0.6464396284829721,14.81,0.6,0.1,4,50,0.1,1.0,5.0,0.5,0.7
RawPixels,K,0.6470588235294118,0.6518218623481781,0.6494403429387949,14.28,0.6,0.1,4,50,0.1,1.0,5.0,0.5,0.8
RawPixels,K,0.6666666666666666,0.6666666666666666,0.6666666666666666,13.98,0.6,0.1,4,50,0.3,0.1,1.0,0.5,0.6
RawPixels,K,0.6470588235294118,0.6518218623481781,0.6494403429387949,13.79,0.6,0.1,4,50,0.3,0.1,1.0,0.5,0.7
RawPixels,K,0.6274509803921569,0.6340956340956342,0.6306713953772778,14.18,0.6,0.1,4,50,0.3,0.1,1.0,0.5,0.8
RawPixels,K,0.6862745098039216,0.6863247863247862,0.6859728506787331,13.75,0.6,0.1,4,50,0.3,0.1,5.0,0.5,0.6
RawPixels,K,0.6274509803921569,0.6217948717948718,0.6240573152337858,13.74,0.6,0.1,4,50,0.3,0.1,5.0,0.5,0.7
RawPixels,K,0.6274509803921569,0.6340956340956342,0.6306713953772778,13.99,0.6,0.1,4,50,0.3,0.1,5.0,0.5,0.8
RawPixels,K,0.6862745098039216,0.684126984126984,0.6851540616246499,13.98,0.6,0.1,4,50,0.3,1.0,1.0,0.5,0.6
RawPixels,K,0.6470588235294118,0.6460818713450293,0.6464396284829721,13.94,0.6,0.1,4,50,0.3,1.0,1.0,0.5,0.7
RawPixels,K,0.6274509803921569,0.6340956340956342,0.6306713953772778,13.78,0.6,0.1,4,50,0.3,1.0,1.0,0.5,0.8
RawPixels,K,0.6666666666666666,0.6666666666666666,0.6666666666666666,13.95,0.6,0.1,4,50,0.3,1.0,5.0,0.5,0.6
RawPixels,K,0.6078431372549019,0.5961352657004831,0.6005115089514066,14.07,0.6,0.1,4,50,0.3,1.0,5.0,0.5,0.7
RawPixels,K,0.6470588235294118,0.6511896511896512,0.6487709428885899,14.15,0.6,0.1,4,50,0.3,1.0,5.0,0.5,0.8
RawPixels,K,0.6078431372549019,0.6163673724649333,0.611900294827124,32.57,0.6,0.1,4,100,0.1,0.1,1.0,0.5,0.6
RawPixels,K,0.6470588235294118,0.6548648648648648,0.651033386327504,32.84,0.6,0.1,4,100,0.1,0.1,1.0,0.5,0.7
RawPixels,K,0.5686274509803921,0.576846846846847,0.5731319554848967,32.87,0.6,0.1,4,100,0.1,0.1,1.0,0.5,0.8
RawPixels,K,0.6666666666666666,0.6692076692076693,0.6678488443194326,32.67,0.6,0.1,4,100,0.1,0.1,5.0,0.5,0.6
RawPixels,K,0.6666666666666666,0.6731040564373897,0.6691254279489572,32.72,0.6,0.1,4,100,0.1,0.1,5.0,0.5,0.7
RawPixels,K,0.6274509803921569,0.6340956340956342,0.6306713953772778,32.85,0.6,0.1,4,100,0.1,0.1,5.0,0.5,0.8
RawPixels,K,0.6666666666666666,0.6692076692076693,0.6678488443194326,32.7,0.6,0.1,4,100,0.1,1.0,1.0,0.5,0.6
RawPixels,K,0.6470588235294118,0.6511396011396011,0.6487179487179489,32.23,0.6,0.1,4,100,0.1,1.0,1.0,0.5,0.7
RawPixels,K,0.6078431372549019,0.6167341430499326,0.6122886401524174,32.74,0.6,0.1,4,100,0.1,1.0,1.0,0.5,0.8
RawPixels,K,0.6666666666666666,0.6692076692076693,0.6678488443194326,32.68,0.6,0.1,4,100,0.1,1.0,5.0,0.5,0.6
RawPixels,K,0.6666666666666666,0.6731040564373897,0.6691254279489572,32.74,0.6,0.1,4,100,0.1,1.0,5.0,0.5,0.7
RawPixels,K,0.6274509803921569,0.6340956340956342,0.6306713953772778,32.86,0.6,0.1,4,100,0.1,1.0,5.0,0.5,0.8
RawPixels,K,0.6274509803921569,0.6368253968253968,0.6319327731092437,30.08,0.6,0.1,4,100,0.3,0.1,1.0,0.5,0.6
RawPixels,K,0.6470588235294118,0.6601139601139602,0.6536953242835596,30.38,0.6,0.1,4,100,0.3,0.1,1.0,0.5,0.7
RawPixels,K,0.6078431372549019,0.6170016170016169,0.6125718478659655,30.49,0.6,0.1,4,100,0.3,0.1,1.0,0.5,0.8
RawPixels,K,0.6666666666666666,0.6692076692076693,0.6678488443194326,30.47,0.6,0.1,4,100,0.3,0.1,5.0,0.5,0.6
RawPixels,K,0.6862745098039216,0.691358024691358,0.6884531590413944,30.37,0.6,0.1,4,100,0.3,0.1,5.0,0.5,0.7
RawPixels,K,0.6274509803921569,0.6380942345854627,0.632056204811623,30.73,0.6,0.1,4,100,0.3,0.1,5.0,0.5,0.8
RawPixels,K,0.6862745098039216,0.691358024691358,0.6884531590413944,30.11,0.6,0.1,4,100,0.3,1.0,1.0,0.5,0.6
RawPixels,K,0.6666666666666666,0.6731040564373897,0.6691254279489572,30.12,0.6,0.1,4,100,0.3,1.0,1.0,0.5,0.7
RawPixels,K,0.6470588235294118,0.6557454890788225,0.6507457683928272,30.13,0.6,0.1,4,100,0.3,1.0,1.0,0.5,0.8
RawPixels,K,0.6666666666666666,0.6692076692076693,0.6678488443194326,30.19,0.6,0.1,4,100,0.3,1.0,5.0,0.5,0.6
RawPixels,K,0.6274509803921569,0.6281981981981982,0.6275039745627982,30.59,0.6,0.1,4,100,0.3,1.0,5.0,0.5,0.7
RawPixels,K,0.6470588235294118,0.6511396011396011,0.6487179487179489,30.86,0.6,0.1,4,100,0.3,1.0,5.0,0.5,0.8
RawPixels,K,0.6078431372549019,0.6203071364046974,0.614442850310856,60.71,0.6,0.1,4,150,0.1,0.1,1.0,0.5,0.6
RawPixels,K,0.6470588235294118,0.6558730158730158,0.6521008403361344,61.37,0.6,0.1,4,150,0.1,0.1,1.0,0.5,0.7
RawPixels,K,0.6274509803921569,0.6381981981981982,0.6333863275039746,61.58,0.6,0.1,4,150,0.1,0.1,1.0,0.5,0.8
RawPixels,K,0.6078431372549019,0.6159544159544159,0.6114630467571643,61.86,0.6,0.1,4,150,0.1,0.1,5.0,0.5,0.6
RawPixels,K,0.6666666666666666,0.6773161797552042,0.6719094391978179,61.56,0.6,0.1,4,150,0.1,0.1,5.0,0.5,0.7
RawPixels,K,0.6470588235294118,0.6556380942345854,0.6506320562048117,62.24,0.6,0.1,4,150,0.1,0.1,5.0,0.5,0.8
RawPixels,K,0.6470588235294118,0.6511396011396011,0.6487179487179489,60.65,0.6,0.1,4,150,0.1,1.0,1.0,0.5,0.6
RawPixels,K,0.6666666666666666,0.6739819685778556,0.670054981980039,61.2,0.6,0.1,4,150,0.1,1.0,1.0,0.5,0.7
RawPixels,K,0.6078431372549019,0.6134028765607713,0.6102697124368952,62.14,0.6,0.1,4,150,0.1,1.0,1.0,0.5,0.8
RawPixels,K,0.6470588235294118,0.6511396011396011,0.6487179487179489,61.28,0.6,0.1,4,150,0.1,1.0,5.0,0.5,0.6
RawPixels,K,0.6666666666666666,0.6731040564373897,0.6691254279489572,61.43,0.6,0.1,4,150,0.1,1.0,5.0,0.5,0.7
RawPixels,K,0.6274509803921569,0.6340956340956342,0.6306713953772778,61.35,0.6,0.1,4,150,0.1,1.0,5.0,0.5,0.8
RawPixels,K,0.6274509803921569,0.6368253968253968,0.6319327731092437,55.56,0.6,0.1,4,150,0.3,0.1,1.0,0.5,0.6
RawPixels,K,0.6274509803921569,0.6368253968253968,0.6319327731092437,55.73,0.6,0.1,4,150,0.3,0.1,1.0,0.5,0.7
RawPixels,K,0.6078431372549019,0.6248313090418353,0.6163372231483686,56.0,0.6,0.1,4,150,0.3,0.1,1.0,0.5,0.8
RawPixels,K,0.6470588235294118,0.6543741254406008,0.6492937363052985,55.32,0.6,0.1,4,150,0.3,0.1,5.0,0.5,0.6
RawPixels,K,0.6666666666666666,0.6731040564373897,0.6691254279489572,56.03,0.6,0.1,4,150,0.3,0.1,5.0,0.5,0.7
RawPixels,K,0.6274509803921569,0.6380942345854627,0.632056204811623,55.78,0.6,0.1,4,150,0.3,0.1,5.0,0.5,0.8
RawPixels,K,0.6666666666666666,0.6731040564373897,0.6691254279489572,56.31,0.6,0.1,4,150,0.3,1.0,1.0,0.5,0.6
RawPixels,K,0.6666666666666666,0.6773161797552042,0.6719094391978179,56.07,0.6,0.1,4,150,0.3,1.0,1.0,0.5,0.7
RawPixels,K,0.6470588235294118,0.6557454890788225,0.6507457683928272,56.23,0.6,0.1,4,150,0.3,1.0,1.0,0.5,0.8
RawPixels,K,0.6470588235294118,0.6511396011396011,0.6487179487179489,56.24,0.6,0.1,4,150,0.3,1.0,5.0,0.5,0.6
RawPixels,K,0.6666666666666666,0.6731040564373897,0.6691254279489572,55.9,0.6,0.1,4,150,0.3,1.0,5.0,0.5,0.7
RawPixels,K,0.6470588235294118,0.6511396011396011,0.6487179487179489,56.14,0.6,0.1,4,150,0.3,1.0,5.0,0.5,0.8
RawPixels,K,0.43137254901960786,0.3393617021276596,0.35932415519399247,14.44,0.7,0.01,2,50,0.1,0.1,1.0,0.5,0.6
RawPixels,K,0.47058823529411764,0.4239598278335725,0.4350578107857203,14.58,0.7,0.01,2,50,0.1,0.1,1.0,0.5,0.7
RawPixels,K,0.47058823529411764,0.44126984126984126,0.4495798319327731,14.59,0.7,0.01,2,50,0.1,0.1,1.0,0.5,0.8
RawPixels,K,0.39215686274509803,0.30662393162393164,0.32466063348416285,14.45,0.7,0.01,2,50,0.1,0.1,5.0,0.5,0.6
RawPixels,K,0.39215686274509803,0.3060283687943262,0.3240300375469337,14.33,0.7,0.01,2,50,0.1,0.1,5.0,0.5,0.7
RawPixels,K,0.39215686274509803,0.3098745226404801,0.3281024357369789,14.6,0.7,0.01,2,50,0.1,0.1,5.0,0.5,0.8
RawPixels,K,0.43137254901960786,0.3393617021276596,0.35932415519399247,14.44,0.7,0.01,2,50,0.1,1.0,1.0,0.5,0.6
RawPixels,K,0.4117647058823529,0.3220219158713326,0.3409643815108228,14.56,0.7,0.01,2,50,0.1,1.0,1.0,0.5,0.7
RawPixels,K,0.43137254901960786,0.3703703703703704,0.38562091503267976,14.73,0.7,0.01,2,50,0.1,1.0,1.0,0.5,0.8
RawPixels,K,0.3333333333333333,0.25601183869774324,0.2710713586211399,14.58,0.7,0.01,2,50,0.1,1.0,5.0,0.5,0.6
RawPixels,K,0.37254901960784315,0.2908108108108108,0.3079173290937997,14.69,0.7,0.01,2,50,0.1,1.0,5.0,0.5,0.7
RawPixels,K,0.39215686274509803,0.3060283687943262,0.3240300375469337,15.0,0.7,0.01,2,50,0.1,1.0,5.0,0.5,0.8
RawPixels,K,0.45098039215686275,0.35343915343915344,0.37422969187675065,14.0,0.7,0.01,2,50,0.3,0.1,1.0,0.5,0.6
RawPixels,K,0.43137254901960786,0.33756613756613757,0.3574229691876751,14.18,0.7,0.01,2,50,0.3,0.1,1.0,0.5,0.7
RawPixels,K,0.45098039215686275,0.3862433862433863,0.4024276377217554,13.91,0.7,0.01,2,50,0.3,0.1,1.0,0.5,0.8
RawPixels,K,0.3333333333333333,0.2549019607843137,0.2698961937716263,13.42,0.7,0.01,2,50,0.3,0.1,5.0,0.5,0.6
RawPixels,K,0.37254901960784315,0.28952991452991456,0.30656108597285064,13.61,0.7,0.01,2,50,0.3,0.1,5.0,0.5,0.7
RawPixels,K,0.39215686274509803,0.3060283687943262,0.3240300375469337,13.82,0.7,0.01,2,50,0.3,0.1,5.0,0.5,0.8
RawPixels,K,0.37254901960784315,0.2908108108108108,0.3079173290937997,13.98,0.7,0.01,2,50,0.3,1.0,1.0,0.5,0.6
RawPixels,K,0.43137254901960786,0.33756613756613757,0.3574229691876751,14.02,0.7,0.01,2,50,0.3,1.0,1.0,0.5,0.7
RawPixels,K,0.4117647058823529,0.32608695652173914,0.3452685421994885,13.92,0.7,0.01,2,50,0.3,1.0,1.0,0.5,0.8
RawPixels,K,0.3137254901960784,0.24249084249084252,0.25675500969618614,13.76,0.7,0.01,2,50,0.3,1.0,5.0,0.5,0.6
RawPixels,K,0.3333333333333333,0.2594594594594595,0.27472178060413355,13.88,0.7,0.01,2,50,0.3,1.0,5.0,0.5,0.7
RawPixels,K,0.37254901960784315,0.28952991452991456,0.30656108597285064,14.06,0.7,0.01,2,50,0.3,1.0,5.0,0.5,0.8
RawPixels,K,0.5882352941176471,0.5705187766163377,0.5760675001708,32.32,0.7,0.01,2,100,0.1,0.1,1.0,0.5,0.6
RawPixels,K,0.5686274509803921,0.5623745819397993,0.5647649026165651,32.33,0.7,0.01,2,100,0.1,0.1,1.0,0.5,0.7
RawPixels,K,0.5686274509803921,0.5619472315124489,0.5643124139287822,32.4,0.7,0.01,2,100,0.1,0.1,1.0,0.5,0.8
RawPixels,K,0.47058823529411764,0.39808802308802305,0.414152024446142,32.64,0.7,0.01,2,100,0.1,0.1,5.0,0.5,0.6
RawPixels,K,0.49019607843137253,0.475438596491228,0.47987616099071206,32.7,0.7,0.01,2,100,0.1,0.1,5.0,0.5,0.7
RawPixels,K,0.5294117647058824,0.5058459156020132,0.5131925941108151,32.5,0.7,0.01,2,100,0.1,0.1,5.0,0.5,0.8
RawPixels,K,0.5490196078431373,0.5259490188886851,0.5321193946127872,32.98,0.7,0.01,2,100,0.1,1.0,1.0,0.5,0.6
RawPixels,K,0.5294117647058824,0.5336700336700336,0.5329768270944741,33.35,0.7,0.01,2,100,0.1,1.0,1.0,0.5,0.7
RawPixels,K,0.5294117647058824,0.5184111281672258,0.5221679324979182,32.83,0.7,0.01,2,100,0.1,1.0,1.0,0.5,0.8
RawPixels,K,0.4117647058823529,0.32169312169312164,0.3406162464985994,32.86,0.7,0.01,2,100,0.1,1.0,5.0,0.5,0.6
RawPixels,K,0.43137254901960786,0.36884531590413944,0.3836216839677047,32.95,0.7,0.01,2,100,0.1,1.0,5.0,0.5,0.7
RawPixels,K,0.49019607843137253,0.45793650793650803,0.4672268907563025,33.01,0.7,0.01,2,100,0.1,1.0,5.0,0.5,0.8
RawPixels,K,0.5686274509803921,0.5398373983739838,0.5480631276901003,30.32,0.7,0.01,2,100,0.3,0.1,1.0,0.5,0.6
RawPixels,K,0.5686274509803921,0.5633011478856207,0.5657459724415524,30.1,0.7,0.01,2,100,0.3,0.1,1.0,0.5,0.7
RawPixels,K,0.5686274509803921,0.5619472315124489,0.5643124139287822,30.64,0.7,0.01,2,100,0.3,0.1,1.0,0.5,0.8
RawPixels,K,0.47058823529411764,0.39808802308802305,0.414152024446142,30.45,0.7,0.01,2,100,0.3,0.1,5.0,0.5,0.6
RawPixels,K,0.45098039215686275,0.40740740740740744,0.4183006535947712,30.27,0.7,0.01,2,100,0.3,0.1,5.0,0.5,0.7
RawPixels,K,0.5098039215686274,0.47398373983739844,0.48421807747489237,30.48,0.7,0.01,2,100,0.3,0.1,5.0,0.5,0.8
RawPixels,K,0.49019607843137253,0.43911134298508764,0.4511005915343834,30.37,0.7,0.01,2,100,0.3,1.0,1.0,0.5,0.6
RawPixels,K,0.5098039215686274,0.5055770055770056,0.5073056249526837,30.43,0.7,0.01,2,100,0.3,1.0,1.0,0.5,0.7
RawPixels,K,0.5294117647058824,0.519100782258677,0.5228981544771019,30.32,0.7,0.01,2,100,0.3,1.0,1.0,0.5,0.8
RawPixels,K,0.4117647058823529,0.32169312169312164,0.3406162464985994,30.94,0.7,0.01,2,100,0.3,1.0,5.0,0.5,0.6
RawPixels,K,0.43137254901960786,0.36775362318840576,0.38203324808184147,30.39,0.7,0.01,2,100,0.3,1.0,5.0,0.5,0.7
RawPixels,K,0.49019607843137253,0.4591391268869849,0.46757145942832457,30.41,0.7,0.01,2,100,0.3,1.0,5.0,0.5,0.8
RawPixels,K,0.6470588235294118,0.6495726495726495,0.6485671191553545,61.31,0.7,0.01,2,150,0.1,0.1,1.0,0.5,0.6
RawPixels,K,0.5882352941176471,0.5786138981791157,0.5819594727523116,61.72,0.7,0.01,2,150,0.1,0.1,1.0,0.5,0.7
RawPixels,K,0.5882352941176471,0.5874269005847954,0.5876676986584107,62.06,0.7,0.01,2,150,0.1,0.1,1.0,0.5,0.8
RawPixels,K,0.5490196078431373,0.5259490188886851,0.5321193946127872,61.67,0.7,0.01,2,150,0.1,0.1,5.0,0.5,0.6
RawPixels,K,0.5490196078431373,0.5457572882364979,0.5471701210483636,61.35,0.7,0.01,2,150,0.1,0.1,5.0,0.5,0.7
RawPixels,K,0.5686274509803921,0.5623745819397993,0.5647649026165651,61.79,0.7,0.01,2,150,0.1,0.1,5.0,0.5,0.8
RawPixels,K,0.6078431372549019,0.6123713684689295,0.6109600585927702,61.77,0.7,0.01,2,150,0.1,1.0,1.0,0.5,0.6
RawPixels,K,0.5686274509803921,0.5623745819397993,0.5647649026165651,61.33,0.7,0.01,2,150,0.1,1.0,1.0,0.5,0.7
RawPixels,K,0.5686274509803921,0.5619472315124489,0.5643124139287822,62.1,0.7,0.01,2,150,0.1,1.0,1.0,0.5,0.8
RawPixels,K,0.49019607843137253,0.43911134298508764,0.4511005915343834,61.14,0.7,0.01,2,150,0.1,1.0,5.0,0.5,0.6
RawPixels,K,0.5098039215686274,0.5047113908803015,0.5063890917444089,61.71,0.7,0.01,2,150,0.1,1.0,5.0,0.5,0.7
RawPixels,K,0.5686274509803921,0.5623745819397993,0.5647649026165651,61.69,0.7,0.01,2,150,0.1,1.0,5.0,0.5,0.8
RawPixels,K,0.6274509803921569,0.6251207729468599,0.6260869565217391,56.93,0.7,0.01,2,150,0.3,0.1,1.0,0.5,0.6
RawPixels,K,0.5882352941176471,0.5786138981791157,0.5819594727523116,56.16,0.7,0.01,2,150,0.3,0.1,1.0,0.5,0.7
RawPixels,K,0.5882352941176471,0.5874269005847954,0.5876676986584107,56.12,0.7,0.01,2,150,0.3,0.1,1.0,0.5,0.8
RawPixels,K,0.5490196078431373,0.5259490188886851,0.5321193946127872,55.88,0.7,0.01,2,150,0.3,0.1,5.0,0.5,0.6
RawPixels,K,0.5490196078431373,0.5457572882364979,0.5471701210483636,56.07,0.7,0.01,2,150,0.3,0.1,5.0,0.5,0.7
RawPixels,K,0.5686274509803921,0.5623745819397993,0.5647649026165651,56.25,0.7,0.01,2,150,0.3,0.1,5.0,0.5,0.8
RawPixels,K,0.5686274509803921,0.557142857142857,0.5605042016806722,56.26,0.7,0.01,2,150,0.3,1.0,1.0,0.5,0.6
RawPixels,K,0.5686274509803921,0.5623745819397993,0.5647649026165651,55.96,0.7,0.01,2,150,0.3,1.0,1.0,0.5,0.7
RawPixels,K,0.5686274509803921,0.5623745819397993,0.5647649026165651,56.31,0.7,0.01,2,150,0.3,1.0,1.0,0.5,0.8
RawPixels,K,0.45098039215686275,0.38204607046070455,0.39716642754662845,56.46,0.7,0.01,2,150,0.3,1.0,5.0,0.5,0.6
RawPixels,K,0.5294117647058824,0.5213675213675214,0.5240249946132299,56.68,0.7,0.01,2,150,0.3,1.0,5.0,0.5,0.7
RawPixels,K,0.5490196078431373,0.5348484848484848,0.539572192513369,56.52,0.7,0.01,2,150,0.3,1.0,5.0,0.5,0.8
RawPixels,K,0.43137254901960786,0.3393617021276596,0.35932415519399247,14.97,0.7,0.01,3,50,0.1,0.1,1.0,0.5,0.6
RawPixels,K,0.47058823529411764,0.4239598278335725,0.4350578107857203,15.07,0.7,0.01,3,50,0.1,0.1,1.0,0.5,0.7
RawPixels,K,0.47058823529411764,0.44126984126984126,0.4495798319327731,14.87,0.7,0.01,3,50,0.1,0.1,1.0,0.5,0.8
RawPixels,K,0.39215686274509803,0.30662393162393164,0.32466063348416285,14.84,0.7,0.01,3,50,0.1,0.1,5.0,0.5,0.6
RawPixels,K,0.39215686274509803,0.3060283687943262,0.3240300375469337,15.32,0.7,0.01,3,50,0.1,0.1,5.0,0.5,0.7
RawPixels,K,0.39215686274509803,0.3098745226404801,0.3281024357369789,15.21,0.7,0.01,3,50,0.1,0.1,5.0,0.5,0.8
RawPixels,K,0.43137254901960786,0.3393617021276596,0.35932415519399247,14.83,0.7,0.01,3,50,0.1,1.0,1.0,0.5,0.6
RawPixels,K,0.4117647058823529,0.3220219158713326,0.3409643815108228,15.34,0.7,0.01,3,50,0.1,1.0,1.0,0.5,0.7
RawPixels,K,0.43137254901960786,0.3703703703703704,0.38562091503267976,15.1,0.7,0.01,3,50,0.1,1.0,1.0,0.5,0.8
RawPixels,K,0.3333333333333333,0.25601183869774324,0.2710713586211399,14.77,0.7,0.01,3,50,0.1,1.0,5.0,0.5,0.6
RawPixels,K,0.37254901960784315,0.2908108108108108,0.3079173290937997,14.85,0.7,0.01,3,50,0.1,1.0,5.0,0.5,0.7
RawPixels,K,0.39215686274509803,0.3060283687943262,0.3240300375469337,15.04,0.7,0.01,3,50,0.1,1.0,5.0,0.5,0.8
RawPixels,K,0.45098039215686275,0.35343915343915344,0.37422969187675065,13.94,0.7,0.01,3,50,0.3,0.1,1.0,0.5,0.6
RawPixels,K,0.43137254901960786,0.33756613756613757,0.3574229691876751,13.96,0.7,0.01,3,50,0.3,0.1,1.0,0.5,0.7
RawPixels,K,0.45098039215686275,0.3862433862433863,0.4024276377217554,14.34,0.7,0.01,3,50,0.3,0.1,1.0,0.5,0.8
RawPixels,K,0.3333333333333333,0.2549019607843137,0.2698961937716263,14.41,0.7,0.01,3,50,0.3,0.1,5.0,0.5,0.6
RawPixels,K,0.37254901960784315,0.28952991452991456,0.30656108597285064,14.31,0.7,0.01,3,50,0.3,0.1,5.0,0.5,0.7
RawPixels,K,0.39215686274509803,0.3060283687943262,0.3240300375469337,14.21,0.7,0.01,3,50,0.3,0.1,5.0,0.5,0.8
RawPixels,K,0.37254901960784315,0.2908108108108108,0.3079173290937997,14.27,0.7,0.01,3,50,0.3,1.0,1.0,0.5,0.6
RawPixels,K,0.43137254901960786,0.33756613756613757,0.3574229691876751,14.38,0.7,0.01,3,50,0.3,1.0,1.0,0.5,0.7
RawPixels,K,0.4117647058823529,0.32608695652173914,0.3452685421994885,14.5,0.7,0.01,3,50,0.3,1.0,1.0,0.5,0.8
RawPixels,K,0.3137254901960784,0.24249084249084252,0.25675500969618614,14.2,0.7,0.01,3,50,0.3,1.0,5.0,0.5,0.6
RawPixels,K,0.3333333333333333,0.2594594594594595,0.27472178060413355,13.98,0.7,0.01,3,50,0.3,1.0,5.0,0.5,0.7
RawPixels,K,0.37254901960784315,0.28952991452991456,0.30656108597285064,14.16,0.7,0.01,3,50,0.3,1.0,5.0,0.5,0.8
RawPixels,K,0.5882352941176471,0.5705187766163377,0.5760675001708,32.67,0.7,0.01,3,100,0.1,0.1,1.0,0.5,0.6
RawPixels,K,0.5686274509803921,0.5623745819397993,0.5647649026165651,32.55,0.7,0.01,3,100,0.1,0.1,1.0,0.5,0.7
RawPixels,K,0.5686274509803921,0.5619472315124489,0.5643124139287822,32.95,0.7,0.01,3,100,0.1,0.1,1.0,0.5,0.8
RawPixels,K,0.47058823529411764,0.39808802308802305,0.414152024446142,32.43,0.7,0.01,3,100,0.1,0.1,5.0,0.5,0.6
RawPixels,K,0.49019607843137253,0.475438596491228,0.47987616099071206,32.59,0.7,0.01,3,100,0.1,0.1,5.0,0.5,0.7
RawPixels,K,0.5294117647058824,0.5058459156020132,0.5131925941108151,32.6,0.7,0.01,3,100,0.1,0.1,5.0,0.5,0.8
RawPixels,K,0.5490196078431373,0.5259490188886851,0.5321193946127872,32.43,0.7,0.01,3,100,0.1,1.0,1.0,0.5,0.6
RawPixels,K,0.5294117647058824,0.5336700336700336,0.5329768270944741,32.82,0.7,0.01,3,100,0.1,1.0,1.0,0.5,0.7
RawPixels,K,0.5294117647058824,0.5184111281672258,0.5221679324979182,33.29,0.7,0.01,3,100,0.1,1.0,1.0,0.5,0.8
RawPixels,K,0.4117647058823529,0.32169312169312164,0.3406162464985994,33.13,0.7,0.01,3,100,0.1,1.0,5.0,0.5,0.6
RawPixels,K,0.43137254901960786,0.36884531590413944,0.3836216839677047,32.92,0.7,0.01,3,100,0.1,1.0,5.0,0.5,0.7
RawPixels,K,0.49019607843137253,0.45793650793650803,0.4672268907563025,33.58,0.7,0.01,3,100,0.1,1.0,5.0,0.5,0.8
RawPixels,K,0.5686274509803921,0.5398373983739838,0.5480631276901003,30.68,0.7,0.01,3,100,0.3,0.1,1.0,0.5,0.6
RawPixels,K,0.5686274509803921,0.5633011478856207,0.5657459724415524,30.93,0.7,0.01,3,100,0.3,0.1,1.0,0.5,0.7
RawPixels,K,0.5686274509803921,0.5619472315124489,0.5643124139287822,30.91,0.7,0.01,3,100,0.3,0.1,1.0,0.5,0.8
RawPixels,K,0.47058823529411764,0.39808802308802305,0.414152024446142,30.63,0.7,0.01,3,100,0.3,0.1,5.0,0.5,0.6
RawPixels,K,0.45098039215686275,0.40740740740740744,0.4183006535947712,30.91,0.7,0.01,3,100,0.3,0.1,5.0,0.5,0.7
RawPixels,K,0.5098039215686274,0.47398373983739844,0.48421807747489237,30.81,0.7,0.01,3,100,0.3,0.1,5.0,0.5,0.8
RawPixels,K,0.49019607843137253,0.43911134298508764,0.4511005915343834,30.43,0.7,0.01,3,100,0.3,1.0,1.0,0.5,0.6
RawPixels,K,0.5098039215686274,0.5055770055770056,0.5073056249526837,30.96,0.7,0.01,3,100,0.3,1.0,1.0,0.5,0.7
RawPixels,K,0.5294117647058824,0.519100782258677,0.5228981544771019,30.81,0.7,0.01,3,100,0.3,1.0,1.0,0.5,0.8
RawPixels,K,0.4117647058823529,0.32169312169312164,0.3406162464985994,30.35,0.7,0.01,3,100,0.3,1.0,5.0,0.5,0.6
RawPixels,K,0.43137254901960786,0.36775362318840576,0.38203324808184147,30.77,0.7,0.01,3,100,0.3,1.0,5.0,0.5,0.7
RawPixels,K,0.49019607843137253,0.4591391268869849,0.46757145942832457,30.9,0.7,0.01,3,100,0.3,1.0,5.0,0.5,0.8
RawPixels,K,0.6470588235294118,0.6495726495726495,0.6485671191553545,61.91,0.7,0.01,3,150,0.1,0.1,1.0,0.5,0.6
RawPixels,K,0.5882352941176471,0.5786138981791157,0.5819594727523116,62.31,0.7,0.01,3,150,0.1,0.1,1.0,0.5,0.7
RawPixels,K,0.5882352941176471,0.5874269005847954,0.5876676986584107,61.84,0.7,0.01,3,150,0.1,0.1,1.0,0.5,0.8
RawPixels,K,0.5490196078431373,0.5259490188886851,0.5321193946127872,61.6,0.7,0.01,3,150,0.1,0.1,5.0,0.5,0.6
RawPixels,K,0.5490196078431373,0.5457572882364979,0.5471701210483636,61.95,0.7,0.01,3,150,0.1,0.1,5.0,0.5,0.7
RawPixels,K,0.5686274509803921,0.5623745819397993,0.5647649026165651,62.43,0.7,0.01,3,150,0.1,0.1,5.0,0.5,0.8
RawPixels,K,0.6078431372549019,0.6123713684689295,0.6109600585927702,61.63,0.7,0.01,3,150,0.1,1.0,1.0,0.5,0.6
RawPixels,K,0.5686274509803921,0.5623745819397993,0.5647649026165651,62.14,0.7,0.01,3,150,0.1,1.0,1.0,0.5,0.7
RawPixels,K,0.5686274509803921,0.5619472315124489,0.5643124139287822,61.76,0.7,0.01,3,150,0.1,1.0,1.0,0.5,0.8
RawPixels,K,0.49019607843137253,0.43911134298508764,0.4511005915343834,62.59,0.7,0.01,3,150,0.1,1.0,5.0,0.5,0.6
RawPixels,K,0.5098039215686274,0.5047113908803015,0.5063890917444089,62.0,0.7,0.01,3,150,0.1,1.0,5.0,0.5,0.7
RawPixels,K,0.5686274509803921,0.5623745819397993,0.5647649026165651,61.34,0.7,0.01,3,150,0.1,1.0,5.0,0.5,0.8
RawPixels,K,0.6274509803921569,0.6251207729468599,0.6260869565217391,56.55,0.7,0.01,3,150,0.3,0.1,1.0,0.5,0.6
RawPixels,K,0.5882352941176471,0.5786138981791157,0.5819594727523116,56.66,0.7,0.01,3,150,0.3,0.1,1.0,0.5,0.7
RawPixels,K,0.5882352941176471,0.5874269005847954,0.5876676986584107,57.07,0.7,0.01,3,150,0.3,0.1,1.0,0.5,0.8
RawPixels,K,0.5490196078431373,0.5259490188886851,0.5321193946127872,56.21,0.7,0.01,3,150,0.3,0.1,5.0,0.5,0.6
RawPixels,K,0.5490196078431373,0.5457572882364979,0.5471701210483636,56.54,0.7,0.01,3,150,0.3,0.1,5.0,0.5,0.7
RawPixels,K,0.5686274509803921,0.5623745819397993,0.5647649026165651,57.12,0.7,0.01,3,150,0.3,0.1,5.0,0.5,0.8
RawPixels,K,0.5686274509803921,0.557142857142857,0.5605042016806722,56.03,0.7,0.01,3,150,0.3,1.0,1.0,0.5,0.6
RawPixels,K,0.5686274509803921,0.5623745819397993,0.5647649026165651,56.45,0.7,0.01,3,150,0.3,1.0,1.0,0.5,0.7
RawPixels,K,0.5686274509803921,0.5623745819397993,0.5647649026165651,56.96,0.7,0.01,3,150,0.3,1.0,1.0,0.5,0.8
RawPixels,K,0.45098039215686275,0.38204607046070455,0.39716642754662845,56.1,0.7,0.01,3,150,0.3,1.0,5.0,0.5,0.6
RawPixels,K,0.5294117647058824,0.5213675213675214,0.5240249946132299,56.36,0.7,0.01,3,150,0.3,1.0,5.0,0.5,0.7
RawPixels,K,0.5490196078431373,0.5348484848484848,0.539572192513369,56.48,0.7,0.01,3,150,0.3,1.0,5.0,0.5,0.8
RawPixels,K,0.43137254901960786,0.3393617021276596,0.35932415519399247,14.5,0.7,0.01,4,50,0.1,0.1,1.0,0.5,0.6
RawPixels,K,0.47058823529411764,0.4239598278335725,0.4350578107857203,14.7,0.7,0.01,4,50,0.1,0.1,1.0,0.5,0.7
RawPixels,K,0.47058823529411764,0.44126984126984126,0.4495798319327731,14.48,0.7,0.01,4,50,0.1,0.1,1.0,0.5,0.8
RawPixels,K,0.39215686274509803,0.30662393162393164,0.32466063348416285,14.55,0.7,0.01,4,50,0.1,0.1,5.0,0.5,0.6
RawPixels,K,0.39215686274509803,0.3060283687943262,0.3240300375469337,14.8,0.7,0.01,4,50,0.1,0.1,5.0,0.5,0.7
RawPixels,K,0.39215686274509803,0.3098745226404801,0.3281024357369789,14.61,0.7,0.01,4,50,0.1,0.1,5.0,0.5,0.8
RawPixels,K,0.43137254901960786,0.3393617021276596,0.35932415519399247,14.72,0.7,0.01,4,50,0.1,1.0,1.0,0.5,0.6
RawPixels,K,0.4117647058823529,0.3220219158713326,0.3409643815108228,14.54,0.7,0.01,4,50,0.1,1.0,1.0,0.5,0.7
RawPixels,K,0.43137254901960786,0.3703703703703704,0.38562091503267976,14.83,0.7,0.01,4,50,0.1,1.0,1.0,0.5,0.8
RawPixels,K,0.3333333333333333,0.25601183869774324,0.2710713586211399,14.66,0.7,0.01,4,50,0.1,1.0,5.0,0.5,0.6
RawPixels,K,0.37254901960784315,0.2908108108108108,0.3079173290937997,14.67,0.7,0.01,4,50,0.1,1.0,5.0,0.5,0.7
RawPixels,K,0.39215686274509803,0.3060283687943262,0.3240300375469337,14.82,0.7,0.01,4,50,0.1,1.0,5.0,0.5,0.8
RawPixels,K,0.45098039215686275,0.35343915343915344,0.37422969187675065,13.97,0.7,0.01,4,50,0.3,0.1,1.0,0.5,0.6
RawPixels,K,0.43137254901960786,0.33756613756613757,0.3574229691876751,13.83,0.7,0.01,4,50,0.3,0.1,1.0,0.5,0.7
RawPixels,K,0.45098039215686275,0.3862433862433863,0.4024276377217554,14.11,0.7,0.01,4,50,0.3,0.1,1.0,0.5,0.8
RawPixels,K,0.3333333333333333,0.2549019607843137,0.2698961937716263,13.86,0.7,0.01,4,50,0.3,0.1,5.0,0.5,0.6
RawPixels,K,0.37254901960784315,0.28952991452991456,0.30656108597285064,14.18,0.7,0.01,4,50,0.3,0.1,5.0,0.5,0.7
RawPixels,K,0.39215686274509803,0.3060283687943262,0.3240300375469337,14.11,0.7,0.01,4,50,0.3,0.1,5.0,0.5,0.8
RawPixels,K,0.37254901960784315,0.2908108108108108,0.3079173290937997,13.88,0.7,0.01,4,50,0.3,1.0,1.0,0.5,0.6
RawPixels,K,0.43137254901960786,0.33756613756613757,0.3574229691876751,14.07,0.7,0.01,4,50,0.3,1.0,1.0,0.5,0.7
RawPixels,K,0.4117647058823529,0.32608695652173914,0.3452685421994885,13.9,0.7,0.01,4,50,0.3,1.0,1.0,0.5,0.8
RawPixels,K,0.3137254901960784,0.24249084249084252,0.25675500969618614,13.95,0.7,0.01,4,50,0.3,1.0,5.0,0.5,0.6
RawPixels,K,0.3333333333333333,0.2594594594594595,0.27472178060413355,13.85,0.7,0.01,4,50,0.3,1.0,5.0,0.5,0.7
RawPixels,K,0.37254901960784315,0.28952991452991456,0.30656108597285064,14.3,0.7,0.01,4,50,0.3,1.0,5.0,0.5,0.8
RawPixels,K,0.5882352941176471,0.5705187766163377,0.5760675001708,32.73,0.7,0.01,4,100,0.1,0.1,1.0,0.5,0.6
RawPixels,K,0.5686274509803921,0.5623745819397993,0.5647649026165651,32.92,0.7,0.01,4,100,0.1,0.1,1.0,0.5,0.7
RawPixels,K,0.5686274509803921,0.5619472315124489,0.5643124139287822,32.96,0.7,0.01,4,100,0.1,0.1,1.0,0.5,0.8
RawPixels,K,0.47058823529411764,0.39808802308802305,0.414152024446142,32.87,0.7,0.01,4,100,0.1,0.1,5.0,0.5,0.6
RawPixels,K,0.49019607843137253,0.475438596491228,0.47987616099071206,32.77,0.7,0.01,4,100,0.1,0.1,5.0,0.5,0.7
RawPixels,K,0.5294117647058824,0.5058459156020132,0.5131925941108151,33.29,0.7,0.01,4,100,0.1,0.1,5.0,0.5,0.8
RawPixels,K,0.5490196078431373,0.5259490188886851,0.5321193946127872,32.17,0.7,0.01,4,100,0.1,1.0,1.0,0.5,0.6
RawPixels,K,0.5294117647058824,0.5336700336700336,0.5329768270944741,32.65,0.7,0.01,4,100,0.1,1.0,1.0,0.5,0.7
RawPixels,K,0.5294117647058824,0.5184111281672258,0.5221679324979182,33.02,0.7,0.01,4,100,0.1,1.0,1.0,0.5,0.8
RawPixels,K,0.4117647058823529,0.32169312169312164,0.3406162464985994,32.51,0.7,0.01,4,100,0.1,1.0,5.0,0.5,0.6
RawPixels,K,0.43137254901960786,0.36884531590413944,0.3836216839677047,32.62,0.7,0.01,4,100,0.1,1.0,5.0,0.5,0.7
RawPixels,K,0.49019607843137253,0.45793650793650803,0.4672268907563025,32.74,0.7,0.01,4,100,0.1,1.0,5.0,0.5,0.8
RawPixels,K,0.5686274509803921,0.5398373983739838,0.5480631276901003,29.75,0.7,0.01,4,100,0.3,0.1,1.0,0.5,0.6
RawPixels,K,0.5686274509803921,0.5633011478856207,0.5657459724415524,30.7,0.7,0.01,4,100,0.3,0.1,1.0,0.5,0.7
RawPixels,K,0.5686274509803921,0.5619472315124489,0.5643124139287822,30.69,0.7,0.01,4,100,0.3,0.1,1.0,0.5,0.8
RawPixels,K,0.47058823529411764,0.39808802308802305,0.414152024446142,30.51,0.7,0.01,4,100,0.3,0.1,5.0,0.5,0.6
RawPixels,K,0.45098039215686275,0.40740740740740744,0.4183006535947712,30.43,0.7,0.01,4,100,0.3,0.1,5.0,0.5,0.7
RawPixels,K,0.5098039215686274,0.47398373983739844,0.48421807747489237,30.65,0.7,0.01,4,100,0.3,0.1,5.0,0.5,0.8
RawPixels,K,0.49019607843137253,0.43911134298508764,0.4511005915343834,30.3,0.7,0.01,4,100,0.3,1.0,1.0,0.5,0.6
RawPixels,K,0.5098039215686274,0.5055770055770056,0.5073056249526837,30.35,0.7,0.01,4,100,0.3,1.0,1.0,0.5,0.7
RawPixels,K,0.5294117647058824,0.519100782258677,0.5228981544771019,30.41,0.7,0.01,4,100,0.3,1.0,1.0,0.5,0.8
RawPixels,K,0.4117647058823529,0.32169312169312164,0.3406162464985994,30.08,0.7,0.01,4,100,0.3,1.0,5.0,0.5,0.6
RawPixels,K,0.43137254901960786,0.36775362318840576,0.38203324808184147,30.0,0.7,0.01,4,100,0.3,1.0,5.0,0.5,0.7
RawPixels,K,0.49019607843137253,0.4591391268869849,0.46757145942832457,30.57,0.7,0.01,4,100,0.3,1.0,5.0,0.5,0.8
RawPixels,K,0.6470588235294118,0.6495726495726495,0.6485671191553545,62.15,0.7,0.01,4,150,0.1,0.1,1.0,0.5,0.6
RawPixels,K,0.5882352941176471,0.5786138981791157,0.5819594727523116,61.81,0.7,0.01,4,150,0.1,0.1,1.0,0.5,0.7
RawPixels,K,0.5882352941176471,0.5874269005847954,0.5876676986584107,62.35,0.7,0.01,4,150,0.1,0.1,1.0,0.5,0.8
RawPixels,K,0.5490196078431373,0.5259490188886851,0.5321193946127872,61.26,0.7,0.01,4,150,0.1,0.1,5.0,0.5,0.6
RawPixels,K,0.5490196078431373,0.5457572882364979,0.5471701210483636,61.62,0.7,0.01,4,150,0.1,0.1,5.0,0.5,0.7
RawPixels,K,0.5686274509803921,0.5623745819397993,0.5647649026165651,62.58,0.7,0.01,4,150,0.1,0.1,5.0,0.5,0.8
RawPixels,K,0.6078431372549019,0.6123713684689295,0.6109600585927702,61.59,0.7,0.01,4,150,0.1,1.0,1.0,0.5,0.6
RawPixels,K,0.5686274509803921,0.5623745819397993,0.5647649026165651,61.45,0.7,0.01,4,150,0.1,1.0,1.0,0.5,0.7
RawPixels,K,0.5686274509803921,0.5619472315124489,0.5643124139287822,62.48,0.7,0.01,4,150,0.1,1.0,1.0,0.5,0.8
RawPixels,K,0.49019607843137253,0.43911134298508764,0.4511005915343834,61.27,0.7,0.01,4,150,0.1,1.0,5.0,0.5,0.6
RawPixels,K,0.5098039215686274,0.5047113908803015,0.5063890917444089,61.16,0.7,0.01,4,150,0.1,1.0,5.0,0.5,0.7
RawPixels,K,0.5686274509803921,0.5623745819397993,0.5647649026165651,61.91,0.7,0.01,4,150,0.1,1.0,5.0,0.5,0.8
RawPixels,K,0.6274509803921569,0.6251207729468599,0.6260869565217391,56.27,0.7,0.01,4,150,0.3,0.1,1.0,0.5,0.6
RawPixels,K,0.5882352941176471,0.5786138981791157,0.5819594727523116,55.91,0.7,0.01,4,150,0.3,0.1,1.0,0.5,0.7
RawPixels,K,0.5882352941176471,0.5874269005847954,0.5876676986584107,56.72,0.7,0.01,4,150,0.3,0.1,1.0,0.5,0.8
RawPixels,K,0.5490196078431373,0.5259490188886851,0.5321193946127872,55.68,0.7,0.01,4,150,0.3,0.1,5.0,0.5,0.6
RawPixels,K,0.5490196078431373,0.5457572882364979,0.5471701210483636,56.61,0.7,0.01,4,150,0.3,0.1,5.0,0.5,0.7
RawPixels,K,0.5686274509803921,0.5623745819397993,0.5647649026165651,56.36,0.7,0.01,4,150,0.3,0.1,5.0,0.5,0.8
RawPixels,K,0.5686274509803921,0.557142857142857,0.5605042016806722,56.07,0.7,0.01,4,150,0.3,1.0,1.0,0.5,0.6
RawPixels,K,0.5686274509803921,0.5623745819397993,0.5647649026165651,55.71,0.7,0.01,4,150,0.3,1.0,1.0,0.5,0.7
RawPixels,K,0.5686274509803921,0.5623745819397993,0.5647649026165651,56.8,0.7,0.01,4,150,0.3,1.0,1.0,0.5,0.8
RawPixels,K,0.45098039215686275,0.38204607046070455,0.39716642754662845,55.99,0.7,0.01,4,150,0.3,1.0,5.0,0.5,0.6
RawPixels,K,0.5294117647058824,0.5213675213675214,0.5240249946132299,56.07,0.7,0.01,4,150,0.3,1.0,5.0,0.5,0.7
RawPixels,K,0.5490196078431373,0.5348484848484848,0.539572192513369,56.42,0.7,0.01,4,150,0.3,1.0,5.0,0.5,0.8
RawPixels,K,0.6862745098039216,0.6911999719017263,0.6882858090288431,14.47,0.7,0.05,2,50,0.1,0.1,1.0,0.5,0.6
RawPixels,K,0.6470588235294118,0.6460818713450293,0.6464396284829721,14.87,0.7,0.05,2,50,0.1,0.1,1.0,0.5,0.7
RawPixels,K,0.6666666666666666,0.6728395061728394,0.6688453159041395,14.54,0.7,0.05,2,50,0.1,0.1,1.0,0.5,0.8
RawPixels,K,0.6274509803921569,0.6162563723539333,0.6204211857009561,14.47,0.7,0.05,2,50,0.1,0.1,5.0,0.5,0.6
RawPixels,K,0.5882352941176471,0.5786138981791157,0.5819594727523116,14.88,0.7,0.05,2,50,0.1,0.1,5.0,0.5,0.7
RawPixels,K,0.6470588235294118,0.646531713900135,0.6469159323648488,14.6,0.7,0.05,2,50,0.1,0.1,5.0,0.5,0.8
RawPixels,K,0.6470588235294118,0.642214790040877,0.6441865040330513,14.52,0.7,0.05,2,50,0.1,1.0,1.0,0.5,0.6
RawPixels,K,0.6078431372549019,0.604093567251462,0.6053147574819402,14.48,0.7,0.05,2,50,0.1,1.0,1.0,0.5,0.7
RawPixels,K,0.6274509803921569,0.6342780026990553,0.6308644915456062,14.54,0.7,0.05,2,50,0.1,1.0,1.0,0.5,0.8
RawPixels,K,0.6470588235294118,0.642214790040877,0.6441865040330513,14.2,0.7,0.05,2,50,0.1,1.0,5.0,0.5,0.6
RawPixels,K,0.5686274509803921,0.5623745819397993,0.5647649026165651,14.67,0.7,0.05,2,50,0.1,1.0,5.0,0.5,0.7
RawPixels,K,0.6078431372549019,0.6057826118801729,0.6071031576770458,14.44,0.7,0.05,2,50,0.1,1.0,5.0,0.5,0.8
RawPixels,K,0.6666666666666666,0.6631758884390463,0.6645391759942844,13.63,0.7,0.05,2,50,0.3,0.1,1.0,0.5,0.6
RawPixels,K,0.6078431372549019,0.604093567251462,0.6053147574819402,14.1,0.7,0.05,2,50,0.3,0.1,1.0,0.5,0.7
RawPixels,K,0.6666666666666666,0.6728395061728394,0.6688453159041395,14.3,0.7,0.05,2,50,0.3,0.1,1.0,0.5,0.8
RawPixels,K,0.6470588235294118,0.642214790040877,0.6441865040330513,14.03,0.7,0.05,2,50,0.3,0.1,5.0,0.5,0.6
RawPixels,K,0.5686274509803921,0.5623745819397993,0.5647649026165651,14.24,0.7,0.05,2,50,0.3,0.1,5.0,0.5,0.7
RawPixels,K,0.6470588235294118,0.646531713900135,0.6469159323648488,13.75,0.7,0.05,2,50,0.3,0.1,5.0,0.5,0.8
RawPixels,K,0.6274509803921569,0.6162563723539333,0.6204211857009561,14.17,0.7,0.05,2,50,0.3,1.0,1.0,0.5,0.6
RawPixels,K,0.5686274509803921,0.5623745819397993,0.5647649026165651,14.19,0.7,0.05,2,50,0.3,1.0,1.0,0.5,0.7
RawPixels,K,0.6666666666666666,0.669365721997301,0.6680161943319838,13.95,0.7,0.05,2,50,0.3,1.0,1.0,0.5,0.8
RawPixels,K,0.6274509803921569,0.6162563723539333,0.6204211857009561,14.0,0.7,0.05,2,50,0.3,1.0,5.0,0.5,0.6
RawPixels,K,0.5686274509803921,0.5633011478856207,0.5657459724415524,14.23,0.7,0.05,2,50,0.3,1.0,5.0,0.5,0.7
RawPixels,K,0.6274509803921569,0.622514619883041,0.6248194014447884,13.81,0.7,0.05,2,50,0.3,1.0,5.0,0.5,0.8
RawPixels,K,0.6862745098039216,0.691358024691358,0.6884531590413944,32.66,0.7,0.05,2,100,0.1,0.1,1.0,0.5,0.6
RawPixels,K,0.6470588235294118,0.6511396011396011,0.6487179487179489,32.81,0.7,0.05,2,100,0.1,0.1,1.0,0.5,0.7
RawPixels,K,0.6274509803921569,0.6340956340956342,0.6306713953772778,33.15,0.7,0.05,2,100,0.1,0.1,1.0,0.5,0.8
RawPixels,K,0.6470588235294118,0.6495726495726495,0.6485671191553545,32.67,0.7,0.05,2,100,0.1,0.1,5.0,0.5,0.6
RawPixels,K,0.6274509803921569,0.6281981981981982,0.6275039745627982,32.48,0.7,0.05,2,100,0.1,0.1,5.0,0.5,0.7
RawPixels,K,0.6470588235294118,0.6511396011396011,0.6487179487179489,32.7,0.7,0.05,2,100,0.1,0.1,5.0,0.5,0.8
RawPixels,K,0.6666666666666666,0.6692076692076693,0.6678488443194326,32.74,0.7,0.05,2,100,0.1,1.0,1.0,0.5,0.6
RawPixels,K,0.6470588235294118,0.6511396011396011,0.6487179487179489,32.43,0.7,0.05,2,100,0.1,1.0,1.0,0.5,0.7
RawPixels,K,0.6470588235294118,0.6511396011396011,0.6487179487179489,32.46,0.7,0.05,2,100,0.1,1.0,1.0,0.5,0.8
RawPixels,K,0.6470588235294118,0.6495726495726495,0.6485671191553545,32.58,0.7,0.05,2,100,0.1,1.0,5.0,0.5,0.6
RawPixels,K,0.6274509803921569,0.6217948717948718,0.6240573152337858,31.85,0.7,0.05,2,100,0.1,1.0,5.0,0.5,0.7
RawPixels,K,0.6470588235294118,0.6511396011396011,0.6487179487179489,32.49,0.7,0.05,2,100,0.1,1.0,5.0,0.5,0.8
RawPixels,K,0.6666666666666666,0.6692076692076693,0.6678488443194326,30.57,0.7,0.05,2,100,0.3,0.1,1.0,0.5,0.6
RawPixels,K,0.6274509803921569,0.6281981981981982,0.6275039745627982,30.11,0.7,0.05,2,100,0.3,0.1,1.0,0.5,0.7
RawPixels,K,0.6274509803921569,0.6281981981981982,0.6275039745627982,30.16,0.7,0.05,2,100,0.3,0.1,1.0,0.5,0.8
RawPixels,K,0.6470588235294118,0.6460818713450293,0.6464396284829721,30.62,0.7,0.05,2,100,0.3,0.1,5.0,0.5,0.6
RawPixels,K,0.5882352941176471,0.5876068376068376,0.5878582202111614,30.89,0.7,0.05,2,100,0.3,0.1,5.0,0.5,0.7
RawPixels,K,0.6470588235294118,0.6511396011396011,0.6487179487179489,33.94,0.7,0.05,2,100,0.3,0.1,5.0,0.5,0.8
RawPixels,K,0.6470588235294118,0.6460818713450293,0.6464396284829721,30.66,0.7,0.05,2,100,0.3,1.0,1.0,0.5,0.6
RawPixels,K,0.6078431372549019,0.6114439946018894,0.6097642295784711,30.36,0.7,0.05,2,100,0.3,1.0,1.0,0.5,0.7
RawPixels,K,0.6274509803921569,0.6340956340956342,0.6306713953772778,30.54,0.7,0.05,2,100,0.3,1.0,1.0,0.5,0.8
RawPixels,K,0.6470588235294118,0.6495726495726495,0.6485671191553545,30.6,0.7,0.05,2,100,0.3,1.0,5.0,0.5,0.6
RawPixels,K,0.5686274509803921,0.5623745819397993,0.5647649026165651,30.32,0.7,0.05,2,100,0.3,1.0,5.0,0.5,0.7
RawPixels,K,0.6470588235294118,0.6511396011396011,0.6487179487179489,30.49,0.7,0.05,2,100,0.3,1.0,5.0,0.5,0.8
RawPixels,K,0.6666666666666666,0.6731040564373897,0.6691254279489572,61.62,0.7,0.05,2,150,0.1,0.1,1.0,0.5,0.6
RawPixels,K,0.6666666666666666,0.6704481792717086,0.6678695007414731,61.36,0.7,0.05,2,150,0.1,0.1,1.0,0.5,0.7
RawPixels,K,0.6274509803921569,0.6340956340956342,0.6306713953772778,62.16,0.7,0.05,2,150,0.1,0.1,1.0,0.5,0.8
RawPixels,K,0.6666666666666666,0.6692076692076693,0.6678488443194326,62.11,0.7,0.05,2,150,0.1,0.1,5.0,0.5,0.6
RawPixels,K,0.6470588235294118,0.6511396011396011,0.6487179487179489,61.59,0.7,0.05,2,150,0.1,0.1,5.0,0.5,0.7
RawPixels,K,0.6470588235294118,0.6511396011396011,0.6487179487179489,61.73,0.7,0.05,2,150,0.1,0.1,5.0,0.5,0.8
RawPixels,K,0.6862745098039216,0.691358024691358,0.6884531590413944,61.97,0.7,0.05,2,150,0.1,1.0,1.0,0.5,0.6
RawPixels,K,0.6470588235294118,0.6511396011396011,0.6487179487179489,61.41,0.7,0.05,2,150,0.1,1.0,1.0,0.5,0.7
RawPixels,K,0.6470588235294118,0.6511396011396011,0.6487179487179489,61.9,0.7,0.05,2,150,0.1,1.0,1.0,0.5,0.8
RawPixels,K,0.6470588235294118,0.6460818713450293,0.6464396284829721,61.42,0.7,0.05,2,150,0.1,1.0,5.0,0.5,0.6
RawPixels,K,0.6274509803921569,0.6281981981981982,0.6275039745627982,61.95,0.7,0.05,2,150,0.1,1.0,5.0,0.5,0.7
RawPixels,K,0.6470588235294118,0.6511396011396011,0.6487179487179489,61.92,0.7,0.05,2,150,0.1,1.0,5.0,0.5,0.8
RawPixels,K,0.6862745098039216,0.691358024691358,0.6884531590413944,55.95,0.7,0.05,2,150,0.3,0.1,1.0,0.5,0.6
RawPixels,K,0.6470588235294118,0.6557454890788225,0.6507457683928272,56.56,0.7,0.05,2,150,0.3,0.1,1.0,0.5,0.7
RawPixels,K,0.6078431372549019,0.6114439946018894,0.6097642295784711,56.29,0.7,0.05,2,150,0.3,0.1,1.0,0.5,0.8
RawPixels,K,0.6666666666666666,0.6692076692076693,0.6678488443194326,58.01,0.7,0.05,2,150,0.3,0.1,5.0,0.5,0.6
RawPixels,K,0.6274509803921569,0.6281981981981982,0.6275039745627982,65.44,0.7,0.05,2,150,0.3,0.1,5.0,0.5,0.7
RawPixels,K,0.6470588235294118,0.6511396011396011,0.6487179487179489,65.8,0.7,0.05,2,150,0.3,0.1,5.0,0.5,0.8
RawPixels,K,0.6862745098039216,0.691358024691358,0.6884531590413944,65.39,0.7,0.05,2,150,0.3,1.0,1.0,0.5,0.6
RawPixels,K,0.6470588235294118,0.6511396011396011,0.6487179487179489,65.15,0.7,0.05,2,150,0.3,1.0,1.0,0.5,0.7
RawPixels,K,0.6470588235294118,0.6511396011396011,0.6487179487179489,66.12,0.7,0.05,2,150,0.3,1.0,1.0,0.5,0.8
RawPixels,K,0.6470588235294118,0.6460818713450293,0.6464396284829721,65.68,0.7,0.05,2,150,0.3,1.0,5.0,0.5,0.6
RawPixels,K,0.6274509803921569,0.6281981981981982,0.6275039745627982,65.55,0.7,0.05,2,150,0.3,1.0,5.0,0.5,0.7
RawPixels,K,0.6470588235294118,0.6511396011396011,0.6487179487179489,65.62,0.7,0.05,2,150,0.3,1.0,5.0,0.5,0.8
RawPixels,K,0.6862745098039216,0.6911999719017263,0.6882858090288431,16.4,0.7,0.05,3,50,0.1,0.1,1.0,0.5,0.6
RawPixels,K,0.6470588235294118,0.6460818713450293,0.6464396284829721,16.7,0.7,0.05,3,50,0.1,0.1,1.0,0.5,0.7
RawPixels,K,0.6666666666666666,0.6728395061728394,0.6688453159041395,16.39,0.7,0.05,3,50,0.1,0.1,1.0,0.5,0.8
RawPixels,K,0.6274509803921569,0.6162563723539333,0.6204211857009561,16.14,0.7,0.05,3,50,0.1,0.1,5.0,0.5,0.6
RawPixels,K,0.5882352941176471,0.5786138981791157,0.5819594727523116,14.88,0.7,0.05,3,50,0.1,0.1,5.0,0.5,0.7
RawPixels,K,0.6470588235294118,0.646531713900135,0.6469159323648488,15.27,0.7,0.05,3,50,0.1,0.1,5.0,0.5,0.8
RawPixels,K,0.6470588235294118,0.642214790040877,0.6441865040330513,16.4,0.7,0.05,3,50,0.1,1.0,1.0,0.5,0.6
RawPixels,K,0.6078431372549019,0.604093567251462,0.6053147574819402,16.21,0.7,0.05,3,50,0.1,1.0,1.0,0.5,0.7
RawPixels,K,0.6274509803921569,0.6342780026990553,0.6308644915456062,15.66,0.7,0.05,3,50,0.1,1.0,1.0,0.5,0.8
RawPixels,K,0.6470588235294118,0.642214790040877,0.6441865040330513,15.06,0.7,0.05,3,50,0.1,1.0,5.0,0.5,0.6
RawPixels,K,0.5686274509803921,0.5623745819397993,0.5647649026165651,15.11,0.7,0.05,3,50,0.1,1.0,5.0,0.5,0.7
RawPixels,K,0.6078431372549019,0.6057826118801729,0.6071031576770458,15.71,0.7,0.05,3,50,0.1,1.0,5.0,0.5,0.8
RawPixels,K,0.6666666666666666,0.6631758884390463,0.6645391759942844,15.15,0.7,0.05,3,50,0.3,0.1,1.0,0.5,0.6
RawPixels,K,0.6078431372549019,0.604093567251462,0.6053147574819402,15.24,0.7,0.05,3,50,0.3,0.1,1.0,0.5,0.7
RawPixels,K,0.6666666666666666,0.6728395061728394,0.6688453159041395,14.56,0.7,0.05,3,50,0.3,0.1,1.0,0.5,0.8
RawPixels,K,0.6470588235294118,0.642214790040877,0.6441865040330513,14.45,0.7,0.05,3,50,0.3,0.1,5.0,0.5,0.6
RawPixels,K,0.5686274509803921,0.5623745819397993,0.5647649026165651,14.38,0.7,0.05,3,50,0.3,0.1,5.0,0.5,0.7
RawPixels,K,0.6470588235294118,0.646531713900135,0.6469159323648488,14.57,0.7,0.05,3,50,0.3,0.1,5.0,0.5,0.8
RawPixels,K,0.6274509803921569,0.6162563723539333,0.6204211857009561,14.45,0.7,0.05,3,50,0.3,1.0,1.0,0.5,0.6
RawPixels,K,0.5686274509803921,0.5623745819397993,0.5647649026165651,14.36,0.7,0.05,3,50,0.3,1.0,1.0,0.5,0.7
RawPixels,K,0.6666666666666666,0.669365721997301,0.6680161943319838,14.42,0.7,0.05,3,50,0.3,1.0,1.0,0.5,0.8
RawPixels,K,0.6274509803921569,0.6162563723539333,0.6204211857009561,14.17,0.7,0.05,3,50,0.3,1.0,5.0,0.5,0.6
RawPixels,K,0.5686274509803921,0.5633011478856207,0.5657459724415524,14.16,0.7,0.05,3,50,0.3,1.0,5.0,0.5,0.7
RawPixels,K,0.6274509803921569,0.622514619883041,0.6248194014447884,14.46,0.7,0.05,3,50,0.3,1.0,5.0,0.5,0.8
RawPixels,K,0.6862745098039216,0.691358024691358,0.6884531590413944,33.02,0.7,0.05,3,100,0.1,0.1,1.0,0.5,0.6
RawPixels,K,0.6470588235294118,0.6511396011396011,0.6487179487179489,33.4,0.7,0.05,3,100,0.1,0.1,1.0,0.5,0.7
RawPixels,K,0.6274509803921569,0.6340956340956342,0.6306713953772778,33.41,0.7,0.05,3,100,0.1,0.1,1.0,0.5,0.8
RawPixels,K,0.6470588235294118,0.6495726495726495,0.6485671191553545,32.66,0.7,0.05,3,100,0.1,0.1,5.0,0.5,0.6
RawPixels,K,0.6274509803921569,0.6281981981981982,0.6275039745627982,32.85,0.7,0.05,3,100,0.1,0.1,5.0,0.5,0.7
RawPixels,K,0.6470588235294118,0.6511396011396011,0.6487179487179489,32.84,0.7,0.05,3,100,0.1,0.1,5.0,0.5,0.8
RawPixels,K,0.6666666666666666,0.6692076692076693,0.6678488443194326,32.24,0.7,0.05,3,100,0.1,1.0,1.0,0.5,0.6
RawPixels,K,0.6470588235294118,0.6511396011396011,0.6487179487179489,32.79,0.7,0.05,3,100,0.1,1.0,1.0,0.5,0.7
RawPixels,K,0.6470588235294118,0.6511396011396011,0.6487179487179489,32.89,0.7,0.05,3,100,0.1,1.0,1.0,0.5,0.8
RawPixels,K,0.6470588235294118,0.6495726495726495,0.6485671191553545,32.52,0.7,0.05,3,100,0.1,1.0,5.0,0.5,0.6
RawPixels,K,0.6274509803921569,0.6217948717948718,0.6240573152337858,32.27,0.7,0.05,3,100,0.1,1.0,5.0,0.5,0.7
RawPixels,K,0.6470588235294118,0.6511396011396011,0.6487179487179489,33.08,0.7,0.05,3,100,0.1,1.0,5.0,0.5,0.8
RawPixels,K,0.6666666666666666,0.6692076692076693,0.6678488443194326,30.53,0.7,0.05,3,100,0.3,0.1,1.0,0.5,0.6
RawPixels,K,0.6274509803921569,0.6281981981981982,0.6275039745627982,30.1,0.7,0.05,3,100,0.3,0.1,1.0,0.5,0.7
RawPixels,K,0.6274509803921569,0.6281981981981982,0.6275039745627982,30.4,0.7,0.05,3,100,0.3,0.1,1.0,0.5,0.8
RawPixels,K,0.6470588235294118,0.6460818713450293,0.6464396284829721,30.18,0.7,0.05,3,100,0.3,0.1,5.0,0.5,0.6
RawPixels,K,0.5882352941176471,0.5876068376068376,0.5878582202111614,30.24,0.7,0.05,3,100,0.3,0.1,5.0,0.5,0.7
RawPixels,K,0.6470588235294118,0.6511396011396011,0.6487179487179489,30.31,0.7,0.05,3,100,0.3,0.1,5.0,0.5,0.8
RawPixels,K,0.6470588235294118,0.6460818713450293,0.6464396284829721,30.29,0.7,0.05,3,100,0.3,1.0,1.0,0.5,0.6
RawPixels,K,0.6078431372549019,0.6114439946018894,0.6097642295784711,30.51,0.7,0.05,3,100,0.3,1.0,1.0,0.5,0.7
RawPixels,K,0.6274509803921569,0.6340956340956342,0.6306713953772778,29.97,0.7,0.05,3,100,0.3,1.0,1.0,0.5,0.8
RawPixels,K,0.6470588235294118,0.6495726495726495,0.6485671191553545,30.3,0.7,0.05,3,100,0.3,1.0,5.0,0.5,0.6
RawPixels,K,0.5686274509803921,0.5623745819397993,0.5647649026165651,30.24,0.7,0.05,3,100,0.3,1.0,5.0,0.5,0.7
RawPixels,K,0.6470588235294118,0.6511396011396011,0.6487179487179489,30.68,0.7,0.05,3,100,0.3,1.0,5.0,0.5,0.8
RawPixels,K,0.6666666666666666,0.6731040564373897,0.6691254279489572,61.01,0.7,0.05,3,150,0.1,0.1,1.0,0.5,0.6
RawPixels,K,0.6666666666666666,0.6704481792717086,0.6678695007414731,61.21,0.7,0.05,3,150,0.1,0.1,1.0,0.5,0.7
RawPixels,K,0.6274509803921569,0.6340956340956342,0.6306713953772778,62.16,0.7,0.05,3,150,0.1,0.1,1.0,0.5,0.8
RawPixels,K,0.6666666666666666,0.6692076692076693,0.6678488443194326,61.97,0.7,0.05,3,150,0.1,0.1,5.0,0.5,0.6
RawPixels,K,0.6470588235294118,0.6511396011396011,0.6487179487179489,61.81,0.7,0.05,3,150,0.1,0.1,5.0,0.5,0.7
RawPixels,K,0.6470588235294118,0.6511396011396011,0.6487179487179489,63.22,0.7,0.05,3,150,0.1,0.1,5.0,0.5,0.8
RawPixels,K,0.6862745098039216,0.691358024691358,0.6884531590413944,62.44,0.7,0.05,3,150,0.1,1.0,1.0,0.5,0.6
RawPixels,K,0.6470588235294118,0.6511396011396011,0.6487179487179489,61.87,0.7,0.05,3,150,0.1,1.0,1.0,0.5,0.7
RawPixels,K,0.6470588235294118,0.6511396011396011,0.6487179487179489,62.96,0.7,0.05,3,150,0.1,1.0,1.0,0.5,0.8
RawPixels,K,0.6470588235294118,0.6460818713450293,0.6464396284829721,61.86,0.7,0.05,3,150,0.1,1.0,5.0,0.5,0.6
RawPixels,K,0.6274509803921569,0.6281981981981982,0.6275039745627982,62.11,0.7,0.05,3,150,0.1,1.0,5.0,0.5,0.7
RawPixels,K,0.6470588235294118,0.6511396011396011,0.6487179487179489,62.71,0.7,0.05,3,150,0.1,1.0,5.0,0.5,0.8
RawPixels,K,0.6862745098039216,0.691358024691358,0.6884531590413944,55.97,0.7,0.05,3,150,0.3,0.1,1.0,0.5,0.6
RawPixels,K,0.6470588235294118,0.6557454890788225,0.6507457683928272,56.15,0.7,0.05,3,150,0.3,0.1,1.0,0.5,0.7
RawPixels,K,0.6078431372549019,0.6114439946018894,0.6097642295784711,56.47,0.7,0.05,3,150,0.3,0.1,1.0,0.5,0.8
RawPixels,K,0.6666666666666666,0.6692076692076693,0.6678488443194326,56.28,0.7,0.05,3,150,0.3,0.1,5.0,0.5,0.6
RawPixels,K,0.6274509803921569,0.6281981981981982,0.6275039745627982,55.9,0.7,0.05,3,150,0.3,0.1,5.0,0.5,0.7
RawPixels,K,0.6470588235294118,0.6511396011396011,0.6487179487179489,56.33,0.7,0.05,3,150,0.3,0.1,5.0,0.5,0.8
RawPixels,K,0.6862745098039216,0.691358024691358,0.6884531590413944,55.57,0.7,0.05,3,150,0.3,1.0,1.0,0.5,0.6
RawPixels,K,0.6470588235294118,0.6511396011396011,0.6487179487179489,55.36,0.7,0.05,3,150,0.3,1.0,1.0,0.5,0.7
RawPixels,K,0.6470588235294118,0.6511396011396011,0.6487179487179489,55.86,0.7,0.05,3,150,0.3,1.0,1.0,0.5,0.8
RawPixels,K,0.6470588235294118,0.6460818713450293,0.6464396284829721,55.37,0.7,0.05,3,150,0.3,1.0,5.0,0.5,0.6
RawPixels,K,0.6274509803921569,0.6281981981981982,0.6275039745627982,55.78,0.7,0.05,3,150,0.3,1.0,5.0,0.5,0.7
RawPixels,K,0.6470588235294118,0.6511396011396011,0.6487179487179489,56.42,0.7,0.05,3,150,0.3,1.0,5.0,0.5,0.8
RawPixels,K,0.6862745098039216,0.6911999719017263,0.6882858090288431,14.94,0.7,0.05,4,50,0.1,0.1,1.0,0.5,0.6
RawPixels,K,0.6470588235294118,0.6460818713450293,0.6464396284829721,14.83,0.7,0.05,4,50,0.1,0.1,1.0,0.5,0.7
RawPixels,K,0.6666666666666666,0.6728395061728394,0.6688453159041395,15.0,0.7,0.05,4,50,0.1,0.1,1.0,0.5,0.8
RawPixels,K,0.6274509803921569,0.6162563723539333,0.6204211857009561,14.85,0.7,0.05,4,50,0.1,0.1,5.0,0.5,0.6
RawPixels,K,0.5882352941176471,0.5786138981791157,0.5819594727523116,14.72,0.7,0.05,4,50,0.1,0.1,5.0,0.5,0.7
RawPixels,K,0.6470588235294118,0.646531713900135,0.6469159323648488,15.25,0.7,0.05,4,50,0.1,0.1,5.0,0.5,0.8
RawPixels,K,0.6470588235294118,0.642214790040877,0.6441865040330513,14.8,0.7,0.05,4,50,0.1,1.0,1.0,0.5,0.6
RawPixels,K,0.6078431372549019,0.604093567251462,0.6053147574819402,14.93,0.7,0.05,4,50,0.1,1.0,1.0,0.5,0.7
RawPixels,K,0.6274509803921569,0.6342780026990553,0.6308644915456062,14.97,0.7,0.05,4,50,0.1,1.0,1.0,0.5,0.8
RawPixels,K,0.6470588235294118,0.642214790040877,0.6441865040330513,14.53,0.7,0.05,4,50,0.1,1.0,5.0,0.5,0.6
RawPixels,K,0.5686274509803921,0.5623745819397993,0.5647649026165651,14.45,0.7,0.05,4,50,0.1,1.0,5.0,0.5,0.7
RawPixels,K,0.6078431372549019,0.6057826118801729,0.6071031576770458,14.75,0.7,0.05,4,50,0.1,1.0,5.0,0.5,0.8
RawPixels,K,0.6666666666666666,0.6631758884390463,0.6645391759942844,13.95,0.7,0.05,4,50,0.3,0.1,1.0,0.5,0.6
RawPixels,K,0.6078431372549019,0.604093567251462,0.6053147574819402,13.95,0.7,0.05,4,50,0.3,0.1,1.0,0.5,0.7
RawPixels,K,0.6666666666666666,0.6728395061728394,0.6688453159041395,14.55,0.7,0.05,4,50,0.3,0.1,1.0,0.5,0.8
RawPixels,K,0.6470588235294118,0.642214790040877,0.6441865040330513,14.14,0.7,0.05,4,50,0.3,0.1,5.0,0.5,0.6
RawPixels,K,0.5686274509803921,0.5623745819397993,0.5647649026165651,14.38,0.7,0.05,4,50,0.3,0.1,5.0,0.5,0.7
RawPixels,K,0.6470588235294118,0.646531713900135,0.6469159323648488,14.11,0.7,0.05,4,50,0.3,0.1,5.0,0.5,0.8
RawPixels,K,0.6274509803921569,0.6162563723539333,0.6204211857009561,14.1,0.7,0.05,4,50,0.3,1.0,1.0,0.5,0.6
RawPixels,K,0.5686274509803921,0.5623745819397993,0.5647649026165651,14.35,0.7,0.05,4,50,0.3,1.0,1.0,0.5,0.7
RawPixels,K,0.6666666666666666,0.669365721997301,0.6680161943319838,14.44,0.7,0.05,4,50,0.3,1.0,1.0,0.5,0.8
RawPixels,K,0.6274509803921569,0.6162563723539333,0.6204211857009561,14.26,0.7,0.05,4,50,0.3,1.0,5.0,0.5,0.6
RawPixels,K,0.5686274509803921,0.5633011478856207,0.5657459724415524,14.27,0.7,0.05,4,50,0.3,1.0,5.0,0.5,0.7
RawPixels,K,0.6274509803921569,0.622514619883041,0.6248194014447884,14.01,0.7,0.05,4,50,0.3,1.0,5.0,0.5,0.8
RawPixels,K,0.6862745098039216,0.691358024691358,0.6884531590413944,32.76,0.7,0.05,4,100,0.1,0.1,1.0,0.5,0.6
RawPixels,K,0.6470588235294118,0.6511396011396011,0.6487179487179489,33.37,0.7,0.05,4,100,0.1,0.1,1.0,0.5,0.7
RawPixels,K,0.6274509803921569,0.6340956340956342,0.6306713953772778,33.0,0.7,0.05,4,100,0.1,0.1,1.0,0.5,0.8
RawPixels,K,0.6470588235294118,0.6495726495726495,0.6485671191553545,32.83,0.7,0.05,4,100,0.1,0.1,5.0,0.5,0.6
RawPixels,K,0.6274509803921569,0.6281981981981982,0.6275039745627982,32.84,0.7,0.05,4,100,0.1,0.1,5.0,0.5,0.7
RawPixels,K,0.6470588235294118,0.6511396011396011,0.6487179487179489,33.15,0.7,0.05,4,100,0.1,0.1,5.0,0.5,0.8
RawPixels,K,0.6666666666666666,0.6692076692076693,0.6678488443194326,32.95,0.7,0.05,4,100,0.1,1.0,1.0,0.5,0.6
RawPixels,K,0.6470588235294118,0.6511396011396011,0.6487179487179489,33.17,0.7,0.05,4,100,0.1,1.0,1.0,0.5,0.7
RawPixels,K,0.6470588235294118,0.6511396011396011,0.6487179487179489,33.08,0.7,0.05,4,100,0.1,1.0,1.0,0.5,0.8
RawPixels,K,0.6470588235294118,0.6495726495726495,0.6485671191553545,32.67,0.7,0.05,4,100,0.1,1.0,5.0,0.5,0.6
RawPixels,K,0.6274509803921569,0.6217948717948718,0.6240573152337858,32.74,0.7,0.05,4,100,0.1,1.0,5.0,0.5,0.7
RawPixels,K,0.6470588235294118,0.6511396011396011,0.6487179487179489,33.07,0.7,0.05,4,100,0.1,1.0,5.0,0.5,0.8
RawPixels,K,0.6666666666666666,0.6692076692076693,0.6678488443194326,30.82,0.7,0.05,4,100,0.3,0.1,1.0,0.5,0.6
RawPixels,K,0.6274509803921569,0.6281981981981982,0.6275039745627982,30.94,0.7,0.05,4,100,0.3,0.1,1.0,0.5,0.7
RawPixels,K,0.6274509803921569,0.6281981981981982,0.6275039745627982,30.63,0.7,0.05,4,100,0.3,0.1,1.0,0.5,0.8
RawPixels,K,0.6470588235294118,0.6460818713450293,0.6464396284829721,30.14,0.7,0.05,4,100,0.3,0.1,5.0,0.5,0.6
RawPixels,K,0.5882352941176471,0.5876068376068376,0.5878582202111614,30.57,0.7,0.05,4,100,0.3,0.1,5.0,0.5,0.7
RawPixels,K,0.6470588235294118,0.6511396011396011,0.6487179487179489,30.82,0.7,0.05,4,100,0.3,0.1,5.0,0.5,0.8
RawPixels,K,0.6470588235294118,0.6460818713450293,0.6464396284829721,30.67,0.7,0.05,4,100,0.3,1.0,1.0,0.5,0.6
RawPixels,K,0.6078431372549019,0.6114439946018894,0.6097642295784711,30.21,0.7,0.05,4,100,0.3,1.0,1.0,0.5,0.7
RawPixels,K,0.6274509803921569,0.6340956340956342,0.6306713953772778,30.81,0.7,0.05,4,100,0.3,1.0,1.0,0.5,0.8
RawPixels,K,0.6470588235294118,0.6495726495726495,0.6485671191553545,30.76,0.7,0.05,4,100,0.3,1.0,5.0,0.5,0.6
RawPixels,K,0.5686274509803921,0.5623745819397993,0.5647649026165651,30.42,0.7,0.05,4,100,0.3,1.0,5.0,0.5,0.7
RawPixels,K,0.6470588235294118,0.6511396011396011,0.6487179487179489,30.72,0.7,0.05,4,100,0.3,1.0,5.0,0.5,0.8
RawPixels,K,0.6666666666666666,0.6731040564373897,0.6691254279489572,61.56,0.7,0.05,4,150,0.1,0.1,1.0,0.5,0.6
RawPixels,K,0.6666666666666666,0.6704481792717086,0.6678695007414731,61.54,0.7,0.05,4,150,0.1,0.1,1.0,0.5,0.7
RawPixels,K,0.6274509803921569,0.6340956340956342,0.6306713953772778,62.26,0.7,0.05,4,150,0.1,0.1,1.0,0.5,0.8
RawPixels,K,0.6666666666666666,0.6692076692076693,0.6678488443194326,61.52,0.7,0.05,4,150,0.1,0.1,5.0,0.5,0.6
RawPixels,K,0.6470588235294118,0.6511396011396011,0.6487179487179489,61.09,0.7,0.05,4,150,0.1,0.1,5.0,0.5,0.7
RawPixels,K,0.6470588235294118,0.6511396011396011,0.6487179487179489,61.65,0.7,0.05,4,150,0.1,0.1,5.0,0.5,0.8
RawPixels,K,0.6862745098039216,0.691358024691358,0.6884531590413944,61.74,0.7,0.05,4,150,0.1,1.0,1.0,0.5,0.6
RawPixels,K,0.6470588235294118,0.6511396011396011,0.6487179487179489,60.68,0.7,0.05,4,150,0.1,1.0,1.0,0.5,0.7
RawPixels,K,0.6470588235294118,0.6511396011396011,0.6487179487179489,61.77,0.7,0.05,4,150,0.1,1.0,1.0,0.5,0.8
RawPixels,K,0.6470588235294118,0.6460818713450293,0.6464396284829721,61.3,0.7,0.05,4,150,0.1,1.0,5.0,0.5,0.6
RawPixels,K,0.6274509803921569,0.6281981981981982,0.6275039745627982,61.8,0.7,0.05,4,150,0.1,1.0,5.0,0.5,0.7
RawPixels,K,0.6470588235294118,0.6511396011396011,0.6487179487179489,61.43,0.7,0.05,4,150,0.1,1.0,5.0,0.5,0.8
RawPixels,K,0.6862745098039216,0.691358024691358,0.6884531590413944,56.42,0.7,0.05,4,150,0.3,0.1,1.0,0.5,0.6
RawPixels,K,0.6470588235294118,0.6557454890788225,0.6507457683928272,56.35,0.7,0.05,4,150,0.3,0.1,1.0,0.5,0.7
RawPixels,K,0.6078431372549019,0.6114439946018894,0.6097642295784711,56.11,0.7,0.05,4,150,0.3,0.1,1.0,0.5,0.8
RawPixels,K,0.6666666666666666,0.6692076692076693,0.6678488443194326,55.76,0.7,0.05,4,150,0.3,0.1,5.0,0.5,0.6
RawPixels,K,0.6274509803921569,0.6281981981981982,0.6275039745627982,56.22,0.7,0.05,4,150,0.3,0.1,5.0,0.5,0.7
RawPixels,K,0.6470588235294118,0.6511396011396011,0.6487179487179489,56.57,0.7,0.05,4,150,0.3,0.1,5.0,0.5,0.8
RawPixels,K,0.6862745098039216,0.691358024691358,0.6884531590413944,56.17,0.7,0.05,4,150,0.3,1.0,1.0,0.5,0.6
RawPixels,K,0.6470588235294118,0.6511396011396011,0.6487179487179489,55.79,0.7,0.05,4,150,0.3,1.0,1.0,0.5,0.7
RawPixels,K,0.6470588235294118,0.6511396011396011,0.6487179487179489,57.59,0.7,0.05,4,150,0.3,1.0,1.0,0.5,0.8
RawPixels,K,0.6470588235294118,0.6460818713450293,0.6464396284829721,63.98,0.7,0.05,4,150,0.3,1.0,5.0,0.5,0.6
RawPixels,K,0.6274509803921569,0.6281981981981982,0.6275039745627982,65.72,0.7,0.05,4,150,0.3,1.0,5.0,0.5,0.7
RawPixels,K,0.6470588235294118,0.6511396011396011,0.6487179487179489,55.99,0.7,0.05,4,150,0.3,1.0,5.0,0.5,0.8
RawPixels,K,0.6470588235294118,0.6484126984126983,0.6473389355742296,14.4,0.7,0.1,2,50,0.1,0.1,1.0,0.5,0.6
RawPixels,K,0.6470588235294118,0.6484126984126983,0.6473389355742296,14.83,0.7,0.1,2,50,0.1,0.1,1.0,0.5,0.7
RawPixels,K,0.6274509803921569,0.6285380116959064,0.6278637770897832,14.55,0.7,0.1,2,50,0.1,0.1,1.0,0.5,0.8
RawPixels,K,0.6666666666666666,0.6692076692076693,0.6678488443194326,14.63,0.7,0.1,2,50,0.1,0.1,5.0,0.5,0.6
RawPixels,K,0.6274509803921569,0.6281981981981982,0.6275039745627982,14.93,0.7,0.1,2,50,0.1,0.1,5.0,0.5,0.7
RawPixels,K,0.6470588235294118,0.6521136521136521,0.6497492968081203,14.53,0.7,0.1,2,50,0.1,0.1,5.0,0.5,0.8
RawPixels,K,0.6666666666666666,0.6692076692076693,0.6678488443194326,14.69,0.7,0.1,2,50,0.1,1.0,1.0,0.5,0.6
RawPixels,K,0.6666666666666666,0.6692076692076693,0.6678488443194326,14.43,0.7,0.1,2,50,0.1,1.0,1.0,0.5,0.7
RawPixels,K,0.6274509803921569,0.6342780026990553,0.6308644915456062,14.62,0.7,0.1,2,50,0.1,1.0,1.0,0.5,0.8
RawPixels,K,0.6666666666666666,0.6692076692076693,0.6678488443194326,14.64,0.7,0.1,2,50,0.1,1.0,5.0,0.5,0.6
RawPixels,K,0.6470588235294118,0.6460818713450293,0.6464396284829721,14.93,0.7,0.1,2,50,0.1,1.0,5.0,0.5,0.7
RawPixels,K,0.6470588235294118,0.6521136521136521,0.6497492968081203,14.58,0.7,0.1,2,50,0.1,1.0,5.0,0.5,0.8
RawPixels,K,0.6862745098039216,0.691358024691358,0.6884531590413944,13.87,0.7,0.1,2,50,0.3,0.1,1.0,0.5,0.6
RawPixels,K,0.6470588235294118,0.6511396011396011,0.6487179487179489,13.99,0.7,0.1,2,50,0.3,0.1,1.0,0.5,0.7
RawPixels,K,0.6470588235294118,0.6511396011396011,0.6487179487179489,13.9,0.7,0.1,2,50,0.3,0.1,1.0,0.5,0.8
RawPixels,K,0.6862745098039216,0.6863247863247862,0.6859728506787331,14.25,0.7,0.1,2,50,0.3,0.1,5.0,0.5,0.6
RawPixels,K,0.6274509803921569,0.6217948717948718,0.6240573152337858,13.89,0.7,0.1,2,50,0.3,0.1,5.0,0.5,0.7
RawPixels,K,0.6666666666666666,0.6728395061728394,0.6688453159041395,14.01,0.7,0.1,2,50,0.3,0.1,5.0,0.5,0.8
RawPixels,K,0.6862745098039216,0.684126984126984,0.6851540616246499,13.81,0.7,0.1,2,50,0.3,1.0,1.0,0.5,0.6
RawPixels,K,0.6470588235294118,0.6460818713450293,0.6464396284829721,14.17,0.7,0.1,2,50,0.3,1.0,1.0,0.5,0.7
RawPixels,K,0.6470588235294118,0.6556380942345854,0.6506320562048117,13.89,0.7,0.1,2,50,0.3,1.0,1.0,0.5,0.8
RawPixels,K,0.6470588235294118,0.642214790040877,0.6441865040330513,14.03,0.7,0.1,2,50,0.3,1.0,5.0,0.5,0.6
RawPixels,K,0.6274509803921569,0.6217948717948718,0.6240573152337858,13.83,0.7,0.1,2,50,0.3,1.0,5.0,0.5,0.7
RawPixels,K,0.6666666666666666,0.669365721997301,0.6680161943319838,14.08,0.7,0.1,2,50,0.3,1.0,5.0,0.5,0.8
RawPixels,K,0.6470588235294118,0.6516751541141785,0.6492850048086777,32.68,0.7,0.1,2,100,0.1,0.1,1.0,0.5,0.6
RawPixels,K,0.6078431372549019,0.621016644174539,0.6151940938318647,32.73,0.7,0.1,2,100,0.1,0.1,1.0,0.5,0.7
RawPixels,K,0.6666666666666666,0.6704481792717086,0.6678695007414731,32.48,0.7,0.1,2,100,0.1,0.1,1.0,0.5,0.8
RawPixels,K,0.6666666666666666,0.6692076692076693,0.6678488443194326,32.98,0.7,0.1,2,100,0.1,0.1,5.0,0.5,0.6
RawPixels,K,0.6666666666666666,0.6731040564373897,0.6691254279489572,32.56,0.7,0.1,2,100,0.1,0.1,5.0,0.5,0.7
RawPixels,K,0.6078431372549019,0.6167341430499326,0.6122886401524174,32.81,0.7,0.1,2,100,0.1,0.1,5.0,0.5,0.8
RawPixels,K,0.6470588235294118,0.6511396011396011,0.6487179487179489,32.37,0.7,0.1,2,100,0.1,1.0,1.0,0.5,0.6
RawPixels,K,0.6470588235294118,0.6511396011396011,0.6487179487179489,32.42,0.7,0.1,2,100,0.1,1.0,1.0,0.5,0.7
RawPixels,K,0.6078431372549019,0.6167341430499326,0.6122886401524174,32.64,0.7,0.1,2,100,0.1,1.0,1.0,0.5,0.8
RawPixels,K,0.6862745098039216,0.691358024691358,0.6884531590413944,32.36,0.7,0.1,2,100,0.1,1.0,5.0,0.5,0.6
RawPixels,K,0.6666666666666666,0.6692076692076693,0.6678488443194326,32.64,0.7,0.1,2,100,0.1,1.0,5.0,0.5,0.7
RawPixels,K,0.6470588235294118,0.6511396011396011,0.6487179487179489,32.92,0.7,0.1,2,100,0.1,1.0,5.0,0.5,0.8
RawPixels,K,0.6666666666666666,0.6773161797552042,0.6719094391978179,30.43,0.7,0.1,2,100,0.3,0.1,1.0,0.5,0.6
RawPixels,K,0.6274509803921569,0.6381981981981982,0.6333863275039746,32.12,0.7,0.1,2,100,0.3,0.1,1.0,0.5,0.7
RawPixels,K,0.6078431372549019,0.6114439946018894,0.6097642295784711,30.63,0.7,0.1,2,100,0.3,0.1,1.0,0.5,0.8
RawPixels,K,0.6470588235294118,0.6484126984126983,0.6473389355742296,30.39,0.7,0.1,2,100,0.3,0.1,5.0,0.5,0.6
RawPixels,K,0.6666666666666666,0.6731040564373897,0.6691254279489572,30.61,0.7,0.1,2,100,0.3,0.1,5.0,0.5,0.7
RawPixels,K,0.6274509803921569,0.6340956340956342,0.6306713953772778,30.2,0.7,0.1,2,100,0.3,0.1,5.0,0.5,0.8
RawPixels,K,0.6666666666666666,0.6731040564373897,0.6691254279489572,29.96,0.7,0.1,2,100,0.3,1.0,1.0,0.5,0.6
RawPixels,K,0.6666666666666666,0.6731040564373897,0.6691254279489572,30.27,0.7,0.1,2,100,0.3,1.0,1.0,0.5,0.7
RawPixels,K,0.6078431372549019,0.6167341430499326,0.6122886401524174,30.68,0.7,0.1,2,100,0.3,1.0,1.0,0.5,0.8
RawPixels,K,0.6862745098039216,0.691358024691358,0.6884531590413944,30.07,0.7,0.1,2,100,0.3,1.0,5.0,0.5,0.6
RawPixels,K,0.6274509803921569,0.6281981981981982,0.6275039745627982,29.8,0.7,0.1,2,100,0.3,1.0,5.0,0.5,0.7
RawPixels,K,0.6470588235294118,0.6511396011396011,0.6487179487179489,30.4,0.7,0.1,2,100,0.3,1.0,5.0,0.5,0.8
RawPixels,K,0.6274509803921569,0.6331968684909862,0.6297197612076505,61.24,0.7,0.1,2,150,0.1,0.1,1.0,0.5,0.6
RawPixels,K,0.6470588235294118,0.6601139601139602,0.6536953242835596,60.78,0.7,0.1,2,150,0.1,0.1,1.0,0.5,0.7
RawPixels,K,0.6470588235294118,0.6564373897707231,0.651478369125428,62.03,0.7,0.1,2,150,0.1,0.1,1.0,0.5,0.8
RawPixels,K,0.6862745098039216,0.691358024691358,0.6884531590413944,61.27,0.7,0.1,2,150,0.1,0.1,5.0,0.5,0.6
RawPixels,K,0.6666666666666666,0.6773161797552042,0.6719094391978179,61.49,0.7,0.1,2,150,0.1,0.1,5.0,0.5,0.7
RawPixels,K,0.5882352941176471,0.5943499775078722,0.5916646820671588,61.76,0.7,0.1,2,150,0.1,0.1,5.0,0.5,0.8
RawPixels,K,0.6666666666666666,0.6731040564373897,0.6691254279489572,61.41,0.7,0.1,2,150,0.1,1.0,1.0,0.5,0.6
RawPixels,K,0.6666666666666666,0.6739819685778556,0.670054981980039,60.95,0.7,0.1,2,150,0.1,1.0,1.0,0.5,0.7
RawPixels,K,0.6078431372549019,0.6167341430499326,0.6122886401524174,60.74,0.7,0.1,2,150,0.1,1.0,1.0,0.5,0.8
RawPixels,K,0.6862745098039216,0.691358024691358,0.6884531590413944,61.69,0.7,0.1,2,150,0.1,1.0,5.0,0.5,0.6
RawPixels,K,0.6666666666666666,0.6731040564373897,0.6691254279489572,60.84,0.7,0.1,2,150,0.1,1.0,5.0,0.5,0.7
RawPixels,K,0.6274509803921569,0.6340956340956342,0.6306713953772778,61.14,0.7,0.1,2,150,0.1,1.0,5.0,0.5,0.8
RawPixels,K,0.6470588235294118,0.6588378941320118,0.6523441955967908,55.29,0.7,0.1,2,150,0.3,0.1,1.0,0.5,0.6
RawPixels,K,0.6666666666666666,0.6773161797552042,0.6719094391978179,55.18,0.7,0.1,2,150,0.3,0.1,1.0,0.5,0.7
RawPixels,K,0.6078431372549019,0.6121589882565494,0.610521281683405,55.97,0.7,0.1,2,150,0.3,0.1,1.0,0.5,0.8
RawPixels,K,0.6470588235294118,0.6511396011396011,0.6487179487179489,55.61,0.7,0.1,2,150,0.3,0.1,5.0,0.5,0.6
RawPixels,K,0.6666666666666666,0.6773161797552042,0.6719094391978179,55.87,0.7,0.1,2,150,0.3,0.1,5.0,0.5,0.7
RawPixels,K,0.6274509803921569,0.6340956340956342,0.6306713953772778,55.71,0.7,0.1,2,150,0.3,0.1,5.0,0.5,0.8
RawPixels,K,0.6666666666666666,0.6731040564373897,0.6691254279489572,55.48,0.7,0.1,2,150,0.3,1.0,1.0,0.5,0.6
RawPixels,K,0.6666666666666666,0.6773161797552042,0.6719094391978179,55.58,0.7,0.1,2,150,0.3,1.0,1.0,0.5,0.7
RawPixels,K,0.6078431372549019,0.6167341430499326,0.6122886401524174,56.14,0.7,0.1,2,150,0.3,1.0,1.0,0.5,0.8
RawPixels,K,0.6862745098039216,0.691358024691358,0.6884531590413944,55.46,0.7,0.1,2,150,0.3,1.0,5.0,0.5,0.6
RawPixels,K,0.6666666666666666,0.6731040564373897,0.6691254279489572,55.83,0.7,0.1,2,150,0.3,1.0,5.0,0.5,0.7
RawPixels,K,0.6470588235294118,0.6511396011396011,0.6487179487179489,55.75,0.7,0.1,2,150,0.3,1.0,5.0,0.5,0.8
RawPixels,K,0.6470588235294118,0.6484126984126983,0.6473389355742296,14.43,0.7,0.1,3,50,0.1,0.1,1.0,0.5,0.6
RawPixels,K,0.6470588235294118,0.6484126984126983,0.6473389355742296,14.6,0.7,0.1,3,50,0.1,0.1,1.0,0.5,0.7
RawPixels,K,0.6274509803921569,0.6285380116959064,0.6278637770897832,14.55,0.7,0.1,3,50,0.1,0.1,1.0,0.5,0.8
RawPixels,K,0.6666666666666666,0.6692076692076693,0.6678488443194326,14.48,0.7,0.1,3,50,0.1,0.1,5.0,0.5,0.6
RawPixels,K,0.6274509803921569,0.6281981981981982,0.6275039745627982,14.52,0.7,0.1,3,50,0.1,0.1,5.0,0.5,0.7
RawPixels,K,0.6470588235294118,0.6521136521136521,0.6497492968081203,14.55,0.7,0.1,3,50,0.1,0.1,5.0,0.5,0.8
RawPixels,K,0.6666666666666666,0.6692076692076693,0.6678488443194326,14.77,0.7,0.1,3,50,0.1,1.0,1.0,0.5,0.6
RawPixels,K,0.6666666666666666,0.6692076692076693,0.6678488443194326,14.53,0.7,0.1,3,50,0.1,1.0,1.0,0.5,0.7
RawPixels,K,0.6274509803921569,0.6342780026990553,0.6308644915456062,14.46,0.7,0.1,3,50,0.1,1.0,1.0,0.5,0.8
RawPixels,K,0.6666666666666666,0.6692076692076693,0.6678488443194326,14.35,0.7,0.1,3,50,0.1,1.0,5.0,0.5,0.6
RawPixels,K,0.6470588235294118,0.6460818713450293,0.6464396284829721,14.55,0.7,0.1,3,50,0.1,1.0,5.0,0.5,0.7
RawPixels,K,0.6470588235294118,0.6521136521136521,0.6497492968081203,14.57,0.7,0.1,3,50,0.1,1.0,5.0,0.5,0.8
RawPixels,K,0.6862745098039216,0.691358024691358,0.6884531590413944,13.55,0.7,0.1,3,50,0.3,0.1,1.0,0.5,0.6
RawPixels,K,0.6470588235294118,0.6511396011396011,0.6487179487179489,13.84,0.7,0.1,3,50,0.3,0.1,1.0,0.5,0.7
RawPixels,K,0.6470588235294118,0.6511396011396011,0.6487179487179489,14.1,0.7,0.1,3,50,0.3,0.1,1.0,0.5,0.8
RawPixels,K,0.6862745098039216,0.6863247863247862,0.6859728506787331,13.95,0.7,0.1,3,50,0.3,0.1,5.0,0.5,0.6
RawPixels,K,0.6274509803921569,0.6217948717948718,0.6240573152337858,13.92,0.7,0.1,3,50,0.3,0.1,5.0,0.5,0.7
RawPixels,K,0.6666666666666666,0.6728395061728394,0.6688453159041395,13.9,0.7,0.1,3,50,0.3,0.1,5.0,0.5,0.8
RawPixels,K,0.6862745098039216,0.684126984126984,0.6851540616246499,14.02,0.7,0.1,3,50,0.3,1.0,1.0,0.5,0.6
RawPixels,K,0.6470588235294118,0.6460818713450293,0.6464396284829721,13.97,0.7,0.1,3,50,0.3,1.0,1.0,0.5,0.7
RawPixels,K,0.6470588235294118,0.6556380942345854,0.6506320562048117,13.93,0.7,0.1,3,50,0.3,1.0,1.0,0.5,0.8
RawPixels,K,0.6470588235294118,0.642214790040877,0.6441865040330513,13.99,0.7,0.1,3,50,0.3,1.0,5.0,0.5,0.6
RawPixels,K,0.6274509803921569,0.6217948717948718,0.6240573152337858,13.95,0.7,0.1,3,50,0.3,1.0,5.0,0.5,0.7
RawPixels,K,0.6666666666666666,0.669365721997301,0.6680161943319838,13.96,0.7,0.1,3,50,0.3,1.0,5.0,0.5,0.8
RawPixels,K,0.6470588235294118,0.6516751541141785,0.6492850048086777,32.32,0.7,0.1,3,100,0.1,0.1,1.0,0.5,0.6
RawPixels,K,0.6078431372549019,0.621016644174539,0.6151940938318647,32.25,0.7,0.1,3,100,0.1,0.1,1.0,0.5,0.7
RawPixels,K,0.6666666666666666,0.6704481792717086,0.6678695007414731,32.56,0.7,0.1,3,100,0.1,0.1,1.0,0.5,0.8
RawPixels,K,0.6666666666666666,0.6692076692076693,0.6678488443194326,32.56,0.7,0.1,3,100,0.1,0.1,5.0,0.5,0.6
RawPixels,K,0.6666666666666666,0.6731040564373897,0.6691254279489572,32.57,0.7,0.1,3,100,0.1,0.1,5.0,0.5,0.7
RawPixels,K,0.6078431372549019,0.6167341430499326,0.6122886401524174,32.25,0.7,0.1,3,100,0.1,0.1,5.0,0.5,0.8
RawPixels,K,0.6470588235294118,0.6511396011396011,0.6487179487179489,32.42,0.7,0.1,3,100,0.1,1.0,1.0,0.5,0.6
RawPixels,K,0.6470588235294118,0.6511396011396011,0.6487179487179489,32.43,0.7,0.1,3,100,0.1,1.0,1.0,0.5,0.7
RawPixels,K,0.6078431372549019,0.6167341430499326,0.6122886401524174,32.3,0.7,0.1,3,100,0.1,1.0,1.0,0.5,0.8
RawPixels,K,0.6862745098039216,0.691358024691358,0.6884531590413944,32.4,0.7,0.1,3,100,0.1,1.0,5.0,0.5,0.6
RawPixels,K,0.6666666666666666,0.6692076692076693,0.6678488443194326,32.44,0.7,0.1,3,100,0.1,1.0,5.0,0.5,0.7
RawPixels,K,0.6470588235294118,0.6511396011396011,0.6487179487179489,32.66,0.7,0.1,3,100,0.1,1.0,5.0,0.5,0.8
RawPixels,K,0.6666666666666666,0.6773161797552042,0.6719094391978179,29.9,0.7,0.1,3,100,0.3,0.1,1.0,0.5,0.6
RawPixels,K,0.6274509803921569,0.6381981981981982,0.6333863275039746,29.94,0.7,0.1,3,100,0.3,0.1,1.0,0.5,0.7
RawPixels,K,0.6078431372549019,0.6114439946018894,0.6097642295784711,30.44,0.7,0.1,3,100,0.3,0.1,1.0,0.5,0.8
RawPixels,K,0.6470588235294118,0.6484126984126983,0.6473389355742296,30.67,0.7,0.1,3,100,0.3,0.1,5.0,0.5,0.6
RawPixels,K,0.6666666666666666,0.6731040564373897,0.6691254279489572,32.85,0.7,0.1,3,100,0.3,0.1,5.0,0.5,0.7
RawPixels,K,0.6274509803921569,0.6340956340956342,0.6306713953772778,31.8,0.7,0.1,3,100,0.3,0.1,5.0,0.5,0.8
RawPixels,K,0.6666666666666666,0.6731040564373897,0.6691254279489572,30.42,0.7,0.1,3,100,0.3,1.0,1.0,0.5,0.6
RawPixels,K,0.6666666666666666,0.6731040564373897,0.6691254279489572,29.94,0.7,0.1,3,100,0.3,1.0,1.0,0.5,0.7
RawPixels,K,0.6078431372549019,0.6167341430499326,0.6122886401524174,30.58,0.7,0.1,3,100,0.3,1.0,1.0,0.5,0.8
RawPixels,K,0.6862745098039216,0.691358024691358,0.6884531590413944,30.2,0.7,0.1,3,100,0.3,1.0,5.0,0.5,0.6
RawPixels,K,0.6274509803921569,0.6281981981981982,0.6275039745627982,30.11,0.7,0.1,3,100,0.3,1.0,5.0,0.5,0.7
RawPixels,K,0.6470588235294118,0.6511396011396011,0.6487179487179489,30.17,0.7,0.1,3,100,0.3,1.0,5.0,0.5,0.8
RawPixels,K,0.6274509803921569,0.6331968684909862,0.6297197612076505,61.27,0.7,0.1,3,150,0.1,0.1,1.0,0.5,0.6
RawPixels,K,0.6470588235294118,0.6601139601139602,0.6536953242835596,61.63,0.7,0.1,3,150,0.1,0.1,1.0,0.5,0.7
RawPixels,K,0.6470588235294118,0.6564373897707231,0.651478369125428,61.55,0.7,0.1,3,150,0.1,0.1,1.0,0.5,0.8
RawPixels,K,0.6862745098039216,0.691358024691358,0.6884531590413944,61.18,0.7,0.1,3,150,0.1,0.1,5.0,0.5,0.6
RawPixels,K,0.6666666666666666,0.6773161797552042,0.6719094391978179,61.18,0.7,0.1,3,150,0.1,0.1,5.0,0.5,0.7
RawPixels,K,0.5882352941176471,0.5943499775078722,0.5916646820671588,61.25,0.7,0.1,3,150,0.1,0.1,5.0,0.5,0.8
RawPixels,K,0.6666666666666666,0.6731040564373897,0.6691254279489572,61.04,0.7,0.1,3,150,0.1,1.0,1.0,0.5,0.6
RawPixels,K,0.6666666666666666,0.6739819685778556,0.670054981980039,60.92,0.7,0.1,3,150,0.1,1.0,1.0,0.5,0.7
RawPixels,K,0.6078431372549019,0.6167341430499326,0.6122886401524174,61.32,0.7,0.1,3,150,0.1,1.0,1.0,0.5,0.8
RawPixels,K,0.6862745098039216,0.691358024691358,0.6884531590413944,61.02,0.7,0.1,3,150,0.1,1.0,5.0,0.5,0.6
RawPixels,K,0.6666666666666666,0.6731040564373897,0.6691254279489572,61.77,0.7,0.1,3,150,0.1,1.0,5.0,0.5,0.7
RawPixels,K,0.6274509803921569,0.6340956340956342,0.6306713953772778,61.09,0.7,0.1,3,150,0.1,1.0,5.0,0.5,0.8
RawPixels,K,0.6470588235294118,0.6588378941320118,0.6523441955967908,55.87,0.7,0.1,3,150,0.3,0.1,1.0,0.5,0.6
RawPixels,K,0.6666666666666666,0.6773161797552042,0.6719094391978179,56.17,0.7,0.1,3,150,0.3,0.1,1.0,0.5,0.7
RawPixels,K,0.6078431372549019,0.6121589882565494,0.610521281683405,55.66,0.7,0.1,3,150,0.3,0.1,1.0,0.5,0.8
RawPixels,K,0.6470588235294118,0.6511396011396011,0.6487179487179489,55.33,0.7,0.1,3,150,0.3,0.1,5.0,0.5,0.6
RawPixels,K,0.6666666666666666,0.6773161797552042,0.6719094391978179,55.61,0.7,0.1,3,150,0.3,0.1,5.0,0.5,0.7
RawPixels,K,0.6274509803921569,0.6340956340956342,0.6306713953772778,55.96,0.7,0.1,3,150,0.3,0.1,5.0,0.5,0.8
RawPixels,K,0.6666666666666666,0.6731040564373897,0.6691254279489572,55.3,0.7,0.1,3,150,0.3,1.0,1.0,0.5,0.6
RawPixels,K,0.6666666666666666,0.6773161797552042,0.6719094391978179,55.68,0.7,0.1,3,150,0.3,1.0,1.0,0.5,0.7
RawPixels,K,0.6078431372549019,0.6167341430499326,0.6122886401524174,56.13,0.7,0.1,3,150,0.3,1.0,1.0,0.5,0.8
RawPixels,K,0.6862745098039216,0.691358024691358,0.6884531590413944,55.84,0.7,0.1,3,150,0.3,1.0,5.0,0.5,0.6
RawPixels,K,0.6666666666666666,0.6731040564373897,0.6691254279489572,55.71,0.7,0.1,3,150,0.3,1.0,5.0,0.5,0.7
RawPixels,K,0.6470588235294118,0.6511396011396011,0.6487179487179489,55.72,0.7,0.1,3,150,0.3,1.0,5.0,0.5,0.8
RawPixels,K,0.6470588235294118,0.6484126984126983,0.6473389355742296,14.28,0.7,0.1,4,50,0.1,0.1,1.0,0.5,0.6
RawPixels,K,0.6470588235294118,0.6484126984126983,0.6473389355742296,14.62,0.7,0.1,4,50,0.1,0.1,1.0,0.5,0.7
RawPixels,K,0.6274509803921569,0.6285380116959064,0.6278637770897832,14.52,0.7,0.1,4,50,0.1,0.1,1.0,0.5,0.8
RawPixels,K,0.6666666666666666,0.6692076692076693,0.6678488443194326,14.47,0.7,0.1,4,50,0.1,0.1,5.0,0.5,0.6
RawPixels,K,0.6274509803921569,0.6281981981981982,0.6275039745627982,14.79,0.7,0.1,4,50,0.1,0.1,5.0,0.5,0.7
RawPixels,K,0.6470588235294118,0.6521136521136521,0.6497492968081203,14.58,0.7,0.1,4,50,0.1,0.1,5.0,0.5,0.8
RawPixels,K,0.6666666666666666,0.6692076692076693,0.6678488443194326,14.73,0.7,0.1,4,50,0.1,1.0,1.0,0.5,0.6
RawPixels,K,0.6666666666666666,0.6692076692076693,0.6678488443194326,14.67,0.7,0.1,4,50,0.1,1.0,1.0,0.5,0.7
RawPixels,K,0.6274509803921569,0.6342780026990553,0.6308644915456062,14.58,0.7,0.1,4,50,0.1,1.0,1.0,0.5,0.8
RawPixels,K,0.6666666666666666,0.6692076692076693,0.6678488443194326,14.68,0.7,0.1,4,50,0.1,1.0,5.0,0.5,0.6
RawPixels,K,0.6470588235294118,0.6460818713450293,0.6464396284829721,14.53,0.7,0.1,4,50,0.1,1.0,5.0,0.5,0.7
RawPixels,K,0.6470588235294118,0.6521136521136521,0.6497492968081203,14.52,0.7,0.1,4,50,0.1,1.0,5.0,0.5,0.8
RawPixels,K,0.6862745098039216,0.691358024691358,0.6884531590413944,14.03,0.7,0.1,4,50,0.3,0.1,1.0,0.5,0.6
RawPixels,K,0.6470588235294118,0.6511396011396011,0.6487179487179489,13.99,0.7,0.1,4,50,0.3,0.1,1.0,0.5,0.7
RawPixels,K,0.6470588235294118,0.6511396011396011,0.6487179487179489,13.97,0.7,0.1,4,50,0.3,0.1,1.0,0.5,0.8
RawPixels,K,0.6862745098039216,0.6863247863247862,0.6859728506787331,13.79,0.7,0.1,4,50,0.3,0.1,5.0,0.5,0.6
RawPixels,K,0.6274509803921569,0.6217948717948718,0.6240573152337858,13.82,0.7,0.1,4,50,0.3,0.1,5.0,0.5,0.7
RawPixels,K,0.6666666666666666,0.6728395061728394,0.6688453159041395,13.95,0.7,0.1,4,50,0.3,0.1,5.0,0.5,0.8
RawPixels,K,0.6862745098039216,0.684126984126984,0.6851540616246499,14.01,0.7,0.1,4,50,0.3,1.0,1.0,0.5,0.6
RawPixels,K,0.6470588235294118,0.6460818713450293,0.6464396284829721,13.89,0.7,0.1,4,50,0.3,1.0,1.0,0.5,0.7
RawPixels,K,0.6470588235294118,0.6556380942345854,0.6506320562048117,14.02,0.7,0.1,4,50,0.3,1.0,1.0,0.5,0.8
RawPixels,K,0.6470588235294118,0.642214790040877,0.6441865040330513,13.72,0.7,0.1,4,50,0.3,1.0,5.0,0.5,0.6
RawPixels,K,0.6274509803921569,0.6217948717948718,0.6240573152337858,14.21,0.7,0.1,4,50,0.3,1.0,5.0,0.5,0.7
RawPixels,K,0.6666666666666666,0.669365721997301,0.6680161943319838,13.86,0.7,0.1,4,50,0.3,1.0,5.0,0.5,0.8
RawPixels,K,0.6470588235294118,0.6516751541141785,0.6492850048086777,32.33,0.7,0.1,4,100,0.1,0.1,1.0,0.5,0.6
RawPixels,K,0.6078431372549019,0.621016644174539,0.6151940938318647,32.68,0.7,0.1,4,100,0.1,0.1,1.0,0.5,0.7
RawPixels,K,0.6666666666666666,0.6704481792717086,0.6678695007414731,32.71,0.7,0.1,4,100,0.1,0.1,1.0,0.5,0.8
RawPixels,K,0.6666666666666666,0.6692076692076693,0.6678488443194326,32.77,0.7,0.1,4,100,0.1,0.1,5.0,0.5,0.6
RawPixels,K,0.6666666666666666,0.6731040564373897,0.6691254279489572,32.55,0.7,0.1,4,100,0.1,0.1,5.0,0.5,0.7
RawPixels,K,0.6078431372549019,0.6167341430499326,0.6122886401524174,33.43,0.7,0.1,4,100,0.1,0.1,5.0,0.5,0.8
RawPixels,K,0.6470588235294118,0.6511396011396011,0.6487179487179489,32.89,0.7,0.1,4,100,0.1,1.0,1.0,0.5,0.6
RawPixels,K,0.6470588235294118,0.6511396011396011,0.6487179487179489,32.91,0.7,0.1,4,100,0.1,1.0,1.0,0.5,0.7
RawPixels,K,0.6078431372549019,0.6167341430499326,0.6122886401524174,33.08,0.7,0.1,4,100,0.1,1.0,1.0,0.5,0.8
RawPixels,K,0.6862745098039216,0.691358024691358,0.6884531590413944,32.51,0.7,0.1,4,100,0.1,1.0,5.0,0.5,0.6
RawPixels,K,0.6666666666666666,0.6692076692076693,0.6678488443194326,32.83,0.7,0.1,4,100,0.1,1.0,5.0,0.5,0.7
RawPixels,K,0.6470588235294118,0.6511396011396011,0.6487179487179489,32.86,0.7,0.1,4,100,0.1,1.0,5.0,0.5,0.8
RawPixels,K,0.6666666666666666,0.6773161797552042,0.6719094391978179,30.36,0.7,0.1,4,100,0.3,0.1,1.0,0.5,0.6
RawPixels,K,0.6274509803921569,0.6381981981981982,0.6333863275039746,30.42,0.7,0.1,4,100,0.3,0.1,1.0,0.5,0.7
RawPixels,K,0.6078431372549019,0.6114439946018894,0.6097642295784711,30.7,0.7,0.1,4,100,0.3,0.1,1.0,0.5,0.8
RawPixels,K,0.6470588235294118,0.6484126984126983,0.6473389355742296,30.47,0.7,0.1,4,100,0.3,0.1,5.0,0.5,0.6
RawPixels,K,0.6666666666666666,0.6731040564373897,0.6691254279489572,30.26,0.7,0.1,4,100,0.3,0.1,5.0,0.5,0.7
RawPixels,K,0.6274509803921569,0.6340956340956342,0.6306713953772778,30.9,0.7,0.1,4,100,0.3,0.1,5.0,0.5,0.8
RawPixels,K,0.6666666666666666,0.6731040564373897,0.6691254279489572,30.72,0.7,0.1,4,100,0.3,1.0,1.0,0.5,0.6
RawPixels,K,0.6666666666666666,0.6731040564373897,0.6691254279489572,30.64,0.7,0.1,4,100,0.3,1.0,1.0,0.5,0.7
RawPixels,K,0.6078431372549019,0.6167341430499326,0.6122886401524174,30.53,0.7,0.1,4,100,0.3,1.0,1.0,0.5,0.8
RawPixels,K,0.6862745098039216,0.691358024691358,0.6884531590413944,30.64,0.7,0.1,4,100,0.3,1.0,5.0,0.5,0.6
RawPixels,K,0.6274509803921569,0.6281981981981982,0.6275039745627982,30.22,0.7,0.1,4,100,0.3,1.0,5.0,0.5,0.7
RawPixels,K,0.6470588235294118,0.6511396011396011,0.6487179487179489,30.88,0.7,0.1,4,100,0.3,1.0,5.0,0.5,0.8
RawPixels,K,0.6274509803921569,0.6331968684909862,0.6297197612076505,60.92,0.7,0.1,4,150,0.1,0.1,1.0,0.5,0.6
RawPixels,K,0.6470588235294118,0.6601139601139602,0.6536953242835596,61.51,0.7,0.1,4,150,0.1,0.1,1.0,0.5,0.7
RawPixels,K,0.6470588235294118,0.6564373897707231,0.651478369125428,61.63,0.7,0.1,4,150,0.1,0.1,1.0,0.5,0.8
RawPixels,K,0.6862745098039216,0.691358024691358,0.6884531590413944,61.56,0.7,0.1,4,150,0.1,0.1,5.0,0.5,0.6
RawPixels,K,0.6666666666666666,0.6773161797552042,0.6719094391978179,61.35,0.7,0.1,4,150,0.1,0.1,5.0,0.5,0.7
RawPixels,K,0.5882352941176471,0.5943499775078722,0.5916646820671588,61.6,0.7,0.1,4,150,0.1,0.1,5.0,0.5,0.8
RawPixels,K,0.6666666666666666,0.6731040564373897,0.6691254279489572,61.56,0.7,0.1,4,150,0.1,1.0,1.0,0.5,0.6
RawPixels,K,0.6666666666666666,0.6739819685778556,0.670054981980039,61.06,0.7,0.1,4,150,0.1,1.0,1.0,0.5,0.7
RawPixels,K,0.6078431372549019,0.6167341430499326,0.6122886401524174,61.45,0.7,0.1,4,150,0.1,1.0,1.0,0.5,0.8
RawPixels,K,0.6862745098039216,0.691358024691358,0.6884531590413944,61.53,0.7,0.1,4,150,0.1,1.0,5.0,0.5,0.6
RawPixels,K,0.6666666666666666,0.6731040564373897,0.6691254279489572,61.44,0.7,0.1,4,150,0.1,1.0,5.0,0.5,0.7
RawPixels,K,0.6274509803921569,0.6340956340956342,0.6306713953772778,61.26,0.7,0.1,4,150,0.1,1.0,5.0,0.5,0.8
RawPixels,K,0.6470588235294118,0.6588378941320118,0.6523441955967908,56.11,0.7,0.1,4,150,0.3,0.1,1.0,0.5,0.6
RawPixels,K,0.6666666666666666,0.6773161797552042,0.6719094391978179,56.22,0.7,0.1,4,150,0.3,0.1,1.0,0.5,0.7
RawPixels,K,0.6078431372549019,0.6121589882565494,0.610521281683405,56.75,0.7,0.1,4,150,0.3,0.1,1.0,0.5,0.8
RawPixels,K,0.6470588235294118,0.6511396011396011,0.6487179487179489,55.81,0.7,0.1,4,150,0.3,0.1,5.0,0.5,0.6
RawPixels,K,0.6666666666666666,0.6773161797552042,0.6719094391978179,56.62,0.7,0.1,4,150,0.3,0.1,5.0,0.5,0.7
RawPixels,K,0.6274509803921569,0.6340956340956342,0.6306713953772778,56.08,0.7,0.1,4,150,0.3,0.1,5.0,0.5,0.8
RawPixels,K,0.6666666666666666,0.6731040564373897,0.6691254279489572,56.02,0.7,0.1,4,150,0.3,1.0,1.0,0.5,0.6
RawPixels,K,0.6666666666666666,0.6773161797552042,0.6719094391978179,56.72,0.7,0.1,4,150,0.3,1.0,1.0,0.5,0.7
RawPixels,K,0.6078431372549019,0.6167341430499326,0.6122886401524174,56.79,0.7,0.1,4,150,0.3,1.0,1.0,0.5,0.8
RawPixels,K,0.6862745098039216,0.691358024691358,0.6884531590413944,56.03,0.7,0.1,4,150,0.3,1.0,5.0,0.5,0.6
RawPixels,K,0.6666666666666666,0.6731040564373897,0.6691254279489572,56.0,0.7,0.1,4,150,0.3,1.0,5.0,0.5,0.7
RawPixels,K,0.6470588235294118,0.6511396011396011,0.6487179487179489,56.69,0.7,0.1,4,150,0.3,1.0,5.0,0.5,0.8
