pipeline,nutrient,accuracy,macro_f1,weighted_f1,duration_s,colsample_bytree,learning_rate,max_depth,n_estimators,rate_drop,reg_alpha,reg_lambda,skip_drop,subsample
Preprocessed,P,0.3333333333333333,0.2722222222222222,0.28823529411764703,7.9,0.5,0.01,2,50,0.1,0.1,1.0,0.5,0.6
Preprocessed,P,0.37254901960784315,0.32449965493443755,0.33798562903422236,7.73,0.5,0.01,2,50,0.1,0.1,1.0,0.5,0.7
Preprocessed,P,0.37254901960784315,0.35701754385964907,0.36331269349845197,7.63,0.5,0.01,2,50,0.1,0.1,1.0,0.5,0.8
Preprocessed,P,0.3137254901960784,0.24612612612612614,0.26060413354531003,7.62,0.5,0.01,2,50,0.1,0.1,5.0,0.5,0.6
Preprocessed,P,0.3137254901960784,0.24432624113475176,0.25869837296620773,7.78,0.5,0.01,2,50,0.1,0.1,5.0,0.5,0.7
Preprocessed,P,0.3137254901960784,0.2492753623188406,0.2639386189258312,7.67,0.5,0.01,2,50,0.1,0.1,5.0,0.5,0.8
Preprocessed,P,0.3333333333333333,0.26279985678481915,0.2782586718898086,7.68,0.5,0.01,2,50,0.1,1.0,1.0,0.5,0.6
Preprocessed,P,0.3333333333333333,0.2710536623580102,0.28699799543789317,7.9,0.5,0.01,2,50,0.1,1.0,1.0,0.5,0.7
Preprocessed,P,0.3137254901960784,0.2518518518518518,0.2666666666666667,7.7,0.5,0.01,2,50,0.1,1.0,1.0,0.5,0.8
Preprocessed,P,0.19607843137254902,0.14705882352941177,0.15570934256055363,7.59,0.5,0.01,2,50,0.1,1.0,5.0,0.5,0.6
Preprocessed,P,0.27450980392156865,0.21009009009009008,0.22244833068362477,7.71,0.5,0.01,2,50,0.1,1.0,5.0,0.5,0.7
Preprocessed,P,0.3137254901960784,0.24465811965811968,0.25904977375565613,7.74,0.5,0.01,2,50,0.1,1.0,5.0,0.5,0.8
Preprocessed,P,0.3333333333333333,0.26914414414414417,0.28497615262321147,7.09,0.5,0.01,2,50,0.3,0.1,1.0,0.5,0.6
Preprocessed,P,0.3333333333333333,0.2709551656920078,0.2868937048503612,6.88,0.5,0.01,2,50,0.3,0.1,1.0,0.5,0.7
Preprocessed,P,0.3137254901960784,0.2518518518518518,0.2666666666666667,6.96,0.5,0.01,2,50,0.3,0.1,1.0,0.5,0.8
Preprocessed,P,0.3137254901960784,0.24465811965811968,0.25904977375565613,6.99,0.5,0.01,2,50,0.3,0.1,5.0,0.5,0.6
Preprocessed,P,0.3137254901960784,0.24432624113475176,0.25869837296620773,7.01,0.5,0.01,2,50,0.3,0.1,5.0,0.5,0.7
Preprocessed,P,0.29411764705882354,0.23014184397163118,0.2436795994993742,7.19,0.5,0.01,2,50,0.3,0.1,5.0,0.5,0.8
Preprocessed,P,0.3137254901960784,0.24612612612612614,0.26060413354531003,7.04,0.5,0.01,2,50,0.3,1.0,1.0,0.5,0.6
Preprocessed,P,0.3333333333333333,0.26169590643274854,0.2770897832817337,6.91,0.5,0.01,2,50,0.3,1.0,1.0,0.5,0.7
Preprocessed,P,0.3137254901960784,0.2492753623188406,0.2639386189258312,7.13,0.5,0.01,2,50,0.3,1.0,1.0,0.5,0.8
Preprocessed,P,0.1568627450980392,0.12072649572649574,0.12782805429864252,7.06,0.5,0.01,2,50,0.3,1.0,5.0,0.5,0.6
Preprocessed,P,0.19607843137254902,0.14786967418546365,0.15656789031402032,6.91,0.5,0.01,2,50,0.3,1.0,5.0,0.5,0.7
Preprocessed,P,0.23529411764705882,0.1826923076923077,0.1934389140271493,7.04,0.5,0.01,2,50,0.3,1.0,5.0,0.5,0.8
Preprocessed,P,0.45098039215686275,0.44687291028754444,0.44794946803555125,28.62,0.5,0.01,2,100,0.1,0.1,1.0,0.5,0.6
Preprocessed,P,0.5294117647058824,0.5311145246629118,0.5282009578024759,28.88,0.5,0.01,2,100,0.1,0.1,1.0,0.5,0.7
Preprocessed,P,0.5490196078431373,0.5523136773136773,0.5480380112733054,29.16,0.5,0.01,2,100,0.1,0.1,1.0,0.5,0.8
Preprocessed,P,0.43137254901960786,0.4212121212121212,0.42245989304812837,29.06,0.5,0.01,2,100,0.1,0.1,5.0,0.5,0.6
Preprocessed,P,0.45098039215686275,0.4467787114845938,0.44784972812654467,28.73,0.5,0.01,2,100,0.1,0.1,5.0,0.5,0.7
Preprocessed,P,0.47058823529411764,0.4671814671814672,0.46945264592323416,28.93,0.5,0.01,2,100,0.1,0.1,5.0,0.5,0.8
Preprocessed,P,0.45098039215686275,0.4411308709530324,0.4435503339502696,29.21,0.5,0.01,2,100,0.1,1.0,1.0,0.5,0.6
Preprocessed,P,0.47058823529411764,0.46617826617826613,0.4683904330963154,28.36,0.5,0.01,2,100,0.1,1.0,1.0,0.5,0.7
Preprocessed,P,0.47058823529411764,0.4671814671814672,0.46945264592323416,28.48,0.5,0.01,2,100,0.1,1.0,1.0,0.5,0.8
Preprocessed,P,0.3333333333333333,0.26706349206349206,0.2827731092436975,28.28,0.5,0.01,2,100,0.1,1.0,5.0,0.5,0.6
Preprocessed,P,0.4117647058823529,0.3869565217391304,0.3943734015345269,28.08,0.5,0.01,2,100,0.1,1.0,5.0,0.5,0.7
Preprocessed,P,0.45098039215686275,0.4441441441441441,0.4467408585055644,28.43,0.5,0.01,2,100,0.1,1.0,5.0,0.5,0.8
Preprocessed,P,0.45098039215686275,0.4480046761251926,0.4482141015181778,25.42,0.5,0.01,2,100,0.3,0.1,1.0,0.5,0.6
Preprocessed,P,0.5098039215686274,0.5103389103389103,0.5089862972215913,27.58,0.5,0.01,2,100,0.3,0.1,1.0,0.5,0.7
Preprocessed,P,0.5490196078431373,0.5523136773136773,0.5480380112733054,26.17,0.5,0.01,2,100,0.3,0.1,1.0,0.5,0.8
Preprocessed,P,0.43137254901960786,0.423202614379085,0.4235870818915801,26.79,0.5,0.01,2,100,0.3,0.1,5.0,0.5,0.6
Preprocessed,P,0.47058823529411764,0.46604127579737337,0.4663061472243682,26.85,0.5,0.01,2,100,0.3,0.1,5.0,0.5,0.7
Preprocessed,P,0.47058823529411764,0.4671814671814672,0.46945264592323416,29.1,0.5,0.01,2,100,0.3,0.1,5.0,0.5,0.8
Preprocessed,P,0.43137254901960786,0.4212121212121212,0.42245989304812837,26.62,0.5,0.01,2,100,0.3,1.0,1.0,0.5,0.6
Preprocessed,P,0.47058823529411764,0.4642648387268187,0.4654307442728406,26.49,0.5,0.01,2,100,0.3,1.0,1.0,0.5,0.7
Preprocessed,P,0.47058823529411764,0.4671814671814672,0.46945264592323416,26.89,0.5,0.01,2,100,0.3,1.0,1.0,0.5,0.8
Preprocessed,P,0.35294117647058826,0.2792894935752079,0.29571828731492594,26.58,0.5,0.01,2,100,0.3,1.0,5.0,0.5,0.6
Preprocessed,P,0.35294117647058826,0.2893617021276596,0.30638297872340425,27.14,0.5,0.01,2,100,0.3,1.0,5.0,0.5,0.7
Preprocessed,P,0.43137254901960786,0.4178568812715154,0.42282885467964376,28.35,0.5,0.01,2,100,0.3,1.0,5.0,0.5,0.8
Preprocessed,P,0.5294117647058824,0.5280337155337156,0.5234438984438984,230.96,0.5,0.01,2,150,0.1,0.1,1.0,0.5,0.6
Preprocessed,P,0.5686274509803921,0.5710784313725491,0.5679065743944637,142.46,0.5,0.01,2,150,0.1,0.1,1.0,0.5,0.7
Preprocessed,P,0.5686274509803921,0.5710784313725491,0.5679065743944637,64.54,0.5,0.01,2,150,0.1,0.1,1.0,0.5,0.8
Preprocessed,P,0.45098039215686275,0.4474206349206349,0.4485294117647058,63.17,0.5,0.01,2,150,0.1,0.1,5.0,0.5,0.6
Preprocessed,P,0.47058823529411764,0.46617826617826613,0.4683904330963154,62.77,0.5,0.01,2,150,0.1,0.1,5.0,0.5,0.7
Preprocessed,P,0.5294117647058824,0.5321811374942306,0.5293303125650487,61.82,0.5,0.01,2,150,0.1,0.1,5.0,0.5,0.8
Preprocessed,P,0.47058823529411764,0.4645241171403962,0.4657052743578051,61.49,0.5,0.01,2,150,0.1,1.0,1.0,0.5,0.6
Preprocessed,P,0.5490196078431373,0.5511904761904761,0.5468487394957983,61.84,0.5,0.01,2,150,0.1,1.0,1.0,0.5,0.7
Preprocessed,P,0.5490196078431373,0.5523136773136773,0.5480380112733054,62.05,0.5,0.01,2,150,0.1,1.0,1.0,0.5,0.8
Preprocessed,P,0.45098039215686275,0.4407051282051282,0.44400452488687786,61.54,0.5,0.01,2,150,0.1,1.0,5.0,0.5,0.6
Preprocessed,P,0.45098039215686275,0.4467787114845938,0.44784972812654467,61.89,0.5,0.01,2,150,0.1,1.0,5.0,0.5,0.7
Preprocessed,P,0.47058823529411764,0.4671814671814672,0.46945264592323416,61.92,0.5,0.01,2,150,0.1,1.0,5.0,0.5,0.8
Preprocessed,P,0.49019607843137253,0.4901320901320901,0.487590840532017,55.16,0.5,0.01,2,150,0.3,0.1,1.0,0.5,0.6
Preprocessed,P,0.5686274509803921,0.5710784313725491,0.5679065743944637,55.13,0.5,0.01,2,150,0.3,0.1,1.0,0.5,0.7
Preprocessed,P,0.5490196078431373,0.5523136773136773,0.5480380112733054,55.9,0.5,0.01,2,150,0.3,0.1,1.0,0.5,0.8
Preprocessed,P,0.47058823529411764,0.4645241171403962,0.4657052743578051,55.81,0.5,0.01,2,150,0.3,0.1,5.0,0.5,0.6
Preprocessed,P,0.47058823529411764,0.46617826617826613,0.4683904330963154,55.71,0.5,0.01,2,150,0.3,0.1,5.0,0.5,0.7
Preprocessed,P,0.5294117647058824,0.5321811374942306,0.5293303125650487,55.84,0.5,0.01,2,150,0.3,0.1,5.0,0.5,0.8
Preprocessed,P,0.45098039215686275,0.4474206349206349,0.4485294117647058,55.43,0.5,0.01,2,150,0.3,1.0,1.0,0.5,0.6
Preprocessed,P,0.5490196078431373,0.5511904761904761,0.5468487394957983,55.58,0.5,0.01,2,150,0.3,1.0,1.0,0.5,0.7
Preprocessed,P,0.5490196078431373,0.5523136773136773,0.5480380112733054,55.88,0.5,0.01,2,150,0.3,1.0,1.0,0.5,0.8
Preprocessed,P,0.45098039215686275,0.4414141414141414,0.44385026737967914,55.7,0.5,0.01,2,150,0.3,1.0,5.0,0.5,0.6
Preprocessed,P,0.45098039215686275,0.4467787114845938,0.44784972812654467,55.39,0.5,0.01,2,150,0.3,1.0,5.0,0.5,0.7
Preprocessed,P,0.47058823529411764,0.4671814671814672,0.46945264592323416,55.77,0.5,0.01,2,150,0.3,1.0,5.0,0.5,0.8
Preprocessed,P,0.3333333333333333,0.2722222222222222,0.28823529411764703,7.62,0.5,0.01,3,50,0.1,0.1,1.0,0.5,0.6
Preprocessed,P,0.37254901960784315,0.32449965493443755,0.33798562903422236,7.6,0.5,0.01,3,50,0.1,0.1,1.0,0.5,0.7
Preprocessed,P,0.39215686274509803,0.38376968061178585,0.3875208382948321,7.83,0.5,0.01,3,50,0.1,0.1,1.0,0.5,0.8
Preprocessed,P,0.3137254901960784,0.24612612612612614,0.26060413354531003,7.5,0.5,0.01,3,50,0.1,0.1,5.0,0.5,0.6
Preprocessed,P,0.3137254901960784,0.24432624113475176,0.25869837296620773,7.63,0.5,0.01,3,50,0.1,0.1,5.0,0.5,0.7
Preprocessed,P,0.3137254901960784,0.2492753623188406,0.2639386189258312,7.82,0.5,0.01,3,50,0.1,0.1,5.0,0.5,0.8
Preprocessed,P,0.3333333333333333,0.26279985678481915,0.2782586718898086,7.69,0.5,0.01,3,50,0.1,1.0,1.0,0.5,0.6
Preprocessed,P,0.3333333333333333,0.2710536623580102,0.28699799543789317,7.73,0.5,0.01,3,50,0.1,1.0,1.0,0.5,0.7
Preprocessed,P,0.3137254901960784,0.2518518518518518,0.2666666666666667,7.79,0.5,0.01,3,50,0.1,1.0,1.0,0.5,0.8
Preprocessed,P,0.19607843137254902,0.14705882352941177,0.15570934256055363,7.59,0.5,0.01,3,50,0.1,1.0,5.0,0.5,0.6
Preprocessed,P,0.27450980392156865,0.21009009009009008,0.22244833068362477,7.72,0.5,0.01,3,50,0.1,1.0,5.0,0.5,0.7
Preprocessed,P,0.3137254901960784,0.24465811965811968,0.25904977375565613,7.64,0.5,0.01,3,50,0.1,1.0,5.0,0.5,0.8
Preprocessed,P,0.3333333333333333,0.26914414414414417,0.28497615262321147,7.02,0.5,0.01,3,50,0.3,0.1,1.0,0.5,0.6
Preprocessed,P,0.3333333333333333,0.2709551656920078,0.2868937048503612,6.89,0.5,0.01,3,50,0.3,0.1,1.0,0.5,0.7
Preprocessed,P,0.3137254901960784,0.2518518518518518,0.2666666666666667,6.94,0.5,0.01,3,50,0.3,0.1,1.0,0.5,0.8
Preprocessed,P,0.3137254901960784,0.24465811965811968,0.25904977375565613,6.84,0.5,0.01,3,50,0.3,0.1,5.0,0.5,0.6
Preprocessed,P,0.3137254901960784,0.24432624113475176,0.25869837296620773,6.98,0.5,0.01,3,50,0.3,0.1,5.0,0.5,0.7
Preprocessed,P,0.29411764705882354,0.23014184397163118,0.2436795994993742,6.85,0.5,0.01,3,50,0.3,0.1,5.0,0.5,0.8
Preprocessed,P,0.3137254901960784,0.24612612612612614,0.26060413354531003,6.95,0.5,0.01,3,50,0.3,1.0,1.0,0.5,0.6
Preprocessed,P,0.3333333333333333,0.26169590643274854,0.2770897832817337,6.93,0.5,0.01,3,50,0.3,1.0,1.0,0.5,0.7
Preprocessed,P,0.3137254901960784,0.2492753623188406,0.2639386189258312,7.09,0.5,0.01,3,50,0.3,1.0,1.0,0.5,0.8
Preprocessed,P,0.1568627450980392,0.12072649572649574,0.12782805429864252,6.95,0.5,0.01,3,50,0.3,1.0,5.0,0.5,0.6
Preprocessed,P,0.19607843137254902,0.14786967418546365,0.15656789031402032,6.89,0.5,0.01,3,50,0.3,1.0,5.0,0.5,0.7
Preprocessed,P,0.23529411764705882,0.1826923076923077,0.1934389140271493,7.0,0.5,0.01,3,50,0.3,1.0,5.0,0.5,0.8
Preprocessed,P,0.45098039215686275,0.44687291028754444,0.44794946803555125,28.24,0.5,0.01,3,100,0.1,0.1,1.0,0.5,0.6
Preprocessed,P,0.5294117647058824,0.5311145246629118,0.5282009578024759,28.73,0.5,0.01,3,100,0.1,0.1,1.0,0.5,0.7
Preprocessed,P,0.5490196078431373,0.5523136773136773,0.5480380112733054,28.59,0.5,0.01,3,100,0.1,0.1,1.0,0.5,0.8
Preprocessed,P,0.43137254901960786,0.4212121212121212,0.42245989304812837,28.49,0.5,0.01,3,100,0.1,0.1,5.0,0.5,0.6
Preprocessed,P,0.45098039215686275,0.4467787114845938,0.44784972812654467,28.59,0.5,0.01,3,100,0.1,0.1,5.0,0.5,0.7
Preprocessed,P,0.47058823529411764,0.4671814671814672,0.46945264592323416,28.8,0.5,0.01,3,100,0.1,0.1,5.0,0.5,0.8
Preprocessed,P,0.45098039215686275,0.4411308709530324,0.4435503339502696,28.28,0.5,0.01,3,100,0.1,1.0,1.0,0.5,0.6
Preprocessed,P,0.47058823529411764,0.46617826617826613,0.4683904330963154,29.19,0.5,0.01,3,100,0.1,1.0,1.0,0.5,0.7
Preprocessed,P,0.47058823529411764,0.4671814671814672,0.46945264592323416,29.02,0.5,0.01,3,100,0.1,1.0,1.0,0.5,0.8
Preprocessed,P,0.3333333333333333,0.26706349206349206,0.2827731092436975,28.31,0.5,0.01,3,100,0.1,1.0,5.0,0.5,0.6
Preprocessed,P,0.4117647058823529,0.3869565217391304,0.3943734015345269,31.16,0.5,0.01,3,100,0.1,1.0,5.0,0.5,0.7
Preprocessed,P,0.45098039215686275,0.4441441441441441,0.4467408585055644,29.52,0.5,0.01,3,100,0.1,1.0,5.0,0.5,0.8
Preprocessed,P,0.45098039215686275,0.4480046761251926,0.4482141015181778,26.28,0.5,0.01,3,100,0.3,0.1,1.0,0.5,0.6
Preprocessed,P,0.5098039215686274,0.5103389103389103,0.5089862972215913,26.5,0.5,0.01,3,100,0.3,0.1,1.0,0.5,0.7
Preprocessed,P,0.5490196078431373,0.5523136773136773,0.5480380112733054,26.68,0.5,0.01,3,100,0.3,0.1,1.0,0.5,0.8
Preprocessed,P,0.43137254901960786,0.423202614379085,0.4235870818915801,26.38,0.5,0.01,3,100,0.3,0.1,5.0,0.5,0.6
Preprocessed,P,0.47058823529411764,0.46604127579737337,0.4663061472243682,26.45,0.5,0.01,3,100,0.3,0.1,5.0,0.5,0.7
Preprocessed,P,0.47058823529411764,0.4671814671814672,0.46945264592323416,26.96,0.5,0.01,3,100,0.3,0.1,5.0,0.5,0.8
Preprocessed,P,0.43137254901960786,0.4212121212121212,0.42245989304812837,26.44,0.5,0.01,3,100,0.3,1.0,1.0,0.5,0.6
Preprocessed,P,0.47058823529411764,0.4642648387268187,0.4654307442728406,26.58,0.5,0.01,3,100,0.3,1.0,1.0,0.5,0.7
Preprocessed,P,0.47058823529411764,0.4671814671814672,0.46945264592323416,27.59,0.5,0.01,3,100,0.3,1.0,1.0,0.5,0.8
Preprocessed,P,0.35294117647058826,0.2792894935752079,0.29571828731492594,26.53,0.5,0.01,3,100,0.3,1.0,5.0,0.5,0.6
Preprocessed,P,0.35294117647058826,0.2893617021276596,0.30638297872340425,26.81,0.5,0.01,3,100,0.3,1.0,5.0,0.5,0.7
Preprocessed,P,0.43137254901960786,0.4178568812715154,0.42282885467964376,27.05,0.5,0.01,3,100,0.3,1.0,5.0,0.5,0.8
Preprocessed,P,0.5294117647058824,0.5280337155337156,0.5234438984438984,63.65,0.5,0.01,3,150,0.1,0.1,1.0,0.5,0.6
Preprocessed,P,0.5686274509803921,0.5710784313725491,0.5679065743944637,63.54,0.5,0.01,3,150,0.1,0.1,1.0,0.5,0.7
Preprocessed,P,0.5686274509803921,0.5710784313725491,0.5679065743944637,64.22,0.5,0.01,3,150,0.1,0.1,1.0,0.5,0.8
Preprocessed,P,0.45098039215686275,0.4474206349206349,0.4485294117647058,63.22,0.5,0.01,3,150,0.1,0.1,5.0,0.5,0.6
Preprocessed,P,0.47058823529411764,0.46617826617826613,0.4683904330963154,69.22,0.5,0.01,3,150,0.1,0.1,5.0,0.5,0.7
Preprocessed,P,0.5294117647058824,0.5321811374942306,0.5293303125650487,64.19,0.5,0.01,3,150,0.1,0.1,5.0,0.5,0.8
Preprocessed,P,0.47058823529411764,0.4645241171403962,0.4657052743578051,62.99,0.5,0.01,3,150,0.1,1.0,1.0,0.5,0.6
Preprocessed,P,0.5490196078431373,0.5511904761904761,0.5468487394957983,63.67,0.5,0.01,3,150,0.1,1.0,1.0,0.5,0.7
Preprocessed,P,0.5490196078431373,0.5523136773136773,0.5480380112733054,64.18,0.5,0.01,3,150,0.1,1.0,1.0,0.5,0.8
Preprocessed,P,0.45098039215686275,0.4407051282051282,0.44400452488687786,63.19,0.5,0.01,3,150,0.1,1.0,5.0,0.5,0.6
Preprocessed,P,0.45098039215686275,0.4467787114845938,0.44784972812654467,63.75,0.5,0.01,3,150,0.1,1.0,5.0,0.5,0.7
Preprocessed,P,0.47058823529411764,0.4671814671814672,0.46945264592323416,63.96,0.5,0.01,3,150,0.1,1.0,5.0,0.5,0.8
Preprocessed,P,0.49019607843137253,0.4901320901320901,0.487590840532017,56.56,0.5,0.01,3,150,0.3,0.1,1.0,0.5,0.6
Preprocessed,P,0.5686274509803921,0.5710784313725491,0.5679065743944637,56.9,0.5,0.01,3,150,0.3,0.1,1.0,0.5,0.7
Preprocessed,P,0.5490196078431373,0.5523136773136773,0.5480380112733054,57.6,0.5,0.01,3,150,0.3,0.1,1.0,0.5,0.8
Preprocessed,P,0.47058823529411764,0.4645241171403962,0.4657052743578051,56.92,0.5,0.01,3,150,0.3,0.1,5.0,0.5,0.6
Preprocessed,P,0.47058823529411764,0.46617826617826613,0.4683904330963154,57.11,0.5,0.01,3,150,0.3,0.1,5.0,0.5,0.7
Preprocessed,P,0.5294117647058824,0.5321811374942306,0.5293303125650487,57.73,0.5,0.01,3,150,0.3,0.1,5.0,0.5,0.8
Preprocessed,P,0.45098039215686275,0.4474206349206349,0.4485294117647058,56.83,0.5,0.01,3,150,0.3,1.0,1.0,0.5,0.6
Preprocessed,P,0.5490196078431373,0.5511904761904761,0.5468487394957983,56.81,0.5,0.01,3,150,0.3,1.0,1.0,0.5,0.7
Preprocessed,P,0.5490196078431373,0.5523136773136773,0.5480380112733054,57.54,0.5,0.01,3,150,0.3,1.0,1.0,0.5,0.8
Preprocessed,P,0.45098039215686275,0.4414141414141414,0.44385026737967914,56.71,0.5,0.01,3,150,0.3,1.0,5.0,0.5,0.6
Preprocessed,P,0.45098039215686275,0.4467787114845938,0.44784972812654467,56.86,0.5,0.01,3,150,0.3,1.0,5.0,0.5,0.7
Preprocessed,P,0.47058823529411764,0.4671814671814672,0.46945264592323416,58.16,0.5,0.01,3,150,0.3,1.0,5.0,0.5,0.8
Preprocessed,P,0.3333333333333333,0.2722222222222222,0.28823529411764703,7.72,0.5,0.01,4,50,0.1,0.1,1.0,0.5,0.6
Preprocessed,P,0.37254901960784315,0.32449965493443755,0.33798562903422236,7.92,0.5,0.01,4,50,0.1,0.1,1.0,0.5,0.7
Preprocessed,P,0.39215686274509803,0.38376968061178585,0.3875208382948321,7.96,0.5,0.01,4,50,0.1,0.1,1.0,0.5,0.8
Preprocessed,P,0.3137254901960784,0.24612612612612614,0.26060413354531003,7.61,0.5,0.01,4,50,0.1,0.1,5.0,0.5,0.6
Preprocessed,P,0.3137254901960784,0.24432624113475176,0.25869837296620773,7.9,0.5,0.01,4,50,0.1,0.1,5.0,0.5,0.7
Preprocessed,P,0.3137254901960784,0.2492753623188406,0.2639386189258312,7.96,0.5,0.01,4,50,0.1,0.1,5.0,0.5,0.8
Preprocessed,P,0.3333333333333333,0.26279985678481915,0.2782586718898086,7.74,0.5,0.01,4,50,0.1,1.0,1.0,0.5,0.6
Preprocessed,P,0.3333333333333333,0.2710536623580102,0.28699799543789317,7.84,0.5,0.01,4,50,0.1,1.0,1.0,0.5,0.7
Preprocessed,P,0.3137254901960784,0.2518518518518518,0.2666666666666667,7.86,0.5,0.01,4,50,0.1,1.0,1.0,0.5,0.8
Preprocessed,P,0.19607843137254902,0.14705882352941177,0.15570934256055363,7.96,0.5,0.01,4,50,0.1,1.0,5.0,0.5,0.6
Preprocessed,P,0.27450980392156865,0.21009009009009008,0.22244833068362477,7.69,0.5,0.01,4,50,0.1,1.0,5.0,0.5,0.7
Preprocessed,P,0.3137254901960784,0.24465811965811968,0.25904977375565613,7.85,0.5,0.01,4,50,0.1,1.0,5.0,0.5,0.8
Preprocessed,P,0.3333333333333333,0.26914414414414417,0.28497615262321147,6.96,0.5,0.01,4,50,0.3,0.1,1.0,0.5,0.6
Preprocessed,P,0.3333333333333333,0.2709551656920078,0.2868937048503612,7.0,0.5,0.01,4,50,0.3,0.1,1.0,0.5,0.7
Preprocessed,P,0.3137254901960784,0.2518518518518518,0.2666666666666667,7.14,0.5,0.01,4,50,0.3,0.1,1.0,0.5,0.8
Preprocessed,P,0.3137254901960784,0.24465811965811968,0.25904977375565613,7.05,0.5,0.01,4,50,0.3,0.1,5.0,0.5,0.6
Preprocessed,P,0.3137254901960784,0.24432624113475176,0.25869837296620773,7.0,0.5,0.01,4,50,0.3,0.1,5.0,0.5,0.7
Preprocessed,P,0.29411764705882354,0.23014184397163118,0.2436795994993742,7.19,0.5,0.01,4,50,0.3,0.1,5.0,0.5,0.8
Preprocessed,P,0.3137254901960784,0.24612612612612614,0.26060413354531003,6.98,0.5,0.01,4,50,0.3,1.0,1.0,0.5,0.6
Preprocessed,P,0.3333333333333333,0.26169590643274854,0.2770897832817337,7.06,0.5,0.01,4,50,0.3,1.0,1.0,0.5,0.7
Preprocessed,P,0.3137254901960784,0.2492753623188406,0.2639386189258312,7.19,0.5,0.01,4,50,0.3,1.0,1.0,0.5,0.8
Preprocessed,P,0.1568627450980392,0.12072649572649574,0.12782805429864252,6.94,0.5,0.01,4,50,0.3,1.0,5.0,0.5,0.6
Preprocessed,P,0.19607843137254902,0.14786967418546365,0.15656789031402032,7.12,0.5,0.01,4,50,0.3,1.0,5.0,0.5,0.7
Preprocessed,P,0.23529411764705882,0.1826923076923077,0.1934389140271493,7.4,0.5,0.01,4,50,0.3,1.0,5.0,0.5,0.8
Preprocessed,P,0.45098039215686275,0.44687291028754444,0.44794946803555125,28.59,0.5,0.01,4,100,0.1,0.1,1.0,0.5,0.6
Preprocessed,P,0.5294117647058824,0.5311145246629118,0.5282009578024759,29.02,0.5,0.01,4,100,0.1,0.1,1.0,0.5,0.7
Preprocessed,P,0.5490196078431373,0.5523136773136773,0.5480380112733054,29.13,0.5,0.01,4,100,0.1,0.1,1.0,0.5,0.8
Preprocessed,P,0.43137254901960786,0.4212121212121212,0.42245989304812837,28.48,0.5,0.01,4,100,0.1,0.1,5.0,0.5,0.6
Preprocessed,P,0.45098039215686275,0.4467787114845938,0.44784972812654467,28.76,0.5,0.01,4,100,0.1,0.1,5.0,0.5,0.7
Preprocessed,P,0.47058823529411764,0.4671814671814672,0.46945264592323416,28.96,0.5,0.01,4,100,0.1,0.1,5.0,0.5,0.8
Preprocessed,P,0.45098039215686275,0.4411308709530324,0.4435503339502696,29.02,0.5,0.01,4,100,0.1,1.0,1.0,0.5,0.6
Preprocessed,P,0.47058823529411764,0.46617826617826613,0.4683904330963154,28.75,0.5,0.01,4,100,0.1,1.0,1.0,0.5,0.7
Preprocessed,P,0.47058823529411764,0.4671814671814672,0.46945264592323416,28.86,0.5,0.01,4,100,0.1,1.0,1.0,0.5,0.8
Preprocessed,P,0.3333333333333333,0.26706349206349206,0.2827731092436975,30.27,0.5,0.01,4,100,0.1,1.0,5.0,0.5,0.6
Preprocessed,P,0.4117647058823529,0.3869565217391304,0.3943734015345269,29.08,0.5,0.01,4,100,0.1,1.0,5.0,0.5,0.7
Preprocessed,P,0.45098039215686275,0.4441441441441441,0.4467408585055644,29.64,0.5,0.01,4,100,0.1,1.0,5.0,0.5,0.8
Preprocessed,P,0.45098039215686275,0.4480046761251926,0.4482141015181778,26.73,0.5,0.01,4,100,0.3,0.1,1.0,0.5,0.6
Preprocessed,P,0.5098039215686274,0.5103389103389103,0.5089862972215913,26.93,0.5,0.01,4,100,0.3,0.1,1.0,0.5,0.7
Preprocessed,P,0.5490196078431373,0.5523136773136773,0.5480380112733054,26.79,0.5,0.01,4,100,0.3,0.1,1.0,0.5,0.8
Preprocessed,P,0.43137254901960786,0.423202614379085,0.4235870818915801,26.75,0.5,0.01,4,100,0.3,0.1,5.0,0.5,0.6
Preprocessed,P,0.47058823529411764,0.46604127579737337,0.4663061472243682,26.78,0.5,0.01,4,100,0.3,0.1,5.0,0.5,0.7
Preprocessed,P,0.47058823529411764,0.4671814671814672,0.46945264592323416,26.8,0.5,0.01,4,100,0.3,0.1,5.0,0.5,0.8
Preprocessed,P,0.43137254901960786,0.4212121212121212,0.42245989304812837,26.6,0.5,0.01,4,100,0.3,1.0,1.0,0.5,0.6
Preprocessed,P,0.47058823529411764,0.4642648387268187,0.4654307442728406,26.85,0.5,0.01,4,100,0.3,1.0,1.0,0.5,0.7
Preprocessed,P,0.47058823529411764,0.4671814671814672,0.46945264592323416,26.83,0.5,0.01,4,100,0.3,1.0,1.0,0.5,0.8
Preprocessed,P,0.35294117647058826,0.2792894935752079,0.29571828731492594,26.68,0.5,0.01,4,100,0.3,1.0,5.0,0.5,0.6
Preprocessed,P,0.35294117647058826,0.2893617021276596,0.30638297872340425,26.56,0.5,0.01,4,100,0.3,1.0,5.0,0.5,0.7
Preprocessed,P,0.43137254901960786,0.4178568812715154,0.42282885467964376,26.82,0.5,0.01,4,100,0.3,1.0,5.0,0.5,0.8
Preprocessed,P,0.5294117647058824,0.5280337155337156,0.5234438984438984,64.24,0.5,0.01,4,150,0.1,0.1,1.0,0.5,0.6
Preprocessed,P,0.5686274509803921,0.5710784313725491,0.5679065743944637,64.24,0.5,0.01,4,150,0.1,0.1,1.0,0.5,0.7
Preprocessed,P,0.5686274509803921,0.5710784313725491,0.5679065743944637,64.56,0.5,0.01,4,150,0.1,0.1,1.0,0.5,0.8
Preprocessed,P,0.45098039215686275,0.4474206349206349,0.4485294117647058,64.16,0.5,0.01,4,150,0.1,0.1,5.0,0.5,0.6
Preprocessed,P,0.47058823529411764,0.46617826617826613,0.4683904330963154,64.01,0.5,0.01,4,150,0.1,0.1,5.0,0.5,0.7
Preprocessed,P,0.5294117647058824,0.5321811374942306,0.5293303125650487,64.32,0.5,0.01,4,150,0.1,0.1,5.0,0.5,0.8
Preprocessed,P,0.47058823529411764,0.4645241171403962,0.4657052743578051,64.1,0.5,0.01,4,150,0.1,1.0,1.0,0.5,0.6
Preprocessed,P,0.5490196078431373,0.5511904761904761,0.5468487394957983,64.07,0.5,0.01,4,150,0.1,1.0,1.0,0.5,0.7
Preprocessed,P,0.5490196078431373,0.5523136773136773,0.5480380112733054,64.23,0.5,0.01,4,150,0.1,1.0,1.0,0.5,0.8
Preprocessed,P,0.45098039215686275,0.4407051282051282,0.44400452488687786,63.93,0.5,0.01,4,150,0.1,1.0,5.0,0.5,0.6
Preprocessed,P,0.45098039215686275,0.4467787114845938,0.44784972812654467,63.69,0.5,0.01,4,150,0.1,1.0,5.0,0.5,0.7
Preprocessed,P,0.47058823529411764,0.4671814671814672,0.46945264592323416,63.91,0.5,0.01,4,150,0.1,1.0,5.0,0.5,0.8
Preprocessed,P,0.49019607843137253,0.4901320901320901,0.487590840532017,57.48,0.5,0.01,4,150,0.3,0.1,1.0,0.5,0.6
Preprocessed,P,0.5686274509803921,0.5710784313725491,0.5679065743944637,58.06,0.5,0.01,4,150,0.3,0.1,1.0,0.5,0.7
Preprocessed,P,0.5490196078431373,0.5523136773136773,0.5480380112733054,59.37,0.5,0.01,4,150,0.3,0.1,1.0,0.5,0.8
Preprocessed,P,0.47058823529411764,0.4645241171403962,0.4657052743578051,57.55,0.5,0.01,4,150,0.3,0.1,5.0,0.5,0.6
Preprocessed,P,0.47058823529411764,0.46617826617826613,0.4683904330963154,57.77,0.5,0.01,4,150,0.3,0.1,5.0,0.5,0.7
Preprocessed,P,0.5294117647058824,0.5321811374942306,0.5293303125650487,57.71,0.5,0.01,4,150,0.3,0.1,5.0,0.5,0.8
Preprocessed,P,0.45098039215686275,0.4474206349206349,0.4485294117647058,57.56,0.5,0.01,4,150,0.3,1.0,1.0,0.5,0.6
Preprocessed,P,0.5490196078431373,0.5511904761904761,0.5468487394957983,57.93,0.5,0.01,4,150,0.3,1.0,1.0,0.5,0.7
Preprocessed,P,0.5490196078431373,0.5523136773136773,0.5480380112733054,57.42,0.5,0.01,4,150,0.3,1.0,1.0,0.5,0.8
Preprocessed,P,0.45098039215686275,0.4414141414141414,0.44385026737967914,58.03,0.5,0.01,4,150,0.3,1.0,5.0,0.5,0.6
Preprocessed,P,0.45098039215686275,0.4467787114845938,0.44784972812654467,57.29,0.5,0.01,4,150,0.3,1.0,5.0,0.5,0.7
Preprocessed,P,0.47058823529411764,0.4671814671814672,0.46945264592323416,56.96,0.5,0.01,4,150,0.3,1.0,5.0,0.5,0.8
Preprocessed,P,0.49019607843137253,0.489247311827957,0.4914611005692599,7.86,0.5,0.05,2,50,0.1,0.1,1.0,0.5,0.6
Preprocessed,P,0.5490196078431373,0.5504795857737035,0.5472101139921209,7.74,0.5,0.05,2,50,0.1,0.1,1.0,0.5,0.7
Preprocessed,P,0.5490196078431373,0.5505050505050505,0.5472370766488414,7.85,0.5,0.05,2,50,0.1,0.1,1.0,0.5,0.8
Preprocessed,P,0.47058823529411764,0.4662138627655869,0.46511770852541645,7.75,0.5,0.05,2,50,0.1,0.1,5.0,0.5,0.6
Preprocessed,P,0.5490196078431373,0.5504795857737035,0.5472101139921209,7.77,0.5,0.05,2,50,0.1,0.1,5.0,0.5,0.7
Preprocessed,P,0.5490196078431373,0.5505050505050505,0.5472370766488414,7.89,0.5,0.05,2,50,0.1,0.1,5.0,0.5,0.8
Preprocessed,P,0.47058823529411764,0.46797797010228165,0.4719766742259453,7.83,0.5,0.05,2,50,0.1,1.0,1.0,0.5,0.6
Preprocessed,P,0.5490196078431373,0.5504795857737035,0.5472101139921209,7.7,0.5,0.05,2,50,0.1,1.0,1.0,0.5,0.7
Preprocessed,P,0.5490196078431373,0.5505050505050505,0.5472370766488414,7.74,0.5,0.05,2,50,0.1,1.0,1.0,0.5,0.8
Preprocessed,P,0.47058823529411764,0.4671993271656854,0.47034086973729783,7.76,0.5,0.05,2,50,0.1,1.0,5.0,0.5,0.6
Preprocessed,P,0.45098039215686275,0.4461261073837139,0.4480280487916808,7.82,0.5,0.05,2,50,0.1,1.0,5.0,0.5,0.7
Preprocessed,P,0.5490196078431373,0.5505050505050505,0.5472370766488414,7.89,0.5,0.05,2,50,0.1,1.0,5.0,0.5,0.8
Preprocessed,P,0.47058823529411764,0.4686948159804179,0.46881411888122676,7.08,0.5,0.05,2,50,0.3,0.1,1.0,0.5,0.6
Preprocessed,P,0.5490196078431373,0.5504795857737035,0.5472101139921209,7.02,0.5,0.05,2,50,0.3,0.1,1.0,0.5,0.7
Preprocessed,P,0.5490196078431373,0.5505050505050505,0.5472370766488414,7.14,0.5,0.05,2,50,0.3,0.1,1.0,0.5,0.8
Preprocessed,P,0.45098039215686275,0.44718943963633184,0.4460437203992534,6.99,0.5,0.05,2,50,0.3,0.1,5.0,0.5,0.6
Preprocessed,P,0.5294117647058824,0.5297512944571768,0.5252625114216809,6.92,0.5,0.05,2,50,0.3,0.1,5.0,0.5,0.7
Preprocessed,P,0.5490196078431373,0.5523136773136773,0.5480380112733054,7.13,0.5,0.05,2,50,0.3,0.1,5.0,0.5,0.8
Preprocessed,P,0.45098039215686275,0.44718943963633184,0.4460437203992534,7.09,0.5,0.05,2,50,0.3,1.0,1.0,0.5,0.6
Preprocessed,P,0.5294117647058824,0.5297512944571768,0.5252625114216809,6.86,0.5,0.05,2,50,0.3,1.0,1.0,0.5,0.7
Preprocessed,P,0.5490196078431373,0.5523136773136773,0.5480380112733054,7.12,0.5,0.05,2,50,0.3,1.0,1.0,0.5,0.8
Preprocessed,P,0.45098039215686275,0.4474206349206349,0.4485294117647058,7.09,0.5,0.05,2,50,0.3,1.0,5.0,0.5,0.6
Preprocessed,P,0.43137254901960786,0.4258098223615465,0.42651668817997423,7.33,0.5,0.05,2,50,0.3,1.0,5.0,0.5,0.7
Preprocessed,P,0.5294117647058824,0.5321811374942306,0.5293303125650487,7.15,0.5,0.05,2,50,0.3,1.0,5.0,0.5,0.8
Preprocessed,P,0.5686274509803921,0.5702380952380952,0.5670168067226891,28.63,0.5,0.05,2,100,0.1,0.1,1.0,0.5,0.6
Preprocessed,P,0.5882352941176471,0.5897292250233427,0.5852034931619707,29.16,0.5,0.05,2,100,0.1,0.1,1.0,0.5,0.7
Preprocessed,P,0.5490196078431373,0.5523136773136773,0.5480380112733054,28.94,0.5,0.05,2,100,0.1,0.1,1.0,0.5,0.8
Preprocessed,P,0.5686274509803921,0.5702380952380952,0.5670168067226891,29.0,0.5,0.05,2,100,0.1,0.1,5.0,0.5,0.6
Preprocessed,P,0.5686274509803921,0.5702380952380952,0.5670168067226891,28.93,0.5,0.05,2,100,0.1,0.1,5.0,0.5,0.7
Preprocessed,P,0.5686274509803921,0.5710784313725491,0.5679065743944637,28.86,0.5,0.05,2,100,0.1,0.1,5.0,0.5,0.8
Preprocessed,P,0.5686274509803921,0.5702380952380952,0.5670168067226891,29.09,0.5,0.05,2,100,0.1,1.0,1.0,0.5,0.6
Preprocessed,P,0.5686274509803921,0.5710784313725491,0.5679065743944637,29.18,0.5,0.05,2,100,0.1,1.0,1.0,0.5,0.7
Preprocessed,P,0.5490196078431373,0.5523136773136773,0.5480380112733054,29.16,0.5,0.05,2,100,0.1,1.0,1.0,0.5,0.8
Preprocessed,P,0.5490196078431373,0.548867048867049,0.5455027219733102,28.84,0.5,0.05,2,100,0.1,1.0,5.0,0.5,0.6
Preprocessed,P,0.5686274509803921,0.5702380952380952,0.5670168067226891,28.96,0.5,0.05,2,100,0.1,1.0,5.0,0.5,0.7
Preprocessed,P,0.5686274509803921,0.5695272048213225,0.5673781812190117,28.97,0.5,0.05,2,100,0.1,1.0,5.0,0.5,0.8
Preprocessed,P,0.5686274509803921,0.5702380952380952,0.5670168067226891,25.99,0.5,0.05,2,100,0.3,0.1,1.0,0.5,0.6
Preprocessed,P,0.5882352941176471,0.5897292250233427,0.5852034931619707,26.13,0.5,0.05,2,100,0.3,0.1,1.0,0.5,0.7
Preprocessed,P,0.5490196078431373,0.5516823641823642,0.5484836440718794,26.65,0.5,0.05,2,100,0.3,0.1,1.0,0.5,0.8
Preprocessed,P,0.5294117647058824,0.5299276549276549,0.5243351640410464,26.15,0.5,0.05,2,100,0.3,0.1,5.0,0.5,0.6
Preprocessed,P,0.5686274509803921,0.5702380952380952,0.5670168067226891,26.19,0.5,0.05,2,100,0.3,0.1,5.0,0.5,0.7
Preprocessed,P,0.5490196078431373,0.5502450980392157,0.5480103806228374,26.35,0.5,0.05,2,100,0.3,0.1,5.0,0.5,0.8
Preprocessed,P,0.5490196078431373,0.5503812636165577,0.5459919261822376,26.23,0.5,0.05,2,100,0.3,1.0,1.0,0.5,0.6
Preprocessed,P,0.5686274509803921,0.5710784313725491,0.5679065743944637,26.35,0.5,0.05,2,100,0.3,1.0,1.0,0.5,0.7
Preprocessed,P,0.5490196078431373,0.5516823641823642,0.5484836440718794,26.11,0.5,0.05,2,100,0.3,1.0,1.0,0.5,0.8
Preprocessed,P,0.5490196078431373,0.5501296751296751,0.5457255383725972,26.46,0.5,0.05,2,100,0.3,1.0,5.0,0.5,0.6
Preprocessed,P,0.5490196078431373,0.5493591375944317,0.5460237570964215,26.03,0.5,0.05,2,100,0.3,1.0,5.0,0.5,0.7
Preprocessed,P,0.5686274509803921,0.5710784313725491,0.5679065743944637,26.25,0.5,0.05,2,100,0.3,1.0,5.0,0.5,0.8
Preprocessed,P,0.5882352941176471,0.5897292250233427,0.5852034931619707,62.98,0.5,0.05,2,150,0.1,0.1,1.0,0.5,0.6
Preprocessed,P,0.5882352941176471,0.5912442396313363,0.5880726484142044,63.13,0.5,0.05,2,150,0.1,0.1,1.0,0.5,0.7
Preprocessed,P,0.5490196078431373,0.5523136773136773,0.5480380112733054,63.11,0.5,0.05,2,150,0.1,0.1,1.0,0.5,0.8
Preprocessed,P,0.5882352941176471,0.5897292250233427,0.5852034931619707,62.92,0.5,0.05,2,150,0.1,0.1,5.0,0.5,0.6
Preprocessed,P,0.5882352941176471,0.5912442396313363,0.5880726484142044,62.86,0.5,0.05,2,150,0.1,0.1,5.0,0.5,0.7
Preprocessed,P,0.5686274509803921,0.5710784313725491,0.5679065743944637,62.75,0.5,0.05,2,150,0.1,0.1,5.0,0.5,0.8
Preprocessed,P,0.5882352941176471,0.5882352941176471,0.5847750865051903,62.55,0.5,0.05,2,150,0.1,1.0,1.0,0.5,0.6
Preprocessed,P,0.5686274509803921,0.5710784313725491,0.5679065743944637,63.12,0.5,0.05,2,150,0.1,1.0,1.0,0.5,0.7
Preprocessed,P,0.5490196078431373,0.5523136773136773,0.5480380112733054,63.01,0.5,0.05,2,150,0.1,1.0,1.0,0.5,0.8
Preprocessed,P,0.5882352941176471,0.5883497133497134,0.5861938141349906,62.57,0.5,0.05,2,150,0.1,1.0,5.0,0.5,0.6
Preprocessed,P,0.5686274509803921,0.5710784313725491,0.5679065743944637,63.11,0.5,0.05,2,150,0.1,1.0,5.0,0.5,0.7
Preprocessed,P,0.5686274509803921,0.5695272048213225,0.5673781812190117,62.82,0.5,0.05,2,150,0.1,1.0,5.0,0.5,0.8
Preprocessed,P,0.5882352941176471,0.5897292250233427,0.5852034931619707,56.65,0.5,0.05,2,150,0.3,0.1,1.0,0.5,0.6
Preprocessed,P,0.5882352941176471,0.5912442396313363,0.5880726484142044,56.71,0.5,0.05,2,150,0.3,0.1,1.0,0.5,0.7
Preprocessed,P,0.5490196078431373,0.5523136773136773,0.5480380112733054,56.53,0.5,0.05,2,150,0.3,0.1,1.0,0.5,0.8
Preprocessed,P,0.5686274509803921,0.5702380952380952,0.5670168067226891,56.47,0.5,0.05,2,150,0.3,0.1,5.0,0.5,0.6
Preprocessed,P,0.5882352941176471,0.5901860385731353,0.5869522002349327,56.76,0.5,0.05,2,150,0.3,0.1,5.0,0.5,0.7
Preprocessed,P,0.5490196078431373,0.5523136773136773,0.5480380112733054,56.78,0.5,0.05,2,150,0.3,0.1,5.0,0.5,0.8
Preprocessed,P,0.5686274509803921,0.5702380952380952,0.5670168067226891,56.02,0.5,0.05,2,150,0.3,1.0,1.0,0.5,0.6
Preprocessed,P,0.5882352941176471,0.5912442396313363,0.5880726484142044,56.88,0.5,0.05,2,150,0.3,1.0,1.0,0.5,0.7
Preprocessed,P,0.5490196078431373,0.5523136773136773,0.5480380112733054,56.32,0.5,0.05,2,150,0.3,1.0,1.0,0.5,0.8
Preprocessed,P,0.5686274509803921,0.5690235690235691,0.5668449197860962,56.39,0.5,0.05,2,150,0.3,1.0,5.0,0.5,0.6
Preprocessed,P,0.5686274509803921,0.5710784313725491,0.5679065743944637,56.33,0.5,0.05,2,150,0.3,1.0,5.0,0.5,0.7
Preprocessed,P,0.5686274509803921,0.5710784313725491,0.5679065743944637,56.46,0.5,0.05,2,150,0.3,1.0,5.0,0.5,0.8
Preprocessed,P,0.49019607843137253,0.489247311827957,0.4914611005692599,7.6,0.5,0.05,3,50,0.1,0.1,1.0,0.5,0.6
Preprocessed,P,0.5490196078431373,0.5504795857737035,0.5472101139921209,7.75,0.5,0.05,3,50,0.1,0.1,1.0,0.5,0.7
Preprocessed,P,0.5490196078431373,0.5505050505050505,0.5472370766488414,7.96,0.5,0.05,3,50,0.1,0.1,1.0,0.5,0.8
Preprocessed,P,0.47058823529411764,0.4662138627655869,0.46511770852541645,7.64,0.5,0.05,3,50,0.1,0.1,5.0,0.5,0.6
Preprocessed,P,0.5490196078431373,0.5504795857737035,0.5472101139921209,7.77,0.5,0.05,3,50,0.1,0.1,5.0,0.5,0.7
Preprocessed,P,0.5490196078431373,0.5505050505050505,0.5472370766488414,7.82,0.5,0.05,3,50,0.1,0.1,5.0,0.5,0.8
Preprocessed,P,0.47058823529411764,0.46797797010228165,0.4719766742259453,7.63,0.5,0.05,3,50,0.1,1.0,1.0,0.5,0.6
Preprocessed,P,0.5490196078431373,0.5504795857737035,0.5472101139921209,7.8,0.5,0.05,3,50,0.1,1.0,1.0,0.5,0.7
Preprocessed,P,0.5490196078431373,0.5505050505050505,0.5472370766488414,7.91,0.5,0.05,3,50,0.1,1.0,1.0,0.5,0.8
Preprocessed,P,0.47058823529411764,0.4671993271656854,0.47034086973729783,7.75,0.5,0.05,3,50,0.1,1.0,5.0,0.5,0.6
Preprocessed,P,0.45098039215686275,0.4461261073837139,0.4480280487916808,7.92,0.5,0.05,3,50,0.1,1.0,5.0,0.5,0.7
Preprocessed,P,0.5490196078431373,0.5505050505050505,0.5472370766488414,7.98,0.5,0.05,3,50,0.1,1.0,5.0,0.5,0.8
Preprocessed,P,0.47058823529411764,0.4686948159804179,0.46881411888122676,6.84,0.5,0.05,3,50,0.3,0.1,1.0,0.5,0.6
Preprocessed,P,0.5490196078431373,0.5504795857737035,0.5472101139921209,7.07,0.5,0.05,3,50,0.3,0.1,1.0,0.5,0.7
Preprocessed,P,0.5490196078431373,0.5505050505050505,0.5472370766488414,7.19,0.5,0.05,3,50,0.3,0.1,1.0,0.5,0.8
Preprocessed,P,0.45098039215686275,0.44718943963633184,0.4460437203992534,6.94,0.5,0.05,3,50,0.3,0.1,5.0,0.5,0.6
Preprocessed,P,0.5294117647058824,0.5297512944571768,0.5252625114216809,7.14,0.5,0.05,3,50,0.3,0.1,5.0,0.5,0.7
Preprocessed,P,0.5490196078431373,0.5523136773136773,0.5480380112733054,7.25,0.5,0.05,3,50,0.3,0.1,5.0,0.5,0.8
Preprocessed,P,0.45098039215686275,0.44718943963633184,0.4460437203992534,6.88,0.5,0.05,3,50,0.3,1.0,1.0,0.5,0.6
Preprocessed,P,0.5294117647058824,0.5297512944571768,0.5252625114216809,7.01,0.5,0.05,3,50,0.3,1.0,1.0,0.5,0.7
Preprocessed,P,0.5490196078431373,0.5523136773136773,0.5480380112733054,7.17,0.5,0.05,3,50,0.3,1.0,1.0,0.5,0.8
Preprocessed,P,0.45098039215686275,0.4474206349206349,0.4485294117647058,6.86,0.5,0.05,3,50,0.3,1.0,5.0,0.5,0.6
Preprocessed,P,0.43137254901960786,0.4258098223615465,0.42651668817997423,7.05,0.5,0.05,3,50,0.3,1.0,5.0,0.5,0.7
Preprocessed,P,0.5294117647058824,0.5321811374942306,0.5293303125650487,7.09,0.5,0.05,3,50,0.3,1.0,5.0,0.5,0.8
Preprocessed,P,0.5686274509803921,0.5702380952380952,0.5670168067226891,28.73,0.5,0.05,3,100,0.1,0.1,1.0,0.5,0.6
Preprocessed,P,0.5882352941176471,0.5897292250233427,0.5852034931619707,28.86,0.5,0.05,3,100,0.1,0.1,1.0,0.5,0.7
Preprocessed,P,0.5490196078431373,0.5523136773136773,0.5480380112733054,29.14,0.5,0.05,3,100,0.1,0.1,1.0,0.5,0.8
Preprocessed,P,0.5686274509803921,0.5702380952380952,0.5670168067226891,28.99,0.5,0.05,3,100,0.1,0.1,5.0,0.5,0.6
Preprocessed,P,0.5686274509803921,0.5702380952380952,0.5670168067226891,29.14,0.5,0.05,3,100,0.1,0.1,5.0,0.5,0.7
Preprocessed,P,0.5686274509803921,0.5710784313725491,0.5679065743944637,29.08,0.5,0.05,3,100,0.1,0.1,5.0,0.5,0.8
Preprocessed,P,0.5686274509803921,0.5702380952380952,0.5670168067226891,28.66,0.5,0.05,3,100,0.1,1.0,1.0,0.5,0.6
Preprocessed,P,0.5686274509803921,0.5710784313725491,0.5679065743944637,28.99,0.5,0.05,3,100,0.1,1.0,1.0,0.5,0.7
Preprocessed,P,0.5490196078431373,0.5523136773136773,0.5480380112733054,29.21,0.5,0.05,3,100,0.1,1.0,1.0,0.5,0.8
Preprocessed,P,0.5490196078431373,0.548867048867049,0.5455027219733102,28.82,0.5,0.05,3,100,0.1,1.0,5.0,0.5,0.6
Preprocessed,P,0.5686274509803921,0.5702380952380952,0.5670168067226891,29.07,0.5,0.05,3,100,0.1,1.0,5.0,0.5,0.7
Preprocessed,P,0.5686274509803921,0.5695272048213225,0.5673781812190117,29.09,0.5,0.05,3,100,0.1,1.0,5.0,0.5,0.8
Preprocessed,P,0.5686274509803921,0.5702380952380952,0.5670168067226891,26.0,0.5,0.05,3,100,0.3,0.1,1.0,0.5,0.6
Preprocessed,P,0.5882352941176471,0.5897292250233427,0.5852034931619707,26.28,0.5,0.05,3,100,0.3,0.1,1.0,0.5,0.7
Preprocessed,P,0.5490196078431373,0.5516823641823642,0.5484836440718794,26.42,0.5,0.05,3,100,0.3,0.1,1.0,0.5,0.8
Preprocessed,P,0.5294117647058824,0.5299276549276549,0.5243351640410464,26.1,0.5,0.05,3,100,0.3,0.1,5.0,0.5,0.6
Preprocessed,P,0.5686274509803921,0.5702380952380952,0.5670168067226891,26.05,0.5,0.05,3,100,0.3,0.1,5.0,0.5,0.7
Preprocessed,P,0.5490196078431373,0.5502450980392157,0.5480103806228374,26.61,0.5,0.05,3,100,0.3,0.1,5.0,0.5,0.8
Preprocessed,P,0.5490196078431373,0.5503812636165577,0.5459919261822376,26.02,0.5,0.05,3,100,0.3,1.0,1.0,0.5,0.6
Preprocessed,P,0.5686274509803921,0.5710784313725491,0.5679065743944637,26.87,0.5,0.05,3,100,0.3,1.0,1.0,0.5,0.7
Preprocessed,P,0.5490196078431373,0.5516823641823642,0.5484836440718794,26.42,0.5,0.05,3,100,0.3,1.0,1.0,0.5,0.8
Preprocessed,P,0.5490196078431373,0.5501296751296751,0.5457255383725972,26.11,0.5,0.05,3,100,0.3,1.0,5.0,0.5,0.6
Preprocessed,P,0.5490196078431373,0.5493591375944317,0.5460237570964215,26.17,0.5,0.05,3,100,0.3,1.0,5.0,0.5,0.7
Preprocessed,P,0.5686274509803921,0.5710784313725491,0.5679065743944637,26.76,0.5,0.05,3,100,0.3,1.0,5.0,0.5,0.8
Preprocessed,P,0.5882352941176471,0.5897292250233427,0.5852034931619707,62.73,0.5,0.05,3,150,0.1,0.1,1.0,0.5,0.6
Preprocessed,P,0.5882352941176471,0.5912442396313363,0.5880726484142044,63.11,0.5,0.05,3,150,0.1,0.1,1.0,0.5,0.7
Preprocessed,P,0.5490196078431373,0.5523136773136773,0.5480380112733054,63.51,0.5,0.05,3,150,0.1,0.1,1.0,0.5,0.8
Preprocessed,P,0.5882352941176471,0.5897292250233427,0.5852034931619707,63.02,0.5,0.05,3,150,0.1,0.1,5.0,0.5,0.6
Preprocessed,P,0.5882352941176471,0.5912442396313363,0.5880726484142044,63.18,0.5,0.05,3,150,0.1,0.1,5.0,0.5,0.7
Preprocessed,P,0.5686274509803921,0.5710784313725491,0.5679065743944637,64.85,0.5,0.05,3,150,0.1,0.1,5.0,0.5,0.8
Preprocessed,P,0.5882352941176471,0.5882352941176471,0.5847750865051903,63.11,0.5,0.05,3,150,0.1,1.0,1.0,0.5,0.6
Preprocessed,P,0.5686274509803921,0.5710784313725491,0.5679065743944637,62.65,0.5,0.05,3,150,0.1,1.0,1.0,0.5,0.7
Preprocessed,P,0.5490196078431373,0.5523136773136773,0.5480380112733054,63.05,0.5,0.05,3,150,0.1,1.0,1.0,0.5,0.8
Preprocessed,P,0.5882352941176471,0.5883497133497134,0.5861938141349906,62.48,0.5,0.05,3,150,0.1,1.0,5.0,0.5,0.6
Preprocessed,P,0.5686274509803921,0.5710784313725491,0.5679065743944637,62.88,0.5,0.05,3,150,0.1,1.0,5.0,0.5,0.7
Preprocessed,P,0.5686274509803921,0.5695272048213225,0.5673781812190117,63.12,0.5,0.05,3,150,0.1,1.0,5.0,0.5,0.8
Preprocessed,P,0.5882352941176471,0.5897292250233427,0.5852034931619707,56.26,0.5,0.05,3,150,0.3,0.1,1.0,0.5,0.6
Preprocessed,P,0.5882352941176471,0.5912442396313363,0.5880726484142044,56.19,0.5,0.05,3,150,0.3,0.1,1.0,0.5,0.7
Preprocessed,P,0.5490196078431373,0.5523136773136773,0.5480380112733054,56.78,0.5,0.05,3,150,0.3,0.1,1.0,0.5,0.8
Preprocessed,P,0.5686274509803921,0.5702380952380952,0.5670168067226891,56.22,0.5,0.05,3,150,0.3,0.1,5.0,0.5,0.6
Preprocessed,P,0.5882352941176471,0.5901860385731353,0.5869522002349327,56.47,0.5,0.05,3,150,0.3,0.1,5.0,0.5,0.7
Preprocessed,P,0.5490196078431373,0.5523136773136773,0.5480380112733054,56.83,0.5,0.05,3,150,0.3,0.1,5.0,0.5,0.8
Preprocessed,P,0.5686274509803921,0.5702380952380952,0.5670168067226891,56.54,0.5,0.05,3,150,0.3,1.0,1.0,0.5,0.6
Preprocessed,P,0.5882352941176471,0.5912442396313363,0.5880726484142044,56.49,0.5,0.05,3,150,0.3,1.0,1.0,0.5,0.7
Preprocessed,P,0.5490196078431373,0.5523136773136773,0.5480380112733054,56.6,0.5,0.05,3,150,0.3,1.0,1.0,0.5,0.8
Preprocessed,P,0.5686274509803921,0.5690235690235691,0.5668449197860962,56.95,0.5,0.05,3,150,0.3,1.0,5.0,0.5,0.6
Preprocessed,P,0.5686274509803921,0.5710784313725491,0.5679065743944637,56.69,0.5,0.05,3,150,0.3,1.0,5.0,0.5,0.7
Preprocessed,P,0.5686274509803921,0.5710784313725491,0.5679065743944637,57.05,0.5,0.05,3,150,0.3,1.0,5.0,0.5,0.8
Preprocessed,P,0.49019607843137253,0.489247311827957,0.4914611005692599,7.69,0.5,0.05,4,50,0.1,0.1,1.0,0.5,0.6
Preprocessed,P,0.5490196078431373,0.5504795857737035,0.5472101139921209,7.85,0.5,0.05,4,50,0.1,0.1,1.0,0.5,0.7
Preprocessed,P,0.5490196078431373,0.5505050505050505,0.5472370766488414,7.9,0.5,0.05,4,50,0.1,0.1,1.0,0.5,0.8
Preprocessed,P,0.47058823529411764,0.4662138627655869,0.46511770852541645,7.95,0.5,0.05,4,50,0.1,0.1,5.0,0.5,0.6
Preprocessed,P,0.5490196078431373,0.5504795857737035,0.5472101139921209,7.88,0.5,0.05,4,50,0.1,0.1,5.0,0.5,0.7
Preprocessed,P,0.5490196078431373,0.5505050505050505,0.5472370766488414,8.02,0.5,0.05,4,50,0.1,0.1,5.0,0.5,0.8
Preprocessed,P,0.47058823529411764,0.46797797010228165,0.4719766742259453,7.71,0.5,0.05,4,50,0.1,1.0,1.0,0.5,0.6
Preprocessed,P,0.5490196078431373,0.5504795857737035,0.5472101139921209,7.71,0.5,0.05,4,50,0.1,1.0,1.0,0.5,0.7
Preprocessed,P,0.5490196078431373,0.5505050505050505,0.5472370766488414,7.79,0.5,0.05,4,50,0.1,1.0,1.0,0.5,0.8
Preprocessed,P,0.47058823529411764,0.4671993271656854,0.47034086973729783,7.85,0.5,0.05,4,50,0.1,1.0,5.0,0.5,0.6
Preprocessed,P,0.45098039215686275,0.4461261073837139,0.4480280487916808,7.79,0.5,0.05,4,50,0.1,1.0,5.0,0.5,0.7
Preprocessed,P,0.5490196078431373,0.5505050505050505,0.5472370766488414,7.93,0.5,0.05,4,50,0.1,1.0,5.0,0.5,0.8
Preprocessed,P,0.47058823529411764,0.4686948159804179,0.46881411888122676,7.01,0.5,0.05,4,50,0.3,0.1,1.0,0.5,0.6
Preprocessed,P,0.5490196078431373,0.5504795857737035,0.5472101139921209,7.11,0.5,0.05,4,50,0.3,0.1,1.0,0.5,0.7
Preprocessed,P,0.5490196078431373,0.5505050505050505,0.5472370766488414,7.23,0.5,0.05,4,50,0.3,0.1,1.0,0.5,0.8
Preprocessed,P,0.45098039215686275,0.44718943963633184,0.4460437203992534,7.07,0.5,0.05,4,50,0.3,0.1,5.0,0.5,0.6
Preprocessed,P,0.5294117647058824,0.5297512944571768,0.5252625114216809,7.0,0.5,0.05,4,50,0.3,0.1,5.0,0.5,0.7
Preprocessed,P,0.5490196078431373,0.5523136773136773,0.5480380112733054,7.07,0.5,0.05,4,50,0.3,0.1,5.0,0.5,0.8
Preprocessed,P,0.45098039215686275,0.44718943963633184,0.4460437203992534,7.16,0.5,0.05,4,50,0.3,1.0,1.0,0.5,0.6
Preprocessed,P,0.5294117647058824,0.5297512944571768,0.5252625114216809,7.17,0.5,0.05,4,50,0.3,1.0,1.0,0.5,0.7
Preprocessed,P,0.5490196078431373,0.5523136773136773,0.5480380112733054,7.06,0.5,0.05,4,50,0.3,1.0,1.0,0.5,0.8
Preprocessed,P,0.45098039215686275,0.4474206349206349,0.4485294117647058,7.0,0.5,0.05,4,50,0.3,1.0,5.0,0.5,0.6
Preprocessed,P,0.43137254901960786,0.4258098223615465,0.42651668817997423,7.0,0.5,0.05,4,50,0.3,1.0,5.0,0.5,0.7
Preprocessed,P,0.5294117647058824,0.5321811374942306,0.5293303125650487,7.11,0.5,0.05,4,50,0.3,1.0,5.0,0.5,0.8
Preprocessed,P,0.5686274509803921,0.5702380952380952,0.5670168067226891,28.71,0.5,0.05,4,100,0.1,0.1,1.0,0.5,0.6
Preprocessed,P,0.5882352941176471,0.5897292250233427,0.5852034931619707,28.79,0.5,0.05,4,100,0.1,0.1,1.0,0.5,0.7
Preprocessed,P,0.5490196078431373,0.5523136773136773,0.5480380112733054,28.84,0.5,0.05,4,100,0.1,0.1,1.0,0.5,0.8
Preprocessed,P,0.5686274509803921,0.5702380952380952,0.5670168067226891,28.75,0.5,0.05,4,100,0.1,0.1,5.0,0.5,0.6
Preprocessed,P,0.5686274509803921,0.5702380952380952,0.5670168067226891,28.93,0.5,0.05,4,100,0.1,0.1,5.0,0.5,0.7
Preprocessed,P,0.5686274509803921,0.5710784313725491,0.5679065743944637,28.8,0.5,0.05,4,100,0.1,0.1,5.0,0.5,0.8
Preprocessed,P,0.5686274509803921,0.5702380952380952,0.5670168067226891,28.78,0.5,0.05,4,100,0.1,1.0,1.0,0.5,0.6
Preprocessed,P,0.5686274509803921,0.5710784313725491,0.5679065743944637,29.02,0.5,0.05,4,100,0.1,1.0,1.0,0.5,0.7
Preprocessed,P,0.5490196078431373,0.5523136773136773,0.5480380112733054,29.16,0.5,0.05,4,100,0.1,1.0,1.0,0.5,0.8
Preprocessed,P,0.5490196078431373,0.548867048867049,0.5455027219733102,28.56,0.5,0.05,4,100,0.1,1.0,5.0,0.5,0.6
Preprocessed,P,0.5686274509803921,0.5702380952380952,0.5670168067226891,28.79,0.5,0.05,4,100,0.1,1.0,5.0,0.5,0.7
Preprocessed,P,0.5686274509803921,0.5695272048213225,0.5673781812190117,28.97,0.5,0.05,4,100,0.1,1.0,5.0,0.5,0.8
Preprocessed,P,0.5686274509803921,0.5702380952380952,0.5670168067226891,26.05,0.5,0.05,4,100,0.3,0.1,1.0,0.5,0.6
Preprocessed,P,0.5882352941176471,0.5897292250233427,0.5852034931619707,26.66,0.5,0.05,4,100,0.3,0.1,1.0,0.5,0.7
Preprocessed,P,0.5490196078431373,0.5516823641823642,0.5484836440718794,26.42,0.5,0.05,4,100,0.3,0.1,1.0,0.5,0.8
Preprocessed,P,0.5294117647058824,0.5299276549276549,0.5243351640410464,26.08,0.5,0.05,4,100,0.3,0.1,5.0,0.5,0.6
Preprocessed,P,0.5686274509803921,0.5702380952380952,0.5670168067226891,26.15,0.5,0.05,4,100,0.3,0.1,5.0,0.5,0.7
Preprocessed,P,0.5490196078431373,0.5502450980392157,0.5480103806228374,26.43,0.5,0.05,4,100,0.3,0.1,5.0,0.5,0.8
Preprocessed,P,0.5490196078431373,0.5503812636165577,0.5459919261822376,26.11,0.5,0.05,4,100,0.3,1.0,1.0,0.5,0.6
Preprocessed,P,0.5686274509803921,0.5710784313725491,0.5679065743944637,26.07,0.5,0.05,4,100,0.3,1.0,1.0,0.5,0.7
Preprocessed,P,0.5490196078431373,0.5516823641823642,0.5484836440718794,26.76,0.5,0.05,4,100,0.3,1.0,1.0,0.5,0.8
Preprocessed,P,0.5490196078431373,0.5501296751296751,0.5457255383725972,25.93,0.5,0.05,4,100,0.3,1.0,5.0,0.5,0.6
Preprocessed,P,0.5490196078431373,0.5493591375944317,0.5460237570964215,26.21,0.5,0.05,4,100,0.3,1.0,5.0,0.5,0.7
Preprocessed,P,0.5686274509803921,0.5710784313725491,0.5679065743944637,26.3,0.5,0.05,4,100,0.3,1.0,5.0,0.5,0.8
Preprocessed,P,0.5882352941176471,0.5897292250233427,0.5852034931619707,62.7,0.5,0.05,4,150,0.1,0.1,1.0,0.5,0.6
Preprocessed,P,0.5882352941176471,0.5912442396313363,0.5880726484142044,63.05,0.5,0.05,4,150,0.1,0.1,1.0,0.5,0.7
Preprocessed,P,0.5490196078431373,0.5523136773136773,0.5480380112733054,63.32,0.5,0.05,4,150,0.1,0.1,1.0,0.5,0.8
Preprocessed,P,0.5882352941176471,0.5897292250233427,0.5852034931619707,63.09,0.5,0.05,4,150,0.1,0.1,5.0,0.5,0.6
Preprocessed,P,0.5882352941176471,0.5912442396313363,0.5880726484142044,63.58,0.5,0.05,4,150,0.1,0.1,5.0,0.5,0.7
Preprocessed,P,0.5686274509803921,0.5710784313725491,0.5679065743944637,63.46,0.5,0.05,4,150,0.1,0.1,5.0,0.5,0.8
Preprocessed,P,0.5882352941176471,0.5882352941176471,0.5847750865051903,62.28,0.5,0.05,4,150,0.1,1.0,1.0,0.5,0.6
Preprocessed,P,0.5686274509803921,0.5710784313725491,0.5679065743944637,62.86,0.5,0.05,4,150,0.1,1.0,1.0,0.5,0.7
Preprocessed,P,0.5490196078431373,0.5523136773136773,0.5480380112733054,63.14,0.5,0.05,4,150,0.1,1.0,1.0,0.5,0.8
Preprocessed,P,0.5882352941176471,0.5883497133497134,0.5861938141349906,62.8,0.5,0.05,4,150,0.1,1.0,5.0,0.5,0.6
Preprocessed,P,0.5686274509803921,0.5710784313725491,0.5679065743944637,63.31,0.5,0.05,4,150,0.1,1.0,5.0,0.5,0.7
Preprocessed,P,0.5686274509803921,0.5695272048213225,0.5673781812190117,63.61,0.5,0.05,4,150,0.1,1.0,5.0,0.5,0.8
Preprocessed,P,0.5882352941176471,0.5897292250233427,0.5852034931619707,56.24,0.5,0.05,4,150,0.3,0.1,1.0,0.5,0.6
Preprocessed,P,0.5882352941176471,0.5912442396313363,0.5880726484142044,56.6,0.5,0.05,4,150,0.3,0.1,1.0,0.5,0.7
Preprocessed,P,0.5490196078431373,0.5523136773136773,0.5480380112733054,57.15,0.5,0.05,4,150,0.3,0.1,1.0,0.5,0.8
Preprocessed,P,0.5686274509803921,0.5702380952380952,0.5670168067226891,56.35,0.5,0.05,4,150,0.3,0.1,5.0,0.5,0.6
Preprocessed,P,0.5882352941176471,0.5901860385731353,0.5869522002349327,56.8,0.5,0.05,4,150,0.3,0.1,5.0,0.5,0.7
Preprocessed,P,0.5490196078431373,0.5523136773136773,0.5480380112733054,56.63,0.5,0.05,4,150,0.3,0.1,5.0,0.5,0.8
Preprocessed,P,0.5686274509803921,0.5702380952380952,0.5670168067226891,56.59,0.5,0.05,4,150,0.3,1.0,1.0,0.5,0.6
Preprocessed,P,0.5882352941176471,0.5912442396313363,0.5880726484142044,56.98,0.5,0.05,4,150,0.3,1.0,1.0,0.5,0.7
Preprocessed,P,0.5490196078431373,0.5523136773136773,0.5480380112733054,56.98,0.5,0.05,4,150,0.3,1.0,1.0,0.5,0.8
Preprocessed,P,0.5686274509803921,0.5690235690235691,0.5668449197860962,56.42,0.5,0.05,4,150,0.3,1.0,5.0,0.5,0.6
Preprocessed,P,0.5686274509803921,0.5710784313725491,0.5679065743944637,56.64,0.5,0.05,4,150,0.3,1.0,5.0,0.5,0.7
Preprocessed,P,0.5686274509803921,0.5710784313725491,0.5679065743944637,56.87,0.5,0.05,4,150,0.3,1.0,5.0,0.5,0.8
Preprocessed,P,0.5294117647058824,0.5286937791681625,0.52943288192758,7.77,0.5,0.1,2,50,0.1,0.1,1.0,0.5,0.6
Preprocessed,P,0.5686274509803921,0.5710784313725491,0.5679065743944637,7.79,0.5,0.1,2,50,0.1,0.1,1.0,0.5,0.7
Preprocessed,P,0.5490196078431373,0.5523136773136773,0.5480380112733054,7.78,0.5,0.1,2,50,0.1,0.1,1.0,0.5,0.8
Preprocessed,P,0.5294117647058824,0.5296052631578947,0.5313467492260062,7.92,0.5,0.1,2,50,0.1,0.1,5.0,0.5,0.6
Preprocessed,P,0.5686274509803921,0.5710784313725491,0.5679065743944637,7.8,0.5,0.1,2,50,0.1,0.1,5.0,0.5,0.7
Preprocessed,P,0.5490196078431373,0.5505050505050505,0.5472370766488414,7.63,0.5,0.1,2,50,0.1,0.1,5.0,0.5,0.8
Preprocessed,P,0.5098039215686274,0.5096498483595258,0.5092687198949059,7.73,0.5,0.1,2,50,0.1,1.0,1.0,0.5,0.6
Preprocessed,P,0.5686274509803921,0.5710784313725491,0.5679065743944637,7.72,0.5,0.1,2,50,0.1,1.0,1.0,0.5,0.7
Preprocessed,P,0.5490196078431373,0.5523136773136773,0.5480380112733054,7.81,0.5,0.1,2,50,0.1,1.0,1.0,0.5,0.8
Preprocessed,P,0.5490196078431373,0.549498361998362,0.549736233559763,7.67,0.5,0.1,2,50,0.1,1.0,5.0,0.5,0.6
Preprocessed,P,0.5490196078431373,0.5504795857737035,0.5472101139921209,7.72,0.5,0.1,2,50,0.1,1.0,5.0,0.5,0.7
Preprocessed,P,0.5490196078431373,0.5505050505050505,0.5472370766488414,7.81,0.5,0.1,2,50,0.1,1.0,5.0,0.5,0.8
Preprocessed,P,0.49019607843137253,0.48920236851271337,0.489581412502305,7.08,0.5,0.1,2,50,0.3,0.1,1.0,0.5,0.6
Preprocessed,P,0.5490196078431373,0.5523136773136773,0.5480380112733054,7.09,0.5,0.1,2,50,0.3,0.1,1.0,0.5,0.7
Preprocessed,P,0.5490196078431373,0.5523136773136773,0.5480380112733054,7.32,0.5,0.1,2,50,0.3,0.1,1.0,0.5,0.8
Preprocessed,P,0.5098039215686274,0.5096498483595258,0.5092687198949059,6.98,0.5,0.1,2,50,0.3,0.1,5.0,0.5,0.6
Preprocessed,P,0.5490196078431373,0.5504795857737035,0.5472101139921209,7.06,0.5,0.1,2,50,0.3,0.1,5.0,0.5,0.7
Preprocessed,P,0.5490196078431373,0.5505050505050505,0.5472370766488414,7.11,0.5,0.1,2,50,0.3,0.1,5.0,0.5,0.8
Preprocessed,P,0.49019607843137253,0.48888888888888893,0.49019607843137253,6.92,0.5,0.1,2,50,0.3,1.0,1.0,0.5,0.6
Preprocessed,P,0.5686274509803921,0.5710784313725491,0.5679065743944637,6.97,0.5,0.1,2,50,0.3,1.0,1.0,0.5,0.7
Preprocessed,P,0.5490196078431373,0.5523136773136773,0.5480380112733054,7.1,0.5,0.1,2,50,0.3,1.0,1.0,0.5,0.8
Preprocessed,P,0.45098039215686275,0.44647259375819565,0.4492062757439719,6.86,0.5,0.1,2,50,0.3,1.0,5.0,0.5,0.6
Preprocessed,P,0.5490196078431373,0.5504795857737035,0.5472101139921209,7.01,0.5,0.1,2,50,0.3,1.0,5.0,0.5,0.7
Preprocessed,P,0.5490196078431373,0.5523136773136773,0.5480380112733054,7.07,0.5,0.1,2,50,0.3,1.0,5.0,0.5,0.8
Preprocessed,P,0.5686274509803921,0.5702380952380952,0.5670168067226891,28.76,0.5,0.1,2,100,0.1,0.1,1.0,0.5,0.6
Preprocessed,P,0.5686274509803921,0.5707070707070706,0.5650623885918004,28.52,0.5,0.1,2,100,0.1,0.1,1.0,0.5,0.7
Preprocessed,P,0.6078431372549019,0.611367048867049,0.6068886399768753,29.21,0.5,0.1,2,100,0.1,0.1,1.0,0.5,0.8
Preprocessed,P,0.5686274509803921,0.5702380952380952,0.5670168067226891,28.75,0.5,0.1,2,100,0.1,0.1,5.0,0.5,0.6
Preprocessed,P,0.5882352941176471,0.5897292250233427,0.5852034931619707,28.68,0.5,0.1,2,100,0.1,0.1,5.0,0.5,0.7
Preprocessed,P,0.5686274509803921,0.5707070707070706,0.5650623885918004,28.87,0.5,0.1,2,100,0.1,0.1,5.0,0.5,0.8
Preprocessed,P,0.5686274509803921,0.5702380952380952,0.5670168067226891,28.55,0.5,0.1,2,100,0.1,1.0,1.0,0.5,0.6
Preprocessed,P,0.5882352941176471,0.5897292250233427,0.5852034931619707,28.79,0.5,0.1,2,100,0.1,1.0,1.0,0.5,0.7
Preprocessed,P,0.6078431372549019,0.6094276094276094,0.6060606060606061,29.23,0.5,0.1,2,100,0.1,1.0,1.0,0.5,0.8
Preprocessed,P,0.5686274509803921,0.5702380952380952,0.5670168067226891,28.58,0.5,0.1,2,100,0.1,1.0,5.0,0.5,0.6
Preprocessed,P,0.5882352941176471,0.5897292250233427,0.5852034931619707,28.94,0.5,0.1,2,100,0.1,1.0,5.0,0.5,0.7
Preprocessed,P,0.5490196078431373,0.5523136773136773,0.5480380112733054,28.92,0.5,0.1,2,100,0.1,1.0,5.0,0.5,0.8
Preprocessed,P,0.5686274509803921,0.5702380952380952,0.5670168067226891,26.17,0.5,0.1,2,100,0.3,0.1,1.0,0.5,0.6
Preprocessed,P,0.5686274509803921,0.5707070707070706,0.5650623885918004,26.19,0.5,0.1,2,100,0.3,0.1,1.0,0.5,0.7
Preprocessed,P,0.5882352941176471,0.5894148417867583,0.5860240193313081,26.26,0.5,0.1,2,100,0.3,0.1,1.0,0.5,0.8
Preprocessed,P,0.5686274509803921,0.5702380952380952,0.5670168067226891,25.93,0.5,0.1,2,100,0.3,0.1,5.0,0.5,0.6
Preprocessed,P,0.6078431372549019,0.6101190476190476,0.6055672268907563,26.25,0.5,0.1,2,100,0.3,0.1,5.0,0.5,0.7
Preprocessed,P,0.5686274509803921,0.5698529411764706,0.5653114186851211,26.1,0.5,0.1,2,100,0.3,0.1,5.0,0.5,0.8
Preprocessed,P,0.5686274509803921,0.5702380952380952,0.5670168067226891,25.82,0.5,0.1,2,100,0.3,1.0,1.0,0.5,0.6
Preprocessed,P,0.5882352941176471,0.5897292250233427,0.5852034931619707,25.79,0.5,0.1,2,100,0.3,1.0,1.0,0.5,0.7
Preprocessed,P,0.5882352941176471,0.5899024024024024,0.585386857445681,26.17,0.5,0.1,2,100,0.3,1.0,1.0,0.5,0.8
Preprocessed,P,0.5686274509803921,0.5699891067538126,0.5667531718569782,26.05,0.5,0.1,2,100,0.3,1.0,5.0,0.5,0.6
Preprocessed,P,0.5686274509803921,0.5702380952380952,0.5670168067226891,25.9,0.5,0.1,2,100,0.3,1.0,5.0,0.5,0.7
Preprocessed,P,0.5686274509803921,0.5710784313725491,0.5679065743944637,26.17,0.5,0.1,2,100,0.3,1.0,5.0,0.5,0.8
Preprocessed,P,0.5882352941176471,0.5882352941176471,0.5847750865051903,62.43,0.5,0.1,2,150,0.1,0.1,1.0,0.5,0.6
Preprocessed,P,0.5882352941176471,0.5951825951825951,0.5909776498011792,62.5,0.5,0.1,2,150,0.1,0.1,1.0,0.5,0.7
Preprocessed,P,0.6274509803921569,0.6324786324786325,0.6304675716440422,62.74,0.5,0.1,2,150,0.1,0.1,1.0,0.5,0.8
Preprocessed,P,0.5882352941176471,0.5897292250233427,0.5852034931619707,62.32,0.5,0.1,2,150,0.1,0.1,5.0,0.5,0.6
Preprocessed,P,0.6078431372549019,0.6101190476190476,0.6055672268907563,62.61,0.5,0.1,2,150,0.1,0.1,5.0,0.5,0.7
Preprocessed,P,0.5882352941176471,0.5899024024024024,0.585386857445681,63.14,0.5,0.1,2,150,0.1,0.1,5.0,0.5,0.8
Preprocessed,P,0.5882352941176471,0.5897292250233427,0.5852034931619707,62.47,0.5,0.1,2,150,0.1,1.0,1.0,0.5,0.6
Preprocessed,P,0.6078431372549019,0.6101190476190476,0.6055672268907563,62.1,0.5,0.1,2,150,0.1,1.0,1.0,0.5,0.7
Preprocessed,P,0.5882352941176471,0.5899024024024024,0.585386857445681,62.91,0.5,0.1,2,150,0.1,1.0,1.0,0.5,0.8
Preprocessed,P,0.5882352941176471,0.5882352941176471,0.5847750865051903,62.89,0.5,0.1,2,150,0.1,1.0,5.0,0.5,0.6
Preprocessed,P,0.5882352941176471,0.5912442396313363,0.5880726484142044,62.85,0.5,0.1,2,150,0.1,1.0,5.0,0.5,0.7
Preprocessed,P,0.5490196078431373,0.5523136773136773,0.5480380112733054,63.13,0.5,0.1,2,150,0.1,1.0,5.0,0.5,0.8
Preprocessed,P,0.5882352941176471,0.5909090909090908,0.5864527629233511,56.1,0.5,0.1,2,150,0.3,0.1,1.0,0.5,0.6
Preprocessed,P,0.5686274509803921,0.5732943569755714,0.5690668903081003,56.25,0.5,0.1,2,150,0.3,0.1,1.0,0.5,0.7
Preprocessed,P,0.6078431372549019,0.6107357357357358,0.6074456809750928,56.52,0.5,0.1,2,150,0.3,0.1,1.0,0.5,0.8
Preprocessed,P,0.5882352941176471,0.5897292250233427,0.5852034931619707,55.98,0.5,0.1,2,150,0.3,0.1,5.0,0.5,0.6
Preprocessed,P,0.5882352941176471,0.5912442396313363,0.5880726484142044,56.14,0.5,0.1,2,150,0.3,0.1,5.0,0.5,0.7
Preprocessed,P,0.5882352941176471,0.5919117647058824,0.5862889273356401,56.65,0.5,0.1,2,150,0.3,0.1,5.0,0.5,0.8
Preprocessed,P,0.5686274509803921,0.5702380952380952,0.5670168067226891,56.26,0.5,0.1,2,150,0.3,1.0,1.0,0.5,0.6
Preprocessed,P,0.6078431372549019,0.6101190476190476,0.6055672268907563,56.49,0.5,0.1,2,150,0.3,1.0,1.0,0.5,0.7
Preprocessed,P,0.6078431372549019,0.611367048867049,0.6068886399768753,56.33,0.5,0.1,2,150,0.3,1.0,1.0,0.5,0.8
Preprocessed,P,0.5686274509803921,0.5702380952380952,0.5670168067226891,56.11,0.5,0.1,2,150,0.3,1.0,5.0,0.5,0.6
Preprocessed,P,0.5882352941176471,0.5912442396313363,0.5880726484142044,56.51,0.5,0.1,2,150,0.3,1.0,5.0,0.5,0.7
Preprocessed,P,0.5490196078431373,0.5523136773136773,0.5480380112733054,56.63,0.5,0.1,2,150,0.3,1.0,5.0,0.5,0.8
Preprocessed,P,0.5294117647058824,0.5286937791681625,0.52943288192758,7.63,0.5,0.1,3,50,0.1,0.1,1.0,0.5,0.6
Preprocessed,P,0.5686274509803921,0.5710784313725491,0.5679065743944637,7.61,0.5,0.1,3,50,0.1,0.1,1.0,0.5,0.7
Preprocessed,P,0.5490196078431373,0.5523136773136773,0.5480380112733054,8.03,0.5,0.1,3,50,0.1,0.1,1.0,0.5,0.8
Preprocessed,P,0.5294117647058824,0.5296052631578947,0.5313467492260062,7.8,0.5,0.1,3,50,0.1,0.1,5.0,0.5,0.6
Preprocessed,P,0.5686274509803921,0.5710784313725491,0.5679065743944637,7.86,0.5,0.1,3,50,0.1,0.1,5.0,0.5,0.7
Preprocessed,P,0.5490196078431373,0.5505050505050505,0.5472370766488414,7.85,0.5,0.1,3,50,0.1,0.1,5.0,0.5,0.8
Preprocessed,P,0.5098039215686274,0.5096498483595258,0.5092687198949059,7.69,0.5,0.1,3,50,0.1,1.0,1.0,0.5,0.6
Preprocessed,P,0.5686274509803921,0.5710784313725491,0.5679065743944637,7.88,0.5,0.1,3,50,0.1,1.0,1.0,0.5,0.7
Preprocessed,P,0.5490196078431373,0.5523136773136773,0.5480380112733054,7.81,0.5,0.1,3,50,0.1,1.0,1.0,0.5,0.8
Preprocessed,P,0.5490196078431373,0.549498361998362,0.549736233559763,7.58,0.5,0.1,3,50,0.1,1.0,5.0,0.5,0.6
Preprocessed,P,0.5490196078431373,0.5504795857737035,0.5472101139921209,7.75,0.5,0.1,3,50,0.1,1.0,5.0,0.5,0.7
Preprocessed,P,0.5490196078431373,0.5505050505050505,0.5472370766488414,7.87,0.5,0.1,3,50,0.1,1.0,5.0,0.5,0.8
Preprocessed,P,0.49019607843137253,0.48920236851271337,0.489581412502305,7.06,0.5,0.1,3,50,0.3,0.1,1.0,0.5,0.6
Preprocessed,P,0.5490196078431373,0.5523136773136773,0.5480380112733054,7.0,0.5,0.1,3,50,0.3,0.1,1.0,0.5,0.7
Preprocessed,P,0.5490196078431373,0.5523136773136773,0.5480380112733054,7.12,0.5,0.1,3,50,0.3,0.1,1.0,0.5,0.8
Preprocessed,P,0.5098039215686274,0.5096498483595258,0.5092687198949059,7.02,0.5,0.1,3,50,0.3,0.1,5.0,0.5,0.6
Preprocessed,P,0.5490196078431373,0.5504795857737035,0.5472101139921209,7.04,0.5,0.1,3,50,0.3,0.1,5.0,0.5,0.7
Preprocessed,P,0.5490196078431373,0.5505050505050505,0.5472370766488414,7.22,0.5,0.1,3,50,0.3,0.1,5.0,0.5,0.8
Preprocessed,P,0.49019607843137253,0.48888888888888893,0.49019607843137253,7.04,0.5,0.1,3,50,0.3,1.0,1.0,0.5,0.6
Preprocessed,P,0.5686274509803921,0.5710784313725491,0.5679065743944637,6.93,0.5,0.1,3,50,0.3,1.0,1.0,0.5,0.7
Preprocessed,P,0.5490196078431373,0.5523136773136773,0.5480380112733054,7.11,0.5,0.1,3,50,0.3,1.0,1.0,0.5,0.8
Preprocessed,P,0.45098039215686275,0.44647259375819565,0.4492062757439719,7.04,0.5,0.1,3,50,0.3,1.0,5.0,0.5,0.6
Preprocessed,P,0.5490196078431373,0.5504795857737035,0.5472101139921209,7.0,0.5,0.1,3,50,0.3,1.0,5.0,0.5,0.7
Preprocessed,P,0.5490196078431373,0.5523136773136773,0.5480380112733054,7.16,0.5,0.1,3,50,0.3,1.0,5.0,0.5,0.8
Preprocessed,P,0.5686274509803921,0.5702380952380952,0.5670168067226891,28.87,0.5,0.1,3,100,0.1,0.1,1.0,0.5,0.6
Preprocessed,P,0.5686274509803921,0.5707070707070706,0.5650623885918004,28.63,0.5,0.1,3,100,0.1,0.1,1.0,0.5,0.7
Preprocessed,P,0.6078431372549019,0.611367048867049,0.6068886399768753,28.59,0.5,0.1,3,100,0.1,0.1,1.0,0.5,0.8
Preprocessed,P,0.5686274509803921,0.5702380952380952,0.5670168067226891,28.68,0.5,0.1,3,100,0.1,0.1,5.0,0.5,0.6
Preprocessed,P,0.5882352941176471,0.5897292250233427,0.5852034931619707,28.93,0.5,0.1,3,100,0.1,0.1,5.0,0.5,0.7
Preprocessed,P,0.5686274509803921,0.5707070707070706,0.5650623885918004,29.35,0.5,0.1,3,100,0.1,0.1,5.0,0.5,0.8
Preprocessed,P,0.5686274509803921,0.5702380952380952,0.5670168067226891,28.4,0.5,0.1,3,100,0.1,1.0,1.0,0.5,0.6
Preprocessed,P,0.5882352941176471,0.5897292250233427,0.5852034931619707,28.91,0.5,0.1,3,100,0.1,1.0,1.0,0.5,0.7
Preprocessed,P,0.6078431372549019,0.6094276094276094,0.6060606060606061,29.17,0.5,0.1,3,100,0.1,1.0,1.0,0.5,0.8
Preprocessed,P,0.5686274509803921,0.5702380952380952,0.5670168067226891,28.56,0.5,0.1,3,100,0.1,1.0,5.0,0.5,0.6
Preprocessed,P,0.5882352941176471,0.5897292250233427,0.5852034931619707,28.98,0.5,0.1,3,100,0.1,1.0,5.0,0.5,0.7
Preprocessed,P,0.5490196078431373,0.5523136773136773,0.5480380112733054,29.16,0.5,0.1,3,100,0.1,1.0,5.0,0.5,0.8
Preprocessed,P,0.5686274509803921,0.5702380952380952,0.5670168067226891,26.06,0.5,0.1,3,100,0.3,0.1,1.0,0.5,0.6
Preprocessed,P,0.5686274509803921,0.5707070707070706,0.5650623885918004,25.93,0.5,0.1,3,100,0.3,0.1,1.0,0.5,0.7
Preprocessed,P,0.5882352941176471,0.5894148417867583,0.5860240193313081,26.26,0.5,0.1,3,100,0.3,0.1,1.0,0.5,0.8
Preprocessed,P,0.5686274509803921,0.5702380952380952,0.5670168067226891,26.09,0.5,0.1,3,100,0.3,0.1,5.0,0.5,0.6
Preprocessed,P,0.6078431372549019,0.6101190476190476,0.6055672268907563,26.15,0.5,0.1,3,100,0.3,0.1,5.0,0.5,0.7
Preprocessed,P,0.5686274509803921,0.5698529411764706,0.5653114186851211,26.47,0.5,0.1,3,100,0.3,0.1,5.0,0.5,0.8
Preprocessed,P,0.5686274509803921,0.5702380952380952,0.5670168067226891,25.81,0.5,0.1,3,100,0.3,1.0,1.0,0.5,0.6
Preprocessed,P,0.5882352941176471,0.5897292250233427,0.5852034931619707,26.26,0.5,0.1,3,100,0.3,1.0,1.0,0.5,0.7
Preprocessed,P,0.5882352941176471,0.5899024024024024,0.585386857445681,26.49,0.5,0.1,3,100,0.3,1.0,1.0,0.5,0.8
Preprocessed,P,0.5686274509803921,0.5699891067538126,0.5667531718569782,26.28,0.5,0.1,3,100,0.3,1.0,5.0,0.5,0.6
Preprocessed,P,0.5686274509803921,0.5702380952380952,0.5670168067226891,26.21,0.5,0.1,3,100,0.3,1.0,5.0,0.5,0.7
Preprocessed,P,0.5686274509803921,0.5710784313725491,0.5679065743944637,26.7,0.5,0.1,3,100,0.3,1.0,5.0,0.5,0.8
Preprocessed,P,0.5882352941176471,0.5882352941176471,0.5847750865051903,62.44,0.5,0.1,3,150,0.1,0.1,1.0,0.5,0.6
Preprocessed,P,0.5882352941176471,0.5951825951825951,0.5909776498011792,62.88,0.5,0.1,3,150,0.1,0.1,1.0,0.5,0.7
Preprocessed,P,0.6274509803921569,0.6324786324786325,0.6304675716440422,63.13,0.5,0.1,3,150,0.1,0.1,1.0,0.5,0.8
Preprocessed,P,0.5882352941176471,0.5897292250233427,0.5852034931619707,62.77,0.5,0.1,3,150,0.1,0.1,5.0,0.5,0.6
Preprocessed,P,0.6078431372549019,0.6101190476190476,0.6055672268907563,64.13,0.5,0.1,3,150,0.1,0.1,5.0,0.5,0.7
Preprocessed,P,0.5882352941176471,0.5899024024024024,0.585386857445681,63.63,0.5,0.1,3,150,0.1,0.1,5.0,0.5,0.8
Preprocessed,P,0.5882352941176471,0.5897292250233427,0.5852034931619707,63.04,0.5,0.1,3,150,0.1,1.0,1.0,0.5,0.6
Preprocessed,P,0.6078431372549019,0.6101190476190476,0.6055672268907563,63.1,0.5,0.1,3,150,0.1,1.0,1.0,0.5,0.7
Preprocessed,P,0.5882352941176471,0.5899024024024024,0.585386857445681,62.95,0.5,0.1,3,150,0.1,1.0,1.0,0.5,0.8
Preprocessed,P,0.5882352941176471,0.5882352941176471,0.5847750865051903,62.47,0.5,0.1,3,150,0.1,1.0,5.0,0.5,0.6
Preprocessed,P,0.5882352941176471,0.5912442396313363,0.5880726484142044,63.01,0.5,0.1,3,150,0.1,1.0,5.0,0.5,0.7
Preprocessed,P,0.5490196078431373,0.5523136773136773,0.5480380112733054,63.16,0.5,0.1,3,150,0.1,1.0,5.0,0.5,0.8
Preprocessed,P,0.5882352941176471,0.5909090909090908,0.5864527629233511,56.35,0.5,0.1,3,150,0.3,0.1,1.0,0.5,0.6
Preprocessed,P,0.5686274509803921,0.5732943569755714,0.5690668903081003,56.67,0.5,0.1,3,150,0.3,0.1,1.0,0.5,0.7
Preprocessed,P,0.6078431372549019,0.6107357357357358,0.6074456809750928,56.64,0.5,0.1,3,150,0.3,0.1,1.0,0.5,0.8
Preprocessed,P,0.5882352941176471,0.5897292250233427,0.5852034931619707,56.05,0.5,0.1,3,150,0.3,0.1,5.0,0.5,0.6
Preprocessed,P,0.5882352941176471,0.5912442396313363,0.5880726484142044,57.25,0.5,0.1,3,150,0.3,0.1,5.0,0.5,0.7
Preprocessed,P,0.5882352941176471,0.5919117647058824,0.5862889273356401,56.6,0.5,0.1,3,150,0.3,0.1,5.0,0.5,0.8
Preprocessed,P,0.5686274509803921,0.5702380952380952,0.5670168067226891,56.29,0.5,0.1,3,150,0.3,1.0,1.0,0.5,0.6
Preprocessed,P,0.6078431372549019,0.6101190476190476,0.6055672268907563,56.47,0.5,0.1,3,150,0.3,1.0,1.0,0.5,0.7
Preprocessed,P,0.6078431372549019,0.611367048867049,0.6068886399768753,56.52,0.5,0.1,3,150,0.3,1.0,1.0,0.5,0.8
Preprocessed,P,0.5686274509803921,0.5702380952380952,0.5670168067226891,55.99,0.5,0.1,3,150,0.3,1.0,5.0,0.5,0.6
Preprocessed,P,0.5882352941176471,0.5912442396313363,0.5880726484142044,56.35,0.5,0.1,3,150,0.3,1.0,5.0,0.5,0.7
Preprocessed,P,0.5490196078431373,0.5523136773136773,0.5480380112733054,56.78,0.5,0.1,3,150,0.3,1.0,5.0,0.5,0.8
Preprocessed,P,0.5294117647058824,0.5286937791681625,0.52943288192758,7.7,0.5,0.1,4,50,0.1,0.1,1.0,0.5,0.6
Preprocessed,P,0.5686274509803921,0.5710784313725491,0.5679065743944637,7.67,0.5,0.1,4,50,0.1,0.1,1.0,0.5,0.7
Preprocessed,P,0.5490196078431373,0.5523136773136773,0.5480380112733054,7.9,0.5,0.1,4,50,0.1,0.1,1.0,0.5,0.8
Preprocessed,P,0.5294117647058824,0.5296052631578947,0.5313467492260062,7.63,0.5,0.1,4,50,0.1,0.1,5.0,0.5,0.6
Preprocessed,P,0.5686274509803921,0.5710784313725491,0.5679065743944637,7.79,0.5,0.1,4,50,0.1,0.1,5.0,0.5,0.7
Preprocessed,P,0.5490196078431373,0.5505050505050505,0.5472370766488414,7.89,0.5,0.1,4,50,0.1,0.1,5.0,0.5,0.8
Preprocessed,P,0.5098039215686274,0.5096498483595258,0.5092687198949059,7.83,0.5,0.1,4,50,0.1,1.0,1.0,0.5,0.6
Preprocessed,P,0.5686274509803921,0.5710784313725491,0.5679065743944637,7.7,0.5,0.1,4,50,0.1,1.0,1.0,0.5,0.7
Preprocessed,P,0.5490196078431373,0.5523136773136773,0.5480380112733054,8.01,0.5,0.1,4,50,0.1,1.0,1.0,0.5,0.8
Preprocessed,P,0.5490196078431373,0.549498361998362,0.549736233559763,7.74,0.5,0.1,4,50,0.1,1.0,5.0,0.5,0.6
Preprocessed,P,0.5490196078431373,0.5504795857737035,0.5472101139921209,7.7,0.5,0.1,4,50,0.1,1.0,5.0,0.5,0.7
Preprocessed,P,0.5490196078431373,0.5505050505050505,0.5472370766488414,7.97,0.5,0.1,4,50,0.1,1.0,5.0,0.5,0.8
Preprocessed,P,0.49019607843137253,0.48920236851271337,0.489581412502305,7.13,0.5,0.1,4,50,0.3,0.1,1.0,0.5,0.6
Preprocessed,P,0.5490196078431373,0.5523136773136773,0.5480380112733054,7.21,0.5,0.1,4,50,0.3,0.1,1.0,0.5,0.7
Preprocessed,P,0.5490196078431373,0.5523136773136773,0.5480380112733054,7.16,0.5,0.1,4,50,0.3,0.1,1.0,0.5,0.8
Preprocessed,P,0.5098039215686274,0.5096498483595258,0.5092687198949059,6.99,0.5,0.1,4,50,0.3,0.1,5.0,0.5,0.6
Preprocessed,P,0.5490196078431373,0.5504795857737035,0.5472101139921209,6.91,0.5,0.1,4,50,0.3,0.1,5.0,0.5,0.7
Preprocessed,P,0.5490196078431373,0.5505050505050505,0.5472370766488414,7.22,0.5,0.1,4,50,0.3,0.1,5.0,0.5,0.8
Preprocessed,P,0.49019607843137253,0.48888888888888893,0.49019607843137253,7.02,0.5,0.1,4,50,0.3,1.0,1.0,0.5,0.6
Preprocessed,P,0.5686274509803921,0.5710784313725491,0.5679065743944637,6.94,0.5,0.1,4,50,0.3,1.0,1.0,0.5,0.7
Preprocessed,P,0.5490196078431373,0.5523136773136773,0.5480380112733054,7.39,0.5,0.1,4,50,0.3,1.0,1.0,0.5,0.8
Preprocessed,P,0.45098039215686275,0.44647259375819565,0.4492062757439719,7.08,0.5,0.1,4,50,0.3,1.0,5.0,0.5,0.6
Preprocessed,P,0.5490196078431373,0.5504795857737035,0.5472101139921209,6.93,0.5,0.1,4,50,0.3,1.0,5.0,0.5,0.7
Preprocessed,P,0.5490196078431373,0.5523136773136773,0.5480380112733054,7.15,0.5,0.1,4,50,0.3,1.0,5.0,0.5,0.8
Preprocessed,P,0.5686274509803921,0.5702380952380952,0.5670168067226891,28.87,0.5,0.1,4,100,0.1,0.1,1.0,0.5,0.6
Preprocessed,P,0.5686274509803921,0.5707070707070706,0.5650623885918004,28.75,0.5,0.1,4,100,0.1,0.1,1.0,0.5,0.7
Preprocessed,P,0.6078431372549019,0.611367048867049,0.6068886399768753,29.02,0.5,0.1,4,100,0.1,0.1,1.0,0.5,0.8
Preprocessed,P,0.5686274509803921,0.5702380952380952,0.5670168067226891,28.89,0.5,0.1,4,100,0.1,0.1,5.0,0.5,0.6
Preprocessed,P,0.5882352941176471,0.5897292250233427,0.5852034931619707,28.88,0.5,0.1,4,100,0.1,0.1,5.0,0.5,0.7
Preprocessed,P,0.5686274509803921,0.5707070707070706,0.5650623885918004,28.82,0.5,0.1,4,100,0.1,0.1,5.0,0.5,0.8
Preprocessed,P,0.5686274509803921,0.5702380952380952,0.5670168067226891,28.7,0.5,0.1,4,100,0.1,1.0,1.0,0.5,0.6
Preprocessed,P,0.5882352941176471,0.5897292250233427,0.5852034931619707,28.7,0.5,0.1,4,100,0.1,1.0,1.0,0.5,0.7
Preprocessed,P,0.6078431372549019,0.6094276094276094,0.6060606060606061,29.19,0.5,0.1,4,100,0.1,1.0,1.0,0.5,0.8
Preprocessed,P,0.5686274509803921,0.5702380952380952,0.5670168067226891,28.66,0.5,0.1,4,100,0.1,1.0,5.0,0.5,0.6
Preprocessed,P,0.5882352941176471,0.5897292250233427,0.5852034931619707,29.08,0.5,0.1,4,100,0.1,1.0,5.0,0.5,0.7
Preprocessed,P,0.5490196078431373,0.5523136773136773,0.5480380112733054,28.61,0.5,0.1,4,100,0.1,1.0,5.0,0.5,0.8
Preprocessed,P,0.5686274509803921,0.5702380952380952,0.5670168067226891,25.97,0.5,0.1,4,100,0.3,0.1,1.0,0.5,0.6
Preprocessed,P,0.5686274509803921,0.5707070707070706,0.5650623885918004,26.04,0.5,0.1,4,100,0.3,0.1,1.0,0.5,0.7
Preprocessed,P,0.5882352941176471,0.5894148417867583,0.5860240193313081,26.26,0.5,0.1,4,100,0.3,0.1,1.0,0.5,0.8
Preprocessed,P,0.5686274509803921,0.5702380952380952,0.5670168067226891,25.9,0.5,0.1,4,100,0.3,0.1,5.0,0.5,0.6
Preprocessed,P,0.6078431372549019,0.6101190476190476,0.6055672268907563,26.22,0.5,0.1,4,100,0.3,0.1,5.0,0.5,0.7
Preprocessed,P,0.5686274509803921,0.5698529411764706,0.5653114186851211,26.84,0.5,0.1,4,100,0.3,0.1,5.0,0.5,0.8
Preprocessed,P,0.5686274509803921,0.5702380952380952,0.5670168067226891,25.79,0.5,0.1,4,100,0.3,1.0,1.0,0.5,0.6
Preprocessed,P,0.5882352941176471,0.5897292250233427,0.5852034931619707,26.22,0.5,0.1,4,100,0.3,1.0,1.0,0.5,0.7
Preprocessed,P,0.5882352941176471,0.5899024024024024,0.585386857445681,26.37,0.5,0.1,4,100,0.3,1.0,1.0,0.5,0.8
Preprocessed,P,0.5686274509803921,0.5699891067538126,0.5667531718569782,25.93,0.5,0.1,4,100,0.3,1.0,5.0,0.5,0.6
Preprocessed,P,0.5686274509803921,0.5702380952380952,0.5670168067226891,26.04,0.5,0.1,4,100,0.3,1.0,5.0,0.5,0.7
Preprocessed,P,0.5686274509803921,0.5710784313725491,0.5679065743944637,26.55,0.5,0.1,4,100,0.3,1.0,5.0,0.5,0.8
Preprocessed,P,0.5882352941176471,0.5882352941176471,0.5847750865051903,62.21,0.5,0.1,4,150,0.1,0.1,1.0,0.5,0.6
Preprocessed,P,0.5882352941176471,0.5951825951825951,0.5909776498011792,62.85,0.5,0.1,4,150,0.1,0.1,1.0,0.5,0.7
Preprocessed,P,0.6274509803921569,0.6324786324786325,0.6304675716440422,62.69,0.5,0.1,4,150,0.1,0.1,1.0,0.5,0.8
Preprocessed,P,0.5882352941176471,0.5897292250233427,0.5852034931619707,63.55,0.5,0.1,4,150,0.1,0.1,5.0,0.5,0.6
Preprocessed,P,0.6078431372549019,0.6101190476190476,0.6055672268907563,63.14,0.5,0.1,4,150,0.1,0.1,5.0,0.5,0.7
Preprocessed,P,0.5882352941176471,0.5899024024024024,0.585386857445681,63.26,0.5,0.1,4,150,0.1,0.1,5.0,0.5,0.8
Preprocessed,P,0.5882352941176471,0.5897292250233427,0.5852034931619707,62.91,0.5,0.1,4,150,0.1,1.0,1.0,0.5,0.6
Preprocessed,P,0.6078431372549019,0.6101190476190476,0.6055672268907563,62.81,0.5,0.1,4,150,0.1,1.0,1.0,0.5,0.7
Preprocessed,P,0.5882352941176471,0.5899024024024024,0.585386857445681,62.8,0.5,0.1,4,150,0.1,1.0,1.0,0.5,0.8
Preprocessed,P,0.5882352941176471,0.5882352941176471,0.5847750865051903,62.43,0.5,0.1,4,150,0.1,1.0,5.0,0.5,0.6
Preprocessed,P,0.5882352941176471,0.5912442396313363,0.5880726484142044,62.72,0.5,0.1,4,150,0.1,1.0,5.0,0.5,0.7
Preprocessed,P,0.5490196078431373,0.5523136773136773,0.5480380112733054,63.25,0.5,0.1,4,150,0.1,1.0,5.0,0.5,0.8
Preprocessed,P,0.5882352941176471,0.5909090909090908,0.5864527629233511,56.09,0.5,0.1,4,150,0.3,0.1,1.0,0.5,0.6
Preprocessed,P,0.5686274509803921,0.5732943569755714,0.5690668903081003,56.29,0.5,0.1,4,150,0.3,0.1,1.0,0.5,0.7
Preprocessed,P,0.6078431372549019,0.6107357357357358,0.6074456809750928,56.52,0.5,0.1,4,150,0.3,0.1,1.0,0.5,0.8
Preprocessed,P,0.5882352941176471,0.5897292250233427,0.5852034931619707,55.98,0.5,0.1,4,150,0.3,0.1,5.0,0.5,0.6
Preprocessed,P,0.5882352941176471,0.5912442396313363,0.5880726484142044,56.23,0.5,0.1,4,150,0.3,0.1,5.0,0.5,0.7
Preprocessed,P,0.5882352941176471,0.5919117647058824,0.5862889273356401,56.79,0.5,0.1,4,150,0.3,0.1,5.0,0.5,0.8
Preprocessed,P,0.5686274509803921,0.5702380952380952,0.5670168067226891,55.77,0.5,0.1,4,150,0.3,1.0,1.0,0.5,0.6
Preprocessed,P,0.6078431372549019,0.6101190476190476,0.6055672268907563,56.01,0.5,0.1,4,150,0.3,1.0,1.0,0.5,0.7
Preprocessed,P,0.6078431372549019,0.611367048867049,0.6068886399768753,56.14,0.5,0.1,4,150,0.3,1.0,1.0,0.5,0.8
Preprocessed,P,0.5686274509803921,0.5702380952380952,0.5670168067226891,56.23,0.5,0.1,4,150,0.3,1.0,5.0,0.5,0.6
Preprocessed,P,0.5882352941176471,0.5912442396313363,0.5880726484142044,56.24,0.5,0.1,4,150,0.3,1.0,5.0,0.5,0.7
Preprocessed,P,0.5490196078431373,0.5523136773136773,0.5480380112733054,56.55,0.5,0.1,4,150,0.3,1.0,5.0,0.5,0.8
Preprocessed,P,0.3333333333333333,0.2714736012608353,0.2874426366291198,7.77,0.6,0.01,2,50,0.1,0.1,1.0,0.5,0.6
Preprocessed,P,0.35294117647058826,0.30959180897981387,0.32220085096462087,7.85,0.6,0.01,2,50,0.1,0.1,1.0,0.5,0.7
Preprocessed,P,0.39215686274509803,0.38376968061178585,0.3875208382948321,7.95,0.6,0.01,2,50,0.1,0.1,1.0,0.5,0.8
Preprocessed,P,0.3137254901960784,0.24612612612612614,0.26060413354531003,7.7,0.6,0.01,2,50,0.1,0.1,5.0,0.5,0.6
Preprocessed,P,0.3137254901960784,0.24444444444444446,0.2588235294117647,7.76,0.6,0.01,2,50,0.1,0.1,5.0,0.5,0.7
Preprocessed,P,0.3137254901960784,0.24780701754385967,0.26238390092879255,7.85,0.6,0.01,2,50,0.1,0.1,5.0,0.5,0.8
Preprocessed,P,0.3333333333333333,0.26535087719298245,0.2809597523219814,7.73,0.6,0.01,2,50,0.1,1.0,1.0,0.5,0.6
Preprocessed,P,0.3333333333333333,0.2709551656920078,0.2868937048503612,7.68,0.6,0.01,2,50,0.1,1.0,1.0,0.5,0.7
Preprocessed,P,0.3137254901960784,0.2492753623188406,0.2639386189258312,7.79,0.6,0.01,2,50,0.1,1.0,1.0,0.5,0.8
Preprocessed,P,0.23529411764705882,0.17864923747276687,0.18915801614763553,7.75,0.6,0.01,2,50,0.1,1.0,5.0,0.5,0.6
Preprocessed,P,0.29411764705882354,0.22799575821845175,0.2414072734077724,7.86,0.6,0.01,2,50,0.1,1.0,5.0,0.5,0.7
Preprocessed,P,0.29411764705882354,0.23014184397163118,0.2436795994993742,7.92,0.6,0.01,2,50,0.1,1.0,5.0,0.5,0.8
Preprocessed,P,0.3333333333333333,0.27180371861222924,0.28779217264824275,7.05,0.6,0.01,2,50,0.3,0.1,1.0,0.5,0.6
Preprocessed,P,0.3333333333333333,0.2717054263565892,0.28768809849521204,6.98,0.6,0.01,2,50,0.3,0.1,1.0,0.5,0.7
Preprocessed,P,0.3333333333333333,0.2915824915824916,0.3021984551396316,6.83,0.6,0.01,2,50,0.3,0.1,1.0,0.5,0.8
Preprocessed,P,0.29411764705882354,0.23014184397163118,0.2436795994993742,6.97,0.6,0.01,2,50,0.3,0.1,5.0,0.5,0.6
Preprocessed,P,0.3137254901960784,0.24444444444444446,0.2588235294117647,7.06,0.6,0.01,2,50,0.3,0.1,5.0,0.5,0.7
Preprocessed,P,0.27450980392156865,0.215270413573701,0.2279333790780363,7.04,0.6,0.01,2,50,0.3,0.1,5.0,0.5,0.8
Preprocessed,P,0.3137254901960784,0.24612612612612614,0.26060413354531003,6.97,0.6,0.01,2,50,0.3,1.0,1.0,0.5,0.6
Preprocessed,P,0.3333333333333333,0.26196928635953026,0.2773792443806791,7.51,0.6,0.01,2,50,0.3,1.0,1.0,0.5,0.7
Preprocessed,P,0.27450980392156865,0.21811594202898552,0.2309462915601023,6.94,0.6,0.01,2,50,0.3,1.0,1.0,0.5,0.8
Preprocessed,P,0.19607843137254902,0.1517094017094017,0.1606334841628959,7.04,0.6,0.01,2,50,0.3,1.0,5.0,0.5,0.6
Preprocessed,P,0.21568627450980393,0.16347517730496453,0.17309136420525656,7.07,0.6,0.01,2,50,0.3,1.0,5.0,0.5,0.7
Preprocessed,P,0.29411764705882354,0.23014184397163118,0.2436795994993742,6.98,0.6,0.01,2,50,0.3,1.0,5.0,0.5,0.8
Preprocessed,P,0.45098039215686275,0.4480046761251926,0.4482141015181778,28.7,0.6,0.01,2,100,0.1,0.1,1.0,0.5,0.6
Preprocessed,P,0.5098039215686274,0.5077663870767319,0.5092374321583247,28.65,0.6,0.01,2,100,0.1,0.1,1.0,0.5,0.7
Preprocessed,P,0.5294117647058824,0.5296296296296297,0.5294117647058824,28.72,0.6,0.01,2,100,0.1,0.1,1.0,0.5,0.8
Preprocessed,P,0.45098039215686275,0.4411308709530324,0.4435503339502696,28.39,0.6,0.01,2,100,0.1,0.1,5.0,0.5,0.6
Preprocessed,P,0.45098039215686275,0.4471306471306471,0.44822236586942465,28.76,0.6,0.01,2,100,0.1,0.1,5.0,0.5,0.7
Preprocessed,P,0.49019607843137253,0.4838624338624338,0.4861811391223155,28.77,0.6,0.01,2,100,0.1,0.1,5.0,0.5,0.8
Preprocessed,P,0.47058823529411764,0.4657042304101127,0.465949275637857,28.61,0.6,0.01,2,100,0.1,1.0,1.0,0.5,0.6
Preprocessed,P,0.45098039215686275,0.4467787114845938,0.44784972812654467,29.05,0.6,0.01,2,100,0.1,1.0,1.0,0.5,0.7
Preprocessed,P,0.49019607843137253,0.48574890680153837,0.488178581057838,28.68,0.6,0.01,2,100,0.1,1.0,1.0,0.5,0.8
Preprocessed,P,0.3333333333333333,0.26730692276910767,0.28303085940258454,28.64,0.6,0.01,2,100,0.1,1.0,5.0,0.5,0.6
Preprocessed,P,0.43137254901960786,0.4149870801033592,0.4197902416780666,28.74,0.6,0.01,2,100,0.1,1.0,5.0,0.5,0.7
Preprocessed,P,0.47058823529411764,0.45944786920396674,0.4638497800621187,28.86,0.6,0.01,2,100,0.1,1.0,5.0,0.5,0.8
Preprocessed,P,0.47058823529411764,0.4657042304101127,0.465949275637857,26.13,0.6,0.01,2,100,0.3,0.1,1.0,0.5,0.6
Preprocessed,P,0.5098039215686274,0.5077663870767319,0.5092374321583247,26.26,0.6,0.01,2,100,0.3,0.1,1.0,0.5,0.7
Preprocessed,P,0.5098039215686274,0.5077663870767319,0.5092374321583247,25.96,0.6,0.01,2,100,0.3,0.1,1.0,0.5,0.8
Preprocessed,P,0.43137254901960786,0.423202614379085,0.4235870818915801,25.9,0.6,0.01,2,100,0.3,0.1,5.0,0.5,0.6
Preprocessed,P,0.47058823529411764,0.4668091168091168,0.4671191553544494,25.98,0.6,0.01,2,100,0.3,0.1,5.0,0.5,0.7
Preprocessed,P,0.45098039215686275,0.443019943019943,0.4464555052790347,26.25,0.6,0.01,2,100,0.3,0.1,5.0,0.5,0.8
Preprocessed,P,0.45098039215686275,0.4411308709530324,0.4435503339502696,26.08,0.6,0.01,2,100,0.3,1.0,1.0,0.5,0.6
Preprocessed,P,0.47058823529411764,0.4668091168091168,0.4671191553544494,26.11,0.6,0.01,2,100,0.3,1.0,1.0,0.5,0.7
Preprocessed,P,0.5098039215686274,0.5028490028490028,0.5062845651080945,26.21,0.6,0.01,2,100,0.3,1.0,1.0,0.5,0.8
Preprocessed,P,0.3137254901960784,0.24769907963185275,0.262269613727844,25.85,0.6,0.01,2,100,0.3,1.0,5.0,0.5,0.6
Preprocessed,P,0.35294117647058826,0.2890499194847021,0.3060528559249787,25.72,0.6,0.01,2,100,0.3,1.0,5.0,0.5,0.7
Preprocessed,P,0.43137254901960786,0.4178568812715154,0.42282885467964376,26.09,0.6,0.01,2,100,0.3,1.0,5.0,0.5,0.8
Preprocessed,P,0.5098039215686274,0.5104011250021436,0.5062691228675449,62.5,0.6,0.01,2,150,0.1,0.1,1.0,0.5,0.6
Preprocessed,P,0.5686274509803921,0.5710784313725491,0.5679065743944637,62.72,0.6,0.01,2,150,0.1,0.1,1.0,0.5,0.7
Preprocessed,P,0.5686274509803921,0.5710784313725491,0.5679065743944637,62.66,0.6,0.01,2,150,0.1,0.1,1.0,0.5,0.8
Preprocessed,P,0.45098039215686275,0.44687291028754444,0.44794946803555125,62.58,0.6,0.01,2,150,0.1,0.1,5.0,0.5,0.6
Preprocessed,P,0.49019607843137253,0.48873908910206554,0.48909088136161905,63.04,0.6,0.01,2,150,0.1,0.1,5.0,0.5,0.7
Preprocessed,P,0.5294117647058824,0.5263157894736842,0.5278637770897833,62.83,0.6,0.01,2,150,0.1,0.1,5.0,0.5,0.8
Preprocessed,P,0.45098039215686275,0.44687291028754444,0.44794946803555125,62.68,0.6,0.01,2,150,0.1,1.0,1.0,0.5,0.6
Preprocessed,P,0.5490196078431373,0.5511904761904761,0.5468487394957983,63.01,0.6,0.01,2,150,0.1,1.0,1.0,0.5,0.7
Preprocessed,P,0.5686274509803921,0.5710784313725491,0.5679065743944637,62.97,0.6,0.01,2,150,0.1,1.0,1.0,0.5,0.8
Preprocessed,P,0.45098039215686275,0.4414141414141414,0.44385026737967914,62.91,0.6,0.01,2,150,0.1,1.0,5.0,0.5,0.6
Preprocessed,P,0.45098039215686275,0.4467787114845938,0.44784972812654467,62.99,0.6,0.01,2,150,0.1,1.0,5.0,0.5,0.7
Preprocessed,P,0.5098039215686274,0.5028490028490028,0.5062845651080945,62.77,0.6,0.01,2,150,0.1,1.0,5.0,0.5,0.8
Preprocessed,P,0.5098039215686274,0.5104011250021436,0.5062691228675449,56.01,0.6,0.01,2,150,0.3,0.1,1.0,0.5,0.6
Preprocessed,P,0.5686274509803921,0.5710784313725491,0.5679065743944637,56.58,0.6,0.01,2,150,0.3,0.1,1.0,0.5,0.7
Preprocessed,P,0.5686274509803921,0.5710784313725491,0.5679065743944637,56.1,0.6,0.01,2,150,0.3,0.1,1.0,0.5,0.8
Preprocessed,P,0.45098039215686275,0.4480046761251926,0.4482141015181778,56.05,0.6,0.01,2,150,0.3,0.1,5.0,0.5,0.6
Preprocessed,P,0.47058823529411764,0.4691146131308403,0.46831202445091,56.42,0.6,0.01,2,150,0.3,0.1,5.0,0.5,0.7
Preprocessed,P,0.5294117647058824,0.5263157894736842,0.5278637770897833,56.61,0.6,0.01,2,150,0.3,0.1,5.0,0.5,0.8
Preprocessed,P,0.47058823529411764,0.46416546416546417,0.4653255241490535,56.12,0.6,0.01,2,150,0.3,1.0,1.0,0.5,0.6
Preprocessed,P,0.49019607843137253,0.48873908910206554,0.48909088136161905,56.34,0.6,0.01,2,150,0.3,1.0,1.0,0.5,0.7
Preprocessed,P,0.5882352941176471,0.5912442396313363,0.5880726484142044,56.49,0.6,0.01,2,150,0.3,1.0,1.0,0.5,0.8
Preprocessed,P,0.45098039215686275,0.4414141414141414,0.44385026737967914,56.32,0.6,0.01,2,150,0.3,1.0,5.0,0.5,0.6
Preprocessed,P,0.47058823529411764,0.4648148148148148,0.4660130718954248,56.67,0.6,0.01,2,150,0.3,1.0,5.0,0.5,0.7
Preprocessed,P,0.5098039215686274,0.5028490028490028,0.5062845651080945,55.97,0.6,0.01,2,150,0.3,1.0,5.0,0.5,0.8
Preprocessed,P,0.3333333333333333,0.2714736012608353,0.2874426366291198,7.68,0.6,0.01,3,50,0.1,0.1,1.0,0.5,0.6
Preprocessed,P,0.35294117647058826,0.30959180897981387,0.32220085096462087,7.87,0.6,0.01,3,50,0.1,0.1,1.0,0.5,0.7
Preprocessed,P,0.39215686274509803,0.38376968061178585,0.3875208382948321,7.86,0.6,0.01,3,50,0.1,0.1,1.0,0.5,0.8
Preprocessed,P,0.3137254901960784,0.24612612612612614,0.26060413354531003,7.79,0.6,0.01,3,50,0.1,0.1,5.0,0.5,0.6
Preprocessed,P,0.3137254901960784,0.24444444444444446,0.2588235294117647,7.8,0.6,0.01,3,50,0.1,0.1,5.0,0.5,0.7
Preprocessed,P,0.3137254901960784,0.24780701754385967,0.26238390092879255,8.01,0.6,0.01,3,50,0.1,0.1,5.0,0.5,0.8
Preprocessed,P,0.3333333333333333,0.26535087719298245,0.2809597523219814,7.75,0.6,0.01,3,50,0.1,1.0,1.0,0.5,0.6
Preprocessed,P,0.3333333333333333,0.2709551656920078,0.2868937048503612,7.82,0.6,0.01,3,50,0.1,1.0,1.0,0.5,0.7
Preprocessed,P,0.29411764705882354,0.23313329696308419,0.24684702031385386,7.89,0.6,0.01,3,50,0.1,1.0,1.0,0.5,0.8
Preprocessed,P,0.23529411764705882,0.17864923747276687,0.18915801614763553,7.68,0.6,0.01,3,50,0.1,1.0,5.0,0.5,0.6
Preprocessed,P,0.29411764705882354,0.22799575821845175,0.2414072734077724,7.69,0.6,0.01,3,50,0.1,1.0,5.0,0.5,0.7
Preprocessed,P,0.29411764705882354,0.23014184397163118,0.2436795994993742,7.93,0.6,0.01,3,50,0.1,1.0,5.0,0.5,0.8
Preprocessed,P,0.3333333333333333,0.27180371861222924,0.28779217264824275,7.1,0.6,0.01,3,50,0.3,0.1,1.0,0.5,0.6
Preprocessed,P,0.3333333333333333,0.2717054263565892,0.28768809849521204,7.0,0.6,0.01,3,50,0.3,0.1,1.0,0.5,0.7
Preprocessed,P,0.3333333333333333,0.2915824915824916,0.3021984551396316,7.41,0.6,0.01,3,50,0.3,0.1,1.0,0.5,0.8
Preprocessed,P,0.29411764705882354,0.23014184397163118,0.2436795994993742,6.98,0.6,0.01,3,50,0.3,0.1,5.0,0.5,0.6
Preprocessed,P,0.3137254901960784,0.24444444444444446,0.2588235294117647,7.15,0.6,0.01,3,50,0.3,0.1,5.0,0.5,0.7
Preprocessed,P,0.27450980392156865,0.215270413573701,0.2279333790780363,7.11,0.6,0.01,3,50,0.3,0.1,5.0,0.5,0.8
Preprocessed,P,0.3137254901960784,0.24612612612612614,0.26060413354531003,7.18,0.6,0.01,3,50,0.3,1.0,1.0,0.5,0.6
Preprocessed,P,0.3333333333333333,0.26196928635953026,0.2773792443806791,7.05,0.6,0.01,3,50,0.3,1.0,1.0,0.5,0.7
Preprocessed,P,0.27450980392156865,0.21811594202898552,0.2309462915601023,7.2,0.6,0.01,3,50,0.3,1.0,1.0,0.5,0.8
Preprocessed,P,0.19607843137254902,0.1517094017094017,0.1606334841628959,7.15,0.6,0.01,3,50,0.3,1.0,5.0,0.5,0.6
Preprocessed,P,0.21568627450980393,0.16347517730496453,0.17309136420525656,7.07,0.6,0.01,3,50,0.3,1.0,5.0,0.5,0.7
Preprocessed,P,0.29411764705882354,0.23014184397163118,0.2436795994993742,7.21,0.6,0.01,3,50,0.3,1.0,5.0,0.5,0.8
Preprocessed,P,0.45098039215686275,0.4480046761251926,0.4482141015181778,28.96,0.6,0.01,3,100,0.1,0.1,1.0,0.5,0.6
Preprocessed,P,0.5098039215686274,0.5077663870767319,0.5092374321583247,29.04,0.6,0.01,3,100,0.1,0.1,1.0,0.5,0.7
Preprocessed,P,0.5294117647058824,0.5296296296296297,0.5294117647058824,29.02,0.6,0.01,3,100,0.1,0.1,1.0,0.5,0.8
Preprocessed,P,0.45098039215686275,0.4411308709530324,0.4435503339502696,28.79,0.6,0.01,3,100,0.1,0.1,5.0,0.5,0.6
Preprocessed,P,0.45098039215686275,0.4471306471306471,0.44822236586942465,28.87,0.6,0.01,3,100,0.1,0.1,5.0,0.5,0.7
Preprocessed,P,0.49019607843137253,0.4838624338624338,0.4861811391223155,29.21,0.6,0.01,3,100,0.1,0.1,5.0,0.5,0.8
Preprocessed,P,0.47058823529411764,0.4657042304101127,0.465949275637857,29.03,0.6,0.01,3,100,0.1,1.0,1.0,0.5,0.6
Preprocessed,P,0.45098039215686275,0.4467787114845938,0.44784972812654467,28.62,0.6,0.01,3,100,0.1,1.0,1.0,0.5,0.7
Preprocessed,P,0.49019607843137253,0.48574890680153837,0.488178581057838,29.44,0.6,0.01,3,100,0.1,1.0,1.0,0.5,0.8
Preprocessed,P,0.3333333333333333,0.26730692276910767,0.28303085940258454,28.67,0.6,0.01,3,100,0.1,1.0,5.0,0.5,0.6
Preprocessed,P,0.43137254901960786,0.4149870801033592,0.4197902416780666,29.01,0.6,0.01,3,100,0.1,1.0,5.0,0.5,0.7
Preprocessed,P,0.47058823529411764,0.45944786920396674,0.4638497800621187,29.11,0.6,0.01,3,100,0.1,1.0,5.0,0.5,0.8
Preprocessed,P,0.47058823529411764,0.4657042304101127,0.465949275637857,26.05,0.6,0.01,3,100,0.3,0.1,1.0,0.5,0.6
Preprocessed,P,0.5098039215686274,0.5077663870767319,0.5092374321583247,26.14,0.6,0.01,3,100,0.3,0.1,1.0,0.5,0.7
Preprocessed,P,0.5098039215686274,0.5077663870767319,0.5092374321583247,26.61,0.6,0.01,3,100,0.3,0.1,1.0,0.5,0.8
Preprocessed,P,0.43137254901960786,0.423202614379085,0.4235870818915801,26.0,0.6,0.01,3,100,0.3,0.1,5.0,0.5,0.6
Preprocessed,P,0.47058823529411764,0.4668091168091168,0.4671191553544494,26.37,0.6,0.01,3,100,0.3,0.1,5.0,0.5,0.7
Preprocessed,P,0.45098039215686275,0.443019943019943,0.4464555052790347,26.51,0.6,0.01,3,100,0.3,0.1,5.0,0.5,0.8
Preprocessed,P,0.45098039215686275,0.4411308709530324,0.4435503339502696,26.01,0.6,0.01,3,100,0.3,1.0,1.0,0.5,0.6
Preprocessed,P,0.47058823529411764,0.4668091168091168,0.4671191553544494,26.14,0.6,0.01,3,100,0.3,1.0,1.0,0.5,0.7
Preprocessed,P,0.5098039215686274,0.5028490028490028,0.5062845651080945,26.56,0.6,0.01,3,100,0.3,1.0,1.0,0.5,0.8
Preprocessed,P,0.3137254901960784,0.24769907963185275,0.262269613727844,26.19,0.6,0.01,3,100,0.3,1.0,5.0,0.5,0.6
Preprocessed,P,0.35294117647058826,0.2890499194847021,0.3060528559249787,26.15,0.6,0.01,3,100,0.3,1.0,5.0,0.5,0.7
Preprocessed,P,0.43137254901960786,0.4178568812715154,0.42282885467964376,26.7,0.6,0.01,3,100,0.3,1.0,5.0,0.5,0.8
Preprocessed,P,0.5098039215686274,0.5104011250021436,0.5062691228675449,62.42,0.6,0.01,3,150,0.1,0.1,1.0,0.5,0.6
Preprocessed,P,0.5686274509803921,0.5710784313725491,0.5679065743944637,62.88,0.6,0.01,3,150,0.1,0.1,1.0,0.5,0.7
Preprocessed,P,0.5686274509803921,0.5710784313725491,0.5679065743944637,63.53,0.6,0.01,3,150,0.1,0.1,1.0,0.5,0.8
Preprocessed,P,0.45098039215686275,0.44687291028754444,0.44794946803555125,62.89,0.6,0.01,3,150,0.1,0.1,5.0,0.5,0.6
Preprocessed,P,0.49019607843137253,0.48873908910206554,0.48909088136161905,62.72,0.6,0.01,3,150,0.1,0.1,5.0,0.5,0.7
Preprocessed,P,0.5294117647058824,0.5263157894736842,0.5278637770897833,63.55,0.6,0.01,3,150,0.1,0.1,5.0,0.5,0.8
Preprocessed,P,0.45098039215686275,0.44687291028754444,0.44794946803555125,62.53,0.6,0.01,3,150,0.1,1.0,1.0,0.5,0.6
Preprocessed,P,0.5490196078431373,0.5511904761904761,0.5468487394957983,63.02,0.6,0.01,3,150,0.1,1.0,1.0,0.5,0.7
Preprocessed,P,0.5686274509803921,0.5710784313725491,0.5679065743944637,63.39,0.6,0.01,3,150,0.1,1.0,1.0,0.5,0.8
Preprocessed,P,0.45098039215686275,0.4414141414141414,0.44385026737967914,62.42,0.6,0.01,3,150,0.1,1.0,5.0,0.5,0.6
Preprocessed,P,0.45098039215686275,0.4467787114845938,0.44784972812654467,63.07,0.6,0.01,3,150,0.1,1.0,5.0,0.5,0.7
Preprocessed,P,0.5098039215686274,0.5028490028490028,0.5062845651080945,63.41,0.6,0.01,3,150,0.1,1.0,5.0,0.5,0.8
Preprocessed,P,0.5098039215686274,0.5104011250021436,0.5062691228675449,56.01,0.6,0.01,3,150,0.3,0.1,1.0,0.5,0.6
Preprocessed,P,0.5686274509803921,0.5710784313725491,0.5679065743944637,56.59,0.6,0.01,3,150,0.3,0.1,1.0,0.5,0.7
Preprocessed,P,0.5686274509803921,0.5710784313725491,0.5679065743944637,56.7,0.6,0.01,3,150,0.3,0.1,1.0,0.5,0.8
Preprocessed,P,0.45098039215686275,0.4480046761251926,0.4482141015181778,56.0,0.6,0.01,3,150,0.3,0.1,5.0,0.5,0.6
Preprocessed,P,0.47058823529411764,0.4691146131308403,0.46831202445091,56.4,0.6,0.01,3,150,0.3,0.1,5.0,0.5,0.7
Preprocessed,P,0.5294117647058824,0.5263157894736842,0.5278637770897833,56.82,0.6,0.01,3,150,0.3,0.1,5.0,0.5,0.8
Preprocessed,P,0.47058823529411764,0.46416546416546417,0.4653255241490535,56.18,0.6,0.01,3,150,0.3,1.0,1.0,0.5,0.6
Preprocessed,P,0.49019607843137253,0.48873908910206554,0.48909088136161905,56.81,0.6,0.01,3,150,0.3,1.0,1.0,0.5,0.7
Preprocessed,P,0.5882352941176471,0.5912442396313363,0.5880726484142044,56.67,0.6,0.01,3,150,0.3,1.0,1.0,0.5,0.8
Preprocessed,P,0.45098039215686275,0.4414141414141414,0.44385026737967914,56.25,0.6,0.01,3,150,0.3,1.0,5.0,0.5,0.6
Preprocessed,P,0.47058823529411764,0.4648148148148148,0.4660130718954248,56.2,0.6,0.01,3,150,0.3,1.0,5.0,0.5,0.7
Preprocessed,P,0.5098039215686274,0.5028490028490028,0.5062845651080945,56.17,0.6,0.01,3,150,0.3,1.0,5.0,0.5,0.8
Preprocessed,P,0.3333333333333333,0.2714736012608353,0.2874426366291198,7.65,0.6,0.01,4,50,0.1,0.1,1.0,0.5,0.6
Preprocessed,P,0.35294117647058826,0.30959180897981387,0.32220085096462087,7.98,0.6,0.01,4,50,0.1,0.1,1.0,0.5,0.7
Preprocessed,P,0.39215686274509803,0.38376968061178585,0.3875208382948321,7.91,0.6,0.01,4,50,0.1,0.1,1.0,0.5,0.8
Preprocessed,P,0.3137254901960784,0.24612612612612614,0.26060413354531003,7.75,0.6,0.01,4,50,0.1,0.1,5.0,0.5,0.6
Preprocessed,P,0.3137254901960784,0.24444444444444446,0.2588235294117647,7.84,0.6,0.01,4,50,0.1,0.1,5.0,0.5,0.7
Preprocessed,P,0.3137254901960784,0.24780701754385967,0.26238390092879255,7.9,0.6,0.01,4,50,0.1,0.1,5.0,0.5,0.8
Preprocessed,P,0.3333333333333333,0.26535087719298245,0.2809597523219814,7.53,0.6,0.01,4,50,0.1,1.0,1.0,0.5,0.6
Preprocessed,P,0.3333333333333333,0.2709551656920078,0.2868937048503612,7.83,0.6,0.01,4,50,0.1,1.0,1.0,0.5,0.7
Preprocessed,P,0.29411764705882354,0.23313329696308419,0.24684702031385386,7.78,0.6,0.01,4,50,0.1,1.0,1.0,0.5,0.8
Preprocessed,P,0.23529411764705882,0.17864923747276687,0.18915801614763553,7.65,0.6,0.01,4,50,0.1,1.0,5.0,0.5,0.6
Preprocessed,P,0.29411764705882354,0.22799575821845175,0.2414072734077724,7.67,0.6,0.01,4,50,0.1,1.0,5.0,0.5,0.7
Preprocessed,P,0.29411764705882354,0.23014184397163118,0.2436795994993742,7.85,0.6,0.01,4,50,0.1,1.0,5.0,0.5,0.8
Preprocessed,P,0.3333333333333333,0.27180371861222924,0.28779217264824275,6.98,0.6,0.01,4,50,0.3,0.1,1.0,0.5,0.6
Preprocessed,P,0.3333333333333333,0.2717054263565892,0.28768809849521204,6.99,0.6,0.01,4,50,0.3,0.1,1.0,0.5,0.7
Preprocessed,P,0.3333333333333333,0.2915824915824916,0.3021984551396316,7.07,0.6,0.01,4,50,0.3,0.1,1.0,0.5,0.8
Preprocessed,P,0.29411764705882354,0.23014184397163118,0.2436795994993742,6.91,0.6,0.01,4,50,0.3,0.1,5.0,0.5,0.6
Preprocessed,P,0.3137254901960784,0.24444444444444446,0.2588235294117647,7.17,0.6,0.01,4,50,0.3,0.1,5.0,0.5,0.7
Preprocessed,P,0.27450980392156865,0.215270413573701,0.2279333790780363,7.14,0.6,0.01,4,50,0.3,0.1,5.0,0.5,0.8
Preprocessed,P,0.3137254901960784,0.24612612612612614,0.26060413354531003,7.0,0.6,0.01,4,50,0.3,1.0,1.0,0.5,0.6
Preprocessed,P,0.3333333333333333,0.26196928635953026,0.2773792443806791,7.1,0.6,0.01,4,50,0.3,1.0,1.0,0.5,0.7
Preprocessed,P,0.27450980392156865,0.21811594202898552,0.2309462915601023,7.05,0.6,0.01,4,50,0.3,1.0,1.0,0.5,0.8
Preprocessed,P,0.19607843137254902,0.1517094017094017,0.1606334841628959,7.08,0.6,0.01,4,50,0.3,1.0,5.0,0.5,0.6
Preprocessed,P,0.21568627450980393,0.16347517730496453,0.17309136420525656,7.09,0.6,0.01,4,50,0.3,1.0,5.0,0.5,0.7
Preprocessed,P,0.29411764705882354,0.23014184397163118,0.2436795994993742,7.05,0.6,0.01,4,50,0.3,1.0,5.0,0.5,0.8
Preprocessed,P,0.45098039215686275,0.4480046761251926,0.4482141015181778,28.85,0.6,0.01,4,100,0.1,0.1,1.0,0.5,0.6
Preprocessed,P,0.5098039215686274,0.5077663870767319,0.5092374321583247,28.72,0.6,0.01,4,100,0.1,0.1,1.0,0.5,0.7
Preprocessed,P,0.5294117647058824,0.5296296296296297,0.5294117647058824,29.25,0.6,0.01,4,100,0.1,0.1,1.0,0.5,0.8
Preprocessed,P,0.45098039215686275,0.4411308709530324,0.4435503339502696,28.57,0.6,0.01,4,100,0.1,0.1,5.0,0.5,0.6
Preprocessed,P,0.45098039215686275,0.4471306471306471,0.44822236586942465,28.73,0.6,0.01,4,100,0.1,0.1,5.0,0.5,0.7
Preprocessed,P,0.49019607843137253,0.4838624338624338,0.4861811391223155,28.97,0.6,0.01,4,100,0.1,0.1,5.0,0.5,0.8
Preprocessed,P,0.47058823529411764,0.4657042304101127,0.465949275637857,28.8,0.6,0.01,4,100,0.1,1.0,1.0,0.5,0.6
Preprocessed,P,0.45098039215686275,0.4467787114845938,0.44784972812654467,28.92,0.6,0.01,4,100,0.1,1.0,1.0,0.5,0.7
Preprocessed,P,0.49019607843137253,0.48574890680153837,0.488178581057838,29.14,0.6,0.01,4,100,0.1,1.0,1.0,0.5,0.8
Preprocessed,P,0.3333333333333333,0.26730692276910767,0.28303085940258454,28.73,0.6,0.01,4,100,0.1,1.0,5.0,0.5,0.6
Preprocessed,P,0.43137254901960786,0.4149870801033592,0.4197902416780666,28.91,0.6,0.01,4,100,0.1,1.0,5.0,0.5,0.7
Preprocessed,P,0.47058823529411764,0.45944786920396674,0.4638497800621187,29.09,0.6,0.01,4,100,0.1,1.0,5.0,0.5,0.8
Preprocessed,P,0.47058823529411764,0.4657042304101127,0.465949275637857,25.85,0.6,0.01,4,100,0.3,0.1,1.0,0.5,0.6
Preprocessed,P,0.5098039215686274,0.5077663870767319,0.5092374321583247,26.23,0.6,0.01,4,100,0.3,0.1,1.0,0.5,0.7
Preprocessed,P,0.5098039215686274,0.5077663870767319,0.5092374321583247,26.08,0.6,0.01,4,100,0.3,0.1,1.0,0.5,0.8
Preprocessed,P,0.43137254901960786,0.423202614379085,0.4235870818915801,27.08,0.6,0.01,4,100,0.3,0.1,5.0,0.5,0.6
Preprocessed,P,0.47058823529411764,0.4668091168091168,0.4671191553544494,26.07,0.6,0.01,4,100,0.3,0.1,5.0,0.5,0.7
Preprocessed,P,0.45098039215686275,0.443019943019943,0.4464555052790347,26.35,0.6,0.01,4,100,0.3,0.1,5.0,0.5,0.8
Preprocessed,P,0.45098039215686275,0.4411308709530324,0.4435503339502696,25.81,0.6,0.01,4,100,0.3,1.0,1.0,0.5,0.6
Preprocessed,P,0.47058823529411764,0.4668091168091168,0.4671191553544494,26.15,0.6,0.01,4,100,0.3,1.0,1.0,0.5,0.7
Preprocessed,P,0.5098039215686274,0.5028490028490028,0.5062845651080945,26.55,0.6,0.01,4,100,0.3,1.0,1.0,0.5,0.8
Preprocessed,P,0.3137254901960784,0.24769907963185275,0.262269613727844,25.85,0.6,0.01,4,100,0.3,1.0,5.0,0.5,0.6
Preprocessed,P,0.35294117647058826,0.2890499194847021,0.3060528559249787,26.1,0.6,0.01,4,100,0.3,1.0,5.0,0.5,0.7
Preprocessed,P,0.43137254901960786,0.4178568812715154,0.42282885467964376,26.25,0.6,0.01,4,100,0.3,1.0,5.0,0.5,0.8
Preprocessed,P,0.5098039215686274,0.5104011250021436,0.5062691228675449,62.67,0.6,0.01,4,150,0.1,0.1,1.0,0.5,0.6
Preprocessed,P,0.5686274509803921,0.5710784313725491,0.5679065743944637,62.81,0.6,0.01,4,150,0.1,0.1,1.0,0.5,0.7
Preprocessed,P,0.5686274509803921,0.5710784313725491,0.5679065743944637,62.92,0.6,0.01,4,150,0.1,0.1,1.0,0.5,0.8
Preprocessed,P,0.45098039215686275,0.44687291028754444,0.44794946803555125,62.34,0.6,0.01,4,150,0.1,0.1,5.0,0.5,0.6
Preprocessed,P,0.49019607843137253,0.48873908910206554,0.48909088136161905,62.91,0.6,0.01,4,150,0.1,0.1,5.0,0.5,0.7
Preprocessed,P,0.5294117647058824,0.5263157894736842,0.5278637770897833,63.21,0.6,0.01,4,150,0.1,0.1,5.0,0.5,0.8
Preprocessed,P,0.45098039215686275,0.44687291028754444,0.44794946803555125,62.5,0.6,0.01,4,150,0.1,1.0,1.0,0.5,0.6
Preprocessed,P,0.5490196078431373,0.5511904761904761,0.5468487394957983,63.06,0.6,0.01,4,150,0.1,1.0,1.0,0.5,0.7
Preprocessed,P,0.5686274509803921,0.5710784313725491,0.5679065743944637,62.92,0.6,0.01,4,150,0.1,1.0,1.0,0.5,0.8
Preprocessed,P,0.45098039215686275,0.4414141414141414,0.44385026737967914,62.49,0.6,0.01,4,150,0.1,1.0,5.0,0.5,0.6
Preprocessed,P,0.45098039215686275,0.4467787114845938,0.44784972812654467,63.04,0.6,0.01,4,150,0.1,1.0,5.0,0.5,0.7
Preprocessed,P,0.5098039215686274,0.5028490028490028,0.5062845651080945,63.02,0.6,0.01,4,150,0.1,1.0,5.0,0.5,0.8
Preprocessed,P,0.5098039215686274,0.5104011250021436,0.5062691228675449,56.03,0.6,0.01,4,150,0.3,0.1,1.0,0.5,0.6
Preprocessed,P,0.5686274509803921,0.5710784313725491,0.5679065743944637,56.42,0.6,0.01,4,150,0.3,0.1,1.0,0.5,0.7
Preprocessed,P,0.5686274509803921,0.5710784313725491,0.5679065743944637,56.49,0.6,0.01,4,150,0.3,0.1,1.0,0.5,0.8
Preprocessed,P,0.45098039215686275,0.4480046761251926,0.4482141015181778,55.75,0.6,0.01,4,150,0.3,0.1,5.0,0.5,0.6
Preprocessed,P,0.47058823529411764,0.4691146131308403,0.46831202445091,56.53,0.6,0.01,4,150,0.3,0.1,5.0,0.5,0.7
Preprocessed,P,0.5294117647058824,0.5263157894736842,0.5278637770897833,56.58,0.6,0.01,4,150,0.3,0.1,5.0,0.5,0.8
Preprocessed,P,0.47058823529411764,0.46416546416546417,0.4653255241490535,56.09,0.6,0.01,4,150,0.3,1.0,1.0,0.5,0.6
Preprocessed,P,0.49019607843137253,0.48873908910206554,0.48909088136161905,56.63,0.6,0.01,4,150,0.3,1.0,1.0,0.5,0.7
Preprocessed,P,0.5882352941176471,0.5912442396313363,0.5880726484142044,56.72,0.6,0.01,4,150,0.3,1.0,1.0,0.5,0.8
Preprocessed,P,0.45098039215686275,0.4414141414141414,0.44385026737967914,56.2,0.6,0.01,4,150,0.3,1.0,5.0,0.5,0.6
Preprocessed,P,0.47058823529411764,0.4648148148148148,0.4660130718954248,56.6,0.6,0.01,4,150,0.3,1.0,5.0,0.5,0.7
Preprocessed,P,0.5098039215686274,0.5028490028490028,0.5062845651080945,56.59,0.6,0.01,4,150,0.3,1.0,5.0,0.5,0.8
Preprocessed,P,0.49019607843137253,0.48888888888888893,0.49019607843137253,7.78,0.6,0.05,2,50,0.1,0.1,1.0,0.5,0.6
Preprocessed,P,0.5490196078431373,0.5504795857737035,0.5472101139921209,7.77,0.6,0.05,2,50,0.1,0.1,1.0,0.5,0.7
Preprocessed,P,0.5490196078431373,0.5505050505050505,0.5472370766488414,7.83,0.6,0.05,2,50,0.1,0.1,1.0,0.5,0.8
Preprocessed,P,0.47058823529411764,0.4662138627655869,0.4692974368430758,7.68,0.6,0.05,2,50,0.1,0.1,5.0,0.5,0.6
Preprocessed,P,0.5490196078431373,0.5504795857737035,0.5472101139921209,7.6,0.6,0.05,2,50,0.1,0.1,5.0,0.5,0.7
Preprocessed,P,0.5490196078431373,0.5505050505050505,0.5472370766488414,7.89,0.6,0.05,2,50,0.1,0.1,5.0,0.5,0.8
Preprocessed,P,0.47058823529411764,0.4671993271656854,0.47034086973729783,7.76,0.6,0.05,2,50,0.1,1.0,1.0,0.5,0.6
Preprocessed,P,0.5490196078431373,0.5504795857737035,0.5472101139921209,7.7,0.6,0.05,2,50,0.1,1.0,1.0,0.5,0.7
Preprocessed,P,0.5490196078431373,0.5505050505050505,0.5472370766488414,7.77,0.6,0.05,2,50,0.1,1.0,1.0,0.5,0.8
Preprocessed,P,0.47058823529411764,0.46707493048956467,0.469339842367102,7.74,0.6,0.05,2,50,0.1,1.0,5.0,0.5,0.6
Preprocessed,P,0.45098039215686275,0.4461261073837139,0.4480280487916808,7.65,0.6,0.05,2,50,0.1,1.0,5.0,0.5,0.7
Preprocessed,P,0.5490196078431373,0.5523136773136773,0.5480380112733054,7.78,0.6,0.05,2,50,0.1,1.0,5.0,0.5,0.8
Preprocessed,P,0.49019607843137253,0.48920236851271337,0.489581412502305,6.95,0.6,0.05,2,50,0.3,0.1,1.0,0.5,0.6
Preprocessed,P,0.5490196078431373,0.5504795857737035,0.5472101139921209,7.07,0.6,0.05,2,50,0.3,0.1,1.0,0.5,0.7
Preprocessed,P,0.5490196078431373,0.5505050505050505,0.5472370766488414,6.91,0.6,0.05,2,50,0.3,0.1,1.0,0.5,0.8
Preprocessed,P,0.49019607843137253,0.48920236851271337,0.489581412502305,7.0,0.6,0.05,2,50,0.3,0.1,5.0,0.5,0.6
Preprocessed,P,0.5294117647058824,0.5297512944571768,0.5252625114216809,7.06,0.6,0.05,2,50,0.3,0.1,5.0,0.5,0.7
Preprocessed,P,0.5490196078431373,0.5523136773136773,0.5480380112733054,6.88,0.6,0.05,2,50,0.3,0.1,5.0,0.5,0.8
Preprocessed,P,0.47058823529411764,0.46707493048956467,0.469339842367102,6.92,0.6,0.05,2,50,0.3,1.0,1.0,0.5,0.6
Preprocessed,P,0.5490196078431373,0.5504795857737035,0.5472101139921209,6.9,0.6,0.05,2,50,0.3,1.0,1.0,0.5,0.7
Preprocessed,P,0.5490196078431373,0.5523136773136773,0.5480380112733054,7.0,0.6,0.05,2,50,0.3,1.0,1.0,0.5,0.8
Preprocessed,P,0.47058823529411764,0.46707493048956467,0.469339842367102,7.03,0.6,0.05,2,50,0.3,1.0,5.0,0.5,0.6
Preprocessed,P,0.43137254901960786,0.4258098223615465,0.42651668817997423,6.91,0.6,0.05,2,50,0.3,1.0,5.0,0.5,0.7
Preprocessed,P,0.5490196078431373,0.5523136773136773,0.5480380112733054,6.86,0.6,0.05,2,50,0.3,1.0,5.0,0.5,0.8
Preprocessed,P,0.5686274509803921,0.5702380952380952,0.5670168067226891,28.5,0.6,0.05,2,100,0.1,0.1,1.0,0.5,0.6
Preprocessed,P,0.5882352941176471,0.5897292250233427,0.5852034931619707,28.48,0.6,0.05,2,100,0.1,0.1,1.0,0.5,0.7
Preprocessed,P,0.5686274509803921,0.5710784313725491,0.5679065743944637,28.82,0.6,0.05,2,100,0.1,0.1,1.0,0.5,0.8
Preprocessed,P,0.5686274509803921,0.5702380952380952,0.5670168067226891,28.56,0.6,0.05,2,100,0.1,0.1,5.0,0.5,0.6
Preprocessed,P,0.5686274509803921,0.5710784313725491,0.5679065743944637,28.68,0.6,0.05,2,100,0.1,0.1,5.0,0.5,0.7
Preprocessed,P,0.5686274509803921,0.5695272048213225,0.5673781812190117,28.73,0.6,0.05,2,100,0.1,0.1,5.0,0.5,0.8
Preprocessed,P,0.5686274509803921,0.5702380952380952,0.5670168067226891,28.77,0.6,0.05,2,100,0.1,1.0,1.0,0.5,0.6
Preprocessed,P,0.5686274509803921,0.5710784313725491,0.5679065743944637,28.43,0.6,0.05,2,100,0.1,1.0,1.0,0.5,0.7
Preprocessed,P,0.5686274509803921,0.5695272048213225,0.5673781812190117,28.61,0.6,0.05,2,100,0.1,1.0,1.0,0.5,0.8
Preprocessed,P,0.5882352941176471,0.5901860385731353,0.5869522002349327,28.59,0.6,0.05,2,100,0.1,1.0,5.0,0.5,0.6
Preprocessed,P,0.5686274509803921,0.5710784313725491,0.5679065743944637,29.0,0.6,0.05,2,100,0.1,1.0,5.0,0.5,0.7
Preprocessed,P,0.5686274509803921,0.5695272048213225,0.5673781812190117,28.81,0.6,0.05,2,100,0.1,1.0,5.0,0.5,0.8
Preprocessed,P,0.5686274509803921,0.5702380952380952,0.5670168067226891,26.27,0.6,0.05,2,100,0.3,0.1,1.0,0.5,0.6
Preprocessed,P,0.5882352941176471,0.5912442396313363,0.5880726484142044,26.37,0.6,0.05,2,100,0.3,0.1,1.0,0.5,0.7
Preprocessed,P,0.5490196078431373,0.5523136773136773,0.5480380112733054,25.96,0.6,0.05,2,100,0.3,0.1,1.0,0.5,0.8
Preprocessed,P,0.5490196078431373,0.5503812636165577,0.5459919261822376,26.16,0.6,0.05,2,100,0.3,0.1,5.0,0.5,0.6
Preprocessed,P,0.5686274509803921,0.5702380952380952,0.5670168067226891,26.24,0.6,0.05,2,100,0.3,0.1,5.0,0.5,0.7
Preprocessed,P,0.5686274509803921,0.5695272048213225,0.5673781812190117,26.1,0.6,0.05,2,100,0.3,0.1,5.0,0.5,0.8
Preprocessed,P,0.5490196078431373,0.5503812636165577,0.5459919261822376,25.67,0.6,0.05,2,100,0.3,1.0,1.0,0.5,0.6
Preprocessed,P,0.5686274509803921,0.5710784313725491,0.5679065743944637,25.97,0.6,0.05,2,100,0.3,1.0,1.0,0.5,0.7
Preprocessed,P,0.5490196078431373,0.5516823641823642,0.5484836440718794,25.99,0.6,0.05,2,100,0.3,1.0,1.0,0.5,0.8
Preprocessed,P,0.5490196078431373,0.5503812636165577,0.5459919261822376,26.99,0.6,0.05,2,100,0.3,1.0,5.0,0.5,0.6
Preprocessed,P,0.5686274509803921,0.5702380952380952,0.5670168067226891,26.52,0.6,0.05,2,100,0.3,1.0,5.0,0.5,0.7
Preprocessed,P,0.5686274509803921,0.5710784313725491,0.5679065743944637,26.49,0.6,0.05,2,100,0.3,1.0,5.0,0.5,0.8
Preprocessed,P,0.5882352941176471,0.5897292250233427,0.5852034931619707,63.61,0.6,0.05,2,150,0.1,0.1,1.0,0.5,0.6
Preprocessed,P,0.5882352941176471,0.5912442396313363,0.5880726484142044,63.56,0.6,0.05,2,150,0.1,0.1,1.0,0.5,0.7
Preprocessed,P,0.5882352941176471,0.5912442396313363,0.5880726484142044,63.96,0.6,0.05,2,150,0.1,0.1,1.0,0.5,0.8
Preprocessed,P,0.5882352941176471,0.5882352941176471,0.5847750865051903,63.58,0.6,0.05,2,150,0.1,0.1,5.0,0.5,0.6
Preprocessed,P,0.5882352941176471,0.5912442396313363,0.5880726484142044,63.77,0.6,0.05,2,150,0.1,0.1,5.0,0.5,0.7
Preprocessed,P,0.5686274509803921,0.5695272048213225,0.5673781812190117,63.79,0.6,0.05,2,150,0.1,0.1,5.0,0.5,0.8
Preprocessed,P,0.5882352941176471,0.5882352941176471,0.5847750865051903,63.56,0.6,0.05,2,150,0.1,1.0,1.0,0.5,0.6
Preprocessed,P,0.5882352941176471,0.5912442396313363,0.5880726484142044,63.56,0.6,0.05,2,150,0.1,1.0,1.0,0.5,0.7
Preprocessed,P,0.5686274509803921,0.5710784313725491,0.5679065743944637,62.63,0.6,0.05,2,150,0.1,1.0,1.0,0.5,0.8
Preprocessed,P,0.5882352941176471,0.5885076252723311,0.586361014994233,62.52,0.6,0.05,2,150,0.1,1.0,5.0,0.5,0.6
Preprocessed,P,0.5882352941176471,0.5912442396313363,0.5880726484142044,62.73,0.6,0.05,2,150,0.1,1.0,5.0,0.5,0.7
Preprocessed,P,0.5686274509803921,0.5695272048213225,0.5673781812190117,63.11,0.6,0.05,2,150,0.1,1.0,5.0,0.5,0.8
Preprocessed,P,0.5882352941176471,0.5897292250233427,0.5852034931619707,55.74,0.6,0.05,2,150,0.3,0.1,1.0,0.5,0.6
Preprocessed,P,0.5882352941176471,0.5912442396313363,0.5880726484142044,56.05,0.6,0.05,2,150,0.3,0.1,1.0,0.5,0.7
Preprocessed,P,0.5686274509803921,0.5732943569755714,0.5690668903081003,56.34,0.6,0.05,2,150,0.3,0.1,1.0,0.5,0.8
Preprocessed,P,0.5882352941176471,0.5897292250233427,0.5852034931619707,55.92,0.6,0.05,2,150,0.3,0.1,5.0,0.5,0.6
Preprocessed,P,0.5882352941176471,0.5912442396313363,0.5880726484142044,56.1,0.6,0.05,2,150,0.3,0.1,5.0,0.5,0.7
Preprocessed,P,0.5686274509803921,0.5710784313725491,0.5679065743944637,56.56,0.6,0.05,2,150,0.3,0.1,5.0,0.5,0.8
Preprocessed,P,0.5882352941176471,0.5897292250233427,0.5852034931619707,56.38,0.6,0.05,2,150,0.3,1.0,1.0,0.5,0.6
Preprocessed,P,0.5882352941176471,0.5912442396313363,0.5880726484142044,56.39,0.6,0.05,2,150,0.3,1.0,1.0,0.5,0.7
Preprocessed,P,0.5686274509803921,0.5710784313725491,0.5679065743944637,56.67,0.6,0.05,2,150,0.3,1.0,1.0,0.5,0.8
Preprocessed,P,0.5686274509803921,0.5690235690235691,0.5668449197860962,56.53,0.6,0.05,2,150,0.3,1.0,5.0,0.5,0.6
Preprocessed,P,0.5686274509803921,0.5710784313725491,0.5679065743944637,56.7,0.6,0.05,2,150,0.3,1.0,5.0,0.5,0.7
Preprocessed,P,0.5686274509803921,0.5710784313725491,0.5679065743944637,56.03,0.6,0.05,2,150,0.3,1.0,5.0,0.5,0.8
Preprocessed,P,0.49019607843137253,0.48888888888888893,0.49019607843137253,7.8,0.6,0.05,3,50,0.1,0.1,1.0,0.5,0.6
Preprocessed,P,0.5490196078431373,0.5504795857737035,0.5472101139921209,7.97,0.6,0.05,3,50,0.1,0.1,1.0,0.5,0.7
Preprocessed,P,0.5490196078431373,0.5505050505050505,0.5472370766488414,8.02,0.6,0.05,3,50,0.1,0.1,1.0,0.5,0.8
Preprocessed,P,0.47058823529411764,0.4662138627655869,0.4692974368430758,7.71,0.6,0.05,3,50,0.1,0.1,5.0,0.5,0.6
Preprocessed,P,0.5490196078431373,0.5504795857737035,0.5472101139921209,7.87,0.6,0.05,3,50,0.1,0.1,5.0,0.5,0.7
Preprocessed,P,0.5490196078431373,0.5505050505050505,0.5472370766488414,7.98,0.6,0.05,3,50,0.1,0.1,5.0,0.5,0.8
Preprocessed,P,0.47058823529411764,0.4671993271656854,0.47034086973729783,7.75,0.6,0.05,3,50,0.1,1.0,1.0,0.5,0.6
Preprocessed,P,0.5490196078431373,0.5504795857737035,0.5472101139921209,7.73,0.6,0.05,3,50,0.1,1.0,1.0,0.5,0.7
Preprocessed,P,0.5490196078431373,0.5505050505050505,0.5472370766488414,7.94,0.6,0.05,3,50,0.1,1.0,1.0,0.5,0.8
Preprocessed,P,0.47058823529411764,0.46707493048956467,0.469339842367102,7.72,0.6,0.05,3,50,0.1,1.0,5.0,0.5,0.6
Preprocessed,P,0.45098039215686275,0.4461261073837139,0.4480280487916808,7.85,0.6,0.05,3,50,0.1,1.0,5.0,0.5,0.7
Preprocessed,P,0.5490196078431373,0.5523136773136773,0.5480380112733054,7.86,0.6,0.05,3,50,0.1,1.0,5.0,0.5,0.8
Preprocessed,P,0.49019607843137253,0.48920236851271337,0.489581412502305,6.99,0.6,0.05,3,50,0.3,0.1,1.0,0.5,0.6
Preprocessed,P,0.5490196078431373,0.5504795857737035,0.5472101139921209,7.07,0.6,0.05,3,50,0.3,0.1,1.0,0.5,0.7
Preprocessed,P,0.5490196078431373,0.5505050505050505,0.5472370766488414,7.33,0.6,0.05,3,50,0.3,0.1,1.0,0.5,0.8
Preprocessed,P,0.49019607843137253,0.48920236851271337,0.489581412502305,7.08,0.6,0.05,3,50,0.3,0.1,5.0,0.5,0.6
Preprocessed,P,0.5294117647058824,0.5297512944571768,0.5252625114216809,7.07,0.6,0.05,3,50,0.3,0.1,5.0,0.5,0.7
Preprocessed,P,0.5490196078431373,0.5523136773136773,0.5480380112733054,7.29,0.6,0.05,3,50,0.3,0.1,5.0,0.5,0.8
Preprocessed,P,0.47058823529411764,0.46707493048956467,0.469339842367102,7.05,0.6,0.05,3,50,0.3,1.0,1.0,0.5,0.6
Preprocessed,P,0.5490196078431373,0.5504795857737035,0.5472101139921209,7.05,0.6,0.05,3,50,0.3,1.0,1.0,0.5,0.7
Preprocessed,P,0.5490196078431373,0.5523136773136773,0.5480380112733054,7.31,0.6,0.05,3,50,0.3,1.0,1.0,0.5,0.8
Preprocessed,P,0.47058823529411764,0.46707493048956467,0.469339842367102,7.13,0.6,0.05,3,50,0.3,1.0,5.0,0.5,0.6
Preprocessed,P,0.43137254901960786,0.4258098223615465,0.42651668817997423,7.03,0.6,0.05,3,50,0.3,1.0,5.0,0.5,0.7
Preprocessed,P,0.5490196078431373,0.5523136773136773,0.5480380112733054,7.24,0.6,0.05,3,50,0.3,1.0,5.0,0.5,0.8
Preprocessed,P,0.5686274509803921,0.5702380952380952,0.5670168067226891,29.03,0.6,0.05,3,100,0.1,0.1,1.0,0.5,0.6
Preprocessed,P,0.5882352941176471,0.5897292250233427,0.5852034931619707,28.76,0.6,0.05,3,100,0.1,0.1,1.0,0.5,0.7
Preprocessed,P,0.5686274509803921,0.5710784313725491,0.5679065743944637,29.02,0.6,0.05,3,100,0.1,0.1,1.0,0.5,0.8
Preprocessed,P,0.5686274509803921,0.5702380952380952,0.5670168067226891,28.56,0.6,0.05,3,100,0.1,0.1,5.0,0.5,0.6
Preprocessed,P,0.5686274509803921,0.5710784313725491,0.5679065743944637,28.69,0.6,0.05,3,100,0.1,0.1,5.0,0.5,0.7
Preprocessed,P,0.5686274509803921,0.5695272048213225,0.5673781812190117,29.14,0.6,0.05,3,100,0.1,0.1,5.0,0.5,0.8
Preprocessed,P,0.5686274509803921,0.5702380952380952,0.5670168067226891,28.96,0.6,0.05,3,100,0.1,1.0,1.0,0.5,0.6
Preprocessed,P,0.5686274509803921,0.5710784313725491,0.5679065743944637,28.8,0.6,0.05,3,100,0.1,1.0,1.0,0.5,0.7
Preprocessed,P,0.5686274509803921,0.5695272048213225,0.5673781812190117,28.86,0.6,0.05,3,100,0.1,1.0,1.0,0.5,0.8
Preprocessed,P,0.5882352941176471,0.5901860385731353,0.5869522002349327,28.81,0.6,0.05,3,100,0.1,1.0,5.0,0.5,0.6
Preprocessed,P,0.5686274509803921,0.5710784313725491,0.5679065743944637,29.02,0.6,0.05,3,100,0.1,1.0,5.0,0.5,0.7
Preprocessed,P,0.5686274509803921,0.5695272048213225,0.5673781812190117,29.11,0.6,0.05,3,100,0.1,1.0,5.0,0.5,0.8
Preprocessed,P,0.5686274509803921,0.5702380952380952,0.5670168067226891,26.05,0.6,0.05,3,100,0.3,0.1,1.0,0.5,0.6
Preprocessed,P,0.5882352941176471,0.5912442396313363,0.5880726484142044,26.29,0.6,0.05,3,100,0.3,0.1,1.0,0.5,0.7
Preprocessed,P,0.5490196078431373,0.5523136773136773,0.5480380112733054,26.15,0.6,0.05,3,100,0.3,0.1,1.0,0.5,0.8
Preprocessed,P,0.5490196078431373,0.5503812636165577,0.5459919261822376,26.09,0.6,0.05,3,100,0.3,0.1,5.0,0.5,0.6
Preprocessed,P,0.5686274509803921,0.5702380952380952,0.5670168067226891,26.24,0.6,0.05,3,100,0.3,0.1,5.0,0.5,0.7
Preprocessed,P,0.5686274509803921,0.5695272048213225,0.5673781812190117,26.3,0.6,0.05,3,100,0.3,0.1,5.0,0.5,0.8
Preprocessed,P,0.5490196078431373,0.5503812636165577,0.5459919261822376,25.86,0.6,0.05,3,100,0.3,1.0,1.0,0.5,0.6
Preprocessed,P,0.5686274509803921,0.5710784313725491,0.5679065743944637,26.09,0.6,0.05,3,100,0.3,1.0,1.0,0.5,0.7
Preprocessed,P,0.5490196078431373,0.5516823641823642,0.5484836440718794,26.31,0.6,0.05,3,100,0.3,1.0,1.0,0.5,0.8
Preprocessed,P,0.5490196078431373,0.5503812636165577,0.5459919261822376,25.88,0.6,0.05,3,100,0.3,1.0,5.0,0.5,0.6
Preprocessed,P,0.5686274509803921,0.5702380952380952,0.5670168067226891,26.15,0.6,0.05,3,100,0.3,1.0,5.0,0.5,0.7
Preprocessed,P,0.5686274509803921,0.5710784313725491,0.5679065743944637,26.42,0.6,0.05,3,100,0.3,1.0,5.0,0.5,0.8
Preprocessed,P,0.5882352941176471,0.5897292250233427,0.5852034931619707,62.44,0.6,0.05,3,150,0.1,0.1,1.0,0.5,0.6
Preprocessed,P,0.5882352941176471,0.5912442396313363,0.5880726484142044,63.04,0.6,0.05,3,150,0.1,0.1,1.0,0.5,0.7
Preprocessed,P,0.5882352941176471,0.5912442396313363,0.5880726484142044,62.86,0.6,0.05,3,150,0.1,0.1,1.0,0.5,0.8
Preprocessed,P,0.5882352941176471,0.5882352941176471,0.5847750865051903,62.62,0.6,0.05,3,150,0.1,0.1,5.0,0.5,0.6
Preprocessed,P,0.5882352941176471,0.5912442396313363,0.5880726484142044,62.68,0.6,0.05,3,150,0.1,0.1,5.0,0.5,0.7
Preprocessed,P,0.5686274509803921,0.5695272048213225,0.5673781812190117,63.01,0.6,0.05,3,150,0.1,0.1,5.0,0.5,0.8
Preprocessed,P,0.5882352941176471,0.5882352941176471,0.5847750865051903,62.18,0.6,0.05,3,150,0.1,1.0,1.0,0.5,0.6
Preprocessed,P,0.5882352941176471,0.5912442396313363,0.5880726484142044,62.63,0.6,0.05,3,150,0.1,1.0,1.0,0.5,0.7
Preprocessed,P,0.5686274509803921,0.5710784313725491,0.5679065743944637,63.16,0.6,0.05,3,150,0.1,1.0,1.0,0.5,0.8
Preprocessed,P,0.5882352941176471,0.5885076252723311,0.586361014994233,62.53,0.6,0.05,3,150,0.1,1.0,5.0,0.5,0.6
Preprocessed,P,0.5882352941176471,0.5912442396313363,0.5880726484142044,62.67,0.6,0.05,3,150,0.1,1.0,5.0,0.5,0.7
Preprocessed,P,0.5686274509803921,0.5695272048213225,0.5673781812190117,62.83,0.6,0.05,3,150,0.1,1.0,5.0,0.5,0.8
Preprocessed,P,0.5882352941176471,0.5897292250233427,0.5852034931619707,55.99,0.6,0.05,3,150,0.3,0.1,1.0,0.5,0.6
Preprocessed,P,0.5882352941176471,0.5912442396313363,0.5880726484142044,56.02,0.6,0.05,3,150,0.3,0.1,1.0,0.5,0.7
Preprocessed,P,0.5686274509803921,0.5732943569755714,0.5690668903081003,56.44,0.6,0.05,3,150,0.3,0.1,1.0,0.5,0.8
Preprocessed,P,0.5882352941176471,0.5897292250233427,0.5852034931619707,56.02,0.6,0.05,3,150,0.3,0.1,5.0,0.5,0.6
Preprocessed,P,0.5882352941176471,0.5912442396313363,0.5880726484142044,57.14,0.6,0.05,3,150,0.3,0.1,5.0,0.5,0.7
Preprocessed,P,0.5686274509803921,0.5710784313725491,0.5679065743944637,56.42,0.6,0.05,3,150,0.3,0.1,5.0,0.5,0.8
Preprocessed,P,0.5882352941176471,0.5897292250233427,0.5852034931619707,56.38,0.6,0.05,3,150,0.3,1.0,1.0,0.5,0.6
Preprocessed,P,0.5882352941176471,0.5912442396313363,0.5880726484142044,56.53,0.6,0.05,3,150,0.3,1.0,1.0,0.5,0.7
Preprocessed,P,0.5686274509803921,0.5710784313725491,0.5679065743944637,56.48,0.6,0.05,3,150,0.3,1.0,1.0,0.5,0.8
Preprocessed,P,0.5686274509803921,0.5690235690235691,0.5668449197860962,56.45,0.6,0.05,3,150,0.3,1.0,5.0,0.5,0.6
Preprocessed,P,0.5686274509803921,0.5710784313725491,0.5679065743944637,56.23,0.6,0.05,3,150,0.3,1.0,5.0,0.5,0.7
Preprocessed,P,0.5686274509803921,0.5710784313725491,0.5679065743944637,56.29,0.6,0.05,3,150,0.3,1.0,5.0,0.5,0.8
Preprocessed,P,0.49019607843137253,0.48888888888888893,0.49019607843137253,7.81,0.6,0.05,4,50,0.1,0.1,1.0,0.5,0.6
Preprocessed,P,0.5490196078431373,0.5504795857737035,0.5472101139921209,7.74,0.6,0.05,4,50,0.1,0.1,1.0,0.5,0.7
Preprocessed,P,0.5490196078431373,0.5505050505050505,0.5472370766488414,7.81,0.6,0.05,4,50,0.1,0.1,1.0,0.5,0.8
Preprocessed,P,0.47058823529411764,0.4662138627655869,0.4692974368430758,7.73,0.6,0.05,4,50,0.1,0.1,5.0,0.5,0.6
Preprocessed,P,0.5490196078431373,0.5504795857737035,0.5472101139921209,7.85,0.6,0.05,4,50,0.1,0.1,5.0,0.5,0.7
Preprocessed,P,0.5490196078431373,0.5505050505050505,0.5472370766488414,7.88,0.6,0.05,4,50,0.1,0.1,5.0,0.5,0.8
Preprocessed,P,0.47058823529411764,0.4671993271656854,0.47034086973729783,7.57,0.6,0.05,4,50,0.1,1.0,1.0,0.5,0.6
Preprocessed,P,0.5490196078431373,0.5504795857737035,0.5472101139921209,7.84,0.6,0.05,4,50,0.1,1.0,1.0,0.5,0.7
Preprocessed,P,0.5490196078431373,0.5505050505050505,0.5472370766488414,7.8,0.6,0.05,4,50,0.1,1.0,1.0,0.5,0.8
Preprocessed,P,0.47058823529411764,0.46707493048956467,0.469339842367102,7.79,0.6,0.05,4,50,0.1,1.0,5.0,0.5,0.6
Preprocessed,P,0.45098039215686275,0.4461261073837139,0.4480280487916808,7.68,0.6,0.05,4,50,0.1,1.0,5.0,0.5,0.7
Preprocessed,P,0.5490196078431373,0.5523136773136773,0.5480380112733054,8.0,0.6,0.05,4,50,0.1,1.0,5.0,0.5,0.8
Preprocessed,P,0.49019607843137253,0.48920236851271337,0.489581412502305,7.11,0.6,0.05,4,50,0.3,0.1,1.0,0.5,0.6
Preprocessed,P,0.5490196078431373,0.5504795857737035,0.5472101139921209,7.29,0.6,0.05,4,50,0.3,0.1,1.0,0.5,0.7
Preprocessed,P,0.5490196078431373,0.5505050505050505,0.5472370766488414,7.11,0.6,0.05,4,50,0.3,0.1,1.0,0.5,0.8
Preprocessed,P,0.49019607843137253,0.48920236851271337,0.489581412502305,7.0,0.6,0.05,4,50,0.3,0.1,5.0,0.5,0.6
Preprocessed,P,0.5294117647058824,0.5297512944571768,0.5252625114216809,7.04,0.6,0.05,4,50,0.3,0.1,5.0,0.5,0.7
Preprocessed,P,0.5490196078431373,0.5523136773136773,0.5480380112733054,7.2,0.6,0.05,4,50,0.3,0.1,5.0,0.5,0.8
Preprocessed,P,0.47058823529411764,0.46707493048956467,0.469339842367102,7.06,0.6,0.05,4,50,0.3,1.0,1.0,0.5,0.6
Preprocessed,P,0.5490196078431373,0.5504795857737035,0.5472101139921209,7.14,0.6,0.05,4,50,0.3,1.0,1.0,0.5,0.7
Preprocessed,P,0.5490196078431373,0.5523136773136773,0.5480380112733054,7.08,0.6,0.05,4,50,0.3,1.0,1.0,0.5,0.8
Preprocessed,P,0.47058823529411764,0.46707493048956467,0.469339842367102,7.04,0.6,0.05,4,50,0.3,1.0,5.0,0.5,0.6
Preprocessed,P,0.43137254901960786,0.4258098223615465,0.42651668817997423,7.08,0.6,0.05,4,50,0.3,1.0,5.0,0.5,0.7
Preprocessed,P,0.5490196078431373,0.5523136773136773,0.5480380112733054,7.06,0.6,0.05,4,50,0.3,1.0,5.0,0.5,0.8
Preprocessed,P,0.5686274509803921,0.5702380952380952,0.5670168067226891,28.55,0.6,0.05,4,100,0.1,0.1,1.0,0.5,0.6
Preprocessed,P,0.5882352941176471,0.5897292250233427,0.5852034931619707,28.96,0.6,0.05,4,100,0.1,0.1,1.0,0.5,0.7
Preprocessed,P,0.5686274509803921,0.5710784313725491,0.5679065743944637,29.09,0.6,0.05,4,100,0.1,0.1,1.0,0.5,0.8
Preprocessed,P,0.5686274509803921,0.5702380952380952,0.5670168067226891,28.87,0.6,0.05,4,100,0.1,0.1,5.0,0.5,0.6
Preprocessed,P,0.5686274509803921,0.5710784313725491,0.5679065743944637,28.89,0.6,0.05,4,100,0.1,0.1,5.0,0.5,0.7
Preprocessed,P,0.5686274509803921,0.5695272048213225,0.5673781812190117,28.91,0.6,0.05,4,100,0.1,0.1,5.0,0.5,0.8
Preprocessed,P,0.5686274509803921,0.5702380952380952,0.5670168067226891,28.64,0.6,0.05,4,100,0.1,1.0,1.0,0.5,0.6
Preprocessed,P,0.5686274509803921,0.5710784313725491,0.5679065743944637,28.69,0.6,0.05,4,100,0.1,1.0,1.0,0.5,0.7
Preprocessed,P,0.5686274509803921,0.5695272048213225,0.5673781812190117,29.01,0.6,0.05,4,100,0.1,1.0,1.0,0.5,0.8
Preprocessed,P,0.5882352941176471,0.5901860385731353,0.5869522002349327,28.64,0.6,0.05,4,100,0.1,1.0,5.0,0.5,0.6
Preprocessed,P,0.5686274509803921,0.5710784313725491,0.5679065743944637,28.77,0.6,0.05,4,100,0.1,1.0,5.0,0.5,0.7
Preprocessed,P,0.5686274509803921,0.5695272048213225,0.5673781812190117,28.92,0.6,0.05,4,100,0.1,1.0,5.0,0.5,0.8
Preprocessed,P,0.5686274509803921,0.5702380952380952,0.5670168067226891,25.84,0.6,0.05,4,100,0.3,0.1,1.0,0.5,0.6
Preprocessed,P,0.5882352941176471,0.5912442396313363,0.5880726484142044,26.12,0.6,0.05,4,100,0.3,0.1,1.0,0.5,0.7
Preprocessed,P,0.5490196078431373,0.5523136773136773,0.5480380112733054,26.23,0.6,0.05,4,100,0.3,0.1,1.0,0.5,0.8
Preprocessed,P,0.5490196078431373,0.5503812636165577,0.5459919261822376,25.98,0.6,0.05,4,100,0.3,0.1,5.0,0.5,0.6
Preprocessed,P,0.5686274509803921,0.5702380952380952,0.5670168067226891,26.26,0.6,0.05,4,100,0.3,0.1,5.0,0.5,0.7
Preprocessed,P,0.5686274509803921,0.5695272048213225,0.5673781812190117,26.53,0.6,0.05,4,100,0.3,0.1,5.0,0.5,0.8
Preprocessed,P,0.5490196078431373,0.5503812636165577,0.5459919261822376,26.1,0.6,0.05,4,100,0.3,1.0,1.0,0.5,0.6
Preprocessed,P,0.5686274509803921,0.5710784313725491,0.5679065743944637,26.09,0.6,0.05,4,100,0.3,1.0,1.0,0.5,0.7
Preprocessed,P,0.5490196078431373,0.5516823641823642,0.5484836440718794,26.45,0.6,0.05,4,100,0.3,1.0,1.0,0.5,0.8
Preprocessed,P,0.5490196078431373,0.5503812636165577,0.5459919261822376,26.02,0.6,0.05,4,100,0.3,1.0,5.0,0.5,0.6
Preprocessed,P,0.5686274509803921,0.5702380952380952,0.5670168067226891,26.14,0.6,0.05,4,100,0.3,1.0,5.0,0.5,0.7
Preprocessed,P,0.5686274509803921,0.5710784313725491,0.5679065743944637,26.62,0.6,0.05,4,100,0.3,1.0,5.0,0.5,0.8
Preprocessed,P,0.5882352941176471,0.5897292250233427,0.5852034931619707,62.57,0.6,0.05,4,150,0.1,0.1,1.0,0.5,0.6
Preprocessed,P,0.5882352941176471,0.5912442396313363,0.5880726484142044,62.88,0.6,0.05,4,150,0.1,0.1,1.0,0.5,0.7
Preprocessed,P,0.5882352941176471,0.5912442396313363,0.5880726484142044,62.88,0.6,0.05,4,150,0.1,0.1,1.0,0.5,0.8
Preprocessed,P,0.5882352941176471,0.5882352941176471,0.5847750865051903,62.13,0.6,0.05,4,150,0.1,0.1,5.0,0.5,0.6
Preprocessed,P,0.5882352941176471,0.5912442396313363,0.5880726484142044,62.39,0.6,0.05,4,150,0.1,0.1,5.0,0.5,0.7
Preprocessed,P,0.5686274509803921,0.5695272048213225,0.5673781812190117,63.17,0.6,0.05,4,150,0.1,0.1,5.0,0.5,0.8
Preprocessed,P,0.5882352941176471,0.5882352941176471,0.5847750865051903,62.25,0.6,0.05,4,150,0.1,1.0,1.0,0.5,0.6
Preprocessed,P,0.5882352941176471,0.5912442396313363,0.5880726484142044,62.51,0.6,0.05,4,150,0.1,1.0,1.0,0.5,0.7
Preprocessed,P,0.5686274509803921,0.5710784313725491,0.5679065743944637,62.91,0.6,0.05,4,150,0.1,1.0,1.0,0.5,0.8
Preprocessed,P,0.5882352941176471,0.5885076252723311,0.586361014994233,63.29,0.6,0.05,4,150,0.1,1.0,5.0,0.5,0.6
Preprocessed,P,0.5882352941176471,0.5912442396313363,0.5880726484142044,62.92,0.6,0.05,4,150,0.1,1.0,5.0,0.5,0.7
Preprocessed,P,0.5686274509803921,0.5695272048213225,0.5673781812190117,63.33,0.6,0.05,4,150,0.1,1.0,5.0,0.5,0.8
Preprocessed,P,0.5882352941176471,0.5897292250233427,0.5852034931619707,56.02,0.6,0.05,4,150,0.3,0.1,1.0,0.5,0.6
Preprocessed,P,0.5882352941176471,0.5912442396313363,0.5880726484142044,56.31,0.6,0.05,4,150,0.3,0.1,1.0,0.5,0.7
Preprocessed,P,0.5686274509803921,0.5732943569755714,0.5690668903081003,56.81,0.6,0.05,4,150,0.3,0.1,1.0,0.5,0.8
Preprocessed,P,0.5882352941176471,0.5897292250233427,0.5852034931619707,56.1,0.6,0.05,4,150,0.3,0.1,5.0,0.5,0.6
Preprocessed,P,0.5882352941176471,0.5912442396313363,0.5880726484142044,56.78,0.6,0.05,4,150,0.3,0.1,5.0,0.5,0.7
Preprocessed,P,0.5686274509803921,0.5710784313725491,0.5679065743944637,56.68,0.6,0.05,4,150,0.3,0.1,5.0,0.5,0.8
Preprocessed,P,0.5882352941176471,0.5897292250233427,0.5852034931619707,56.11,0.6,0.05,4,150,0.3,1.0,1.0,0.5,0.6
Preprocessed,P,0.5882352941176471,0.5912442396313363,0.5880726484142044,56.37,0.6,0.05,4,150,0.3,1.0,1.0,0.5,0.7
Preprocessed,P,0.5686274509803921,0.5710784313725491,0.5679065743944637,56.53,0.6,0.05,4,150,0.3,1.0,1.0,0.5,0.8
Preprocessed,P,0.5686274509803921,0.5690235690235691,0.5668449197860962,56.24,0.6,0.05,4,150,0.3,1.0,5.0,0.5,0.6
Preprocessed,P,0.5686274509803921,0.5710784313725491,0.5679065743944637,56.6,0.6,0.05,4,150,0.3,1.0,5.0,0.5,0.7
Preprocessed,P,0.5686274509803921,0.5710784313725491,0.5679065743944637,56.3,0.6,0.05,4,150,0.3,1.0,5.0,0.5,0.8
Preprocessed,P,0.5294117647058824,0.5293865293865294,0.5291543644484821,7.64,0.6,0.1,2,50,0.1,0.1,1.0,0.5,0.6
Preprocessed,P,0.5686274509803921,0.5710784313725491,0.5679065743944637,7.94,0.6,0.1,2,50,0.1,0.1,1.0,0.5,0.7
Preprocessed,P,0.5686274509803921,0.5710784313725491,0.5679065743944637,7.68,0.6,0.1,2,50,0.1,0.1,1.0,0.5,0.8
Preprocessed,P,0.5098039215686274,0.5103341103341102,0.5089812148635677,7.78,0.6,0.1,2,50,0.1,0.1,5.0,0.5,0.6
Preprocessed,P,0.5686274509803921,0.5710784313725491,0.5679065743944637,7.66,0.6,0.1,2,50,0.1,0.1,5.0,0.5,0.7
Preprocessed,P,0.5490196078431373,0.5505050505050505,0.5472370766488414,7.88,0.6,0.1,2,50,0.1,0.1,5.0,0.5,0.8
Preprocessed,P,0.5294117647058824,0.529299789062098,0.5300745394623353,7.7,0.6,0.1,2,50,0.1,1.0,1.0,0.5,0.6
Preprocessed,P,0.5686274509803921,0.5710784313725491,0.5679065743944637,7.82,0.6,0.1,2,50,0.1,1.0,1.0,0.5,0.7
Preprocessed,P,0.5882352941176471,0.5905337155337156,0.5885062870356988,7.72,0.6,0.1,2,50,0.1,1.0,1.0,0.5,0.8
Preprocessed,P,0.49019607843137253,0.48888888888888893,0.49019607843137253,7.64,0.6,0.1,2,50,0.1,1.0,5.0,0.5,0.6
Preprocessed,P,0.5294117647058824,0.5297512944571768,0.5252625114216809,7.83,0.6,0.1,2,50,0.1,1.0,5.0,0.5,0.7
Preprocessed,P,0.5490196078431373,0.5505050505050505,0.5472370766488414,7.91,0.6,0.1,2,50,0.1,1.0,5.0,0.5,0.8
Preprocessed,P,0.5098039215686274,0.5103341103341102,0.5089812148635677,7.02,0.6,0.1,2,50,0.3,0.1,1.0,0.5,0.6
Preprocessed,P,0.5686274509803921,0.5710784313725491,0.5679065743944637,7.05,0.6,0.1,2,50,0.3,0.1,1.0,0.5,0.7
Preprocessed,P,0.5490196078431373,0.5523136773136773,0.5480380112733054,7.18,0.6,0.1,2,50,0.3,0.1,1.0,0.5,0.8
Preprocessed,P,0.49019607843137253,0.48920236851271337,0.489581412502305,6.98,0.6,0.1,2,50,0.3,0.1,5.0,0.5,0.6
Preprocessed,P,0.5294117647058824,0.5297512944571768,0.5252625114216809,6.99,0.6,0.1,2,50,0.3,0.1,5.0,0.5,0.7
Preprocessed,P,0.5686274509803921,0.5710784313725491,0.5679065743944637,7.06,0.6,0.1,2,50,0.3,0.1,5.0,0.5,0.8
Preprocessed,P,0.49019607843137253,0.48920236851271337,0.489581412502305,7.03,0.6,0.1,2,50,0.3,1.0,1.0,0.5,0.6
Preprocessed,P,0.5686274509803921,0.5710784313725491,0.5679065743944637,7.13,0.6,0.1,2,50,0.3,1.0,1.0,0.5,0.7
Preprocessed,P,0.5490196078431373,0.5523136773136773,0.5480380112733054,7.14,0.6,0.1,2,50,0.3,1.0,1.0,0.5,0.8
Preprocessed,P,0.47058823529411764,0.46707493048956467,0.469339842367102,7.01,0.6,0.1,2,50,0.3,1.0,5.0,0.5,0.6
Preprocessed,P,0.5294117647058824,0.5297512944571768,0.5252625114216809,6.96,0.6,0.1,2,50,0.3,1.0,5.0,0.5,0.7
Preprocessed,P,0.5686274509803921,0.5710784313725491,0.5679065743944637,7.2,0.6,0.1,2,50,0.3,1.0,5.0,0.5,0.8
Preprocessed,P,0.5490196078431373,0.5501621437105308,0.5483690250293666,28.86,0.6,0.1,2,100,0.1,0.1,1.0,0.5,0.6
Preprocessed,P,0.6078431372549019,0.6101190476190476,0.6055672268907563,28.42,0.6,0.1,2,100,0.1,0.1,1.0,0.5,0.7
Preprocessed,P,0.6274509803921569,0.6329266611524677,0.6284119106699753,28.73,0.6,0.1,2,100,0.1,0.1,1.0,0.5,0.8
Preprocessed,P,0.5686274509803921,0.5702380952380952,0.5670168067226891,28.75,0.6,0.1,2,100,0.1,0.1,5.0,0.5,0.6
Preprocessed,P,0.5882352941176471,0.5897292250233427,0.5852034931619707,28.55,0.6,0.1,2,100,0.1,0.1,5.0,0.5,0.7
Preprocessed,P,0.5882352941176471,0.5897292250233427,0.5852034931619707,28.84,0.6,0.1,2,100,0.1,0.1,5.0,0.5,0.8
Preprocessed,P,0.5686274509803921,0.5702380952380952,0.5670168067226891,28.65,0.6,0.1,2,100,0.1,1.0,1.0,0.5,0.6
Preprocessed,P,0.6078431372549019,0.6101190476190476,0.6055672268907563,29.07,0.6,0.1,2,100,0.1,1.0,1.0,0.5,0.7
Preprocessed,P,0.5882352941176471,0.5905337155337156,0.5885062870356988,28.74,0.6,0.1,2,100,0.1,1.0,1.0,0.5,0.8
Preprocessed,P,0.5686274509803921,0.5689669807316866,0.566785002771162,28.59,0.6,0.1,2,100,0.1,1.0,5.0,0.5,0.6
Preprocessed,P,0.5686274509803921,0.5710784313725491,0.5679065743944637,28.8,0.6,0.1,2,100,0.1,1.0,5.0,0.5,0.7
Preprocessed,P,0.5686274509803921,0.5710784313725491,0.5679065743944637,28.97,0.6,0.1,2,100,0.1,1.0,5.0,0.5,0.8
Preprocessed,P,0.5686274509803921,0.5721966205837173,0.5679045811873137,26.27,0.6,0.1,2,100,0.3,0.1,1.0,0.5,0.6
Preprocessed,P,0.5882352941176471,0.5912442396313363,0.5880726484142044,26.34,0.6,0.1,2,100,0.3,0.1,1.0,0.5,0.7
Preprocessed,P,0.6470588235294118,0.6513157894736842,0.649187306501548,26.0,0.6,0.1,2,100,0.3,0.1,1.0,0.5,0.8
Preprocessed,P,0.5686274509803921,0.5702380952380952,0.5670168067226891,25.92,0.6,0.1,2,100,0.3,0.1,5.0,0.5,0.6
Preprocessed,P,0.5882352941176471,0.5897292250233427,0.5852034931619707,25.97,0.6,0.1,2,100,0.3,0.1,5.0,0.5,0.7
Preprocessed,P,0.5686274509803921,0.5710784313725491,0.5679065743944637,26.22,0.6,0.1,2,100,0.3,0.1,5.0,0.5,0.8
Preprocessed,P,0.5686274509803921,0.5702380952380952,0.5670168067226891,26.14,0.6,0.1,2,100,0.3,1.0,1.0,0.5,0.6
Preprocessed,P,0.5686274509803921,0.5702380952380952,0.5670168067226891,26.17,0.6,0.1,2,100,0.3,1.0,1.0,0.5,0.7
Preprocessed,P,0.5686274509803921,0.5707070707070706,0.5650623885918004,26.38,0.6,0.1,2,100,0.3,1.0,1.0,0.5,0.8
Preprocessed,P,0.5490196078431373,0.5503812636165577,0.5459919261822376,26.08,0.6,0.1,2,100,0.3,1.0,5.0,0.5,0.6
Preprocessed,P,0.5686274509803921,0.5710784313725491,0.5679065743944637,26.32,0.6,0.1,2,100,0.3,1.0,5.0,0.5,0.7
Preprocessed,P,0.5686274509803921,0.5710784313725491,0.5679065743944637,26.18,0.6,0.1,2,100,0.3,1.0,5.0,0.5,0.8
Preprocessed,P,0.5686274509803921,0.5721966205837173,0.5679045811873137,62.78,0.6,0.1,2,150,0.1,0.1,1.0,0.5,0.6
Preprocessed,P,0.5882352941176471,0.5925125619522903,0.5894155779305085,63.34,0.6,0.1,2,150,0.1,0.1,1.0,0.5,0.7
Preprocessed,P,0.6470588235294118,0.6517638181475193,0.6483571357235594,63.48,0.6,0.1,2,150,0.1,0.1,1.0,0.5,0.8
Preprocessed,P,0.5882352941176471,0.5897292250233427,0.5852034931619707,63.83,0.6,0.1,2,150,0.1,0.1,5.0,0.5,0.6
Preprocessed,P,0.5882352941176471,0.5912442396313363,0.5880726484142044,63.74,0.6,0.1,2,150,0.1,0.1,5.0,0.5,0.7
Preprocessed,P,0.6078431372549019,0.6109202181308443,0.6089060374136833,64.0,0.6,0.1,2,150,0.1,0.1,5.0,0.5,0.8
Preprocessed,P,0.5882352941176471,0.5897292250233427,0.5852034931619707,62.48,0.6,0.1,2,150,0.1,1.0,1.0,0.5,0.6
Preprocessed,P,0.5882352941176471,0.5912442396313363,0.5880726484142044,62.97,0.6,0.1,2,150,0.1,1.0,1.0,0.5,0.7
Preprocessed,P,0.6274509803921569,0.6302584418034333,0.6293818036552482,62.87,0.6,0.1,2,150,0.1,1.0,1.0,0.5,0.8
Preprocessed,P,0.5882352941176471,0.5882352941176471,0.5847750865051903,62.54,0.6,0.1,2,150,0.1,1.0,5.0,0.5,0.6
Preprocessed,P,0.5882352941176471,0.5912442396313363,0.5880726484142044,62.63,0.6,0.1,2,150,0.1,1.0,5.0,0.5,0.7
Preprocessed,P,0.5686274509803921,0.5710784313725491,0.5679065743944637,62.66,0.6,0.1,2,150,0.1,1.0,5.0,0.5,0.8
Preprocessed,P,0.5686274509803921,0.5721966205837173,0.5679045811873137,55.97,0.6,0.1,2,150,0.3,0.1,1.0,0.5,0.6
Preprocessed,P,0.5882352941176471,0.5925125619522903,0.5894155779305085,55.8,0.6,0.1,2,150,0.3,0.1,1.0,0.5,0.7
Preprocessed,P,0.6274509803921569,0.6322546181417149,0.6314954021310758,56.33,0.6,0.1,2,150,0.3,0.1,1.0,0.5,0.8
Preprocessed,P,0.5882352941176471,0.5897292250233427,0.5852034931619707,55.97,0.6,0.1,2,150,0.3,0.1,5.0,0.5,0.6
Preprocessed,P,0.5882352941176471,0.5912442396313363,0.5880726484142044,56.3,0.6,0.1,2,150,0.3,0.1,5.0,0.5,0.7
Preprocessed,P,0.5882352941176471,0.5912442396313363,0.5880726484142044,56.4,0.6,0.1,2,150,0.3,0.1,5.0,0.5,0.8
Preprocessed,P,0.5882352941176471,0.5897292250233427,0.5852034931619707,56.09,0.6,0.1,2,150,0.3,1.0,1.0,0.5,0.6
Preprocessed,P,0.5882352941176471,0.5912442396313363,0.5880726484142044,56.54,0.6,0.1,2,150,0.3,1.0,1.0,0.5,0.7
Preprocessed,P,0.6078431372549019,0.6114212848083816,0.609436578601664,56.26,0.6,0.1,2,150,0.3,1.0,1.0,0.5,0.8
Preprocessed,P,0.5686274509803921,0.5695611577964518,0.5638490690393804,56.0,0.6,0.1,2,150,0.3,1.0,5.0,0.5,0.6
Preprocessed,P,0.5882352941176471,0.5912442396313363,0.5880726484142044,56.43,0.6,0.1,2,150,0.3,1.0,5.0,0.5,0.7
Preprocessed,P,0.5686274509803921,0.5710784313725491,0.5679065743944637,56.39,0.6,0.1,2,150,0.3,1.0,5.0,0.5,0.8
Preprocessed,P,0.5294117647058824,0.5293865293865294,0.5291543644484821,7.75,0.6,0.1,3,50,0.1,0.1,1.0,0.5,0.6
Preprocessed,P,0.5686274509803921,0.5710784313725491,0.5679065743944637,7.81,0.6,0.1,3,50,0.1,0.1,1.0,0.5,0.7
Preprocessed,P,0.5686274509803921,0.5710784313725491,0.5679065743944637,7.79,0.6,0.1,3,50,0.1,0.1,1.0,0.5,0.8
Preprocessed,P,0.5098039215686274,0.5103341103341102,0.5089812148635677,7.85,0.6,0.1,3,50,0.1,0.1,5.0,0.5,0.6
Preprocessed,P,0.5686274509803921,0.5710784313725491,0.5679065743944637,7.84,0.6,0.1,3,50,0.1,0.1,5.0,0.5,0.7
Preprocessed,P,0.5490196078431373,0.5505050505050505,0.5472370766488414,7.92,0.6,0.1,3,50,0.1,0.1,5.0,0.5,0.8
Preprocessed,P,0.5294117647058824,0.529299789062098,0.5300745394623353,7.63,0.6,0.1,3,50,0.1,1.0,1.0,0.5,0.6
Preprocessed,P,0.5686274509803921,0.5710784313725491,0.5679065743944637,7.95,0.6,0.1,3,50,0.1,1.0,1.0,0.5,0.7
Preprocessed,P,0.5882352941176471,0.5905337155337156,0.5885062870356988,7.74,0.6,0.1,3,50,0.1,1.0,1.0,0.5,0.8
Preprocessed,P,0.49019607843137253,0.48888888888888893,0.49019607843137253,7.77,0.6,0.1,3,50,0.1,1.0,5.0,0.5,0.6
Preprocessed,P,0.5294117647058824,0.5297512944571768,0.5252625114216809,7.74,0.6,0.1,3,50,0.1,1.0,5.0,0.5,0.7
Preprocessed,P,0.5490196078431373,0.5505050505050505,0.5472370766488414,7.93,0.6,0.1,3,50,0.1,1.0,5.0,0.5,0.8
Preprocessed,P,0.5098039215686274,0.5103341103341102,0.5089812148635677,7.12,0.6,0.1,3,50,0.3,0.1,1.0,0.5,0.6
Preprocessed,P,0.5686274509803921,0.5710784313725491,0.5679065743944637,6.99,0.6,0.1,3,50,0.3,0.1,1.0,0.5,0.7
Preprocessed,P,0.5490196078431373,0.5523136773136773,0.5480380112733054,7.23,0.6,0.1,3,50,0.3,0.1,1.0,0.5,0.8
Preprocessed,P,0.49019607843137253,0.48920236851271337,0.489581412502305,7.26,0.6,0.1,3,50,0.3,0.1,5.0,0.5,0.6
Preprocessed,P,0.5294117647058824,0.5297512944571768,0.5252625114216809,7.13,0.6,0.1,3,50,0.3,0.1,5.0,0.5,0.7
Preprocessed,P,0.5686274509803921,0.5710784313725491,0.5679065743944637,7.08,0.6,0.1,3,50,0.3,0.1,5.0,0.5,0.8
Preprocessed,P,0.49019607843137253,0.48920236851271337,0.489581412502305,6.89,0.6,0.1,3,50,0.3,1.0,1.0,0.5,0.6
Preprocessed,P,0.5686274509803921,0.5710784313725491,0.5679065743944637,7.06,0.6,0.1,3,50,0.3,1.0,1.0,0.5,0.7
Preprocessed,P,0.5490196078431373,0.5523136773136773,0.5480380112733054,7.11,0.6,0.1,3,50,0.3,1.0,1.0,0.5,0.8
Preprocessed,P,0.47058823529411764,0.46707493048956467,0.469339842367102,7.04,0.6,0.1,3,50,0.3,1.0,5.0,0.5,0.6
Preprocessed,P,0.5294117647058824,0.5297512944571768,0.5252625114216809,7.06,0.6,0.1,3,50,0.3,1.0,5.0,0.5,0.7
Preprocessed,P,0.5686274509803921,0.5710784313725491,0.5679065743944637,7.11,0.6,0.1,3,50,0.3,1.0,5.0,0.5,0.8
Preprocessed,P,0.5490196078431373,0.5501621437105308,0.5483690250293666,28.71,0.6,0.1,3,100,0.1,0.1,1.0,0.5,0.6
Preprocessed,P,0.6078431372549019,0.6101190476190476,0.6055672268907563,28.75,0.6,0.1,3,100,0.1,0.1,1.0,0.5,0.7
Preprocessed,P,0.6274509803921569,0.6329266611524677,0.6284119106699753,28.81,0.6,0.1,3,100,0.1,0.1,1.0,0.5,0.8
Preprocessed,P,0.5686274509803921,0.5702380952380952,0.5670168067226891,28.65,0.6,0.1,3,100,0.1,0.1,5.0,0.5,0.6
Preprocessed,P,0.5882352941176471,0.5897292250233427,0.5852034931619707,29.14,0.6,0.1,3,100,0.1,0.1,5.0,0.5,0.7
Preprocessed,P,0.5882352941176471,0.5897292250233427,0.5852034931619707,28.84,0.6,0.1,3,100,0.1,0.1,5.0,0.5,0.8
Preprocessed,P,0.5686274509803921,0.5702380952380952,0.5670168067226891,28.82,0.6,0.1,3,100,0.1,1.0,1.0,0.5,0.6
Preprocessed,P,0.6078431372549019,0.6101190476190476,0.6055672268907563,28.76,0.6,0.1,3,100,0.1,1.0,1.0,0.5,0.7
Preprocessed,P,0.5882352941176471,0.5905337155337156,0.5885062870356988,28.95,0.6,0.1,3,100,0.1,1.0,1.0,0.5,0.8
Preprocessed,P,0.5686274509803921,0.5689669807316866,0.566785002771162,28.52,0.6,0.1,3,100,0.1,1.0,5.0,0.5,0.6
Preprocessed,P,0.5686274509803921,0.5710784313725491,0.5679065743944637,29.12,0.6,0.1,3,100,0.1,1.0,5.0,0.5,0.7
Preprocessed,P,0.5686274509803921,0.5710784313725491,0.5679065743944637,28.96,0.6,0.1,3,100,0.1,1.0,5.0,0.5,0.8
Preprocessed,P,0.5686274509803921,0.5721966205837173,0.5679045811873137,25.83,0.6,0.1,3,100,0.3,0.1,1.0,0.5,0.6
Preprocessed,P,0.5882352941176471,0.5912442396313363,0.5880726484142044,26.02,0.6,0.1,3,100,0.3,0.1,1.0,0.5,0.7
Preprocessed,P,0.6470588235294118,0.6513157894736842,0.649187306501548,26.17,0.6,0.1,3,100,0.3,0.1,1.0,0.5,0.8
Preprocessed,P,0.5686274509803921,0.5702380952380952,0.5670168067226891,26.03,0.6,0.1,3,100,0.3,0.1,5.0,0.5,0.6
Preprocessed,P,0.5882352941176471,0.5897292250233427,0.5852034931619707,26.1,0.6,0.1,3,100,0.3,0.1,5.0,0.5,0.7
Preprocessed,P,0.5686274509803921,0.5710784313725491,0.5679065743944637,26.59,0.6,0.1,3,100,0.3,0.1,5.0,0.5,0.8
Preprocessed,P,0.5686274509803921,0.5702380952380952,0.5670168067226891,25.96,0.6,0.1,3,100,0.3,1.0,1.0,0.5,0.6
Preprocessed,P,0.5686274509803921,0.5702380952380952,0.5670168067226891,26.15,0.6,0.1,3,100,0.3,1.0,1.0,0.5,0.7
Preprocessed,P,0.5686274509803921,0.5707070707070706,0.5650623885918004,26.1,0.6,0.1,3,100,0.3,1.0,1.0,0.5,0.8
Preprocessed,P,0.5490196078431373,0.5503812636165577,0.5459919261822376,25.99,0.6,0.1,3,100,0.3,1.0,5.0,0.5,0.6
Preprocessed,P,0.5686274509803921,0.5710784313725491,0.5679065743944637,25.9,0.6,0.1,3,100,0.3,1.0,5.0,0.5,0.7
Preprocessed,P,0.5686274509803921,0.5710784313725491,0.5679065743944637,26.19,0.6,0.1,3,100,0.3,1.0,5.0,0.5,0.8
Preprocessed,P,0.5686274509803921,0.5721966205837173,0.5679045811873137,62.59,0.6,0.1,3,150,0.1,0.1,1.0,0.5,0.6
Preprocessed,P,0.5882352941176471,0.5925125619522903,0.5894155779305085,62.43,0.6,0.1,3,150,0.1,0.1,1.0,0.5,0.7
Preprocessed,P,0.6470588235294118,0.6517638181475193,0.6483571357235594,62.98,0.6,0.1,3,150,0.1,0.1,1.0,0.5,0.8
Preprocessed,P,0.5882352941176471,0.5897292250233427,0.5852034931619707,62.23,0.6,0.1,3,150,0.1,0.1,5.0,0.5,0.6
Preprocessed,P,0.5882352941176471,0.5912442396313363,0.5880726484142044,62.88,0.6,0.1,3,150,0.1,0.1,5.0,0.5,0.7
Preprocessed,P,0.6078431372549019,0.6109202181308443,0.6089060374136833,63.22,0.6,0.1,3,150,0.1,0.1,5.0,0.5,0.8
Preprocessed,P,0.5882352941176471,0.5897292250233427,0.5852034931619707,62.6,0.6,0.1,3,150,0.1,1.0,1.0,0.5,0.6
Preprocessed,P,0.5882352941176471,0.5912442396313363,0.5880726484142044,62.35,0.6,0.1,3,150,0.1,1.0,1.0,0.5,0.7
Preprocessed,P,0.6274509803921569,0.6302584418034333,0.6293818036552482,63.27,0.6,0.1,3,150,0.1,1.0,1.0,0.5,0.8
Preprocessed,P,0.5882352941176471,0.5882352941176471,0.5847750865051903,62.55,0.6,0.1,3,150,0.1,1.0,5.0,0.5,0.6
Preprocessed,P,0.5882352941176471,0.5912442396313363,0.5880726484142044,63.2,0.6,0.1,3,150,0.1,1.0,5.0,0.5,0.7
Preprocessed,P,0.5686274509803921,0.5710784313725491,0.5679065743944637,63.29,0.6,0.1,3,150,0.1,1.0,5.0,0.5,0.8
Preprocessed,P,0.5686274509803921,0.5721966205837173,0.5679045811873137,56.26,0.6,0.1,3,150,0.3,0.1,1.0,0.5,0.6
Preprocessed,P,0.5882352941176471,0.5925125619522903,0.5894155779305085,56.34,0.6,0.1,3,150,0.3,0.1,1.0,0.5,0.7
Preprocessed,P,0.6274509803921569,0.6322546181417149,0.6314954021310758,56.95,0.6,0.1,3,150,0.3,0.1,1.0,0.5,0.8
Preprocessed,P,0.5882352941176471,0.5897292250233427,0.5852034931619707,55.91,0.6,0.1,3,150,0.3,0.1,5.0,0.5,0.6
Preprocessed,P,0.5882352941176471,0.5912442396313363,0.5880726484142044,56.55,0.6,0.1,3,150,0.3,0.1,5.0,0.5,0.7
Preprocessed,P,0.5882352941176471,0.5912442396313363,0.5880726484142044,56.56,0.6,0.1,3,150,0.3,0.1,5.0,0.5,0.8
Preprocessed,P,0.5882352941176471,0.5897292250233427,0.5852034931619707,56.38,0.6,0.1,3,150,0.3,1.0,1.0,0.5,0.6
Preprocessed,P,0.5882352941176471,0.5912442396313363,0.5880726484142044,56.54,0.6,0.1,3,150,0.3,1.0,1.0,0.5,0.7
Preprocessed,P,0.6078431372549019,0.6114212848083816,0.609436578601664,57.51,0.6,0.1,3,150,0.3,1.0,1.0,0.5,0.8
Preprocessed,P,0.5686274509803921,0.5695611577964518,0.5638490690393804,57.32,0.6,0.1,3,150,0.3,1.0,5.0,0.5,0.6
Preprocessed,P,0.5882352941176471,0.5912442396313363,0.5880726484142044,56.4,0.6,0.1,3,150,0.3,1.0,5.0,0.5,0.7
Preprocessed,P,0.5686274509803921,0.5710784313725491,0.5679065743944637,57.29,0.6,0.1,3,150,0.3,1.0,5.0,0.5,0.8
Preprocessed,P,0.5294117647058824,0.5293865293865294,0.5291543644484821,7.72,0.6,0.1,4,50,0.1,0.1,1.0,0.5,0.6
Preprocessed,P,0.5686274509803921,0.5710784313725491,0.5679065743944637,7.83,0.6,0.1,4,50,0.1,0.1,1.0,0.5,0.7
Preprocessed,P,0.5686274509803921,0.5710784313725491,0.5679065743944637,7.92,0.6,0.1,4,50,0.1,0.1,1.0,0.5,0.8
Preprocessed,P,0.5098039215686274,0.5103341103341102,0.5089812148635677,7.99,0.6,0.1,4,50,0.1,0.1,5.0,0.5,0.6
Preprocessed,P,0.5686274509803921,0.5710784313725491,0.5679065743944637,7.86,0.6,0.1,4,50,0.1,0.1,5.0,0.5,0.7
Preprocessed,P,0.5490196078431373,0.5505050505050505,0.5472370766488414,7.96,0.6,0.1,4,50,0.1,0.1,5.0,0.5,0.8
Preprocessed,P,0.5294117647058824,0.529299789062098,0.5300745394623353,7.92,0.6,0.1,4,50,0.1,1.0,1.0,0.5,0.6
Preprocessed,P,0.5686274509803921,0.5710784313725491,0.5679065743944637,8.08,0.6,0.1,4,50,0.1,1.0,1.0,0.5,0.7
Preprocessed,P,0.5882352941176471,0.5905337155337156,0.5885062870356988,8.01,0.6,0.1,4,50,0.1,1.0,1.0,0.5,0.8
Preprocessed,P,0.49019607843137253,0.48888888888888893,0.49019607843137253,7.65,0.6,0.1,4,50,0.1,1.0,5.0,0.5,0.6
Preprocessed,P,0.5294117647058824,0.5297512944571768,0.5252625114216809,7.89,0.6,0.1,4,50,0.1,1.0,5.0,0.5,0.7
Preprocessed,P,0.5490196078431373,0.5505050505050505,0.5472370766488414,8.2,0.6,0.1,4,50,0.1,1.0,5.0,0.5,0.8
Preprocessed,P,0.5098039215686274,0.5103341103341102,0.5089812148635677,7.14,0.6,0.1,4,50,0.3,0.1,1.0,0.5,0.6
Preprocessed,P,0.5686274509803921,0.5710784313725491,0.5679065743944637,6.93,0.6,0.1,4,50,0.3,0.1,1.0,0.5,0.7
Preprocessed,P,0.5490196078431373,0.5523136773136773,0.5480380112733054,7.21,0.6,0.1,4,50,0.3,0.1,1.0,0.5,0.8
Preprocessed,P,0.49019607843137253,0.48920236851271337,0.489581412502305,7.09,0.6,0.1,4,50,0.3,0.1,5.0,0.5,0.6
Preprocessed,P,0.5294117647058824,0.5297512944571768,0.5252625114216809,7.0,0.6,0.1,4,50,0.3,0.1,5.0,0.5,0.7
Preprocessed,P,0.5686274509803921,0.5710784313725491,0.5679065743944637,7.18,0.6,0.1,4,50,0.3,0.1,5.0,0.5,0.8
Preprocessed,P,0.49019607843137253,0.48920236851271337,0.489581412502305,7.21,0.6,0.1,4,50,0.3,1.0,1.0,0.5,0.6
Preprocessed,P,0.5686274509803921,0.5710784313725491,0.5679065743944637,7.07,0.6,0.1,4,50,0.3,1.0,1.0,0.5,0.7
Preprocessed,P,0.5490196078431373,0.5523136773136773,0.5480380112733054,7.18,0.6,0.1,4,50,0.3,1.0,1.0,0.5,0.8
Preprocessed,P,0.47058823529411764,0.46707493048956467,0.469339842367102,6.98,0.6,0.1,4,50,0.3,1.0,5.0,0.5,0.6
Preprocessed,P,0.5294117647058824,0.5297512944571768,0.5252625114216809,7.18,0.6,0.1,4,50,0.3,1.0,5.0,0.5,0.7
Preprocessed,P,0.5686274509803921,0.5710784313725491,0.5679065743944637,7.27,0.6,0.1,4,50,0.3,1.0,5.0,0.5,0.8
Preprocessed,P,0.5490196078431373,0.5501621437105308,0.5483690250293666,28.77,0.6,0.1,4,100,0.1,0.1,1.0,0.5,0.6
Preprocessed,P,0.6078431372549019,0.6101190476190476,0.6055672268907563,29.11,0.6,0.1,4,100,0.1,0.1,1.0,0.5,0.7
Preprocessed,P,0.6274509803921569,0.6329266611524677,0.6284119106699753,29.7,0.6,0.1,4,100,0.1,0.1,1.0,0.5,0.8
Preprocessed,P,0.5686274509803921,0.5702380952380952,0.5670168067226891,28.67,0.6,0.1,4,100,0.1,0.1,5.0,0.5,0.6
Preprocessed,P,0.5882352941176471,0.5897292250233427,0.5852034931619707,28.81,0.6,0.1,4,100,0.1,0.1,5.0,0.5,0.7
Preprocessed,P,0.5882352941176471,0.5897292250233427,0.5852034931619707,29.15,0.6,0.1,4,100,0.1,0.1,5.0,0.5,0.8
Preprocessed,P,0.5686274509803921,0.5702380952380952,0.5670168067226891,28.7,0.6,0.1,4,100,0.1,1.0,1.0,0.5,0.6
Preprocessed,P,0.6078431372549019,0.6101190476190476,0.6055672268907563,29.42,0.6,0.1,4,100,0.1,1.0,1.0,0.5,0.7
Preprocessed,P,0.5882352941176471,0.5905337155337156,0.5885062870356988,29.03,0.6,0.1,4,100,0.1,1.0,1.0,0.5,0.8
Preprocessed,P,0.5686274509803921,0.5689669807316866,0.566785002771162,29.13,0.6,0.1,4,100,0.1,1.0,5.0,0.5,0.6
Preprocessed,P,0.5686274509803921,0.5710784313725491,0.5679065743944637,28.84,0.6,0.1,4,100,0.1,1.0,5.0,0.5,0.7
Preprocessed,P,0.5686274509803921,0.5710784313725491,0.5679065743944637,29.28,0.6,0.1,4,100,0.1,1.0,5.0,0.5,0.8
Preprocessed,P,0.5686274509803921,0.5721966205837173,0.5679045811873137,25.94,0.6,0.1,4,100,0.3,0.1,1.0,0.5,0.6
Preprocessed,P,0.5882352941176471,0.5912442396313363,0.5880726484142044,26.32,0.6,0.1,4,100,0.3,0.1,1.0,0.5,0.7
Preprocessed,P,0.6470588235294118,0.6513157894736842,0.649187306501548,26.46,0.6,0.1,4,100,0.3,0.1,1.0,0.5,0.8
Preprocessed,P,0.5686274509803921,0.5702380952380952,0.5670168067226891,26.58,0.6,0.1,4,100,0.3,0.1,5.0,0.5,0.6
Preprocessed,P,0.5882352941176471,0.5897292250233427,0.5852034931619707,26.37,0.6,0.1,4,100,0.3,0.1,5.0,0.5,0.7
Preprocessed,P,0.5686274509803921,0.5710784313725491,0.5679065743944637,26.36,0.6,0.1,4,100,0.3,0.1,5.0,0.5,0.8
Preprocessed,P,0.5686274509803921,0.5702380952380952,0.5670168067226891,26.15,0.6,0.1,4,100,0.3,1.0,1.0,0.5,0.6
Preprocessed,P,0.5686274509803921,0.5702380952380952,0.5670168067226891,26.13,0.6,0.1,4,100,0.3,1.0,1.0,0.5,0.7
Preprocessed,P,0.5686274509803921,0.5707070707070706,0.5650623885918004,26.66,0.6,0.1,4,100,0.3,1.0,1.0,0.5,0.8
Preprocessed,P,0.5490196078431373,0.5503812636165577,0.5459919261822376,26.06,0.6,0.1,4,100,0.3,1.0,5.0,0.5,0.6
Preprocessed,P,0.5686274509803921,0.5710784313725491,0.5679065743944637,26.37,0.6,0.1,4,100,0.3,1.0,5.0,0.5,0.7
Preprocessed,P,0.5686274509803921,0.5710784313725491,0.5679065743944637,26.46,0.6,0.1,4,100,0.3,1.0,5.0,0.5,0.8
Preprocessed,P,0.5686274509803921,0.5721966205837173,0.5679045811873137,62.72,0.6,0.1,4,150,0.1,0.1,1.0,0.5,0.6
Preprocessed,P,0.5882352941176471,0.5925125619522903,0.5894155779305085,62.81,0.6,0.1,4,150,0.1,0.1,1.0,0.5,0.7
Preprocessed,P,0.6470588235294118,0.6517638181475193,0.6483571357235594,62.89,0.6,0.1,4,150,0.1,0.1,1.0,0.5,0.8
Preprocessed,P,0.5882352941176471,0.5897292250233427,0.5852034931619707,62.58,0.6,0.1,4,150,0.1,0.1,5.0,0.5,0.6
Preprocessed,P,0.5882352941176471,0.5912442396313363,0.5880726484142044,62.85,0.6,0.1,4,150,0.1,0.1,5.0,0.5,0.7
Preprocessed,P,0.6078431372549019,0.6109202181308443,0.6089060374136833,62.97,0.6,0.1,4,150,0.1,0.1,5.0,0.5,0.8
Preprocessed,P,0.5882352941176471,0.5897292250233427,0.5852034931619707,62.88,0.6,0.1,4,150,0.1,1.0,1.0,0.5,0.6
Preprocessed,P,0.5882352941176471,0.5912442396313363,0.5880726484142044,63.28,0.6,0.1,4,150,0.1,1.0,1.0,0.5,0.7
Preprocessed,P,0.6274509803921569,0.6302584418034333,0.6293818036552482,62.81,0.6,0.1,4,150,0.1,1.0,1.0,0.5,0.8
Preprocessed,P,0.5882352941176471,0.5882352941176471,0.5847750865051903,62.8,0.6,0.1,4,150,0.1,1.0,5.0,0.5,0.6
Preprocessed,P,0.5882352941176471,0.5912442396313363,0.5880726484142044,62.85,0.6,0.1,4,150,0.1,1.0,5.0,0.5,0.7
Preprocessed,P,0.5686274509803921,0.5710784313725491,0.5679065743944637,62.55,0.6,0.1,4,150,0.1,1.0,5.0,0.5,0.8
Preprocessed,P,0.5686274509803921,0.5721966205837173,0.5679045811873137,55.84,0.6,0.1,4,150,0.3,0.1,1.0,0.5,0.6
Preprocessed,P,0.5882352941176471,0.5925125619522903,0.5894155779305085,56.5,0.6,0.1,4,150,0.3,0.1,1.0,0.5,0.7
Preprocessed,P,0.6274509803921569,0.6322546181417149,0.6314954021310758,56.65,0.6,0.1,4,150,0.3,0.1,1.0,0.5,0.8
Preprocessed,P,0.5882352941176471,0.5897292250233427,0.5852034931619707,56.66,0.6,0.1,4,150,0.3,0.1,5.0,0.5,0.6
Preprocessed,P,0.5882352941176471,0.5912442396313363,0.5880726484142044,57.0,0.6,0.1,4,150,0.3,0.1,5.0,0.5,0.7
Preprocessed,P,0.5882352941176471,0.5912442396313363,0.5880726484142044,57.03,0.6,0.1,4,150,0.3,0.1,5.0,0.5,0.8
Preprocessed,P,0.5882352941176471,0.5897292250233427,0.5852034931619707,56.33,0.6,0.1,4,150,0.3,1.0,1.0,0.5,0.6
Preprocessed,P,0.5882352941176471,0.5912442396313363,0.5880726484142044,56.51,0.6,0.1,4,150,0.3,1.0,1.0,0.5,0.7
Preprocessed,P,0.6078431372549019,0.6114212848083816,0.609436578601664,56.75,0.6,0.1,4,150,0.3,1.0,1.0,0.5,0.8
Preprocessed,P,0.5686274509803921,0.5695611577964518,0.5638490690393804,56.02,0.6,0.1,4,150,0.3,1.0,5.0,0.5,0.6
Preprocessed,P,0.5882352941176471,0.5912442396313363,0.5880726484142044,57.05,0.6,0.1,4,150,0.3,1.0,5.0,0.5,0.7
Preprocessed,P,0.5686274509803921,0.5710784313725491,0.5679065743944637,57.1,0.6,0.1,4,150,0.3,1.0,5.0,0.5,0.8
Preprocessed,P,0.35294117647058826,0.28611111111111115,0.3029411764705882,7.74,0.7,0.01,2,50,0.1,0.1,1.0,0.5,0.6
Preprocessed,P,0.4117647058823529,0.3869565217391304,0.3943734015345269,7.85,0.7,0.01,2,50,0.1,0.1,1.0,0.5,0.7
Preprocessed,P,0.4117647058823529,0.4014619883040935,0.4054695562435501,7.88,0.7,0.01,2,50,0.1,0.1,1.0,0.5,0.8
Preprocessed,P,0.3137254901960784,0.24465811965811968,0.25904977375565613,7.89,0.7,0.01,2,50,0.1,0.1,5.0,0.5,0.6
Preprocessed,P,0.3137254901960784,0.24444444444444446,0.2588235294117647,7.77,0.7,0.01,2,50,0.1,0.1,5.0,0.5,0.7
Preprocessed,P,0.3137254901960784,0.24780701754385967,0.26238390092879255,8.1,0.7,0.01,2,50,0.1,0.1,5.0,0.5,0.8
Preprocessed,P,0.3333333333333333,0.26535087719298245,0.2809597523219814,7.72,0.7,0.01,2,50,0.1,1.0,1.0,0.5,0.6
Preprocessed,P,0.35294117647058826,0.28632478632478636,0.3031674208144796,7.83,0.7,0.01,2,50,0.1,1.0,1.0,0.5,0.7
Preprocessed,P,0.29411764705882354,0.23628219484882418,0.2501811474869903,7.73,0.7,0.01,2,50,0.1,1.0,1.0,0.5,0.8
Preprocessed,P,0.19607843137254902,0.14065934065934066,0.14893341952165481,7.78,0.7,0.01,2,50,0.1,1.0,5.0,0.5,0.6
Preprocessed,P,0.3137254901960784,0.24444444444444446,0.2588235294117647,7.68,0.7,0.01,2,50,0.1,1.0,5.0,0.5,0.7
Preprocessed,P,0.3137254901960784,0.24465811965811968,0.25904977375565613,7.81,0.7,0.01,2,50,0.1,1.0,5.0,0.5,0.8
Preprocessed,P,0.35294117647058826,0.2855543113101904,0.3023516237402015,7.09,0.7,0.01,2,50,0.3,0.1,1.0,0.5,0.6
Preprocessed,P,0.35294117647058826,0.2857699805068226,0.30257997936016506,6.98,0.7,0.01,2,50,0.3,0.1,1.0,0.5,0.7
Preprocessed,P,0.3333333333333333,0.3106858054226475,0.3171967351533915,6.95,0.7,0.01,2,50,0.3,0.1,1.0,0.5,0.8
Preprocessed,P,0.29411764705882354,0.2277121374865736,0.24110696910343088,7.3,0.7,0.01,2,50,0.3,0.1,5.0,0.5,0.6
Preprocessed,P,0.3137254901960784,0.24425592082007777,0.2586239161624353,7.03,0.7,0.01,2,50,0.3,0.1,5.0,0.5,0.7
Preprocessed,P,0.27450980392156865,0.215270413573701,0.2279333790780363,7.0,0.7,0.01,2,50,0.3,0.1,5.0,0.5,0.8
Preprocessed,P,0.3333333333333333,0.26279985678481915,0.2782586718898086,7.08,0.7,0.01,2,50,0.3,1.0,1.0,0.5,0.6
Preprocessed,P,0.3333333333333333,0.25851063829787235,0.2737171464330413,7.02,0.7,0.01,2,50,0.3,1.0,1.0,0.5,0.7
Preprocessed,P,0.27450980392156865,0.21811594202898552,0.2309462915601023,7.05,0.7,0.01,2,50,0.3,1.0,1.0,0.5,0.8
Preprocessed,P,0.1568627450980392,0.11603603603603603,0.12286168521462638,6.99,0.7,0.01,2,50,0.3,1.0,5.0,0.5,0.6
Preprocessed,P,0.2549019607843137,0.19658119658119655,0.20814479638009048,6.96,0.7,0.01,2,50,0.3,1.0,5.0,0.5,0.7
Preprocessed,P,0.27450980392156865,0.215270413573701,0.2279333790780363,6.98,0.7,0.01,2,50,0.3,1.0,5.0,0.5,0.8
Preprocessed,P,0.47058823529411764,0.46416546416546417,0.4653255241490535,28.8,0.7,0.01,2,100,0.1,0.1,1.0,0.5,0.6
Preprocessed,P,0.5098039215686274,0.5070818070818071,0.5074983839689722,28.87,0.7,0.01,2,100,0.1,0.1,1.0,0.5,0.7
Preprocessed,P,0.5294117647058824,0.5263157894736842,0.5278637770897833,28.96,0.7,0.01,2,100,0.1,0.1,1.0,0.5,0.8
Preprocessed,P,0.45098039215686275,0.4411308709530324,0.4435503339502696,28.85,0.7,0.01,2,100,0.1,0.1,5.0,0.5,0.6
Preprocessed,P,0.47058823529411764,0.4668091168091168,0.4671191553544494,28.85,0.7,0.01,2,100,0.1,0.1,5.0,0.5,0.7
Preprocessed,P,0.49019607843137253,0.4838624338624338,0.4861811391223155,29.23,0.7,0.01,2,100,0.1,0.1,5.0,0.5,0.8
Preprocessed,P,0.47058823529411764,0.4657042304101127,0.465949275637857,28.96,0.7,0.01,2,100,0.1,1.0,1.0,0.5,0.6
Preprocessed,P,0.49019607843137253,0.4838624338624338,0.4861811391223155,28.8,0.7,0.01,2,100,0.1,1.0,1.0,0.5,0.7
Preprocessed,P,0.5098039215686274,0.5028490028490028,0.5062845651080945,29.0,0.7,0.01,2,100,0.1,1.0,1.0,0.5,0.8
Preprocessed,P,0.3333333333333333,0.26730692276910767,0.28303085940258454,28.74,0.7,0.01,2,100,0.1,1.0,5.0,0.5,0.6
Preprocessed,P,0.43137254901960786,0.4149870801033592,0.4197902416780666,29.25,0.7,0.01,2,100,0.1,1.0,5.0,0.5,0.7
Preprocessed,P,0.45098039215686275,0.4400632047690871,0.4433248412487167,29.09,0.7,0.01,2,100,0.1,1.0,5.0,0.5,0.8
Preprocessed,P,0.47058823529411764,0.4657042304101127,0.465949275637857,26.16,0.7,0.01,2,100,0.3,0.1,1.0,0.5,0.6
Preprocessed,P,0.49019607843137253,0.48873908910206554,0.48909088136161905,26.54,0.7,0.01,2,100,0.3,0.1,1.0,0.5,0.7
Preprocessed,P,0.5294117647058824,0.5263157894736842,0.5278637770897833,26.22,0.7,0.01,2,100,0.3,0.1,1.0,0.5,0.8
Preprocessed,P,0.43137254901960786,0.423202614379085,0.4235870818915801,26.34,0.7,0.01,2,100,0.3,0.1,5.0,0.5,0.6
Preprocessed,P,0.47058823529411764,0.4668091168091168,0.4671191553544494,26.19,0.7,0.01,2,100,0.3,0.1,5.0,0.5,0.7
Preprocessed,P,0.49019607843137253,0.4782051282051282,0.483710407239819,26.73,0.7,0.01,2,100,0.3,0.1,5.0,0.5,0.8
Preprocessed,P,0.45098039215686275,0.4411308709530324,0.4435503339502696,26.13,0.7,0.01,2,100,0.3,1.0,1.0,0.5,0.6
Preprocessed,P,0.47058823529411764,0.4668091168091168,0.4671191553544494,26.34,0.7,0.01,2,100,0.3,1.0,1.0,0.5,0.7
Preprocessed,P,0.5294117647058824,0.5263157894736842,0.5278637770897833,26.35,0.7,0.01,2,100,0.3,1.0,1.0,0.5,0.8
Preprocessed,P,0.3137254901960784,0.25317460317460316,0.2680672268907563,26.06,0.7,0.01,2,100,0.3,1.0,5.0,0.5,0.6
Preprocessed,P,0.35294117647058826,0.2893617021276596,0.30638297872340425,26.32,0.7,0.01,2,100,0.3,1.0,5.0,0.5,0.7
Preprocessed,P,0.45098039215686275,0.4412698412698413,0.44369747899159667,26.01,0.7,0.01,2,100,0.3,1.0,5.0,0.5,0.8
Preprocessed,P,0.49019607843137253,0.4901320901320901,0.487590840532017,62.6,0.7,0.01,2,150,0.1,0.1,1.0,0.5,0.6
Preprocessed,P,0.5882352941176471,0.5912442396313363,0.5880726484142044,63.27,0.7,0.01,2,150,0.1,0.1,1.0,0.5,0.7
Preprocessed,P,0.5882352941176471,0.5912442396313363,0.5880726484142044,63.11,0.7,0.01,2,150,0.1,0.1,1.0,0.5,0.8
Preprocessed,P,0.47058823529411764,0.46416546416546417,0.4653255241490535,62.54,0.7,0.01,2,150,0.1,0.1,5.0,0.5,0.6
Preprocessed,P,0.49019607843137253,0.48873908910206554,0.48909088136161905,63.2,0.7,0.01,2,150,0.1,0.1,5.0,0.5,0.7
Preprocessed,P,0.5294117647058824,0.5263157894736842,0.5278637770897833,63.37,0.7,0.01,2,150,0.1,0.1,5.0,0.5,0.8
Preprocessed,P,0.47058823529411764,0.46416546416546417,0.4653255241490535,62.99,0.7,0.01,2,150,0.1,1.0,1.0,0.5,0.6
Preprocessed,P,0.49019607843137253,0.48873908910206554,0.48909088136161905,63.04,0.7,0.01,2,150,0.1,1.0,1.0,0.5,0.7
Preprocessed,P,0.5294117647058824,0.5263157894736842,0.5278637770897833,63.16,0.7,0.01,2,150,0.1,1.0,1.0,0.5,0.8
Preprocessed,P,0.47058823529411764,0.46580293091921005,0.466053782059254,62.8,0.7,0.01,2,150,0.1,1.0,5.0,0.5,0.6
Preprocessed,P,0.47058823529411764,0.4642648387268187,0.4654307442728406,62.99,0.7,0.01,2,150,0.1,1.0,5.0,0.5,0.7
Preprocessed,P,0.5098039215686274,0.5028490028490028,0.5062845651080945,63.8,0.7,0.01,2,150,0.1,1.0,5.0,0.5,0.8
Preprocessed,P,0.45098039215686275,0.44687291028754444,0.44794946803555125,56.63,0.7,0.01,2,150,0.3,0.1,1.0,0.5,0.6
Preprocessed,P,0.5686274509803921,0.5710784313725491,0.5679065743944637,56.56,0.7,0.01,2,150,0.3,0.1,1.0,0.5,0.7
Preprocessed,P,0.5882352941176471,0.5912442396313363,0.5880726484142044,56.88,0.7,0.01,2,150,0.3,0.1,1.0,0.5,0.8
Preprocessed,P,0.47058823529411764,0.4657042304101127,0.465949275637857,56.05,0.7,0.01,2,150,0.3,0.1,5.0,0.5,0.6
Preprocessed,P,0.49019607843137253,0.48873908910206554,0.48909088136161905,56.72,0.7,0.01,2,150,0.3,0.1,5.0,0.5,0.7
Preprocessed,P,0.5294117647058824,0.5263157894736842,0.5278637770897833,59.03,0.7,0.01,2,150,0.3,0.1,5.0,0.5,0.8
Preprocessed,P,0.47058823529411764,0.46416546416546417,0.4653255241490535,56.83,0.7,0.01,2,150,0.3,1.0,1.0,0.5,0.6
Preprocessed,P,0.49019607843137253,0.48873908910206554,0.48909088136161905,56.83,0.7,0.01,2,150,0.3,1.0,1.0,0.5,0.7
Preprocessed,P,0.5294117647058824,0.5263157894736842,0.5278637770897833,56.29,0.7,0.01,2,150,0.3,1.0,1.0,0.5,0.8
Preprocessed,P,0.45098039215686275,0.4414141414141414,0.44385026737967914,56.34,0.7,0.01,2,150,0.3,1.0,5.0,0.5,0.6
Preprocessed,P,0.47058823529411764,0.46604127579737337,0.4663061472243682,56.35,0.7,0.01,2,150,0.3,1.0,5.0,0.5,0.7
Preprocessed,P,0.49019607843137253,0.4838624338624338,0.4861811391223155,56.49,0.7,0.01,2,150,0.3,1.0,5.0,0.5,0.8
Preprocessed,P,0.35294117647058826,0.28611111111111115,0.3029411764705882,7.92,0.7,0.01,3,50,0.1,0.1,1.0,0.5,0.6
Preprocessed,P,0.4117647058823529,0.3869565217391304,0.3943734015345269,7.87,0.7,0.01,3,50,0.1,0.1,1.0,0.5,0.7
Preprocessed,P,0.4117647058823529,0.4014619883040935,0.4054695562435501,8.15,0.7,0.01,3,50,0.1,0.1,1.0,0.5,0.8
Preprocessed,P,0.3137254901960784,0.24465811965811968,0.25904977375565613,7.7,0.7,0.01,3,50,0.1,0.1,5.0,0.5,0.6
Preprocessed,P,0.3137254901960784,0.24444444444444446,0.2588235294117647,7.93,0.7,0.01,3,50,0.1,0.1,5.0,0.5,0.7
Preprocessed,P,0.3137254901960784,0.24780701754385967,0.26238390092879255,7.94,0.7,0.01,3,50,0.1,0.1,5.0,0.5,0.8
Preprocessed,P,0.3333333333333333,0.26535087719298245,0.2809597523219814,7.72,0.7,0.01,3,50,0.1,1.0,1.0,0.5,0.6
Preprocessed,P,0.35294117647058826,0.28632478632478636,0.3031674208144796,7.7,0.7,0.01,3,50,0.1,1.0,1.0,0.5,0.7
Preprocessed,P,0.29411764705882354,0.2387490465293669,0.2527931080899179,7.96,0.7,0.01,3,50,0.1,1.0,1.0,0.5,0.8
Preprocessed,P,0.19607843137254902,0.14065934065934066,0.14893341952165481,7.84,0.7,0.01,3,50,0.1,1.0,5.0,0.5,0.6
Preprocessed,P,0.3137254901960784,0.24444444444444446,0.2588235294117647,7.78,0.7,0.01,3,50,0.1,1.0,5.0,0.5,0.7
Preprocessed,P,0.3137254901960784,0.24465811965811968,0.25904977375565613,7.86,0.7,0.01,3,50,0.1,1.0,5.0,0.5,0.8
Preprocessed,P,0.35294117647058826,0.2855543113101904,0.3023516237402015,7.13,0.7,0.01,3,50,0.3,0.1,1.0,0.5,0.6
Preprocessed,P,0.35294117647058826,0.2857699805068226,0.30257997936016506,7.08,0.7,0.01,3,50,0.3,0.1,1.0,0.5,0.7
Preprocessed,P,0.3333333333333333,0.3106858054226475,0.3171967351533915,7.22,0.7,0.01,3,50,0.3,0.1,1.0,0.5,0.8
Preprocessed,P,0.29411764705882354,0.2277121374865736,0.24110696910343088,7.03,0.7,0.01,3,50,0.3,0.1,5.0,0.5,0.6
Preprocessed,P,0.3137254901960784,0.24425592082007777,0.2586239161624353,7.15,0.7,0.01,3,50,0.3,0.1,5.0,0.5,0.7
Preprocessed,P,0.27450980392156865,0.215270413573701,0.2279333790780363,7.16,0.7,0.01,3,50,0.3,0.1,5.0,0.5,0.8
Preprocessed,P,0.3333333333333333,0.26279985678481915,0.2782586718898086,7.03,0.7,0.01,3,50,0.3,1.0,1.0,0.5,0.6
Preprocessed,P,0.3333333333333333,0.25851063829787235,0.2737171464330413,7.09,0.7,0.01,3,50,0.3,1.0,1.0,0.5,0.7
Preprocessed,P,0.27450980392156865,0.21811594202898552,0.2309462915601023,7.18,0.7,0.01,3,50,0.3,1.0,1.0,0.5,0.8
Preprocessed,P,0.1568627450980392,0.11603603603603603,0.12286168521462638,7.01,0.7,0.01,3,50,0.3,1.0,5.0,0.5,0.6
Preprocessed,P,0.2549019607843137,0.19658119658119655,0.20814479638009048,7.09,0.7,0.01,3,50,0.3,1.0,5.0,0.5,0.7
Preprocessed,P,0.27450980392156865,0.215270413573701,0.2279333790780363,7.22,0.7,0.01,3,50,0.3,1.0,5.0,0.5,0.8
Preprocessed,P,0.47058823529411764,0.46416546416546417,0.4653255241490535,28.78,0.7,0.01,3,100,0.1,0.1,1.0,0.5,0.6
Preprocessed,P,0.5098039215686274,0.5070818070818071,0.5074983839689722,29.29,0.7,0.01,3,100,0.1,0.1,1.0,0.5,0.7
Preprocessed,P,0.5294117647058824,0.5263157894736842,0.5278637770897833,29.35,0.7,0.01,3,100,0.1,0.1,1.0,0.5,0.8
Preprocessed,P,0.45098039215686275,0.4411308709530324,0.4435503339502696,29.21,0.7,0.01,3,100,0.1,0.1,5.0,0.5,0.6
Preprocessed,P,0.47058823529411764,0.4668091168091168,0.4671191553544494,29.19,0.7,0.01,3,100,0.1,0.1,5.0,0.5,0.7
Preprocessed,P,0.49019607843137253,0.4838624338624338,0.4861811391223155,29.19,0.7,0.01,3,100,0.1,0.1,5.0,0.5,0.8
Preprocessed,P,0.47058823529411764,0.4657042304101127,0.465949275637857,28.76,0.7,0.01,3,100,0.1,1.0,1.0,0.5,0.6
Preprocessed,P,0.49019607843137253,0.4838624338624338,0.4861811391223155,29.09,0.7,0.01,3,100,0.1,1.0,1.0,0.5,0.7
Preprocessed,P,0.5098039215686274,0.5028490028490028,0.5062845651080945,29.14,0.7,0.01,3,100,0.1,1.0,1.0,0.5,0.8
Preprocessed,P,0.3333333333333333,0.26730692276910767,0.28303085940258454,28.96,0.7,0.01,3,100,0.1,1.0,5.0,0.5,0.6
Preprocessed,P,0.43137254901960786,0.4149870801033592,0.4197902416780666,29.09,0.7,0.01,3,100,0.1,1.0,5.0,0.5,0.7
Preprocessed,P,0.45098039215686275,0.4400632047690871,0.4433248412487167,29.15,0.7,0.01,3,100,0.1,1.0,5.0,0.5,0.8
Preprocessed,P,0.47058823529411764,0.4657042304101127,0.465949275637857,26.12,0.7,0.01,3,100,0.3,0.1,1.0,0.5,0.6
Preprocessed,P,0.49019607843137253,0.48873908910206554,0.48909088136161905,26.55,0.7,0.01,3,100,0.3,0.1,1.0,0.5,0.7
Preprocessed,P,0.5294117647058824,0.5263157894736842,0.5278637770897833,26.48,0.7,0.01,3,100,0.3,0.1,1.0,0.5,0.8
Preprocessed,P,0.43137254901960786,0.423202614379085,0.4235870818915801,26.22,0.7,0.01,3,100,0.3,0.1,5.0,0.5,0.6
Preprocessed,P,0.47058823529411764,0.4668091168091168,0.4671191553544494,26.25,0.7,0.01,3,100,0.3,0.1,5.0,0.5,0.7
Preprocessed,P,0.49019607843137253,0.4782051282051282,0.483710407239819,26.58,0.7,0.01,3,100,0.3,0.1,5.0,0.5,0.8
Preprocessed,P,0.45098039215686275,0.4411308709530324,0.4435503339502696,26.28,0.7,0.01,3,100,0.3,1.0,1.0,0.5,0.6
Preprocessed,P,0.47058823529411764,0.4668091168091168,0.4671191553544494,26.08,0.7,0.01,3,100,0.3,1.0,1.0,0.5,0.7
Preprocessed,P,0.5294117647058824,0.5263157894736842,0.5278637770897833,26.73,0.7,0.01,3,100,0.3,1.0,1.0,0.5,0.8
Preprocessed,P,0.3137254901960784,0.25317460317460316,0.2680672268907563,26.24,0.7,0.01,3,100,0.3,1.0,5.0,0.5,0.6
Preprocessed,P,0.35294117647058826,0.2893617021276596,0.30638297872340425,26.24,0.7,0.01,3,100,0.3,1.0,5.0,0.5,0.7
Preprocessed,P,0.45098039215686275,0.4412698412698413,0.44369747899159667,26.32,0.7,0.01,3,100,0.3,1.0,5.0,0.5,0.8
Preprocessed,P,0.49019607843137253,0.4901320901320901,0.487590840532017,63.15,0.7,0.01,3,150,0.1,0.1,1.0,0.5,0.6
Preprocessed,P,0.5882352941176471,0.5912442396313363,0.5880726484142044,63.19,0.7,0.01,3,150,0.1,0.1,1.0,0.5,0.7
Preprocessed,P,0.5882352941176471,0.5912442396313363,0.5880726484142044,63.59,0.7,0.01,3,150,0.1,0.1,1.0,0.5,0.8
Preprocessed,P,0.47058823529411764,0.46416546416546417,0.4653255241490535,62.67,0.7,0.01,3,150,0.1,0.1,5.0,0.5,0.6
Preprocessed,P,0.49019607843137253,0.48873908910206554,0.48909088136161905,63.27,0.7,0.01,3,150,0.1,0.1,5.0,0.5,0.7
Preprocessed,P,0.5294117647058824,0.5263157894736842,0.5278637770897833,63.47,0.7,0.01,3,150,0.1,0.1,5.0,0.5,0.8
Preprocessed,P,0.47058823529411764,0.46416546416546417,0.4653255241490535,62.96,0.7,0.01,3,150,0.1,1.0,1.0,0.5,0.6
Preprocessed,P,0.49019607843137253,0.48873908910206554,0.48909088136161905,63.55,0.7,0.01,3,150,0.1,1.0,1.0,0.5,0.7
Preprocessed,P,0.5294117647058824,0.5263157894736842,0.5278637770897833,63.78,0.7,0.01,3,150,0.1,1.0,1.0,0.5,0.8
Preprocessed,P,0.47058823529411764,0.46580293091921005,0.466053782059254,63.1,0.7,0.01,3,150,0.1,1.0,5.0,0.5,0.6
Preprocessed,P,0.47058823529411764,0.4642648387268187,0.4654307442728406,62.65,0.7,0.01,3,150,0.1,1.0,5.0,0.5,0.7
Preprocessed,P,0.5098039215686274,0.5028490028490028,0.5062845651080945,63.25,0.7,0.01,3,150,0.1,1.0,5.0,0.5,0.8
Preprocessed,P,0.45098039215686275,0.44687291028754444,0.44794946803555125,56.55,0.7,0.01,3,150,0.3,0.1,1.0,0.5,0.6
Preprocessed,P,0.5686274509803921,0.5710784313725491,0.5679065743944637,56.33,0.7,0.01,3,150,0.3,0.1,1.0,0.5,0.7
Preprocessed,P,0.5882352941176471,0.5912442396313363,0.5880726484142044,56.95,0.7,0.01,3,150,0.3,0.1,1.0,0.5,0.8
Preprocessed,P,0.47058823529411764,0.4657042304101127,0.465949275637857,56.36,0.7,0.01,3,150,0.3,0.1,5.0,0.5,0.6
Preprocessed,P,0.49019607843137253,0.48873908910206554,0.48909088136161905,56.65,0.7,0.01,3,150,0.3,0.1,5.0,0.5,0.7
Preprocessed,P,0.5294117647058824,0.5263157894736842,0.5278637770897833,57.08,0.7,0.01,3,150,0.3,0.1,5.0,0.5,0.8
Preprocessed,P,0.47058823529411764,0.46416546416546417,0.4653255241490535,56.33,0.7,0.01,3,150,0.3,1.0,1.0,0.5,0.6
Preprocessed,P,0.49019607843137253,0.48873908910206554,0.48909088136161905,56.59,0.7,0.01,3,150,0.3,1.0,1.0,0.5,0.7
Preprocessed,P,0.5294117647058824,0.5263157894736842,0.5278637770897833,57.26,0.7,0.01,3,150,0.3,1.0,1.0,0.5,0.8
Preprocessed,P,0.45098039215686275,0.4414141414141414,0.44385026737967914,56.19,0.7,0.01,3,150,0.3,1.0,5.0,0.5,0.6
Preprocessed,P,0.47058823529411764,0.46604127579737337,0.4663061472243682,56.66,0.7,0.01,3,150,0.3,1.0,5.0,0.5,0.7
Preprocessed,P,0.49019607843137253,0.4838624338624338,0.4861811391223155,57.14,0.7,0.01,3,150,0.3,1.0,5.0,0.5,0.8
Preprocessed,P,0.35294117647058826,0.28611111111111115,0.3029411764705882,7.7,0.7,0.01,4,50,0.1,0.1,1.0,0.5,0.6
Preprocessed,P,0.4117647058823529,0.3869565217391304,0.3943734015345269,7.75,0.7,0.01,4,50,0.1,0.1,1.0,0.5,0.7
Preprocessed,P,0.4117647058823529,0.4014619883040935,0.4054695562435501,7.8,0.7,0.01,4,50,0.1,0.1,1.0,0.5,0.8
Preprocessed,P,0.3137254901960784,0.24465811965811968,0.25904977375565613,7.78,0.7,0.01,4,50,0.1,0.1,5.0,0.5,0.6
Preprocessed,P,0.3137254901960784,0.24444444444444446,0.2588235294117647,7.8,0.7,0.01,4,50,0.1,0.1,5.0,0.5,0.7
Preprocessed,P,0.3137254901960784,0.24780701754385967,0.26238390092879255,7.94,0.7,0.01,4,50,0.1,0.1,5.0,0.5,0.8
Preprocessed,P,0.3333333333333333,0.26535087719298245,0.2809597523219814,7.67,0.7,0.01,4,50,0.1,1.0,1.0,0.5,0.6
Preprocessed,P,0.35294117647058826,0.28632478632478636,0.3031674208144796,7.8,0.7,0.01,4,50,0.1,1.0,1.0,0.5,0.7
Preprocessed,P,0.29411764705882354,0.2387490465293669,0.2527931080899179,8.03,0.7,0.01,4,50,0.1,1.0,1.0,0.5,0.8
Preprocessed,P,0.19607843137254902,0.14065934065934066,0.14893341952165481,7.7,0.7,0.01,4,50,0.1,1.0,5.0,0.5,0.6
Preprocessed,P,0.3137254901960784,0.24444444444444446,0.2588235294117647,7.71,0.7,0.01,4,50,0.1,1.0,5.0,0.5,0.7
Preprocessed,P,0.3137254901960784,0.24465811965811968,0.25904977375565613,7.93,0.7,0.01,4,50,0.1,1.0,5.0,0.5,0.8
Preprocessed,P,0.35294117647058826,0.2855543113101904,0.3023516237402015,6.96,0.7,0.01,4,50,0.3,0.1,1.0,0.5,0.6
Preprocessed,P,0.35294117647058826,0.2857699805068226,0.30257997936016506,7.2,0.7,0.01,4,50,0.3,0.1,1.0,0.5,0.7
Preprocessed,P,0.3333333333333333,0.3106858054226475,0.3171967351533915,7.19,0.7,0.01,4,50,0.3,0.1,1.0,0.5,0.8
Preprocessed,P,0.29411764705882354,0.2277121374865736,0.24110696910343088,7.12,0.7,0.01,4,50,0.3,0.1,5.0,0.5,0.6
Preprocessed,P,0.3137254901960784,0.24425592082007777,0.2586239161624353,7.0,0.7,0.01,4,50,0.3,0.1,5.0,0.5,0.7
Preprocessed,P,0.27450980392156865,0.215270413573701,0.2279333790780363,7.15,0.7,0.01,4,50,0.3,0.1,5.0,0.5,0.8
Preprocessed,P,0.3333333333333333,0.26279985678481915,0.2782586718898086,7.05,0.7,0.01,4,50,0.3,1.0,1.0,0.5,0.6
Preprocessed,P,0.3333333333333333,0.25851063829787235,0.2737171464330413,7.09,0.7,0.01,4,50,0.3,1.0,1.0,0.5,0.7
Preprocessed,P,0.27450980392156865,0.21811594202898552,0.2309462915601023,7.26,0.7,0.01,4,50,0.3,1.0,1.0,0.5,0.8
Preprocessed,P,0.1568627450980392,0.11603603603603603,0.12286168521462638,6.99,0.7,0.01,4,50,0.3,1.0,5.0,0.5,0.6
Preprocessed,P,0.2549019607843137,0.19658119658119655,0.20814479638009048,7.15,0.7,0.01,4,50,0.3,1.0,5.0,0.5,0.7
Preprocessed,P,0.27450980392156865,0.215270413573701,0.2279333790780363,7.11,0.7,0.01,4,50,0.3,1.0,5.0,0.5,0.8
Preprocessed,P,0.47058823529411764,0.46416546416546417,0.4653255241490535,28.93,0.7,0.01,4,100,0.1,0.1,1.0,0.5,0.6
Preprocessed,P,0.5098039215686274,0.5070818070818071,0.5074983839689722,28.8,0.7,0.01,4,100,0.1,0.1,1.0,0.5,0.7
Preprocessed,P,0.5294117647058824,0.5263157894736842,0.5278637770897833,28.92,0.7,0.01,4,100,0.1,0.1,1.0,0.5,0.8
Preprocessed,P,0.45098039215686275,0.4411308709530324,0.4435503339502696,28.97,0.7,0.01,4,100,0.1,0.1,5.0,0.5,0.6
Preprocessed,P,0.47058823529411764,0.4668091168091168,0.4671191553544494,29.24,0.7,0.01,4,100,0.1,0.1,5.0,0.5,0.7
Preprocessed,P,0.49019607843137253,0.4838624338624338,0.4861811391223155,29.35,0.7,0.01,4,100,0.1,0.1,5.0,0.5,0.8
Preprocessed,P,0.47058823529411764,0.4657042304101127,0.465949275637857,28.89,0.7,0.01,4,100,0.1,1.0,1.0,0.5,0.6
Preprocessed,P,0.49019607843137253,0.4838624338624338,0.4861811391223155,29.11,0.7,0.01,4,100,0.1,1.0,1.0,0.5,0.7
Preprocessed,P,0.5098039215686274,0.5028490028490028,0.5062845651080945,29.39,0.7,0.01,4,100,0.1,1.0,1.0,0.5,0.8
Preprocessed,P,0.3333333333333333,0.26730692276910767,0.28303085940258454,28.71,0.7,0.01,4,100,0.1,1.0,5.0,0.5,0.6
Preprocessed,P,0.43137254901960786,0.4149870801033592,0.4197902416780666,29.03,0.7,0.01,4,100,0.1,1.0,5.0,0.5,0.7
Preprocessed,P,0.45098039215686275,0.4400632047690871,0.4433248412487167,28.83,0.7,0.01,4,100,0.1,1.0,5.0,0.5,0.8
Preprocessed,P,0.47058823529411764,0.4657042304101127,0.465949275637857,26.29,0.7,0.01,4,100,0.3,0.1,1.0,0.5,0.6
Preprocessed,P,0.49019607843137253,0.48873908910206554,0.48909088136161905,26.58,0.7,0.01,4,100,0.3,0.1,1.0,0.5,0.7
Preprocessed,P,0.5294117647058824,0.5263157894736842,0.5278637770897833,26.63,0.7,0.01,4,100,0.3,0.1,1.0,0.5,0.8
Preprocessed,P,0.43137254901960786,0.423202614379085,0.4235870818915801,25.88,0.7,0.01,4,100,0.3,0.1,5.0,0.5,0.6
Preprocessed,P,0.47058823529411764,0.4668091168091168,0.4671191553544494,27.02,0.7,0.01,4,100,0.3,0.1,5.0,0.5,0.7
Preprocessed,P,0.49019607843137253,0.4782051282051282,0.483710407239819,26.66,0.7,0.01,4,100,0.3,0.1,5.0,0.5,0.8
Preprocessed,P,0.45098039215686275,0.4411308709530324,0.4435503339502696,26.32,0.7,0.01,4,100,0.3,1.0,1.0,0.5,0.6
Preprocessed,P,0.47058823529411764,0.4668091168091168,0.4671191553544494,26.4,0.7,0.01,4,100,0.3,1.0,1.0,0.5,0.7
Preprocessed,P,0.5294117647058824,0.5263157894736842,0.5278637770897833,26.29,0.7,0.01,4,100,0.3,1.0,1.0,0.5,0.8
Preprocessed,P,0.3137254901960784,0.25317460317460316,0.2680672268907563,26.23,0.7,0.01,4,100,0.3,1.0,5.0,0.5,0.6
Preprocessed,P,0.35294117647058826,0.2893617021276596,0.30638297872340425,26.0,0.7,0.01,4,100,0.3,1.0,5.0,0.5,0.7
Preprocessed,P,0.45098039215686275,0.4412698412698413,0.44369747899159667,26.72,0.7,0.01,4,100,0.3,1.0,5.0,0.5,0.8
Preprocessed,P,0.49019607843137253,0.4901320901320901,0.487590840532017,62.88,0.7,0.01,4,150,0.1,0.1,1.0,0.5,0.6
Preprocessed,P,0.5882352941176471,0.5912442396313363,0.5880726484142044,62.9,0.7,0.01,4,150,0.1,0.1,1.0,0.5,0.7
Preprocessed,P,0.5882352941176471,0.5912442396313363,0.5880726484142044,63.74,0.7,0.01,4,150,0.1,0.1,1.0,0.5,0.8
Preprocessed,P,0.47058823529411764,0.46416546416546417,0.4653255241490535,62.65,0.7,0.01,4,150,0.1,0.1,5.0,0.5,0.6
Preprocessed,P,0.49019607843137253,0.48873908910206554,0.48909088136161905,62.89,0.7,0.01,4,150,0.1,0.1,5.0,0.5,0.7
Preprocessed,P,0.5294117647058824,0.5263157894736842,0.5278637770897833,63.74,0.7,0.01,4,150,0.1,0.1,5.0,0.5,0.8
Preprocessed,P,0.47058823529411764,0.46416546416546417,0.4653255241490535,62.72,0.7,0.01,4,150,0.1,1.0,1.0,0.5,0.6
Preprocessed,P,0.49019607843137253,0.48873908910206554,0.48909088136161905,63.18,0.7,0.01,4,150,0.1,1.0,1.0,0.5,0.7
Preprocessed,P,0.5294117647058824,0.5263157894736842,0.5278637770897833,63.69,0.7,0.01,4,150,0.1,1.0,1.0,0.5,0.8
Preprocessed,P,0.47058823529411764,0.46580293091921005,0.466053782059254,62.77,0.7,0.01,4,150,0.1,1.0,5.0,0.5,0.6
Preprocessed,P,0.47058823529411764,0.4642648387268187,0.4654307442728406,62.72,0.7,0.01,4,150,0.1,1.0,5.0,0.5,0.7
Preprocessed,P,0.5098039215686274,0.5028490028490028,0.5062845651080945,63.93,0.7,0.01,4,150,0.1,1.0,5.0,0.5,0.8
Preprocessed,P,0.45098039215686275,0.44687291028754444,0.44794946803555125,56.56,0.7,0.01,4,150,0.3,0.1,1.0,0.5,0.6
Preprocessed,P,0.5686274509803921,0.5710784313725491,0.5679065743944637,56.59,0.7,0.01,4,150,0.3,0.1,1.0,0.5,0.7
Preprocessed,P,0.5882352941176471,0.5912442396313363,0.5880726484142044,57.13,0.7,0.01,4,150,0.3,0.1,1.0,0.5,0.8
Preprocessed,P,0.47058823529411764,0.4657042304101127,0.465949275637857,56.5,0.7,0.01,4,150,0.3,0.1,5.0,0.5,0.6
Preprocessed,P,0.49019607843137253,0.48873908910206554,0.48909088136161905,56.51,0.7,0.01,4,150,0.3,0.1,5.0,0.5,0.7
Preprocessed,P,0.5294117647058824,0.5263157894736842,0.5278637770897833,58.35,0.7,0.01,4,150,0.3,0.1,5.0,0.5,0.8
Preprocessed,P,0.47058823529411764,0.46416546416546417,0.4653255241490535,60.3,0.7,0.01,4,150,0.3,1.0,1.0,0.5,0.6
Preprocessed,P,0.49019607843137253,0.48873908910206554,0.48909088136161905,56.84,0.7,0.01,4,150,0.3,1.0,1.0,0.5,0.7
Preprocessed,P,0.5294117647058824,0.5263157894736842,0.5278637770897833,57.02,0.7,0.01,4,150,0.3,1.0,1.0,0.5,0.8
Preprocessed,P,0.45098039215686275,0.4414141414141414,0.44385026737967914,56.58,0.7,0.01,4,150,0.3,1.0,5.0,0.5,0.6
Preprocessed,P,0.47058823529411764,0.46604127579737337,0.4663061472243682,57.39,0.7,0.01,4,150,0.3,1.0,5.0,0.5,0.7
Preprocessed,P,0.49019607843137253,0.4838624338624338,0.4861811391223155,57.24,0.7,0.01,4,150,0.3,1.0,5.0,0.5,0.8
Preprocessed,P,0.49019607843137253,0.48920236851271337,0.489581412502305,7.79,0.7,0.05,2,50,0.1,0.1,1.0,0.5,0.6
Preprocessed,P,0.5490196078431373,0.5511904761904761,0.5468487394957983,7.84,0.7,0.05,2,50,0.1,0.1,1.0,0.5,0.7
Preprocessed,P,0.5490196078431373,0.5505050505050505,0.5472370766488414,7.83,0.7,0.05,2,50,0.1,0.1,1.0,0.5,0.8
Preprocessed,P,0.47058823529411764,0.4663865546218487,0.46861097380128514,7.7,0.7,0.05,2,50,0.1,0.1,5.0,0.5,0.6
Preprocessed,P,0.5098039215686274,0.5103389103389103,0.5089862972215913,7.87,0.7,0.05,2,50,0.1,0.1,5.0,0.5,0.7
Preprocessed,P,0.5490196078431373,0.5523136773136773,0.5480380112733054,7.8,0.7,0.05,2,50,0.1,0.1,5.0,0.5,0.8
Preprocessed,P,0.47058823529411764,0.46707493048956467,0.469339842367102,7.86,0.7,0.05,2,50,0.1,1.0,1.0,0.5,0.6
Preprocessed,P,0.5294117647058824,0.5311145246629118,0.5282009578024759,7.74,0.7,0.05,2,50,0.1,1.0,1.0,0.5,0.7
Preprocessed,P,0.5490196078431373,0.5505050505050505,0.5472370766488414,7.91,0.7,0.05,2,50,0.1,1.0,1.0,0.5,0.8
Preprocessed,P,0.49019607843137253,0.48436748436748434,0.48671589848060437,7.9,0.7,0.05,2,50,0.1,1.0,5.0,0.5,0.6
Preprocessed,P,0.49019607843137253,0.4838624338624338,0.4861811391223155,7.81,0.7,0.05,2,50,0.1,1.0,5.0,0.5,0.7
Preprocessed,P,0.5294117647058824,0.5321811374942306,0.5293303125650487,7.8,0.7,0.05,2,50,0.1,1.0,5.0,0.5,0.8
Preprocessed,P,0.5098039215686274,0.5069444444444445,0.5053921568627451,6.91,0.7,0.05,2,50,0.3,0.1,1.0,0.5,0.6
Preprocessed,P,0.5490196078431373,0.5511904761904761,0.5468487394957983,7.08,0.7,0.05,2,50,0.3,0.1,1.0,0.5,0.7
Preprocessed,P,0.5490196078431373,0.5523136773136773,0.5480380112733054,7.09,0.7,0.05,2,50,0.3,0.1,1.0,0.5,0.8
Preprocessed,P,0.47058823529411764,0.46707493048956467,0.469339842367102,7.01,0.7,0.05,2,50,0.3,0.1,5.0,0.5,0.6
Preprocessed,P,0.47058823529411764,0.4682490540075679,0.4683421356158562,7.07,0.7,0.05,2,50,0.3,0.1,5.0,0.5,0.7
Preprocessed,P,0.5490196078431373,0.5523136773136773,0.5480380112733054,7.03,0.7,0.05,2,50,0.3,0.1,5.0,0.5,0.8
Preprocessed,P,0.47058823529411764,0.46707493048956467,0.469339842367102,7.0,0.7,0.05,2,50,0.3,1.0,1.0,0.5,0.6
Preprocessed,P,0.49019607843137253,0.48873908910206554,0.48909088136161905,7.06,0.7,0.05,2,50,0.3,1.0,1.0,0.5,0.7
Preprocessed,P,0.5490196078431373,0.5523136773136773,0.5480380112733054,7.01,0.7,0.05,2,50,0.3,1.0,1.0,0.5,0.8
Preprocessed,P,0.47058823529411764,0.46707493048956467,0.469339842367102,7.14,0.7,0.05,2,50,0.3,1.0,5.0,0.5,0.6
Preprocessed,P,0.47058823529411764,0.46617826617826613,0.4683904330963154,7.11,0.7,0.05,2,50,0.3,1.0,5.0,0.5,0.7
Preprocessed,P,0.49019607843137253,0.4897483690587139,0.4901595307274821,7.24,0.7,0.05,2,50,0.3,1.0,5.0,0.5,0.8
Preprocessed,P,0.5882352941176471,0.5901860385731353,0.5869522002349327,28.64,0.7,0.05,2,100,0.1,0.1,1.0,0.5,0.6
Preprocessed,P,0.5882352941176471,0.5912442396313363,0.5880726484142044,28.78,0.7,0.05,2,100,0.1,0.1,1.0,0.5,0.7
Preprocessed,P,0.5882352941176471,0.5892857142857143,0.5871848739495797,29.09,0.7,0.05,2,100,0.1,0.1,1.0,0.5,0.8
Preprocessed,P,0.5686274509803921,0.5702380952380952,0.5670168067226891,28.75,0.7,0.05,2,100,0.1,0.1,5.0,0.5,0.6
Preprocessed,P,0.5882352941176471,0.5912442396313363,0.5880726484142044,29.01,0.7,0.05,2,100,0.1,0.1,5.0,0.5,0.7
Preprocessed,P,0.5686274509803921,0.5695272048213225,0.5673781812190117,28.79,0.7,0.05,2,100,0.1,0.1,5.0,0.5,0.8
Preprocessed,P,0.5882352941176471,0.5901860385731353,0.5869522002349327,28.94,0.7,0.05,2,100,0.1,1.0,1.0,0.5,0.6
Preprocessed,P,0.5882352941176471,0.5912442396313363,0.5880726484142044,29.02,0.7,0.05,2,100,0.1,1.0,1.0,0.5,0.7
Preprocessed,P,0.5686274509803921,0.5695272048213225,0.5673781812190117,28.9,0.7,0.05,2,100,0.1,1.0,1.0,0.5,0.8
Preprocessed,P,0.5686274509803921,0.5701147067370976,0.5657002018203044,28.63,0.7,0.05,2,100,0.1,1.0,5.0,0.5,0.6
Preprocessed,P,0.5882352941176471,0.5912442396313363,0.5880726484142044,28.79,0.7,0.05,2,100,0.1,1.0,5.0,0.5,0.7
Preprocessed,P,0.5686274509803921,0.5695272048213225,0.5673781812190117,29.17,0.7,0.05,2,100,0.1,1.0,5.0,0.5,0.8
Preprocessed,P,0.5882352941176471,0.5897292250233427,0.5852034931619707,26.34,0.7,0.05,2,100,0.3,0.1,1.0,0.5,0.6
Preprocessed,P,0.5882352941176471,0.5912442396313363,0.5880726484142044,26.03,0.7,0.05,2,100,0.3,0.1,1.0,0.5,0.7
Preprocessed,P,0.5686274509803921,0.5725156975156975,0.5694283856048562,26.42,0.7,0.05,2,100,0.3,0.1,1.0,0.5,0.8
Preprocessed,P,0.5490196078431373,0.5503812636165577,0.5459919261822376,26.13,0.7,0.05,2,100,0.3,0.1,5.0,0.5,0.6
Preprocessed,P,0.5882352941176471,0.5912442396313363,0.5880726484142044,26.18,0.7,0.05,2,100,0.3,0.1,5.0,0.5,0.7
Preprocessed,P,0.5686274509803921,0.5695272048213225,0.5673781812190117,26.15,0.7,0.05,2,100,0.3,0.1,5.0,0.5,0.8
Preprocessed,P,0.5490196078431373,0.5503812636165577,0.5459919261822376,25.94,0.7,0.05,2,100,0.3,1.0,1.0,0.5,0.6
Preprocessed,P,0.5686274509803921,0.5710784313725491,0.5679065743944637,26.22,0.7,0.05,2,100,0.3,1.0,1.0,0.5,0.7
Preprocessed,P,0.5686274509803921,0.5707070707070706,0.5686274509803921,26.22,0.7,0.05,2,100,0.3,1.0,1.0,0.5,0.8
Preprocessed,P,0.5490196078431373,0.5498452012383902,0.5468949189582955,26.08,0.7,0.05,2,100,0.3,1.0,5.0,0.5,0.6
Preprocessed,P,0.5490196078431373,0.5503812636165577,0.5459919261822376,26.27,0.7,0.05,2,100,0.3,1.0,5.0,0.5,0.7
Preprocessed,P,0.5686274509803921,0.5710784313725491,0.5679065743944637,26.13,0.7,0.05,2,100,0.3,1.0,5.0,0.5,0.8
Preprocessed,P,0.6078431372549019,0.6101190476190476,0.6055672268907563,62.5,0.7,0.05,2,150,0.1,0.1,1.0,0.5,0.6
Preprocessed,P,0.5882352941176471,0.5912442396313363,0.5880726484142044,63.14,0.7,0.05,2,150,0.1,0.1,1.0,0.5,0.7
Preprocessed,P,0.5882352941176471,0.5912442396313363,0.5880726484142044,62.8,0.7,0.05,2,150,0.1,0.1,1.0,0.5,0.8
Preprocessed,P,0.5882352941176471,0.5882352941176471,0.5847750865051903,62.55,0.7,0.05,2,150,0.1,0.1,5.0,0.5,0.6
Preprocessed,P,0.5882352941176471,0.5912442396313363,0.5880726484142044,62.82,0.7,0.05,2,150,0.1,0.1,5.0,0.5,0.7
Preprocessed,P,0.5686274509803921,0.5710784313725491,0.5679065743944637,63.0,0.7,0.05,2,150,0.1,0.1,5.0,0.5,0.8
Preprocessed,P,0.6078431372549019,0.6101190476190476,0.6055672268907563,62.64,0.7,0.05,2,150,0.1,1.0,1.0,0.5,0.6
Preprocessed,P,0.5882352941176471,0.5912442396313363,0.5880726484142044,62.79,0.7,0.05,2,150,0.1,1.0,1.0,0.5,0.7
Preprocessed,P,0.5882352941176471,0.5912442396313363,0.5880726484142044,62.98,0.7,0.05,2,150,0.1,1.0,1.0,0.5,0.8
Preprocessed,P,0.5882352941176471,0.5885076252723311,0.586361014994233,63.24,0.7,0.05,2,150,0.1,1.0,5.0,0.5,0.6
Preprocessed,P,0.5882352941176471,0.5912442396313363,0.5880726484142044,62.73,0.7,0.05,2,150,0.1,1.0,5.0,0.5,0.7
Preprocessed,P,0.5686274509803921,0.5710784313725491,0.5679065743944637,63.15,0.7,0.05,2,150,0.1,1.0,5.0,0.5,0.8
Preprocessed,P,0.5882352941176471,0.5897292250233427,0.5852034931619707,56.27,0.7,0.05,2,150,0.3,0.1,1.0,0.5,0.6
Preprocessed,P,0.5882352941176471,0.5912442396313363,0.5880726484142044,56.75,0.7,0.05,2,150,0.3,0.1,1.0,0.5,0.7
Preprocessed,P,0.5686274509803921,0.5732943569755714,0.5690668903081003,56.58,0.7,0.05,2,150,0.3,0.1,1.0,0.5,0.8
Preprocessed,P,0.5882352941176471,0.5897292250233427,0.5852034931619707,56.39,0.7,0.05,2,150,0.3,0.1,5.0,0.5,0.6
Preprocessed,P,0.5882352941176471,0.5912442396313363,0.5880726484142044,56.42,0.7,0.05,2,150,0.3,0.1,5.0,0.5,0.7
Preprocessed,P,0.5686274509803921,0.5710784313725491,0.5679065743944637,56.67,0.7,0.05,2,150,0.3,0.1,5.0,0.5,0.8
Preprocessed,P,0.5490196078431373,0.5501296751296751,0.5457255383725972,56.69,0.7,0.05,2,150,0.3,1.0,1.0,0.5,0.6
Preprocessed,P,0.5882352941176471,0.5912442396313363,0.5880726484142044,56.82,0.7,0.05,2,150,0.3,1.0,1.0,0.5,0.7
Preprocessed,P,0.5686274509803921,0.5707070707070706,0.5686274509803921,56.31,0.7,0.05,2,150,0.3,1.0,1.0,0.5,0.8
Preprocessed,P,0.5882352941176471,0.5883497133497134,0.5861938141349906,56.48,0.7,0.05,2,150,0.3,1.0,5.0,0.5,0.6
Preprocessed,P,0.5882352941176471,0.5901860385731353,0.5869522002349327,56.62,0.7,0.05,2,150,0.3,1.0,5.0,0.5,0.7
Preprocessed,P,0.5686274509803921,0.5710784313725491,0.5679065743944637,56.77,0.7,0.05,2,150,0.3,1.0,5.0,0.5,0.8
Preprocessed,P,0.49019607843137253,0.48920236851271337,0.489581412502305,7.82,0.7,0.05,3,50,0.1,0.1,1.0,0.5,0.6
Preprocessed,P,0.5490196078431373,0.5511904761904761,0.5468487394957983,7.83,0.7,0.05,3,50,0.1,0.1,1.0,0.5,0.7
Preprocessed,P,0.5490196078431373,0.5505050505050505,0.5472370766488414,7.97,0.7,0.05,3,50,0.1,0.1,1.0,0.5,0.8
Preprocessed,P,0.47058823529411764,0.4663865546218487,0.46861097380128514,7.77,0.7,0.05,3,50,0.1,0.1,5.0,0.5,0.6
Preprocessed,P,0.5098039215686274,0.5103389103389103,0.5089862972215913,7.85,0.7,0.05,3,50,0.1,0.1,5.0,0.5,0.7
Preprocessed,P,0.5490196078431373,0.5523136773136773,0.5480380112733054,7.92,0.7,0.05,3,50,0.1,0.1,5.0,0.5,0.8
Preprocessed,P,0.47058823529411764,0.46707493048956467,0.469339842367102,7.83,0.7,0.05,3,50,0.1,1.0,1.0,0.5,0.6
Preprocessed,P,0.5294117647058824,0.5311145246629118,0.5282009578024759,7.94,0.7,0.05,3,50,0.1,1.0,1.0,0.5,0.7
Preprocessed,P,0.5490196078431373,0.5505050505050505,0.5472370766488414,8.0,0.7,0.05,3,50,0.1,1.0,1.0,0.5,0.8
Preprocessed,P,0.49019607843137253,0.48436748436748434,0.48671589848060437,7.77,0.7,0.05,3,50,0.1,1.0,5.0,0.5,0.6
Preprocessed,P,0.49019607843137253,0.4838624338624338,0.4861811391223155,7.89,0.7,0.05,3,50,0.1,1.0,5.0,0.5,0.7
Preprocessed,P,0.5294117647058824,0.5321811374942306,0.5293303125650487,8.11,0.7,0.05,3,50,0.1,1.0,5.0,0.5,0.8
Preprocessed,P,0.5098039215686274,0.5069444444444445,0.5053921568627451,7.04,0.7,0.05,3,50,0.3,0.1,1.0,0.5,0.6
Preprocessed,P,0.5490196078431373,0.5511904761904761,0.5468487394957983,7.26,0.7,0.05,3,50,0.3,0.1,1.0,0.5,0.7
Preprocessed,P,0.5490196078431373,0.5523136773136773,0.5480380112733054,7.19,0.7,0.05,3,50,0.3,0.1,1.0,0.5,0.8
Preprocessed,P,0.47058823529411764,0.46707493048956467,0.469339842367102,7.23,0.7,0.05,3,50,0.3,0.1,5.0,0.5,0.6
Preprocessed,P,0.47058823529411764,0.4682490540075679,0.4683421356158562,7.18,0.7,0.05,3,50,0.3,0.1,5.0,0.5,0.7
Preprocessed,P,0.5490196078431373,0.5523136773136773,0.5480380112733054,7.02,0.7,0.05,3,50,0.3,0.1,5.0,0.5,0.8
Preprocessed,P,0.47058823529411764,0.46707493048956467,0.469339842367102,7.19,0.7,0.05,3,50,0.3,1.0,1.0,0.5,0.6
Preprocessed,P,0.49019607843137253,0.48873908910206554,0.48909088136161905,7.05,0.7,0.05,3,50,0.3,1.0,1.0,0.5,0.7
Preprocessed,P,0.5490196078431373,0.5523136773136773,0.5480380112733054,7.06,0.7,0.05,3,50,0.3,1.0,1.0,0.5,0.8
Preprocessed,P,0.47058823529411764,0.46707493048956467,0.469339842367102,6.92,0.7,0.05,3,50,0.3,1.0,5.0,0.5,0.6
Preprocessed,P,0.47058823529411764,0.46617826617826613,0.4683904330963154,7.03,0.7,0.05,3,50,0.3,1.0,5.0,0.5,0.7
Preprocessed,P,0.49019607843137253,0.4897483690587139,0.4901595307274821,7.08,0.7,0.05,3,50,0.3,1.0,5.0,0.5,0.8
Preprocessed,P,0.5882352941176471,0.5901860385731353,0.5869522002349327,28.69,0.7,0.05,3,100,0.1,0.1,1.0,0.5,0.6
Preprocessed,P,0.5882352941176471,0.5912442396313363,0.5880726484142044,28.81,0.7,0.05,3,100,0.1,0.1,1.0,0.5,0.7
Preprocessed,P,0.5882352941176471,0.5892857142857143,0.5871848739495797,29.17,0.7,0.05,3,100,0.1,0.1,1.0,0.5,0.8
Preprocessed,P,0.5686274509803921,0.5702380952380952,0.5670168067226891,28.82,0.7,0.05,3,100,0.1,0.1,5.0,0.5,0.6
Preprocessed,P,0.5882352941176471,0.5912442396313363,0.5880726484142044,28.7,0.7,0.05,3,100,0.1,0.1,5.0,0.5,0.7
Preprocessed,P,0.5686274509803921,0.5695272048213225,0.5673781812190117,29.2,0.7,0.05,3,100,0.1,0.1,5.0,0.5,0.8
Preprocessed,P,0.5882352941176471,0.5901860385731353,0.5869522002349327,29.0,0.7,0.05,3,100,0.1,1.0,1.0,0.5,0.6
Preprocessed,P,0.5882352941176471,0.5912442396313363,0.5880726484142044,28.9,0.7,0.05,3,100,0.1,1.0,1.0,0.5,0.7
Preprocessed,P,0.5686274509803921,0.5695272048213225,0.5673781812190117,28.97,0.7,0.05,3,100,0.1,1.0,1.0,0.5,0.8
Preprocessed,P,0.5686274509803921,0.5701147067370976,0.5657002018203044,29.21,0.7,0.05,3,100,0.1,1.0,5.0,0.5,0.6
Preprocessed,P,0.5882352941176471,0.5912442396313363,0.5880726484142044,29.52,0.7,0.05,3,100,0.1,1.0,5.0,0.5,0.7
Preprocessed,P,0.5686274509803921,0.5695272048213225,0.5673781812190117,29.02,0.7,0.05,3,100,0.1,1.0,5.0,0.5,0.8
Preprocessed,P,0.5882352941176471,0.5897292250233427,0.5852034931619707,26.27,0.7,0.05,3,100,0.3,0.1,1.0,0.5,0.6
Preprocessed,P,0.5882352941176471,0.5912442396313363,0.5880726484142044,26.12,0.7,0.05,3,100,0.3,0.1,1.0,0.5,0.7
Preprocessed,P,0.5686274509803921,0.5725156975156975,0.5694283856048562,26.42,0.7,0.05,3,100,0.3,0.1,1.0,0.5,0.8
Preprocessed,P,0.5490196078431373,0.5503812636165577,0.5459919261822376,26.09,0.7,0.05,3,100,0.3,0.1,5.0,0.5,0.6
Preprocessed,P,0.5882352941176471,0.5912442396313363,0.5880726484142044,26.92,0.7,0.05,3,100,0.3,0.1,5.0,0.5,0.7
Preprocessed,P,0.5686274509803921,0.5695272048213225,0.5673781812190117,26.64,0.7,0.05,3,100,0.3,0.1,5.0,0.5,0.8
Preprocessed,P,0.5490196078431373,0.5503812636165577,0.5459919261822376,26.45,0.7,0.05,3,100,0.3,1.0,1.0,0.5,0.6
Preprocessed,P,0.5686274509803921,0.5710784313725491,0.5679065743944637,26.41,0.7,0.05,3,100,0.3,1.0,1.0,0.5,0.7
Preprocessed,P,0.5686274509803921,0.5707070707070706,0.5686274509803921,26.45,0.7,0.05,3,100,0.3,1.0,1.0,0.5,0.8
Preprocessed,P,0.5490196078431373,0.5498452012383902,0.5468949189582955,26.19,0.7,0.05,3,100,0.3,1.0,5.0,0.5,0.6
Preprocessed,P,0.5490196078431373,0.5503812636165577,0.5459919261822376,26.09,0.7,0.05,3,100,0.3,1.0,5.0,0.5,0.7
Preprocessed,P,0.5686274509803921,0.5710784313725491,0.5679065743944637,26.65,0.7,0.05,3,100,0.3,1.0,5.0,0.5,0.8
Preprocessed,P,0.6078431372549019,0.6101190476190476,0.6055672268907563,62.95,0.7,0.05,3,150,0.1,0.1,1.0,0.5,0.6
Preprocessed,P,0.5882352941176471,0.5912442396313363,0.5880726484142044,63.05,0.7,0.05,3,150,0.1,0.1,1.0,0.5,0.7
Preprocessed,P,0.5882352941176471,0.5912442396313363,0.5880726484142044,63.69,0.7,0.05,3,150,0.1,0.1,1.0,0.5,0.8
Preprocessed,P,0.5882352941176471,0.5882352941176471,0.5847750865051903,62.7,0.7,0.05,3,150,0.1,0.1,5.0,0.5,0.6
Preprocessed,P,0.5882352941176471,0.5912442396313363,0.5880726484142044,62.85,0.7,0.05,3,150,0.1,0.1,5.0,0.5,0.7
Preprocessed,P,0.5686274509803921,0.5710784313725491,0.5679065743944637,63.59,0.7,0.05,3,150,0.1,0.1,5.0,0.5,0.8
Preprocessed,P,0.6078431372549019,0.6101190476190476,0.6055672268907563,62.91,0.7,0.05,3,150,0.1,1.0,1.0,0.5,0.6
Preprocessed,P,0.5882352941176471,0.5912442396313363,0.5880726484142044,62.99,0.7,0.05,3,150,0.1,1.0,1.0,0.5,0.7
Preprocessed,P,0.5882352941176471,0.5912442396313363,0.5880726484142044,63.57,0.7,0.05,3,150,0.1,1.0,1.0,0.5,0.8
Preprocessed,P,0.5882352941176471,0.5885076252723311,0.586361014994233,62.96,0.7,0.05,3,150,0.1,1.0,5.0,0.5,0.6
Preprocessed,P,0.5882352941176471,0.5912442396313363,0.5880726484142044,63.37,0.7,0.05,3,150,0.1,1.0,5.0,0.5,0.7
Preprocessed,P,0.5686274509803921,0.5710784313725491,0.5679065743944637,63.91,0.7,0.05,3,150,0.1,1.0,5.0,0.5,0.8
Preprocessed,P,0.5882352941176471,0.5897292250233427,0.5852034931619707,56.56,0.7,0.05,3,150,0.3,0.1,1.0,0.5,0.6
Preprocessed,P,0.5882352941176471,0.5912442396313363,0.5880726484142044,56.61,0.7,0.05,3,150,0.3,0.1,1.0,0.5,0.7
Preprocessed,P,0.5686274509803921,0.5732943569755714,0.5690668903081003,57.12,0.7,0.05,3,150,0.3,0.1,1.0,0.5,0.8
Preprocessed,P,0.5882352941176471,0.5897292250233427,0.5852034931619707,56.6,0.7,0.05,3,150,0.3,0.1,5.0,0.5,0.6
Preprocessed,P,0.5882352941176471,0.5912442396313363,0.5880726484142044,56.86,0.7,0.05,3,150,0.3,0.1,5.0,0.5,0.7
Preprocessed,P,0.5686274509803921,0.5710784313725491,0.5679065743944637,57.51,0.7,0.05,3,150,0.3,0.1,5.0,0.5,0.8
Preprocessed,P,0.5490196078431373,0.5501296751296751,0.5457255383725972,56.63,0.7,0.05,3,150,0.3,1.0,1.0,0.5,0.6
Preprocessed,P,0.5882352941176471,0.5912442396313363,0.5880726484142044,56.78,0.7,0.05,3,150,0.3,1.0,1.0,0.5,0.7
Preprocessed,P,0.5686274509803921,0.5707070707070706,0.5686274509803921,57.27,0.7,0.05,3,150,0.3,1.0,1.0,0.5,0.8
Preprocessed,P,0.5882352941176471,0.5883497133497134,0.5861938141349906,56.67,0.7,0.05,3,150,0.3,1.0,5.0,0.5,0.6
Preprocessed,P,0.5882352941176471,0.5901860385731353,0.5869522002349327,57.08,0.7,0.05,3,150,0.3,1.0,5.0,0.5,0.7
Preprocessed,P,0.5686274509803921,0.5710784313725491,0.5679065743944637,57.28,0.7,0.05,3,150,0.3,1.0,5.0,0.5,0.8
Preprocessed,P,0.49019607843137253,0.48920236851271337,0.489581412502305,7.91,0.7,0.05,4,50,0.1,0.1,1.0,0.5,0.6
Preprocessed,P,0.5490196078431373,0.5511904761904761,0.5468487394957983,7.84,0.7,0.05,4,50,0.1,0.1,1.0,0.5,0.7
Preprocessed,P,0.5490196078431373,0.5505050505050505,0.5472370766488414,8.0,0.7,0.05,4,50,0.1,0.1,1.0,0.5,0.8
Preprocessed,P,0.47058823529411764,0.4663865546218487,0.46861097380128514,7.9,0.7,0.05,4,50,0.1,0.1,5.0,0.5,0.6
Preprocessed,P,0.5098039215686274,0.5103389103389103,0.5089862972215913,7.98,0.7,0.05,4,50,0.1,0.1,5.0,0.5,0.7
Preprocessed,P,0.5490196078431373,0.5523136773136773,0.5480380112733054,8.02,0.7,0.05,4,50,0.1,0.1,5.0,0.5,0.8
Preprocessed,P,0.47058823529411764,0.46707493048956467,0.469339842367102,7.71,0.7,0.05,4,50,0.1,1.0,1.0,0.5,0.6
Preprocessed,P,0.5294117647058824,0.5311145246629118,0.5282009578024759,7.89,0.7,0.05,4,50,0.1,1.0,1.0,0.5,0.7
Preprocessed,P,0.5490196078431373,0.5505050505050505,0.5472370766488414,8.0,0.7,0.05,4,50,0.1,1.0,1.0,0.5,0.8
Preprocessed,P,0.49019607843137253,0.48436748436748434,0.48671589848060437,7.79,0.7,0.05,4,50,0.1,1.0,5.0,0.5,0.6
Preprocessed,P,0.49019607843137253,0.4838624338624338,0.4861811391223155,7.79,0.7,0.05,4,50,0.1,1.0,5.0,0.5,0.7
Preprocessed,P,0.5294117647058824,0.5321811374942306,0.5293303125650487,7.9,0.7,0.05,4,50,0.1,1.0,5.0,0.5,0.8
Preprocessed,P,0.5098039215686274,0.5069444444444445,0.5053921568627451,7.12,0.7,0.05,4,50,0.3,0.1,1.0,0.5,0.6
Preprocessed,P,0.5490196078431373,0.5511904761904761,0.5468487394957983,7.04,0.7,0.05,4,50,0.3,0.1,1.0,0.5,0.7
Preprocessed,P,0.5490196078431373,0.5523136773136773,0.5480380112733054,7.42,0.7,0.05,4,50,0.3,0.1,1.0,0.5,0.8
Preprocessed,P,0.47058823529411764,0.46707493048956467,0.469339842367102,6.89,0.7,0.05,4,50,0.3,0.1,5.0,0.5,0.6
Preprocessed,P,0.47058823529411764,0.4682490540075679,0.4683421356158562,7.14,0.7,0.05,4,50,0.3,0.1,5.0,0.5,0.7
Preprocessed,P,0.5490196078431373,0.5523136773136773,0.5480380112733054,7.26,0.7,0.05,4,50,0.3,0.1,5.0,0.5,0.8
Preprocessed,P,0.47058823529411764,0.46707493048956467,0.469339842367102,7.06,0.7,0.05,4,50,0.3,1.0,1.0,0.5,0.6
Preprocessed,P,0.49019607843137253,0.48873908910206554,0.48909088136161905,7.31,0.7,0.05,4,50,0.3,1.0,1.0,0.5,0.7
Preprocessed,P,0.5490196078431373,0.5523136773136773,0.5480380112733054,7.42,0.7,0.05,4,50,0.3,1.0,1.0,0.5,0.8
Preprocessed,P,0.47058823529411764,0.46707493048956467,0.469339842367102,7.01,0.7,0.05,4,50,0.3,1.0,5.0,0.5,0.6
Preprocessed,P,0.47058823529411764,0.46617826617826613,0.4683904330963154,7.22,0.7,0.05,4,50,0.3,1.0,5.0,0.5,0.7
Preprocessed,P,0.49019607843137253,0.4897483690587139,0.4901595307274821,7.34,0.7,0.05,4,50,0.3,1.0,5.0,0.5,0.8
Preprocessed,P,0.5882352941176471,0.5901860385731353,0.5869522002349327,29.01,0.7,0.05,4,100,0.1,0.1,1.0,0.5,0.6
Preprocessed,P,0.5882352941176471,0.5912442396313363,0.5880726484142044,29.14,0.7,0.05,4,100,0.1,0.1,1.0,0.5,0.7
Preprocessed,P,0.5882352941176471,0.5892857142857143,0.5871848739495797,29.3,0.7,0.05,4,100,0.1,0.1,1.0,0.5,0.8
Preprocessed,P,0.5686274509803921,0.5702380952380952,0.5670168067226891,28.65,0.7,0.05,4,100,0.1,0.1,5.0,0.5,0.6
Preprocessed,P,0.5882352941176471,0.5912442396313363,0.5880726484142044,28.87,0.7,0.05,4,100,0.1,0.1,5.0,0.5,0.7
Preprocessed,P,0.5686274509803921,0.5695272048213225,0.5673781812190117,29.37,0.7,0.05,4,100,0.1,0.1,5.0,0.5,0.8
Preprocessed,P,0.5882352941176471,0.5901860385731353,0.5869522002349327,29.15,0.7,0.05,4,100,0.1,1.0,1.0,0.5,0.6
Preprocessed,P,0.5882352941176471,0.5912442396313363,0.5880726484142044,29.09,0.7,0.05,4,100,0.1,1.0,1.0,0.5,0.7
Preprocessed,P,0.5686274509803921,0.5695272048213225,0.5673781812190117,29.27,0.7,0.05,4,100,0.1,1.0,1.0,0.5,0.8
Preprocessed,P,0.5686274509803921,0.5701147067370976,0.5657002018203044,28.59,0.7,0.05,4,100,0.1,1.0,5.0,0.5,0.6
Preprocessed,P,0.5882352941176471,0.5912442396313363,0.5880726484142044,29.11,0.7,0.05,4,100,0.1,1.0,5.0,0.5,0.7
Preprocessed,P,0.5686274509803921,0.5695272048213225,0.5673781812190117,29.53,0.7,0.05,4,100,0.1,1.0,5.0,0.5,0.8
Preprocessed,P,0.5882352941176471,0.5897292250233427,0.5852034931619707,26.41,0.7,0.05,4,100,0.3,0.1,1.0,0.5,0.6
Preprocessed,P,0.5882352941176471,0.5912442396313363,0.5880726484142044,26.42,0.7,0.05,4,100,0.3,0.1,1.0,0.5,0.7
Preprocessed,P,0.5686274509803921,0.5725156975156975,0.5694283856048562,26.85,0.7,0.05,4,100,0.3,0.1,1.0,0.5,0.8
Preprocessed,P,0.5490196078431373,0.5503812636165577,0.5459919261822376,26.56,0.7,0.05,4,100,0.3,0.1,5.0,0.5,0.6
Preprocessed,P,0.5882352941176471,0.5912442396313363,0.5880726484142044,26.41,0.7,0.05,4,100,0.3,0.1,5.0,0.5,0.7
Preprocessed,P,0.5686274509803921,0.5695272048213225,0.5673781812190117,26.57,0.7,0.05,4,100,0.3,0.1,5.0,0.5,0.8
Preprocessed,P,0.5490196078431373,0.5503812636165577,0.5459919261822376,26.46,0.7,0.05,4,100,0.3,1.0,1.0,0.5,0.6
Preprocessed,P,0.5686274509803921,0.5710784313725491,0.5679065743944637,26.47,0.7,0.05,4,100,0.3,1.0,1.0,0.5,0.7
Preprocessed,P,0.5686274509803921,0.5707070707070706,0.5686274509803921,26.46,0.7,0.05,4,100,0.3,1.0,1.0,0.5,0.8
Preprocessed,P,0.5490196078431373,0.5498452012383902,0.5468949189582955,26.3,0.7,0.05,4,100,0.3,1.0,5.0,0.5,0.6
Preprocessed,P,0.5490196078431373,0.5503812636165577,0.5459919261822376,26.24,0.7,0.05,4,100,0.3,1.0,5.0,0.5,0.7
Preprocessed,P,0.5686274509803921,0.5710784313725491,0.5679065743944637,26.37,0.7,0.05,4,100,0.3,1.0,5.0,0.5,0.8
Preprocessed,P,0.6078431372549019,0.6101190476190476,0.6055672268907563,63.18,0.7,0.05,4,150,0.1,0.1,1.0,0.5,0.6
Preprocessed,P,0.5882352941176471,0.5912442396313363,0.5880726484142044,64.1,0.7,0.05,4,150,0.1,0.1,1.0,0.5,0.7
Preprocessed,P,0.5882352941176471,0.5912442396313363,0.5880726484142044,64.57,0.7,0.05,4,150,0.1,0.1,1.0,0.5,0.8
Preprocessed,P,0.5882352941176471,0.5882352941176471,0.5847750865051903,63.35,0.7,0.05,4,150,0.1,0.1,5.0,0.5,0.6
Preprocessed,P,0.5882352941176471,0.5912442396313363,0.5880726484142044,63.0,0.7,0.05,4,150,0.1,0.1,5.0,0.5,0.7
Preprocessed,P,0.5686274509803921,0.5710784313725491,0.5679065743944637,63.68,0.7,0.05,4,150,0.1,0.1,5.0,0.5,0.8
Preprocessed,P,0.6078431372549019,0.6101190476190476,0.6055672268907563,63.17,0.7,0.05,4,150,0.1,1.0,1.0,0.5,0.6
Preprocessed,P,0.5882352941176471,0.5912442396313363,0.5880726484142044,63.1,0.7,0.05,4,150,0.1,1.0,1.0,0.5,0.7
Preprocessed,P,0.5882352941176471,0.5912442396313363,0.5880726484142044,63.18,0.7,0.05,4,150,0.1,1.0,1.0,0.5,0.8
Preprocessed,P,0.5882352941176471,0.5885076252723311,0.586361014994233,63.03,0.7,0.05,4,150,0.1,1.0,5.0,0.5,0.6
Preprocessed,P,0.5882352941176471,0.5912442396313363,0.5880726484142044,63.15,0.7,0.05,4,150,0.1,1.0,5.0,0.5,0.7
Preprocessed,P,0.5686274509803921,0.5710784313725491,0.5679065743944637,62.87,0.7,0.05,4,150,0.1,1.0,5.0,0.5,0.8
Preprocessed,P,0.5882352941176471,0.5897292250233427,0.5852034931619707,56.54,0.7,0.05,4,150,0.3,0.1,1.0,0.5,0.6
Preprocessed,P,0.5882352941176471,0.5912442396313363,0.5880726484142044,56.55,0.7,0.05,4,150,0.3,0.1,1.0,0.5,0.7
Preprocessed,P,0.5686274509803921,0.5732943569755714,0.5690668903081003,56.65,0.7,0.05,4,150,0.3,0.1,1.0,0.5,0.8
Preprocessed,P,0.5882352941176471,0.5897292250233427,0.5852034931619707,56.57,0.7,0.05,4,150,0.3,0.1,5.0,0.5,0.6
Preprocessed,P,0.5882352941176471,0.5912442396313363,0.5880726484142044,56.53,0.7,0.05,4,150,0.3,0.1,5.0,0.5,0.7
Preprocessed,P,0.5686274509803921,0.5710784313725491,0.5679065743944637,56.91,0.7,0.05,4,150,0.3,0.1,5.0,0.5,0.8
Preprocessed,P,0.5490196078431373,0.5501296751296751,0.5457255383725972,56.62,0.7,0.05,4,150,0.3,1.0,1.0,0.5,0.6
Preprocessed,P,0.5882352941176471,0.5912442396313363,0.5880726484142044,57.06,0.7,0.05,4,150,0.3,1.0,1.0,0.5,0.7
Preprocessed,P,0.5686274509803921,0.5707070707070706,0.5686274509803921,56.88,0.7,0.05,4,150,0.3,1.0,1.0,0.5,0.8
Preprocessed,P,0.5882352941176471,0.5883497133497134,0.5861938141349906,56.43,0.7,0.05,4,150,0.3,1.0,5.0,0.5,0.6
Preprocessed,P,0.5882352941176471,0.5901860385731353,0.5869522002349327,56.74,0.7,0.05,4,150,0.3,1.0,5.0,0.5,0.7
Preprocessed,P,0.5686274509803921,0.5710784313725491,0.5679065743944637,57.08,0.7,0.05,4,150,0.3,1.0,5.0,0.5,0.8
Preprocessed,P,0.5294117647058824,0.5293865293865294,0.5291543644484821,7.62,0.7,0.1,2,50,0.1,0.1,1.0,0.5,0.6
Preprocessed,P,0.5686274509803921,0.5710784313725491,0.5679065743944637,7.79,0.7,0.1,2,50,0.1,0.1,1.0,0.5,0.7
Preprocessed,P,0.5686274509803921,0.5710784313725491,0.5679065743944637,7.67,0.7,0.1,2,50,0.1,0.1,1.0,0.5,0.8
Preprocessed,P,0.5098039215686274,0.5103341103341102,0.5089812148635677,7.59,0.7,0.1,2,50,0.1,0.1,5.0,0.5,0.6
Preprocessed,P,0.5490196078431373,0.5511904761904761,0.5468487394957983,7.78,0.7,0.1,2,50,0.1,0.1,5.0,0.5,0.7
Preprocessed,P,0.5490196078431373,0.5505050505050505,0.5472370766488414,7.85,0.7,0.1,2,50,0.1,0.1,5.0,0.5,0.8
Preprocessed,P,0.5098039215686274,0.5103341103341102,0.5089812148635677,7.72,0.7,0.1,2,50,0.1,1.0,1.0,0.5,0.6
Preprocessed,P,0.5490196078431373,0.5511904761904761,0.5468487394957983,7.69,0.7,0.1,2,50,0.1,1.0,1.0,0.5,0.7
Preprocessed,P,0.5490196078431373,0.5523136773136773,0.5480380112733054,8.0,0.7,0.1,2,50,0.1,1.0,1.0,0.5,0.8
Preprocessed,P,0.5098039215686274,0.5083139083139083,0.5107637460578637,7.73,0.7,0.1,2,50,0.1,1.0,5.0,0.5,0.6
Preprocessed,P,0.5490196078431373,0.5511904761904761,0.5468487394957983,7.68,0.7,0.1,2,50,0.1,1.0,5.0,0.5,0.7
Preprocessed,P,0.5686274509803921,0.5695272048213225,0.5673781812190117,7.8,0.7,0.1,2,50,0.1,1.0,5.0,0.5,0.8
Preprocessed,P,0.5098039215686274,0.5103341103341102,0.5089812148635677,7.12,0.7,0.1,2,50,0.3,0.1,1.0,0.5,0.6
Preprocessed,P,0.5686274509803921,0.5710784313725491,0.5679065743944637,6.9,0.7,0.1,2,50,0.3,0.1,1.0,0.5,0.7
Preprocessed,P,0.5490196078431373,0.5523136773136773,0.5480380112733054,7.04,0.7,0.1,2,50,0.3,0.1,1.0,0.5,0.8
Preprocessed,P,0.5098039215686274,0.5071446169007144,0.5075648884831094,7.07,0.7,0.1,2,50,0.3,0.1,5.0,0.5,0.6
Preprocessed,P,0.5490196078431373,0.5511904761904761,0.5468487394957983,6.99,0.7,0.1,2,50,0.3,0.1,5.0,0.5,0.7
Preprocessed,P,0.5490196078431373,0.5523136773136773,0.5480380112733054,6.99,0.7,0.1,2,50,0.3,0.1,5.0,0.5,0.8
Preprocessed,P,0.49019607843137253,0.48920236851271337,0.489581412502305,6.88,0.7,0.1,2,50,0.3,1.0,1.0,0.5,0.6
Preprocessed,P,0.5490196078431373,0.5503812636165577,0.5459919261822376,6.9,0.7,0.1,2,50,0.3,1.0,1.0,0.5,0.7
Preprocessed,P,0.5490196078431373,0.5523136773136773,0.5480380112733054,7.11,0.7,0.1,2,50,0.3,1.0,1.0,0.5,0.8
Preprocessed,P,0.47058823529411764,0.46707493048956467,0.469339842367102,6.91,0.7,0.1,2,50,0.3,1.0,5.0,0.5,0.6
Preprocessed,P,0.5490196078431373,0.5511904761904761,0.5468487394957983,6.8,0.7,0.1,2,50,0.3,1.0,5.0,0.5,0.7
Preprocessed,P,0.5490196078431373,0.5523136773136773,0.5480380112733054,7.05,0.7,0.1,2,50,0.3,1.0,5.0,0.5,0.8
Preprocessed,P,0.5686274509803921,0.5696267696267697,0.5678401090165797,28.62,0.7,0.1,2,100,0.1,0.1,1.0,0.5,0.6
Preprocessed,P,0.6078431372549019,0.6101190476190476,0.6055672268907563,28.86,0.7,0.1,2,100,0.1,0.1,1.0,0.5,0.7
Preprocessed,P,0.6470588235294118,0.6517638181475193,0.6483571357235594,29.32,0.7,0.1,2,100,0.1,0.1,1.0,0.5,0.8
Preprocessed,P,0.5882352941176471,0.5897292250233427,0.5852034931619707,28.97,0.7,0.1,2,100,0.1,0.1,5.0,0.5,0.6
Preprocessed,P,0.5882352941176471,0.5897292250233427,0.5852034931619707,28.72,0.7,0.1,2,100,0.1,0.1,5.0,0.5,0.7
Preprocessed,P,0.5882352941176471,0.5897292250233427,0.5852034931619707,29.07,0.7,0.1,2,100,0.1,0.1,5.0,0.5,0.8
Preprocessed,P,0.5882352941176471,0.5919117647058824,0.5862889273356401,28.73,0.7,0.1,2,100,0.1,1.0,1.0,0.5,0.6
Preprocessed,P,0.6078431372549019,0.6101190476190476,0.6055672268907563,28.8,0.7,0.1,2,100,0.1,1.0,1.0,0.5,0.7
Preprocessed,P,0.5882352941176471,0.5905337155337156,0.5885062870356988,28.94,0.7,0.1,2,100,0.1,1.0,1.0,0.5,0.8
Preprocessed,P,0.5686274509803921,0.5702380952380952,0.5670168067226891,28.79,0.7,0.1,2,100,0.1,1.0,5.0,0.5,0.6
Preprocessed,P,0.5882352941176471,0.5901860385731353,0.5869522002349327,29.02,0.7,0.1,2,100,0.1,1.0,5.0,0.5,0.7
Preprocessed,P,0.5686274509803921,0.5710784313725491,0.5679065743944637,28.86,0.7,0.1,2,100,0.1,1.0,5.0,0.5,0.8
Preprocessed,P,0.5294117647058824,0.5307548928238583,0.5295214078175539,25.89,0.7,0.1,2,100,0.3,0.1,1.0,0.5,0.6
Preprocessed,P,0.6078431372549019,0.6101190476190476,0.6055672268907563,26.1,0.7,0.1,2,100,0.3,0.1,1.0,0.5,0.7
Preprocessed,P,0.6470588235294118,0.6496459694989106,0.647419261822376,26.47,0.7,0.1,2,100,0.3,0.1,1.0,0.5,0.8
Preprocessed,P,0.6078431372549019,0.6101190476190476,0.6055672268907563,26.43,0.7,0.1,2,100,0.3,0.1,5.0,0.5,0.6
Preprocessed,P,0.6078431372549019,0.6101190476190476,0.6055672268907563,26.2,0.7,0.1,2,100,0.3,0.1,5.0,0.5,0.7
Preprocessed,P,0.5882352941176471,0.5897292250233427,0.5852034931619707,26.45,0.7,0.1,2,100,0.3,0.1,5.0,0.5,0.8
Preprocessed,P,0.5686274509803921,0.5721966205837173,0.5679045811873137,26.17,0.7,0.1,2,100,0.3,1.0,1.0,0.5,0.6
Preprocessed,P,0.5686274509803921,0.5702380952380952,0.5670168067226891,26.15,0.7,0.1,2,100,0.3,1.0,1.0,0.5,0.7
Preprocessed,P,0.5882352941176471,0.5905337155337156,0.5885062870356988,26.29,0.7,0.1,2,100,0.3,1.0,1.0,0.5,0.8
Preprocessed,P,0.5686274509803921,0.5702380952380952,0.5670168067226891,26.07,0.7,0.1,2,100,0.3,1.0,5.0,0.5,0.6
Preprocessed,P,0.5686274509803921,0.5701147067370976,0.5657002018203044,26.81,0.7,0.1,2,100,0.3,1.0,5.0,0.5,0.7
Preprocessed,P,0.5686274509803921,0.5707070707070706,0.5686274509803921,26.56,0.7,0.1,2,100,0.3,1.0,5.0,0.5,0.8
Preprocessed,P,0.5686274509803921,0.5702380952380952,0.5670168067226891,62.86,0.7,0.1,2,150,0.1,0.1,1.0,0.5,0.6
Preprocessed,P,0.5686274509803921,0.5732943569755714,0.5690668903081003,63.15,0.7,0.1,2,150,0.1,0.1,1.0,0.5,0.7
Preprocessed,P,0.6470588235294118,0.6513157894736842,0.649187306501548,62.88,0.7,0.1,2,150,0.1,0.1,1.0,0.5,0.8
Preprocessed,P,0.6078431372549019,0.6101190476190476,0.6055672268907563,63.33,0.7,0.1,2,150,0.1,0.1,5.0,0.5,0.6
Preprocessed,P,0.5882352941176471,0.5901860385731353,0.5869522002349327,63.13,0.7,0.1,2,150,0.1,0.1,5.0,0.5,0.7
Preprocessed,P,0.6078431372549019,0.6109202181308443,0.6089060374136833,63.7,0.7,0.1,2,150,0.1,0.1,5.0,0.5,0.8
Preprocessed,P,0.5882352941176471,0.5897292250233427,0.5852034931619707,62.98,0.7,0.1,2,150,0.1,1.0,1.0,0.5,0.6
Preprocessed,P,0.5882352941176471,0.5912442396313363,0.5880726484142044,62.83,0.7,0.1,2,150,0.1,1.0,1.0,0.5,0.7
Preprocessed,P,0.6274509803921569,0.6302584418034333,0.6293818036552482,62.98,0.7,0.1,2,150,0.1,1.0,1.0,0.5,0.8
Preprocessed,P,0.5882352941176471,0.5882352941176471,0.5847750865051903,62.82,0.7,0.1,2,150,0.1,1.0,5.0,0.5,0.6
Preprocessed,P,0.5882352941176471,0.5912442396313363,0.5880726484142044,62.98,0.7,0.1,2,150,0.1,1.0,5.0,0.5,0.7
Preprocessed,P,0.5882352941176471,0.5912442396313363,0.5880726484142044,62.89,0.7,0.1,2,150,0.1,1.0,5.0,0.5,0.8
Preprocessed,P,0.5686274509803921,0.5721966205837173,0.5679045811873137,56.24,0.7,0.1,2,150,0.3,0.1,1.0,0.5,0.6
Preprocessed,P,0.5882352941176471,0.5951825951825951,0.5909776498011792,56.26,0.7,0.1,2,150,0.3,0.1,1.0,0.5,0.7
Preprocessed,P,0.6666666666666666,0.6697891072891072,0.6687472900708196,56.73,0.7,0.1,2,150,0.3,0.1,1.0,0.5,0.8
Preprocessed,P,0.6078431372549019,0.6101190476190476,0.6055672268907563,56.29,0.7,0.1,2,150,0.3,0.1,5.0,0.5,0.6
Preprocessed,P,0.5882352941176471,0.5912442396313363,0.5880726484142044,56.15,0.7,0.1,2,150,0.3,0.1,5.0,0.5,0.7
Preprocessed,P,0.6274509803921569,0.6300381263616558,0.6266580161476355,56.75,0.7,0.1,2,150,0.3,0.1,5.0,0.5,0.8
Preprocessed,P,0.5882352941176471,0.5897292250233427,0.5852034931619707,56.64,0.7,0.1,2,150,0.3,1.0,1.0,0.5,0.6
Preprocessed,P,0.5882352941176471,0.5912442396313363,0.5880726484142044,56.92,0.7,0.1,2,150,0.3,1.0,1.0,0.5,0.7
Preprocessed,P,0.5882352941176471,0.5925125619522903,0.5894155779305085,56.56,0.7,0.1,2,150,0.3,1.0,1.0,0.5,0.8
Preprocessed,P,0.5882352941176471,0.5897292250233427,0.5852034931619707,56.28,0.7,0.1,2,150,0.3,1.0,5.0,0.5,0.6
Preprocessed,P,0.5882352941176471,0.5901860385731353,0.5869522002349327,56.84,0.7,0.1,2,150,0.3,1.0,5.0,0.5,0.7
Preprocessed,P,0.5882352941176471,0.5912442396313363,0.5880726484142044,56.47,0.7,0.1,2,150,0.3,1.0,5.0,0.5,0.8
Preprocessed,P,0.5294117647058824,0.5293865293865294,0.5291543644484821,7.73,0.7,0.1,3,50,0.1,0.1,1.0,0.5,0.6
Preprocessed,P,0.5686274509803921,0.5710784313725491,0.5679065743944637,7.78,0.7,0.1,3,50,0.1,0.1,1.0,0.5,0.7
Preprocessed,P,0.5686274509803921,0.5710784313725491,0.5679065743944637,7.83,0.7,0.1,3,50,0.1,0.1,1.0,0.5,0.8
Preprocessed,P,0.5098039215686274,0.5103341103341102,0.5089812148635677,7.78,0.7,0.1,3,50,0.1,0.1,5.0,0.5,0.6
Preprocessed,P,0.5490196078431373,0.5511904761904761,0.5468487394957983,7.83,0.7,0.1,3,50,0.1,0.1,5.0,0.5,0.7
Preprocessed,P,0.5490196078431373,0.5505050505050505,0.5472370766488414,7.89,0.7,0.1,3,50,0.1,0.1,5.0,0.5,0.8
Preprocessed,P,0.5098039215686274,0.5103341103341102,0.5089812148635677,7.95,0.7,0.1,3,50,0.1,1.0,1.0,0.5,0.6
Preprocessed,P,0.5490196078431373,0.5511904761904761,0.5468487394957983,8.2,0.7,0.1,3,50,0.1,1.0,1.0,0.5,0.7
Preprocessed,P,0.5490196078431373,0.5523136773136773,0.5480380112733054,8.02,0.7,0.1,3,50,0.1,1.0,1.0,0.5,0.8
Preprocessed,P,0.5098039215686274,0.5083139083139083,0.5107637460578637,8.03,0.7,0.1,3,50,0.1,1.0,5.0,0.5,0.6
Preprocessed,P,0.5490196078431373,0.5511904761904761,0.5468487394957983,7.89,0.7,0.1,3,50,0.1,1.0,5.0,0.5,0.7
Preprocessed,P,0.5686274509803921,0.5695272048213225,0.5673781812190117,7.97,0.7,0.1,3,50,0.1,1.0,5.0,0.5,0.8
Preprocessed,P,0.5098039215686274,0.5103341103341102,0.5089812148635677,7.02,0.7,0.1,3,50,0.3,0.1,1.0,0.5,0.6
Preprocessed,P,0.5686274509803921,0.5710784313725491,0.5679065743944637,7.19,0.7,0.1,3,50,0.3,0.1,1.0,0.5,0.7
Preprocessed,P,0.5490196078431373,0.5523136773136773,0.5480380112733054,7.06,0.7,0.1,3,50,0.3,0.1,1.0,0.5,0.8
Preprocessed,P,0.5098039215686274,0.5071446169007144,0.5075648884831094,7.02,0.7,0.1,3,50,0.3,0.1,5.0,0.5,0.6
Preprocessed,P,0.5490196078431373,0.5511904761904761,0.5468487394957983,7.19,0.7,0.1,3,50,0.3,0.1,5.0,0.5,0.7
Preprocessed,P,0.5490196078431373,0.5523136773136773,0.5480380112733054,7.12,0.7,0.1,3,50,0.3,0.1,5.0,0.5,0.8
Preprocessed,P,0.49019607843137253,0.48920236851271337,0.489581412502305,7.17,0.7,0.1,3,50,0.3,1.0,1.0,0.5,0.6
Preprocessed,P,0.5490196078431373,0.5503812636165577,0.5459919261822376,7.15,0.7,0.1,3,50,0.3,1.0,1.0,0.5,0.7
Preprocessed,P,0.5490196078431373,0.5523136773136773,0.5480380112733054,7.38,0.7,0.1,3,50,0.3,1.0,1.0,0.5,0.8
Preprocessed,P,0.47058823529411764,0.46707493048956467,0.469339842367102,7.08,0.7,0.1,3,50,0.3,1.0,5.0,0.5,0.6
Preprocessed,P,0.5490196078431373,0.5511904761904761,0.5468487394957983,7.22,0.7,0.1,3,50,0.3,1.0,5.0,0.5,0.7
Preprocessed,P,0.5490196078431373,0.5523136773136773,0.5480380112733054,7.1,0.7,0.1,3,50,0.3,1.0,5.0,0.5,0.8
Preprocessed,P,0.5686274509803921,0.5696267696267697,0.5678401090165797,28.7,0.7,0.1,3,100,0.1,0.1,1.0,0.5,0.6
Preprocessed,P,0.6078431372549019,0.6101190476190476,0.6055672268907563,28.8,0.7,0.1,3,100,0.1,0.1,1.0,0.5,0.7
Preprocessed,P,0.6470588235294118,0.6517638181475193,0.6483571357235594,29.12,0.7,0.1,3,100,0.1,0.1,1.0,0.5,0.8
Preprocessed,P,0.5882352941176471,0.5897292250233427,0.5852034931619707,29.04,0.7,0.1,3,100,0.1,0.1,5.0,0.5,0.6
Preprocessed,P,0.5882352941176471,0.5897292250233427,0.5852034931619707,28.88,0.7,0.1,3,100,0.1,0.1,5.0,0.5,0.7
Preprocessed,P,0.5882352941176471,0.5897292250233427,0.5852034931619707,29.26,0.7,0.1,3,100,0.1,0.1,5.0,0.5,0.8
Preprocessed,P,0.5882352941176471,0.5919117647058824,0.5862889273356401,28.91,0.7,0.1,3,100,0.1,1.0,1.0,0.5,0.6
Preprocessed,P,0.6078431372549019,0.6101190476190476,0.6055672268907563,28.98,0.7,0.1,3,100,0.1,1.0,1.0,0.5,0.7
Preprocessed,P,0.5882352941176471,0.5905337155337156,0.5885062870356988,29.22,0.7,0.1,3,100,0.1,1.0,1.0,0.5,0.8
Preprocessed,P,0.5686274509803921,0.5702380952380952,0.5670168067226891,28.92,0.7,0.1,3,100,0.1,1.0,5.0,0.5,0.6
Preprocessed,P,0.5882352941176471,0.5901860385731353,0.5869522002349327,29.08,0.7,0.1,3,100,0.1,1.0,5.0,0.5,0.7
Preprocessed,P,0.5686274509803921,0.5710784313725491,0.5679065743944637,29.33,0.7,0.1,3,100,0.1,1.0,5.0,0.5,0.8
Preprocessed,P,0.5294117647058824,0.5307548928238583,0.5295214078175539,25.91,0.7,0.1,3,100,0.3,0.1,1.0,0.5,0.6
Preprocessed,P,0.6078431372549019,0.6101190476190476,0.6055672268907563,26.15,0.7,0.1,3,100,0.3,0.1,1.0,0.5,0.7
Preprocessed,P,0.6470588235294118,0.6496459694989106,0.647419261822376,26.49,0.7,0.1,3,100,0.3,0.1,1.0,0.5,0.8
Preprocessed,P,0.6078431372549019,0.6101190476190476,0.6055672268907563,26.05,0.7,0.1,3,100,0.3,0.1,5.0,0.5,0.6
Preprocessed,P,0.6078431372549019,0.6101190476190476,0.6055672268907563,26.49,0.7,0.1,3,100,0.3,0.1,5.0,0.5,0.7
Preprocessed,P,0.5882352941176471,0.5897292250233427,0.5852034931619707,26.44,0.7,0.1,3,100,0.3,0.1,5.0,0.5,0.8
Preprocessed,P,0.5686274509803921,0.5721966205837173,0.5679045811873137,26.49,0.7,0.1,3,100,0.3,1.0,1.0,0.5,0.6
Preprocessed,P,0.5686274509803921,0.5702380952380952,0.5670168067226891,26.32,0.7,0.1,3,100,0.3,1.0,1.0,0.5,0.7
Preprocessed,P,0.5882352941176471,0.5905337155337156,0.5885062870356988,26.29,0.7,0.1,3,100,0.3,1.0,1.0,0.5,0.8
Preprocessed,P,0.5686274509803921,0.5702380952380952,0.5670168067226891,26.72,0.7,0.1,3,100,0.3,1.0,5.0,0.5,0.6
Preprocessed,P,0.5686274509803921,0.5701147067370976,0.5657002018203044,26.41,0.7,0.1,3,100,0.3,1.0,5.0,0.5,0.7
Preprocessed,P,0.5686274509803921,0.5707070707070706,0.5686274509803921,26.7,0.7,0.1,3,100,0.3,1.0,5.0,0.5,0.8
Preprocessed,P,0.5686274509803921,0.5702380952380952,0.5670168067226891,63.09,0.7,0.1,3,150,0.1,0.1,1.0,0.5,0.6
Preprocessed,P,0.5686274509803921,0.5732943569755714,0.5690668903081003,62.94,0.7,0.1,3,150,0.1,0.1,1.0,0.5,0.7
Preprocessed,P,0.6470588235294118,0.6513157894736842,0.649187306501548,63.76,0.7,0.1,3,150,0.1,0.1,1.0,0.5,0.8
Preprocessed,P,0.6078431372549019,0.6101190476190476,0.6055672268907563,63.4,0.7,0.1,3,150,0.1,0.1,5.0,0.5,0.6
Preprocessed,P,0.5882352941176471,0.5901860385731353,0.5869522002349327,62.99,0.7,0.1,3,150,0.1,0.1,5.0,0.5,0.7
Preprocessed,P,0.6078431372549019,0.6109202181308443,0.6089060374136833,63.46,0.7,0.1,3,150,0.1,0.1,5.0,0.5,0.8
Preprocessed,P,0.5882352941176471,0.5897292250233427,0.5852034931619707,63.46,0.7,0.1,3,150,0.1,1.0,1.0,0.5,0.6
Preprocessed,P,0.5882352941176471,0.5912442396313363,0.5880726484142044,63.07,0.7,0.1,3,150,0.1,1.0,1.0,0.5,0.7
Preprocessed,P,0.6274509803921569,0.6302584418034333,0.6293818036552482,63.11,0.7,0.1,3,150,0.1,1.0,1.0,0.5,0.8
Preprocessed,P,0.5882352941176471,0.5882352941176471,0.5847750865051903,63.28,0.7,0.1,3,150,0.1,1.0,5.0,0.5,0.6
Preprocessed,P,0.5882352941176471,0.5912442396313363,0.5880726484142044,63.31,0.7,0.1,3,150,0.1,1.0,5.0,0.5,0.7
Preprocessed,P,0.5882352941176471,0.5912442396313363,0.5880726484142044,63.47,0.7,0.1,3,150,0.1,1.0,5.0,0.5,0.8
Preprocessed,P,0.5686274509803921,0.5721966205837173,0.5679045811873137,56.86,0.7,0.1,3,150,0.3,0.1,1.0,0.5,0.6
Preprocessed,P,0.5882352941176471,0.5951825951825951,0.5909776498011792,56.38,0.7,0.1,3,150,0.3,0.1,1.0,0.5,0.7
Preprocessed,P,0.6666666666666666,0.6697891072891072,0.6687472900708196,56.83,0.7,0.1,3,150,0.3,0.1,1.0,0.5,0.8
Preprocessed,P,0.6078431372549019,0.6101190476190476,0.6055672268907563,56.5,0.7,0.1,3,150,0.3,0.1,5.0,0.5,0.6
Preprocessed,P,0.5882352941176471,0.5912442396313363,0.5880726484142044,56.47,0.7,0.1,3,150,0.3,0.1,5.0,0.5,0.7
Preprocessed,P,0.6274509803921569,0.6300381263616558,0.6266580161476355,57.0,0.7,0.1,3,150,0.3,0.1,5.0,0.5,0.8
Preprocessed,P,0.5882352941176471,0.5897292250233427,0.5852034931619707,57.03,0.7,0.1,3,150,0.3,1.0,1.0,0.5,0.6
Preprocessed,P,0.5882352941176471,0.5912442396313363,0.5880726484142044,56.57,0.7,0.1,3,150,0.3,1.0,1.0,0.5,0.7
Preprocessed,P,0.5882352941176471,0.5925125619522903,0.5894155779305085,56.98,0.7,0.1,3,150,0.3,1.0,1.0,0.5,0.8
Preprocessed,P,0.5882352941176471,0.5897292250233427,0.5852034931619707,56.84,0.7,0.1,3,150,0.3,1.0,5.0,0.5,0.6
Preprocessed,P,0.5882352941176471,0.5901860385731353,0.5869522002349327,56.9,0.7,0.1,3,150,0.3,1.0,5.0,0.5,0.7
Preprocessed,P,0.5882352941176471,0.5912442396313363,0.5880726484142044,56.88,0.7,0.1,3,150,0.3,1.0,5.0,0.5,0.8
Preprocessed,P,0.5294117647058824,0.5293865293865294,0.5291543644484821,7.86,0.7,0.1,4,50,0.1,0.1,1.0,0.5,0.6
Preprocessed,P,0.5686274509803921,0.5710784313725491,0.5679065743944637,7.68,0.7,0.1,4,50,0.1,0.1,1.0,0.5,0.7
Preprocessed,P,0.5686274509803921,0.5710784313725491,0.5679065743944637,7.99,0.7,0.1,4,50,0.1,0.1,1.0,0.5,0.8
Preprocessed,P,0.5098039215686274,0.5103341103341102,0.5089812148635677,7.75,0.7,0.1,4,50,0.1,0.1,5.0,0.5,0.6
Preprocessed,P,0.5490196078431373,0.5511904761904761,0.5468487394957983,7.88,0.7,0.1,4,50,0.1,0.1,5.0,0.5,0.7
Preprocessed,P,0.5490196078431373,0.5505050505050505,0.5472370766488414,8.01,0.7,0.1,4,50,0.1,0.1,5.0,0.5,0.8
Preprocessed,P,0.5098039215686274,0.5103341103341102,0.5089812148635677,7.77,0.7,0.1,4,50,0.1,1.0,1.0,0.5,0.6
Preprocessed,P,0.5490196078431373,0.5511904761904761,0.5468487394957983,8.04,0.7,0.1,4,50,0.1,1.0,1.0,0.5,0.7
Preprocessed,P,0.5490196078431373,0.5523136773136773,0.5480380112733054,7.92,0.7,0.1,4,50,0.1,1.0,1.0,0.5,0.8
Preprocessed,P,0.5098039215686274,0.5083139083139083,0.5107637460578637,7.62,0.7,0.1,4,50,0.1,1.0,5.0,0.5,0.6
Preprocessed,P,0.5490196078431373,0.5511904761904761,0.5468487394957983,7.79,0.7,0.1,4,50,0.1,1.0,5.0,0.5,0.7
Preprocessed,P,0.5686274509803921,0.5695272048213225,0.5673781812190117,7.98,0.7,0.1,4,50,0.1,1.0,5.0,0.5,0.8
Preprocessed,P,0.5098039215686274,0.5103341103341102,0.5089812148635677,7.11,0.7,0.1,4,50,0.3,0.1,1.0,0.5,0.6
Preprocessed,P,0.5686274509803921,0.5710784313725491,0.5679065743944637,7.04,0.7,0.1,4,50,0.3,0.1,1.0,0.5,0.7
Preprocessed,P,0.5490196078431373,0.5523136773136773,0.5480380112733054,7.22,0.7,0.1,4,50,0.3,0.1,1.0,0.5,0.8
Preprocessed,P,0.5098039215686274,0.5071446169007144,0.5075648884831094,7.06,0.7,0.1,4,50,0.3,0.1,5.0,0.5,0.6
Preprocessed,P,0.5490196078431373,0.5511904761904761,0.5468487394957983,7.2,0.7,0.1,4,50,0.3,0.1,5.0,0.5,0.7
Preprocessed,P,0.5490196078431373,0.5523136773136773,0.5480380112733054,7.28,0.7,0.1,4,50,0.3,0.1,5.0,0.5,0.8
Preprocessed,P,0.49019607843137253,0.48920236851271337,0.489581412502305,7.2,0.7,0.1,4,50,0.3,1.0,1.0,0.5,0.6
Preprocessed,P,0.5490196078431373,0.5503812636165577,0.5459919261822376,7.24,0.7,0.1,4,50,0.3,1.0,1.0,0.5,0.7
Preprocessed,P,0.5490196078431373,0.5523136773136773,0.5480380112733054,7.19,0.7,0.1,4,50,0.3,1.0,1.0,0.5,0.8
Preprocessed,P,0.47058823529411764,0.46707493048956467,0.469339842367102,6.88,0.7,0.1,4,50,0.3,1.0,5.0,0.5,0.6
Preprocessed,P,0.5490196078431373,0.5511904761904761,0.5468487394957983,7.21,0.7,0.1,4,50,0.3,1.0,5.0,0.5,0.7
Preprocessed,P,0.5490196078431373,0.5523136773136773,0.5480380112733054,7.17,0.7,0.1,4,50,0.3,1.0,5.0,0.5,0.8
Preprocessed,P,0.5686274509803921,0.5696267696267697,0.5678401090165797,28.64,0.7,0.1,4,100,0.1,0.1,1.0,0.5,0.6
Preprocessed,P,0.6078431372549019,0.6101190476190476,0.6055672268907563,29.2,0.7,0.1,4,100,0.1,0.1,1.0,0.5,0.7
Preprocessed,P,0.6470588235294118,0.6517638181475193,0.6483571357235594,29.35,0.7,0.1,4,100,0.1,0.1,1.0,0.5,0.8
Preprocessed,P,0.5882352941176471,0.5897292250233427,0.5852034931619707,28.89,0.7,0.1,4,100,0.1,0.1,5.0,0.5,0.6
Preprocessed,P,0.5882352941176471,0.5897292250233427,0.5852034931619707,28.78,0.7,0.1,4,100,0.1,0.1,5.0,0.5,0.7
Preprocessed,P,0.5882352941176471,0.5897292250233427,0.5852034931619707,29.34,0.7,0.1,4,100,0.1,0.1,5.0,0.5,0.8
Preprocessed,P,0.5882352941176471,0.5919117647058824,0.5862889273356401,28.65,0.7,0.1,4,100,0.1,1.0,1.0,0.5,0.6
Preprocessed,P,0.6078431372549019,0.6101190476190476,0.6055672268907563,29.07,0.7,0.1,4,100,0.1,1.0,1.0,0.5,0.7
Preprocessed,P,0.5882352941176471,0.5905337155337156,0.5885062870356988,29.46,0.7,0.1,4,100,0.1,1.0,1.0,0.5,0.8
Preprocessed,P,0.5686274509803921,0.5702380952380952,0.5670168067226891,28.8,0.7,0.1,4,100,0.1,1.0,5.0,0.5,0.6
Preprocessed,P,0.5882352941176471,0.5901860385731353,0.5869522002349327,29.13,0.7,0.1,4,100,0.1,1.0,5.0,0.5,0.7
Preprocessed,P,0.5686274509803921,0.5710784313725491,0.5679065743944637,29.04,0.7,0.1,4,100,0.1,1.0,5.0,0.5,0.8
Preprocessed,P,0.5294117647058824,0.5307548928238583,0.5295214078175539,26.12,0.7,0.1,4,100,0.3,0.1,1.0,0.5,0.6
Preprocessed,P,0.6078431372549019,0.6101190476190476,0.6055672268907563,26.35,0.7,0.1,4,100,0.3,0.1,1.0,0.5,0.7
Preprocessed,P,0.6470588235294118,0.6496459694989106,0.647419261822376,26.69,0.7,0.1,4,100,0.3,0.1,1.0,0.5,0.8
Preprocessed,P,0.6078431372549019,0.6101190476190476,0.6055672268907563,26.05,0.7,0.1,4,100,0.3,0.1,5.0,0.5,0.6
Preprocessed,P,0.6078431372549019,0.6101190476190476,0.6055672268907563,26.17,0.7,0.1,4,100,0.3,0.1,5.0,0.5,0.7
Preprocessed,P,0.5882352941176471,0.5897292250233427,0.5852034931619707,26.58,0.7,0.1,4,100,0.3,0.1,5.0,0.5,0.8
Preprocessed,P,0.5686274509803921,0.5721966205837173,0.5679045811873137,26.14,0.7,0.1,4,100,0.3,1.0,1.0,0.5,0.6
Preprocessed,P,0.5686274509803921,0.5702380952380952,0.5670168067226891,26.38,0.7,0.1,4,100,0.3,1.0,1.0,0.5,0.7
Preprocessed,P,0.5882352941176471,0.5905337155337156,0.5885062870356988,26.62,0.7,0.1,4,100,0.3,1.0,1.0,0.5,0.8
Preprocessed,P,0.5686274509803921,0.5702380952380952,0.5670168067226891,26.23,0.7,0.1,4,100,0.3,1.0,5.0,0.5,0.6
Preprocessed,P,0.5686274509803921,0.5701147067370976,0.5657002018203044,26.33,0.7,0.1,4,100,0.3,1.0,5.0,0.5,0.7
Preprocessed,P,0.5686274509803921,0.5707070707070706,0.5686274509803921,26.52,0.7,0.1,4,100,0.3,1.0,5.0,0.5,0.8
Preprocessed,P,0.5686274509803921,0.5702380952380952,0.5670168067226891,63.09,0.7,0.1,4,150,0.1,0.1,1.0,0.5,0.6
Preprocessed,P,0.5686274509803921,0.5732943569755714,0.5690668903081003,63.19,0.7,0.1,4,150,0.1,0.1,1.0,0.5,0.7
Preprocessed,P,0.6470588235294118,0.6513157894736842,0.649187306501548,63.08,0.7,0.1,4,150,0.1,0.1,1.0,0.5,0.8
Preprocessed,P,0.6078431372549019,0.6101190476190476,0.6055672268907563,63.12,0.7,0.1,4,150,0.1,0.1,5.0,0.5,0.6
Preprocessed,P,0.5882352941176471,0.5901860385731353,0.5869522002349327,63.03,0.7,0.1,4,150,0.1,0.1,5.0,0.5,0.7
Preprocessed,P,0.6078431372549019,0.6109202181308443,0.6089060374136833,63.24,0.7,0.1,4,150,0.1,0.1,5.0,0.5,0.8
Preprocessed,P,0.5882352941176471,0.5897292250233427,0.5852034931619707,62.73,0.7,0.1,4,150,0.1,1.0,1.0,0.5,0.6
Preprocessed,P,0.5882352941176471,0.5912442396313363,0.5880726484142044,63.59,0.7,0.1,4,150,0.1,1.0,1.0,0.5,0.7
Preprocessed,P,0.6274509803921569,0.6302584418034333,0.6293818036552482,63.62,0.7,0.1,4,150,0.1,1.0,1.0,0.5,0.8
Preprocessed,P,0.5882352941176471,0.5882352941176471,0.5847750865051903,62.94,0.7,0.1,4,150,0.1,1.0,5.0,0.5,0.6
Preprocessed,P,0.5882352941176471,0.5912442396313363,0.5880726484142044,62.73,0.7,0.1,4,150,0.1,1.0,5.0,0.5,0.7
Preprocessed,P,0.5882352941176471,0.5912442396313363,0.5880726484142044,63.26,0.7,0.1,4,150,0.1,1.0,5.0,0.5,0.8
Preprocessed,P,0.5686274509803921,0.5721966205837173,0.5679045811873137,55.97,0.7,0.1,4,150,0.3,0.1,1.0,0.5,0.6
Preprocessed,P,0.5882352941176471,0.5951825951825951,0.5909776498011792,56.59,0.7,0.1,4,150,0.3,0.1,1.0,0.5,0.7
Preprocessed,P,0.6666666666666666,0.6697891072891072,0.6687472900708196,56.79,0.7,0.1,4,150,0.3,0.1,1.0,0.5,0.8
Preprocessed,P,0.6078431372549019,0.6101190476190476,0.6055672268907563,56.3,0.7,0.1,4,150,0.3,0.1,5.0,0.5,0.6
Preprocessed,P,0.5882352941176471,0.5912442396313363,0.5880726484142044,56.22,0.7,0.1,4,150,0.3,0.1,5.0,0.5,0.7
Preprocessed,P,0.6274509803921569,0.6300381263616558,0.6266580161476355,56.44,0.7,0.1,4,150,0.3,0.1,5.0,0.5,0.8
Preprocessed,P,0.5882352941176471,0.5897292250233427,0.5852034931619707,55.94,0.7,0.1,4,150,0.3,1.0,1.0,0.5,0.6
Preprocessed,P,0.5882352941176471,0.5912442396313363,0.5880726484142044,56.36,0.7,0.1,4,150,0.3,1.0,1.0,0.5,0.7
Preprocessed,P,0.5882352941176471,0.5925125619522903,0.5894155779305085,56.66,0.7,0.1,4,150,0.3,1.0,1.0,0.5,0.8
Preprocessed,P,0.5882352941176471,0.5897292250233427,0.5852034931619707,56.21,0.7,0.1,4,150,0.3,1.0,5.0,0.5,0.6
Preprocessed,P,0.5882352941176471,0.5901860385731353,0.5869522002349327,56.51,0.7,0.1,4,150,0.3,1.0,5.0,0.5,0.7
Preprocessed,P,0.5882352941176471,0.5912442396313363,0.5880726484142044,56.49,0.7,0.1,4,150,0.3,1.0,5.0,0.5,0.8
