pipeline,nutrient,accuracy,macro_f1,weighted_f1,duration_s,colsample_bytree,learning_rate,max_depth,n_estimators,rate_drop,reg_alpha,reg_lambda,skip_drop,subsample
Preprocessed,K,0.6666666666666666,0.6726495726495726,0.6659987071751777,8.14,0.5,0.01,2,50,0.1,0.1,1.0,0.5,0.6
Preprocessed,K,0.7450980392156863,0.7513375444409927,0.7468523290024305,7.79,0.5,0.01,2,50,0.1,0.1,1.0,0.5,0.7
Preprocessed,K,0.803921568627451,0.814028314028314,0.807290483761072,7.82,0.5,0.01,2,50,0.1,0.1,1.0,0.5,0.8
Preprocessed,K,0.43137254901960786,0.34616079494128277,0.3665231946437112,7.89,0.5,0.01,2,50,0.1,0.1,5.0,0.5,0.6
Preprocessed,K,0.5098039215686274,0.4088793412101683,0.4329310671637076,7.76,0.5,0.01,2,50,0.1,0.1,5.0,0.5,0.7
Preprocessed,K,0.6078431372549019,0.5904761904761905,0.5957983193277311,7.86,0.5,0.01,2,50,0.1,0.1,5.0,0.5,0.8
Preprocessed,K,0.49019607843137253,0.4603174603174603,0.4697478991596638,7.84,0.5,0.01,2,50,0.1,1.0,1.0,0.5,0.6
Preprocessed,K,0.7058823529411765,0.7137907137907139,0.7105295340589459,7.65,0.5,0.01,2,50,0.1,1.0,1.0,0.5,0.7
Preprocessed,K,0.7254901960784313,0.7376068376068377,0.7312217194570136,7.76,0.5,0.01,2,50,0.1,1.0,1.0,0.5,0.8
Preprocessed,K,0.43137254901960786,0.34074074074074073,0.3607843137254902,7.8,0.5,0.01,2,50,0.1,1.0,5.0,0.5,0.6
Preprocessed,K,0.5098039215686274,0.4088793412101683,0.4329310671637076,7.8,0.5,0.01,2,50,0.1,1.0,5.0,0.5,0.7
Preprocessed,K,0.5098039215686274,0.40354609929078017,0.42728410513141424,7.6,0.5,0.01,2,50,0.1,1.0,5.0,0.5,0.8
Preprocessed,K,0.5882352941176471,0.5908108108108108,0.5879173290937997,7.13,0.5,0.01,2,50,0.3,0.1,1.0,0.5,0.6
Preprocessed,K,0.7058823529411765,0.7137907137907139,0.7105295340589459,7.02,0.5,0.01,2,50,0.3,0.1,1.0,0.5,0.7
Preprocessed,K,0.7450980392156863,0.7515969410706252,0.7487497023100738,6.94,0.5,0.01,2,50,0.3,0.1,1.0,0.5,0.8
Preprocessed,K,0.43137254901960786,0.34074074074074073,0.3607843137254902,7.02,0.5,0.01,2,50,0.3,0.1,5.0,0.5,0.6
Preprocessed,K,0.5098039215686274,0.4088793412101683,0.4329310671637076,7.05,0.5,0.01,2,50,0.3,0.1,5.0,0.5,0.7
Preprocessed,K,0.5098039215686274,0.40354609929078017,0.42728410513141424,6.89,0.5,0.01,2,50,0.3,0.1,5.0,0.5,0.8
Preprocessed,K,0.43137254901960786,0.35185185185185186,0.37254901960784315,7.18,0.5,0.01,2,50,0.3,1.0,1.0,0.5,0.6
Preprocessed,K,0.5098039215686274,0.4088793412101683,0.4329310671637076,6.98,0.5,0.01,2,50,0.3,1.0,1.0,0.5,0.7
Preprocessed,K,0.6470588235294118,0.6454545454545454,0.6459893048128342,7.03,0.5,0.01,2,50,0.3,1.0,1.0,0.5,0.8
Preprocessed,K,0.4117647058823529,0.32732414280664546,0.34657850414821284,6.98,0.5,0.01,2,50,0.3,1.0,5.0,0.5,0.6
Preprocessed,K,0.5098039215686274,0.4088793412101683,0.4329310671637076,7.01,0.5,0.01,2,50,0.3,1.0,5.0,0.5,0.7
Preprocessed,K,0.5098039215686274,0.40354609929078017,0.42728410513141424,7.05,0.5,0.01,2,50,0.3,1.0,5.0,0.5,0.8
Preprocessed,K,0.7843137254901961,0.7869047619047619,0.7817226890756304,28.74,0.5,0.01,2,100,0.1,0.1,1.0,0.5,0.6
Preprocessed,K,0.7843137254901961,0.7869047619047619,0.7817226890756304,28.66,0.5,0.01,2,100,0.1,0.1,1.0,0.5,0.7
Preprocessed,K,0.803921568627451,0.8084826762246117,0.802909550917141,29.0,0.5,0.01,2,100,0.1,0.1,1.0,0.5,0.8
Preprocessed,K,0.6862745098039216,0.6903110006558283,0.6862927836558669,28.94,0.5,0.01,2,100,0.1,0.1,5.0,0.5,0.6
Preprocessed,K,0.7843137254901961,0.7889059566478922,0.7821812596006144,28.96,0.5,0.01,2,100,0.1,0.1,5.0,0.5,0.7
Preprocessed,K,0.7843137254901961,0.7888888888888889,0.7843137254901961,28.91,0.5,0.01,2,100,0.1,0.1,5.0,0.5,0.8
Preprocessed,K,0.7647058823529411,0.7684587813620073,0.764326375711575,28.79,0.5,0.01,2,100,0.1,1.0,1.0,0.5,0.6
Preprocessed,K,0.803921568627451,0.8084826762246117,0.802909550917141,28.64,0.5,0.01,2,100,0.1,1.0,1.0,0.5,0.7
Preprocessed,K,0.803921568627451,0.8084826762246117,0.802909550917141,28.6,0.5,0.01,2,100,0.1,1.0,1.0,0.5,0.8
Preprocessed,K,0.6666666666666666,0.6726495726495726,0.6659987071751777,28.64,0.5,0.01,2,100,0.1,1.0,5.0,0.5,0.6
Preprocessed,K,0.7450980392156863,0.7513375444409927,0.7468523290024305,28.61,0.5,0.01,2,100,0.1,1.0,5.0,0.5,0.7
Preprocessed,K,0.7647058823529411,0.7774114774114773,0.7685197155785392,29.11,0.5,0.01,2,100,0.1,1.0,5.0,0.5,0.8
Preprocessed,K,0.7647058823529411,0.7684587813620073,0.764326375711575,26.08,0.5,0.01,2,100,0.3,0.1,1.0,0.5,0.6
Preprocessed,K,0.7843137254901961,0.7869047619047619,0.7817226890756304,28.87,0.5,0.01,2,100,0.3,0.1,1.0,0.5,0.7
Preprocessed,K,0.803921568627451,0.8084826762246117,0.802909550917141,31.04,0.5,0.01,2,100,0.3,0.1,1.0,0.5,0.8
Preprocessed,K,0.6666666666666666,0.6726495726495726,0.6659987071751777,31.21,0.5,0.01,2,100,0.3,0.1,5.0,0.5,0.6
Preprocessed,K,0.7843137254901961,0.7889059566478922,0.7821812596006144,30.97,0.5,0.01,2,100,0.3,0.1,5.0,0.5,0.7
Preprocessed,K,0.803921568627451,0.814028314028314,0.807290483761072,30.94,0.5,0.01,2,100,0.3,0.1,5.0,0.5,0.8
Preprocessed,K,0.7254901960784313,0.7296296296296297,0.7254901960784313,30.7,0.5,0.01,2,100,0.3,1.0,1.0,0.5,0.6
Preprocessed,K,0.7843137254901961,0.7889059566478922,0.7821812596006144,31.06,0.5,0.01,2,100,0.3,1.0,1.0,0.5,0.7
Preprocessed,K,0.803921568627451,0.8084826762246117,0.802909550917141,30.98,0.5,0.01,2,100,0.3,1.0,1.0,0.5,0.8
Preprocessed,K,0.6470588235294118,0.6528964862298196,0.6477291771409418,30.72,0.5,0.01,2,100,0.3,1.0,5.0,0.5,0.6
Preprocessed,K,0.7254901960784313,0.7316903369534948,0.7285124576146248,30.66,0.5,0.01,2,100,0.3,1.0,5.0,0.5,0.7
Preprocessed,K,0.7647058823529411,0.7774114774114773,0.7685197155785392,30.96,0.5,0.01,2,100,0.3,1.0,5.0,0.5,0.8
Preprocessed,K,0.7843137254901961,0.7869047619047619,0.7817226890756304,73.64,0.5,0.01,2,150,0.1,0.1,1.0,0.5,0.6
Preprocessed,K,0.7843137254901961,0.7869047619047619,0.7817226890756304,73.79,0.5,0.01,2,150,0.1,0.1,1.0,0.5,0.7
Preprocessed,K,0.8235294117647058,0.8267857142857142,0.8202731092436975,73.85,0.5,0.01,2,150,0.1,0.1,1.0,0.5,0.8
Preprocessed,K,0.7843137254901961,0.7869047619047619,0.7817226890756304,67.66,0.5,0.01,2,150,0.1,0.1,5.0,0.5,0.6
Preprocessed,K,0.7843137254901961,0.7869047619047619,0.7817226890756304,62.64,0.5,0.01,2,150,0.1,0.1,5.0,0.5,0.7
Preprocessed,K,0.803921568627451,0.8084826762246117,0.802909550917141,62.09,0.5,0.01,2,150,0.1,0.1,5.0,0.5,0.8
Preprocessed,K,0.7843137254901961,0.7869047619047619,0.7817226890756304,62.72,0.5,0.01,2,150,0.1,1.0,1.0,0.5,0.6
Preprocessed,K,0.7843137254901961,0.7869047619047619,0.7817226890756304,63.02,0.5,0.01,2,150,0.1,1.0,1.0,0.5,0.7
Preprocessed,K,0.8431372549019608,0.8451797385620915,0.8397491349480969,62.3,0.5,0.01,2,150,0.1,1.0,1.0,0.5,0.8
Preprocessed,K,0.7450980392156863,0.7483529612561871,0.7430378603054125,62.25,0.5,0.01,2,150,0.1,1.0,5.0,0.5,0.6
Preprocessed,K,0.7843137254901961,0.7889059566478922,0.7821812596006144,63.18,0.5,0.01,2,150,0.1,1.0,5.0,0.5,0.7
Preprocessed,K,0.803921568627451,0.8084826762246117,0.802909550917141,62.77,0.5,0.01,2,150,0.1,1.0,5.0,0.5,0.8
Preprocessed,K,0.7843137254901961,0.7869047619047619,0.7817226890756304,55.99,0.5,0.01,2,150,0.3,0.1,1.0,0.5,0.6
Preprocessed,K,0.7843137254901961,0.7869047619047619,0.7817226890756304,56.12,0.5,0.01,2,150,0.3,0.1,1.0,0.5,0.7
Preprocessed,K,0.8235294117647058,0.8267857142857142,0.8202731092436975,56.67,0.5,0.01,2,150,0.3,0.1,1.0,0.5,0.8
Preprocessed,K,0.7647058823529411,0.7684587813620073,0.764326375711575,56.01,0.5,0.01,2,150,0.3,0.1,5.0,0.5,0.6
Preprocessed,K,0.7843137254901961,0.7869047619047619,0.7817226890756304,56.15,0.5,0.01,2,150,0.3,0.1,5.0,0.5,0.7
Preprocessed,K,0.803921568627451,0.8084826762246117,0.802909550917141,55.72,0.5,0.01,2,150,0.3,0.1,5.0,0.5,0.8
Preprocessed,K,0.7843137254901961,0.7869047619047619,0.7817226890756304,55.92,0.5,0.01,2,150,0.3,1.0,1.0,0.5,0.6
Preprocessed,K,0.7843137254901961,0.7869047619047619,0.7817226890756304,55.97,0.5,0.01,2,150,0.3,1.0,1.0,0.5,0.7
Preprocessed,K,0.803921568627451,0.8084826762246117,0.802909550917141,56.37,0.5,0.01,2,150,0.3,1.0,1.0,0.5,0.8
Preprocessed,K,0.7254901960784313,0.7296296296296297,0.7254901960784313,55.86,0.5,0.01,2,150,0.3,1.0,5.0,0.5,0.6
Preprocessed,K,0.7843137254901961,0.7889059566478922,0.7821812596006144,56.37,0.5,0.01,2,150,0.3,1.0,5.0,0.5,0.7
Preprocessed,K,0.803921568627451,0.8084826762246117,0.802909550917141,56.27,0.5,0.01,2,150,0.3,1.0,5.0,0.5,0.8
Preprocessed,K,0.6666666666666666,0.6726495726495726,0.6659987071751777,7.66,0.5,0.01,3,50,0.1,0.1,1.0,0.5,0.6
Preprocessed,K,0.7450980392156863,0.7513375444409927,0.7468523290024305,7.72,0.5,0.01,3,50,0.1,0.1,1.0,0.5,0.7
Preprocessed,K,0.803921568627451,0.814028314028314,0.807290483761072,8.34,0.5,0.01,3,50,0.1,0.1,1.0,0.5,0.8
Preprocessed,K,0.43137254901960786,0.34616079494128277,0.3665231946437112,7.88,0.5,0.01,3,50,0.1,0.1,5.0,0.5,0.6
Preprocessed,K,0.5098039215686274,0.4088793412101683,0.4329310671637076,7.77,0.5,0.01,3,50,0.1,0.1,5.0,0.5,0.7
Preprocessed,K,0.6078431372549019,0.5904761904761905,0.5957983193277311,7.78,0.5,0.01,3,50,0.1,0.1,5.0,0.5,0.8
Preprocessed,K,0.49019607843137253,0.4603174603174603,0.4697478991596638,9.3,0.5,0.01,3,50,0.1,1.0,1.0,0.5,0.6
Preprocessed,K,0.7058823529411765,0.7137907137907139,0.7105295340589459,8.26,0.5,0.01,3,50,0.1,1.0,1.0,0.5,0.7
Preprocessed,K,0.7254901960784313,0.7376068376068377,0.7312217194570136,8.11,0.5,0.01,3,50,0.1,1.0,1.0,0.5,0.8
Preprocessed,K,0.43137254901960786,0.34074074074074073,0.3607843137254902,9.25,0.5,0.01,3,50,0.1,1.0,5.0,0.5,0.6
Preprocessed,K,0.5098039215686274,0.4088793412101683,0.4329310671637076,8.05,0.5,0.01,3,50,0.1,1.0,5.0,0.5,0.7
Preprocessed,K,0.5098039215686274,0.40354609929078017,0.42728410513141424,9.26,0.5,0.01,3,50,0.1,1.0,5.0,0.5,0.8
Preprocessed,K,0.5882352941176471,0.5908108108108108,0.5879173290937997,7.11,0.5,0.01,3,50,0.3,0.1,1.0,0.5,0.6
Preprocessed,K,0.7058823529411765,0.7137907137907139,0.7105295340589459,6.93,0.5,0.01,3,50,0.3,0.1,1.0,0.5,0.7
Preprocessed,K,0.7450980392156863,0.7515969410706252,0.7487497023100738,6.98,0.5,0.01,3,50,0.3,0.1,1.0,0.5,0.8
Preprocessed,K,0.43137254901960786,0.34074074074074073,0.3607843137254902,7.04,0.5,0.01,3,50,0.3,0.1,5.0,0.5,0.6
Preprocessed,K,0.5098039215686274,0.4088793412101683,0.4329310671637076,6.98,0.5,0.01,3,50,0.3,0.1,5.0,0.5,0.7
Preprocessed,K,0.5098039215686274,0.40354609929078017,0.42728410513141424,7.25,0.5,0.01,3,50,0.3,0.1,5.0,0.5,0.8
Preprocessed,K,0.43137254901960786,0.35185185185185186,0.37254901960784315,7.36,0.5,0.01,3,50,0.3,1.0,1.0,0.5,0.6
Preprocessed,K,0.5098039215686274,0.4088793412101683,0.4329310671637076,7.23,0.5,0.01,3,50,0.3,1.0,1.0,0.5,0.7
Preprocessed,K,0.6470588235294118,0.6454545454545454,0.6459893048128342,7.22,0.5,0.01,3,50,0.3,1.0,1.0,0.5,0.8
Preprocessed,K,0.4117647058823529,0.32732414280664546,0.34657850414821284,7.13,0.5,0.01,3,50,0.3,1.0,5.0,0.5,0.6
Preprocessed,K,0.5098039215686274,0.4088793412101683,0.4329310671637076,7.13,0.5,0.01,3,50,0.3,1.0,5.0,0.5,0.7
Preprocessed,K,0.5098039215686274,0.40354609929078017,0.42728410513141424,7.05,0.5,0.01,3,50,0.3,1.0,5.0,0.5,0.8
Preprocessed,K,0.7843137254901961,0.7869047619047619,0.7817226890756304,29.17,0.5,0.01,3,100,0.1,0.1,1.0,0.5,0.6
Preprocessed,K,0.7843137254901961,0.7869047619047619,0.7817226890756304,29.35,0.5,0.01,3,100,0.1,0.1,1.0,0.5,0.7
Preprocessed,K,0.803921568627451,0.8084826762246117,0.802909550917141,113.45,0.5,0.01,3,100,0.1,0.1,1.0,0.5,0.8
Preprocessed,K,0.6862745098039216,0.6903110006558283,0.6862927836558669,29.19,0.5,0.01,3,100,0.1,0.1,5.0,0.5,0.6
Preprocessed,K,0.7843137254901961,0.7889059566478922,0.7821812596006144,29.62,0.5,0.01,3,100,0.1,0.1,5.0,0.5,0.7
Preprocessed,K,0.7843137254901961,0.7888888888888889,0.7843137254901961,30.02,0.5,0.01,3,100,0.1,0.1,5.0,0.5,0.8
Preprocessed,K,0.7647058823529411,0.7684587813620073,0.764326375711575,29.71,0.5,0.01,3,100,0.1,1.0,1.0,0.5,0.6
Preprocessed,K,0.803921568627451,0.8084826762246117,0.802909550917141,29.63,0.5,0.01,3,100,0.1,1.0,1.0,0.5,0.7
Preprocessed,K,0.803921568627451,0.8084826762246117,0.802909550917141,30.08,0.5,0.01,3,100,0.1,1.0,1.0,0.5,0.8
Preprocessed,K,0.6666666666666666,0.6726495726495726,0.6659987071751777,29.86,0.5,0.01,3,100,0.1,1.0,5.0,0.5,0.6
Preprocessed,K,0.7450980392156863,0.7513375444409927,0.7468523290024305,29.3,0.5,0.01,3,100,0.1,1.0,5.0,0.5,0.7
Preprocessed,K,0.7647058823529411,0.7774114774114773,0.7685197155785392,29.35,0.5,0.01,3,100,0.1,1.0,5.0,0.5,0.8
Preprocessed,K,0.7647058823529411,0.7684587813620073,0.764326375711575,26.75,0.5,0.01,3,100,0.3,0.1,1.0,0.5,0.6
Preprocessed,K,0.7843137254901961,0.7869047619047619,0.7817226890756304,26.62,0.5,0.01,3,100,0.3,0.1,1.0,0.5,0.7
Preprocessed,K,0.803921568627451,0.8084826762246117,0.802909550917141,26.88,0.5,0.01,3,100,0.3,0.1,1.0,0.5,0.8
Preprocessed,K,0.6666666666666666,0.6726495726495726,0.6659987071751777,26.92,0.5,0.01,3,100,0.3,0.1,5.0,0.5,0.6
Preprocessed,K,0.7843137254901961,0.7889059566478922,0.7821812596006144,26.81,0.5,0.01,3,100,0.3,0.1,5.0,0.5,0.7
Preprocessed,K,0.803921568627451,0.814028314028314,0.807290483761072,26.61,0.5,0.01,3,100,0.3,0.1,5.0,0.5,0.8
Preprocessed,K,0.7254901960784313,0.7296296296296297,0.7254901960784313,26.45,0.5,0.01,3,100,0.3,1.0,1.0,0.5,0.6
Preprocessed,K,0.7843137254901961,0.7889059566478922,0.7821812596006144,26.79,0.5,0.01,3,100,0.3,1.0,1.0,0.5,0.7
Preprocessed,K,0.803921568627451,0.8084826762246117,0.802909550917141,26.8,0.5,0.01,3,100,0.3,1.0,1.0,0.5,0.8
Preprocessed,K,0.6470588235294118,0.6528964862298196,0.6477291771409418,26.6,0.5,0.01,3,100,0.3,1.0,5.0,0.5,0.6
Preprocessed,K,0.7254901960784313,0.7316903369534948,0.7285124576146248,26.49,0.5,0.01,3,100,0.3,1.0,5.0,0.5,0.7
Preprocessed,K,0.7647058823529411,0.7774114774114773,0.7685197155785392,26.38,0.5,0.01,3,100,0.3,1.0,5.0,0.5,0.8
Preprocessed,K,0.7843137254901961,0.7869047619047619,0.7817226890756304,63.38,0.5,0.01,3,150,0.1,0.1,1.0,0.5,0.6
Preprocessed,K,0.7843137254901961,0.7869047619047619,0.7817226890756304,63.83,0.5,0.01,3,150,0.1,0.1,1.0,0.5,0.7
Preprocessed,K,0.8235294117647058,0.8267857142857142,0.8202731092436975,64.35,0.5,0.01,3,150,0.1,0.1,1.0,0.5,0.8
Preprocessed,K,0.7843137254901961,0.7869047619047619,0.7817226890756304,63.5,0.5,0.01,3,150,0.1,0.1,5.0,0.5,0.6
Preprocessed,K,0.7843137254901961,0.7869047619047619,0.7817226890756304,63.43,0.5,0.01,3,150,0.1,0.1,5.0,0.5,0.7
Preprocessed,K,0.803921568627451,0.8084826762246117,0.802909550917141,64.96,0.5,0.01,3,150,0.1,0.1,5.0,0.5,0.8
Preprocessed,K,0.7843137254901961,0.7869047619047619,0.7817226890756304,63.63,0.5,0.01,3,150,0.1,1.0,1.0,0.5,0.6
Preprocessed,K,0.7843137254901961,0.7869047619047619,0.7817226890756304,63.77,0.5,0.01,3,150,0.1,1.0,1.0,0.5,0.7
Preprocessed,K,0.8431372549019608,0.8451797385620915,0.8397491349480969,63.88,0.5,0.01,3,150,0.1,1.0,1.0,0.5,0.8
Preprocessed,K,0.7450980392156863,0.7483529612561871,0.7430378603054125,63.46,0.5,0.01,3,150,0.1,1.0,5.0,0.5,0.6
Preprocessed,K,0.7843137254901961,0.7889059566478922,0.7821812596006144,63.95,0.5,0.01,3,150,0.1,1.0,5.0,0.5,0.7
Preprocessed,K,0.803921568627451,0.8084826762246117,0.802909550917141,63.88,0.5,0.01,3,150,0.1,1.0,5.0,0.5,0.8
Preprocessed,K,0.7843137254901961,0.7869047619047619,0.7817226890756304,56.58,0.5,0.01,3,150,0.3,0.1,1.0,0.5,0.6
Preprocessed,K,0.7843137254901961,0.7869047619047619,0.7817226890756304,57.31,0.5,0.01,3,150,0.3,0.1,1.0,0.5,0.7
Preprocessed,K,0.8235294117647058,0.8267857142857142,0.8202731092436975,57.52,0.5,0.01,3,150,0.3,0.1,1.0,0.5,0.8
Preprocessed,K,0.7647058823529411,0.7684587813620073,0.764326375711575,60.38,0.5,0.01,3,150,0.3,0.1,5.0,0.5,0.6
Preprocessed,K,0.7843137254901961,0.7869047619047619,0.7817226890756304,56.71,0.5,0.01,3,150,0.3,0.1,5.0,0.5,0.7
Preprocessed,K,0.803921568627451,0.8084826762246117,0.802909550917141,56.52,0.5,0.01,3,150,0.3,0.1,5.0,0.5,0.8
Preprocessed,K,0.7843137254901961,0.7869047619047619,0.7817226890756304,56.26,0.5,0.01,3,150,0.3,1.0,1.0,0.5,0.6
Preprocessed,K,0.7843137254901961,0.7869047619047619,0.7817226890756304,56.25,0.5,0.01,3,150,0.3,1.0,1.0,0.5,0.7
Preprocessed,K,0.803921568627451,0.8084826762246117,0.802909550917141,56.46,0.5,0.01,3,150,0.3,1.0,1.0,0.5,0.8
Preprocessed,K,0.7254901960784313,0.7296296296296297,0.7254901960784313,56.29,0.5,0.01,3,150,0.3,1.0,5.0,0.5,0.6
Preprocessed,K,0.7843137254901961,0.7889059566478922,0.7821812596006144,56.55,0.5,0.01,3,150,0.3,1.0,5.0,0.5,0.7
Preprocessed,K,0.803921568627451,0.8084826762246117,0.802909550917141,56.47,0.5,0.01,3,150,0.3,1.0,5.0,0.5,0.8
Preprocessed,K,0.6666666666666666,0.6726495726495726,0.6659987071751777,8.07,0.5,0.01,4,50,0.1,0.1,1.0,0.5,0.6
Preprocessed,K,0.7450980392156863,0.7513375444409927,0.7468523290024305,7.86,0.5,0.01,4,50,0.1,0.1,1.0,0.5,0.7
Preprocessed,K,0.803921568627451,0.814028314028314,0.807290483761072,8.04,0.5,0.01,4,50,0.1,0.1,1.0,0.5,0.8
Preprocessed,K,0.43137254901960786,0.34616079494128277,0.3665231946437112,7.71,0.5,0.01,4,50,0.1,0.1,5.0,0.5,0.6
Preprocessed,K,0.5098039215686274,0.4088793412101683,0.4329310671637076,8.02,0.5,0.01,4,50,0.1,0.1,5.0,0.5,0.7
Preprocessed,K,0.6078431372549019,0.5904761904761905,0.5957983193277311,7.71,0.5,0.01,4,50,0.1,0.1,5.0,0.5,0.8
Preprocessed,K,0.49019607843137253,0.4603174603174603,0.4697478991596638,7.83,0.5,0.01,4,50,0.1,1.0,1.0,0.5,0.6
Preprocessed,K,0.7058823529411765,0.7137907137907139,0.7105295340589459,7.89,0.5,0.01,4,50,0.1,1.0,1.0,0.5,0.7
Preprocessed,K,0.7254901960784313,0.7376068376068377,0.7312217194570136,7.79,0.5,0.01,4,50,0.1,1.0,1.0,0.5,0.8
Preprocessed,K,0.43137254901960786,0.34074074074074073,0.3607843137254902,7.57,0.5,0.01,4,50,0.1,1.0,5.0,0.5,0.6
Preprocessed,K,0.5098039215686274,0.4088793412101683,0.4329310671637076,7.85,0.5,0.01,4,50,0.1,1.0,5.0,0.5,0.7
Preprocessed,K,0.5098039215686274,0.40354609929078017,0.42728410513141424,7.85,0.5,0.01,4,50,0.1,1.0,5.0,0.5,0.8
Preprocessed,K,0.5882352941176471,0.5908108108108108,0.5879173290937997,6.98,0.5,0.01,4,50,0.3,0.1,1.0,0.5,0.6
Preprocessed,K,0.7058823529411765,0.7137907137907139,0.7105295340589459,6.91,0.5,0.01,4,50,0.3,0.1,1.0,0.5,0.7
Preprocessed,K,0.7450980392156863,0.7515969410706252,0.7487497023100738,7.13,0.5,0.01,4,50,0.3,0.1,1.0,0.5,0.8
Preprocessed,K,0.43137254901960786,0.34074074074074073,0.3607843137254902,6.77,0.5,0.01,4,50,0.3,0.1,5.0,0.5,0.6
Preprocessed,K,0.5098039215686274,0.4088793412101683,0.4329310671637076,7.45,0.5,0.01,4,50,0.3,0.1,5.0,0.5,0.7
Preprocessed,K,0.5098039215686274,0.40354609929078017,0.42728410513141424,7.14,0.5,0.01,4,50,0.3,0.1,5.0,0.5,0.8
Preprocessed,K,0.43137254901960786,0.35185185185185186,0.37254901960784315,7.51,0.5,0.01,4,50,0.3,1.0,1.0,0.5,0.6
Preprocessed,K,0.5098039215686274,0.4088793412101683,0.4329310671637076,7.09,0.5,0.01,4,50,0.3,1.0,1.0,0.5,0.7
Preprocessed,K,0.6470588235294118,0.6454545454545454,0.6459893048128342,7.36,0.5,0.01,4,50,0.3,1.0,1.0,0.5,0.8
Preprocessed,K,0.4117647058823529,0.32732414280664546,0.34657850414821284,6.91,0.5,0.01,4,50,0.3,1.0,5.0,0.5,0.6
Preprocessed,K,0.5098039215686274,0.4088793412101683,0.4329310671637076,7.09,0.5,0.01,4,50,0.3,1.0,5.0,0.5,0.7
Preprocessed,K,0.5098039215686274,0.40354609929078017,0.42728410513141424,6.87,0.5,0.01,4,50,0.3,1.0,5.0,0.5,0.8
Preprocessed,K,0.7843137254901961,0.7869047619047619,0.7817226890756304,28.61,0.5,0.01,4,100,0.1,0.1,1.0,0.5,0.6
Preprocessed,K,0.7843137254901961,0.7869047619047619,0.7817226890756304,28.94,0.5,0.01,4,100,0.1,0.1,1.0,0.5,0.7
Preprocessed,K,0.803921568627451,0.8084826762246117,0.802909550917141,28.87,0.5,0.01,4,100,0.1,0.1,1.0,0.5,0.8
Preprocessed,K,0.6862745098039216,0.6903110006558283,0.6862927836558669,28.53,0.5,0.01,4,100,0.1,0.1,5.0,0.5,0.6
Preprocessed,K,0.7843137254901961,0.7889059566478922,0.7821812596006144,28.86,0.5,0.01,4,100,0.1,0.1,5.0,0.5,0.7
Preprocessed,K,0.7843137254901961,0.7888888888888889,0.7843137254901961,29.49,0.5,0.01,4,100,0.1,0.1,5.0,0.5,0.8
Preprocessed,K,0.7647058823529411,0.7684587813620073,0.764326375711575,28.73,0.5,0.01,4,100,0.1,1.0,1.0,0.5,0.6
Preprocessed,K,0.803921568627451,0.8084826762246117,0.802909550917141,28.67,0.5,0.01,4,100,0.1,1.0,1.0,0.5,0.7
Preprocessed,K,0.803921568627451,0.8084826762246117,0.802909550917141,28.64,0.5,0.01,4,100,0.1,1.0,1.0,0.5,0.8
Preprocessed,K,0.6666666666666666,0.6726495726495726,0.6659987071751777,28.75,0.5,0.01,4,100,0.1,1.0,5.0,0.5,0.6
Preprocessed,K,0.7450980392156863,0.7513375444409927,0.7468523290024305,28.8,0.5,0.01,4,100,0.1,1.0,5.0,0.5,0.7
Preprocessed,K,0.7647058823529411,0.7774114774114773,0.7685197155785392,29.03,0.5,0.01,4,100,0.1,1.0,5.0,0.5,0.8
Preprocessed,K,0.7647058823529411,0.7684587813620073,0.764326375711575,25.76,0.5,0.01,4,100,0.3,0.1,1.0,0.5,0.6
Preprocessed,K,0.7843137254901961,0.7869047619047619,0.7817226890756304,26.2,0.5,0.01,4,100,0.3,0.1,1.0,0.5,0.7
Preprocessed,K,0.803921568627451,0.8084826762246117,0.802909550917141,26.5,0.5,0.01,4,100,0.3,0.1,1.0,0.5,0.8
Preprocessed,K,0.6666666666666666,0.6726495726495726,0.6659987071751777,26.09,0.5,0.01,4,100,0.3,0.1,5.0,0.5,0.6
Preprocessed,K,0.7843137254901961,0.7889059566478922,0.7821812596006144,25.88,0.5,0.01,4,100,0.3,0.1,5.0,0.5,0.7
Preprocessed,K,0.803921568627451,0.814028314028314,0.807290483761072,26.24,0.5,0.01,4,100,0.3,0.1,5.0,0.5,0.8
Preprocessed,K,0.7254901960784313,0.7296296296296297,0.7254901960784313,26.59,0.5,0.01,4,100,0.3,1.0,1.0,0.5,0.6
Preprocessed,K,0.7843137254901961,0.7889059566478922,0.7821812596006144,26.17,0.5,0.01,4,100,0.3,1.0,1.0,0.5,0.7
Preprocessed,K,0.803921568627451,0.8084826762246117,0.802909550917141,26.15,0.5,0.01,4,100,0.3,1.0,1.0,0.5,0.8
Preprocessed,K,0.6470588235294118,0.6528964862298196,0.6477291771409418,26.19,0.5,0.01,4,100,0.3,1.0,5.0,0.5,0.6
Preprocessed,K,0.7254901960784313,0.7316903369534948,0.7285124576146248,25.91,0.5,0.01,4,100,0.3,1.0,5.0,0.5,0.7
Preprocessed,K,0.7647058823529411,0.7774114774114773,0.7685197155785392,26.28,0.5,0.01,4,100,0.3,1.0,5.0,0.5,0.8
Preprocessed,K,0.7843137254901961,0.7869047619047619,0.7817226890756304,62.75,0.5,0.01,4,150,0.1,0.1,1.0,0.5,0.6
Preprocessed,K,0.7843137254901961,0.7869047619047619,0.7817226890756304,62.57,0.5,0.01,4,150,0.1,0.1,1.0,0.5,0.7
Preprocessed,K,0.8235294117647058,0.8267857142857142,0.8202731092436975,63.27,0.5,0.01,4,150,0.1,0.1,1.0,0.5,0.8
Preprocessed,K,0.7843137254901961,0.7869047619047619,0.7817226890756304,62.89,0.5,0.01,4,150,0.1,0.1,5.0,0.5,0.6
Preprocessed,K,0.7843137254901961,0.7869047619047619,0.7817226890756304,63.05,0.5,0.01,4,150,0.1,0.1,5.0,0.5,0.7
Preprocessed,K,0.803921568627451,0.8084826762246117,0.802909550917141,63.15,0.5,0.01,4,150,0.1,0.1,5.0,0.5,0.8
Preprocessed,K,0.7843137254901961,0.7869047619047619,0.7817226890756304,63.54,0.5,0.01,4,150,0.1,1.0,1.0,0.5,0.6
Preprocessed,K,0.7843137254901961,0.7869047619047619,0.7817226890756304,63.03,0.5,0.01,4,150,0.1,1.0,1.0,0.5,0.7
Preprocessed,K,0.8431372549019608,0.8451797385620915,0.8397491349480969,62.76,0.5,0.01,4,150,0.1,1.0,1.0,0.5,0.8
Preprocessed,K,0.7450980392156863,0.7483529612561871,0.7430378603054125,62.98,0.5,0.01,4,150,0.1,1.0,5.0,0.5,0.6
Preprocessed,K,0.7843137254901961,0.7889059566478922,0.7821812596006144,62.46,0.5,0.01,4,150,0.1,1.0,5.0,0.5,0.7
Preprocessed,K,0.803921568627451,0.8084826762246117,0.802909550917141,62.9,0.5,0.01,4,150,0.1,1.0,5.0,0.5,0.8
Preprocessed,K,0.7843137254901961,0.7869047619047619,0.7817226890756304,56.4,0.5,0.01,4,150,0.3,0.1,1.0,0.5,0.6
Preprocessed,K,0.7843137254901961,0.7869047619047619,0.7817226890756304,56.74,0.5,0.01,4,150,0.3,0.1,1.0,0.5,0.7
Preprocessed,K,0.8235294117647058,0.8267857142857142,0.8202731092436975,56.93,0.5,0.01,4,150,0.3,0.1,1.0,0.5,0.8
Preprocessed,K,0.7647058823529411,0.7684587813620073,0.764326375711575,56.69,0.5,0.01,4,150,0.3,0.1,5.0,0.5,0.6
Preprocessed,K,0.7843137254901961,0.7869047619047619,0.7817226890756304,56.02,0.5,0.01,4,150,0.3,0.1,5.0,0.5,0.7
Preprocessed,K,0.803921568627451,0.8084826762246117,0.802909550917141,56.57,0.5,0.01,4,150,0.3,0.1,5.0,0.5,0.8
Preprocessed,K,0.7843137254901961,0.7869047619047619,0.7817226890756304,56.41,0.5,0.01,4,150,0.3,1.0,1.0,0.5,0.6
Preprocessed,K,0.7843137254901961,0.7869047619047619,0.7817226890756304,56.23,0.5,0.01,4,150,0.3,1.0,1.0,0.5,0.7
Preprocessed,K,0.803921568627451,0.8084826762246117,0.802909550917141,57.09,0.5,0.01,4,150,0.3,1.0,1.0,0.5,0.8
Preprocessed,K,0.7254901960784313,0.7296296296296297,0.7254901960784313,56.91,0.5,0.01,4,150,0.3,1.0,5.0,0.5,0.6
Preprocessed,K,0.7843137254901961,0.7889059566478922,0.7821812596006144,56.97,0.5,0.01,4,150,0.3,1.0,5.0,0.5,0.7
Preprocessed,K,0.803921568627451,0.8084826762246117,0.802909550917141,56.66,0.5,0.01,4,150,0.3,1.0,5.0,0.5,0.8
Preprocessed,K,0.7843137254901961,0.7841591591591591,0.7788155802861686,7.61,0.5,0.05,2,50,0.1,0.1,1.0,0.5,0.6
Preprocessed,K,0.803921568627451,0.801062091503268,0.796280276816609,7.63,0.5,0.05,2,50,0.1,0.1,1.0,0.5,0.7
Preprocessed,K,0.8235294117647058,0.8267857142857142,0.8202731092436975,7.83,0.5,0.05,2,50,0.1,0.1,1.0,0.5,0.8
Preprocessed,K,0.7450980392156863,0.7416253101736974,0.7337797401839148,7.7,0.5,0.05,2,50,0.1,0.1,5.0,0.5,0.6
Preprocessed,K,0.7843137254901961,0.7828282828282829,0.7789661319073083,7.68,0.5,0.05,2,50,0.1,0.1,5.0,0.5,0.7
Preprocessed,K,0.8235294117647058,0.8267857142857142,0.8202731092436975,7.62,0.5,0.05,2,50,0.1,0.1,5.0,0.5,0.8
Preprocessed,K,0.7450980392156863,0.7416253101736974,0.7337797401839148,7.65,0.5,0.05,2,50,0.1,1.0,1.0,0.5,0.6
Preprocessed,K,0.803921568627451,0.801062091503268,0.796280276816609,7.86,0.5,0.05,2,50,0.1,1.0,1.0,0.5,0.7
Preprocessed,K,0.8235294117647058,0.8267857142857142,0.8202731092436975,7.81,0.5,0.05,2,50,0.1,1.0,1.0,0.5,0.8
Preprocessed,K,0.7450980392156863,0.7416253101736974,0.7337797401839148,7.87,0.5,0.05,2,50,0.1,1.0,5.0,0.5,0.6
Preprocessed,K,0.7647058823529411,0.7651812240047535,0.760281010800042,7.78,0.5,0.05,2,50,0.1,1.0,5.0,0.5,0.7
Preprocessed,K,0.8235294117647058,0.8267857142857142,0.8202731092436975,7.74,0.5,0.05,2,50,0.1,1.0,5.0,0.5,0.8
Preprocessed,K,0.7450980392156863,0.7416253101736974,0.7337797401839148,7.01,0.5,0.05,2,50,0.3,0.1,1.0,0.5,0.6
Preprocessed,K,0.7843137254901961,0.7828282828282829,0.7789661319073083,7.17,0.5,0.05,2,50,0.3,0.1,1.0,0.5,0.7
Preprocessed,K,0.8235294117647058,0.8267857142857142,0.8202731092436975,6.88,0.5,0.05,2,50,0.3,0.1,1.0,0.5,0.8
Preprocessed,K,0.7450980392156863,0.7416253101736974,0.7337797401839148,7.15,0.5,0.05,2,50,0.3,0.1,5.0,0.5,0.6
Preprocessed,K,0.7843137254901961,0.7869047619047619,0.7817226890756304,7.1,0.5,0.05,2,50,0.3,0.1,5.0,0.5,0.7
Preprocessed,K,0.803921568627451,0.8084826762246117,0.802909550917141,6.93,0.5,0.05,2,50,0.3,0.1,5.0,0.5,0.8
Preprocessed,K,0.7450980392156863,0.7416253101736974,0.7337797401839148,6.78,0.5,0.05,2,50,0.3,1.0,1.0,0.5,0.6
Preprocessed,K,0.7843137254901961,0.7828282828282829,0.7789661319073083,6.95,0.5,0.05,2,50,0.3,1.0,1.0,0.5,0.7
Preprocessed,K,0.8235294117647058,0.8267857142857142,0.8202731092436975,6.97,0.5,0.05,2,50,0.3,1.0,1.0,0.5,0.8
Preprocessed,K,0.7450980392156863,0.7416253101736974,0.7337797401839148,6.88,0.5,0.05,2,50,0.3,1.0,5.0,0.5,0.6
Preprocessed,K,0.7843137254901961,0.7869047619047619,0.7817226890756304,7.06,0.5,0.05,2,50,0.3,1.0,5.0,0.5,0.7
Preprocessed,K,0.803921568627451,0.8084826762246117,0.802909550917141,6.96,0.5,0.05,2,50,0.3,1.0,5.0,0.5,0.8
Preprocessed,K,0.7843137254901961,0.7869047619047619,0.7817226890756304,28.73,0.5,0.05,2,100,0.1,0.1,1.0,0.5,0.6
Preprocessed,K,0.803921568627451,0.8047385620915032,0.8006055363321799,29.27,0.5,0.05,2,100,0.1,0.1,1.0,0.5,0.7
Preprocessed,K,0.8431372549019608,0.8451797385620915,0.8397491349480969,28.73,0.5,0.05,2,100,0.1,0.1,1.0,0.5,0.8
Preprocessed,K,0.803921568627451,0.8047385620915032,0.8006055363321799,28.61,0.5,0.05,2,100,0.1,0.1,5.0,0.5,0.6
Preprocessed,K,0.803921568627451,0.8047385620915032,0.8006055363321799,28.72,0.5,0.05,2,100,0.1,0.1,5.0,0.5,0.7
Preprocessed,K,0.8431372549019608,0.8451797385620915,0.8397491349480969,28.71,0.5,0.05,2,100,0.1,0.1,5.0,0.5,0.8
Preprocessed,K,0.803921568627451,0.8047385620915032,0.8006055363321799,28.51,0.5,0.05,2,100,0.1,1.0,1.0,0.5,0.6
Preprocessed,K,0.8235294117647058,0.8232323232323232,0.8181818181818183,28.61,0.5,0.05,2,100,0.1,1.0,1.0,0.5,0.7
Preprocessed,K,0.8431372549019608,0.8451797385620915,0.8397491349480969,29.01,0.5,0.05,2,100,0.1,1.0,1.0,0.5,0.8
Preprocessed,K,0.803921568627451,0.8047385620915032,0.8006055363321799,28.67,0.5,0.05,2,100,0.1,1.0,5.0,0.5,0.6
Preprocessed,K,0.8235294117647058,0.8232323232323232,0.8181818181818183,29.07,0.5,0.05,2,100,0.1,1.0,5.0,0.5,0.7
Preprocessed,K,0.8431372549019608,0.8451797385620915,0.8397491349480969,29.2,0.5,0.05,2,100,0.1,1.0,5.0,0.5,0.8
Preprocessed,K,0.803921568627451,0.8047385620915032,0.8006055363321799,25.95,0.5,0.05,2,100,0.3,0.1,1.0,0.5,0.6
Preprocessed,K,0.803921568627451,0.8047385620915032,0.8006055363321799,25.78,0.5,0.05,2,100,0.3,0.1,1.0,0.5,0.7
Preprocessed,K,0.8431372549019608,0.8451797385620915,0.8397491349480969,26.21,0.5,0.05,2,100,0.3,0.1,1.0,0.5,0.8
Preprocessed,K,0.803921568627451,0.8047385620915032,0.8006055363321799,26.02,0.5,0.05,2,100,0.3,0.1,5.0,0.5,0.6
Preprocessed,K,0.803921568627451,0.8047385620915032,0.8006055363321799,25.97,0.5,0.05,2,100,0.3,0.1,5.0,0.5,0.7
Preprocessed,K,0.8431372549019608,0.8451797385620915,0.8397491349480969,26.07,0.5,0.05,2,100,0.3,0.1,5.0,0.5,0.8
Preprocessed,K,0.803921568627451,0.8047385620915032,0.8006055363321799,25.85,0.5,0.05,2,100,0.3,1.0,1.0,0.5,0.6
Preprocessed,K,0.803921568627451,0.8047385620915032,0.8006055363321799,25.8,0.5,0.05,2,100,0.3,1.0,1.0,0.5,0.7
Preprocessed,K,0.8431372549019608,0.8451797385620915,0.8397491349480969,26.01,0.5,0.05,2,100,0.3,1.0,1.0,0.5,0.8
Preprocessed,K,0.803921568627451,0.8047385620915032,0.8006055363321799,25.97,0.5,0.05,2,100,0.3,1.0,5.0,0.5,0.6
Preprocessed,K,0.803921568627451,0.8047385620915032,0.8006055363321799,26.44,0.5,0.05,2,100,0.3,1.0,5.0,0.5,0.7
Preprocessed,K,0.8431372549019608,0.8451797385620915,0.8397491349480969,26.16,0.5,0.05,2,100,0.3,1.0,5.0,0.5,0.8
Preprocessed,K,0.7843137254901961,0.7869047619047619,0.7817226890756304,62.51,0.5,0.05,2,150,0.1,0.1,1.0,0.5,0.6
Preprocessed,K,0.7843137254901961,0.7869047619047619,0.7817226890756304,62.37,0.5,0.05,2,150,0.1,0.1,1.0,0.5,0.7
Preprocessed,K,0.8431372549019608,0.8451797385620915,0.8397491349480969,62.64,0.5,0.05,2,150,0.1,0.1,1.0,0.5,0.8
Preprocessed,K,0.7843137254901961,0.7869047619047619,0.7817226890756304,62.08,0.5,0.05,2,150,0.1,0.1,5.0,0.5,0.6
Preprocessed,K,0.803921568627451,0.8047385620915032,0.8006055363321799,62.19,0.5,0.05,2,150,0.1,0.1,5.0,0.5,0.7
Preprocessed,K,0.8235294117647058,0.8232323232323232,0.8181818181818183,62.8,0.5,0.05,2,150,0.1,0.1,5.0,0.5,0.8
Preprocessed,K,0.803921568627451,0.8047385620915032,0.8006055363321799,62.75,0.5,0.05,2,150,0.1,1.0,1.0,0.5,0.6
Preprocessed,K,0.8235294117647058,0.8232323232323232,0.8181818181818183,63.01,0.5,0.05,2,150,0.1,1.0,1.0,0.5,0.7
Preprocessed,K,0.8431372549019608,0.8451797385620915,0.8397491349480969,62.68,0.5,0.05,2,150,0.1,1.0,1.0,0.5,0.8
Preprocessed,K,0.7843137254901961,0.7869047619047619,0.7817226890756304,62.65,0.5,0.05,2,150,0.1,1.0,5.0,0.5,0.6
Preprocessed,K,0.8235294117647058,0.8232323232323232,0.8181818181818183,62.72,0.5,0.05,2,150,0.1,1.0,5.0,0.5,0.7
Preprocessed,K,0.8431372549019608,0.8451797385620915,0.8397491349480969,62.48,0.5,0.05,2,150,0.1,1.0,5.0,0.5,0.8
Preprocessed,K,0.7843137254901961,0.7869047619047619,0.7817226890756304,55.58,0.5,0.05,2,150,0.3,0.1,1.0,0.5,0.6
Preprocessed,K,0.803921568627451,0.8047385620915032,0.8006055363321799,56.17,0.5,0.05,2,150,0.3,0.1,1.0,0.5,0.7
Preprocessed,K,0.8431372549019608,0.8451797385620915,0.8397491349480969,55.91,0.5,0.05,2,150,0.3,0.1,1.0,0.5,0.8
Preprocessed,K,0.7843137254901961,0.7869047619047619,0.7817226890756304,56.02,0.5,0.05,2,150,0.3,0.1,5.0,0.5,0.6
Preprocessed,K,0.7843137254901961,0.7869047619047619,0.7817226890756304,56.22,0.5,0.05,2,150,0.3,0.1,5.0,0.5,0.7
Preprocessed,K,0.8235294117647058,0.8232323232323232,0.8181818181818183,56.72,0.5,0.05,2,150,0.3,0.1,5.0,0.5,0.8
Preprocessed,K,0.803921568627451,0.8047385620915032,0.8006055363321799,55.77,0.5,0.05,2,150,0.3,1.0,1.0,0.5,0.6
Preprocessed,K,0.803921568627451,0.8047385620915032,0.8006055363321799,56.11,0.5,0.05,2,150,0.3,1.0,1.0,0.5,0.7
Preprocessed,K,0.8431372549019608,0.8451797385620915,0.8397491349480969,56.5,0.5,0.05,2,150,0.3,1.0,1.0,0.5,0.8
Preprocessed,K,0.7843137254901961,0.7869047619047619,0.7817226890756304,55.91,0.5,0.05,2,150,0.3,1.0,5.0,0.5,0.6
Preprocessed,K,0.803921568627451,0.8047385620915032,0.8006055363321799,56.07,0.5,0.05,2,150,0.3,1.0,5.0,0.5,0.7
Preprocessed,K,0.8431372549019608,0.8451797385620915,0.8397491349480969,56.54,0.5,0.05,2,150,0.3,1.0,5.0,0.5,0.8
Preprocessed,K,0.7843137254901961,0.7841591591591591,0.7788155802861686,7.66,0.5,0.05,3,50,0.1,0.1,1.0,0.5,0.6
Preprocessed,K,0.803921568627451,0.801062091503268,0.796280276816609,7.68,0.5,0.05,3,50,0.1,0.1,1.0,0.5,0.7
Preprocessed,K,0.8235294117647058,0.8267857142857142,0.8202731092436975,7.76,0.5,0.05,3,50,0.1,0.1,1.0,0.5,0.8
Preprocessed,K,0.7450980392156863,0.7416253101736974,0.7337797401839148,7.73,0.5,0.05,3,50,0.1,0.1,5.0,0.5,0.6
Preprocessed,K,0.7843137254901961,0.7828282828282829,0.7789661319073083,7.94,0.5,0.05,3,50,0.1,0.1,5.0,0.5,0.7
Preprocessed,K,0.8235294117647058,0.8267857142857142,0.8202731092436975,7.81,0.5,0.05,3,50,0.1,0.1,5.0,0.5,0.8
Preprocessed,K,0.7450980392156863,0.7416253101736974,0.7337797401839148,7.78,0.5,0.05,3,50,0.1,1.0,1.0,0.5,0.6
Preprocessed,K,0.803921568627451,0.801062091503268,0.796280276816609,7.76,0.5,0.05,3,50,0.1,1.0,1.0,0.5,0.7
Preprocessed,K,0.8235294117647058,0.8267857142857142,0.8202731092436975,7.79,0.5,0.05,3,50,0.1,1.0,1.0,0.5,0.8
Preprocessed,K,0.7450980392156863,0.7416253101736974,0.7337797401839148,7.7,0.5,0.05,3,50,0.1,1.0,5.0,0.5,0.6
Preprocessed,K,0.7647058823529411,0.7651812240047535,0.760281010800042,7.59,0.5,0.05,3,50,0.1,1.0,5.0,0.5,0.7
Preprocessed,K,0.8235294117647058,0.8267857142857142,0.8202731092436975,7.9,0.5,0.05,3,50,0.1,1.0,5.0,0.5,0.8
Preprocessed,K,0.7450980392156863,0.7416253101736974,0.7337797401839148,7.04,0.5,0.05,3,50,0.3,0.1,1.0,0.5,0.6
Preprocessed,K,0.7843137254901961,0.7828282828282829,0.7789661319073083,6.99,0.5,0.05,3,50,0.3,0.1,1.0,0.5,0.7
Preprocessed,K,0.8235294117647058,0.8267857142857142,0.8202731092436975,7.12,0.5,0.05,3,50,0.3,0.1,1.0,0.5,0.8
Preprocessed,K,0.7450980392156863,0.7416253101736974,0.7337797401839148,6.86,0.5,0.05,3,50,0.3,0.1,5.0,0.5,0.6
Preprocessed,K,0.7843137254901961,0.7869047619047619,0.7817226890756304,6.92,0.5,0.05,3,50,0.3,0.1,5.0,0.5,0.7
Preprocessed,K,0.803921568627451,0.8084826762246117,0.802909550917141,7.03,0.5,0.05,3,50,0.3,0.1,5.0,0.5,0.8
Preprocessed,K,0.7450980392156863,0.7416253101736974,0.7337797401839148,7.04,0.5,0.05,3,50,0.3,1.0,1.0,0.5,0.6
Preprocessed,K,0.7843137254901961,0.7828282828282829,0.7789661319073083,7.0,0.5,0.05,3,50,0.3,1.0,1.0,0.5,0.7
Preprocessed,K,0.8235294117647058,0.8267857142857142,0.8202731092436975,7.14,0.5,0.05,3,50,0.3,1.0,1.0,0.5,0.8
Preprocessed,K,0.7450980392156863,0.7416253101736974,0.7337797401839148,7.23,0.5,0.05,3,50,0.3,1.0,5.0,0.5,0.6
Preprocessed,K,0.7843137254901961,0.7869047619047619,0.7817226890756304,6.92,0.5,0.05,3,50,0.3,1.0,5.0,0.5,0.7
Preprocessed,K,0.803921568627451,0.8084826762246117,0.802909550917141,7.05,0.5,0.05,3,50,0.3,1.0,5.0,0.5,0.8
Preprocessed,K,0.7843137254901961,0.7869047619047619,0.7817226890756304,28.83,0.5,0.05,3,100,0.1,0.1,1.0,0.5,0.6
Preprocessed,K,0.803921568627451,0.8047385620915032,0.8006055363321799,28.38,0.5,0.05,3,100,0.1,0.1,1.0,0.5,0.7
Preprocessed,K,0.8431372549019608,0.8451797385620915,0.8397491349480969,28.85,0.5,0.05,3,100,0.1,0.1,1.0,0.5,0.8
Preprocessed,K,0.803921568627451,0.8047385620915032,0.8006055363321799,28.64,0.5,0.05,3,100,0.1,0.1,5.0,0.5,0.6
Preprocessed,K,0.803921568627451,0.8047385620915032,0.8006055363321799,28.57,0.5,0.05,3,100,0.1,0.1,5.0,0.5,0.7
Preprocessed,K,0.8431372549019608,0.8451797385620915,0.8397491349480969,29.39,0.5,0.05,3,100,0.1,0.1,5.0,0.5,0.8
Preprocessed,K,0.803921568627451,0.8047385620915032,0.8006055363321799,28.81,0.5,0.05,3,100,0.1,1.0,1.0,0.5,0.6
Preprocessed,K,0.8235294117647058,0.8232323232323232,0.8181818181818183,28.56,0.5,0.05,3,100,0.1,1.0,1.0,0.5,0.7
Preprocessed,K,0.8431372549019608,0.8451797385620915,0.8397491349480969,28.88,0.5,0.05,3,100,0.1,1.0,1.0,0.5,0.8
Preprocessed,K,0.803921568627451,0.8047385620915032,0.8006055363321799,28.75,0.5,0.05,3,100,0.1,1.0,5.0,0.5,0.6
Preprocessed,K,0.8235294117647058,0.8232323232323232,0.8181818181818183,28.71,0.5,0.05,3,100,0.1,1.0,5.0,0.5,0.7
Preprocessed,K,0.8431372549019608,0.8451797385620915,0.8397491349480969,28.75,0.5,0.05,3,100,0.1,1.0,5.0,0.5,0.8
Preprocessed,K,0.803921568627451,0.8047385620915032,0.8006055363321799,26.15,0.5,0.05,3,100,0.3,0.1,1.0,0.5,0.6
Preprocessed,K,0.803921568627451,0.8047385620915032,0.8006055363321799,26.14,0.5,0.05,3,100,0.3,0.1,1.0,0.5,0.7
Preprocessed,K,0.8431372549019608,0.8451797385620915,0.8397491349480969,26.22,0.5,0.05,3,100,0.3,0.1,1.0,0.5,0.8
Preprocessed,K,0.803921568627451,0.8047385620915032,0.8006055363321799,26.35,0.5,0.05,3,100,0.3,0.1,5.0,0.5,0.6
Preprocessed,K,0.803921568627451,0.8047385620915032,0.8006055363321799,26.39,0.5,0.05,3,100,0.3,0.1,5.0,0.5,0.7
Preprocessed,K,0.8431372549019608,0.8451797385620915,0.8397491349480969,26.91,0.5,0.05,3,100,0.3,0.1,5.0,0.5,0.8
Preprocessed,K,0.803921568627451,0.8047385620915032,0.8006055363321799,26.66,0.5,0.05,3,100,0.3,1.0,1.0,0.5,0.6
Preprocessed,K,0.803921568627451,0.8047385620915032,0.8006055363321799,26.48,0.5,0.05,3,100,0.3,1.0,1.0,0.5,0.7
Preprocessed,K,0.8431372549019608,0.8451797385620915,0.8397491349480969,26.43,0.5,0.05,3,100,0.3,1.0,1.0,0.5,0.8
Preprocessed,K,0.803921568627451,0.8047385620915032,0.8006055363321799,26.22,0.5,0.05,3,100,0.3,1.0,5.0,0.5,0.6
Preprocessed,K,0.803921568627451,0.8047385620915032,0.8006055363321799,25.95,0.5,0.05,3,100,0.3,1.0,5.0,0.5,0.7
Preprocessed,K,0.8431372549019608,0.8451797385620915,0.8397491349480969,26.14,0.5,0.05,3,100,0.3,1.0,5.0,0.5,0.8
Preprocessed,K,0.7843137254901961,0.7869047619047619,0.7817226890756304,62.78,0.5,0.05,3,150,0.1,0.1,1.0,0.5,0.6
Preprocessed,K,0.7843137254901961,0.7869047619047619,0.7817226890756304,62.4,0.5,0.05,3,150,0.1,0.1,1.0,0.5,0.7
Preprocessed,K,0.8431372549019608,0.8451797385620915,0.8397491349480969,63.15,0.5,0.05,3,150,0.1,0.1,1.0,0.5,0.8
Preprocessed,K,0.7843137254901961,0.7869047619047619,0.7817226890756304,62.71,0.5,0.05,3,150,0.1,0.1,5.0,0.5,0.6
Preprocessed,K,0.803921568627451,0.8047385620915032,0.8006055363321799,62.35,0.5,0.05,3,150,0.1,0.1,5.0,0.5,0.7
Preprocessed,K,0.8235294117647058,0.8232323232323232,0.8181818181818183,62.77,0.5,0.05,3,150,0.1,0.1,5.0,0.5,0.8
Preprocessed,K,0.803921568627451,0.8047385620915032,0.8006055363321799,62.62,0.5,0.05,3,150,0.1,1.0,1.0,0.5,0.6
Preprocessed,K,0.8235294117647058,0.8232323232323232,0.8181818181818183,62.73,0.5,0.05,3,150,0.1,1.0,1.0,0.5,0.7
Preprocessed,K,0.8431372549019608,0.8451797385620915,0.8397491349480969,62.77,0.5,0.05,3,150,0.1,1.0,1.0,0.5,0.8
Preprocessed,K,0.7843137254901961,0.7869047619047619,0.7817226890756304,62.48,0.5,0.05,3,150,0.1,1.0,5.0,0.5,0.6
Preprocessed,K,0.8235294117647058,0.8232323232323232,0.8181818181818183,62.52,0.5,0.05,3,150,0.1,1.0,5.0,0.5,0.7
Preprocessed,K,0.8431372549019608,0.8451797385620915,0.8397491349480969,63.52,0.5,0.05,3,150,0.1,1.0,5.0,0.5,0.8
Preprocessed,K,0.7843137254901961,0.7869047619047619,0.7817226890756304,56.13,0.5,0.05,3,150,0.3,0.1,1.0,0.5,0.6
Preprocessed,K,0.803921568627451,0.8047385620915032,0.8006055363321799,56.26,0.5,0.05,3,150,0.3,0.1,1.0,0.5,0.7
Preprocessed,K,0.8431372549019608,0.8451797385620915,0.8397491349480969,56.35,0.5,0.05,3,150,0.3,0.1,1.0,0.5,0.8
Preprocessed,K,0.7843137254901961,0.7869047619047619,0.7817226890756304,56.3,0.5,0.05,3,150,0.3,0.1,5.0,0.5,0.6
Preprocessed,K,0.7843137254901961,0.7869047619047619,0.7817226890756304,55.94,0.5,0.05,3,150,0.3,0.1,5.0,0.5,0.7
Preprocessed,K,0.8235294117647058,0.8232323232323232,0.8181818181818183,56.16,0.5,0.05,3,150,0.3,0.1,5.0,0.5,0.8
Preprocessed,K,0.803921568627451,0.8047385620915032,0.8006055363321799,56.03,0.5,0.05,3,150,0.3,1.0,1.0,0.5,0.6
Preprocessed,K,0.803921568627451,0.8047385620915032,0.8006055363321799,55.92,0.5,0.05,3,150,0.3,1.0,1.0,0.5,0.7
Preprocessed,K,0.8431372549019608,0.8451797385620915,0.8397491349480969,55.98,0.5,0.05,3,150,0.3,1.0,1.0,0.5,0.8
Preprocessed,K,0.7843137254901961,0.7869047619047619,0.7817226890756304,55.92,0.5,0.05,3,150,0.3,1.0,5.0,0.5,0.6
Preprocessed,K,0.803921568627451,0.8047385620915032,0.8006055363321799,56.43,0.5,0.05,3,150,0.3,1.0,5.0,0.5,0.7
Preprocessed,K,0.8431372549019608,0.8451797385620915,0.8397491349480969,55.93,0.5,0.05,3,150,0.3,1.0,5.0,0.5,0.8
Preprocessed,K,0.7843137254901961,0.7841591591591591,0.7788155802861686,7.78,0.5,0.05,4,50,0.1,0.1,1.0,0.5,0.6
Preprocessed,K,0.803921568627451,0.801062091503268,0.796280276816609,7.54,0.5,0.05,4,50,0.1,0.1,1.0,0.5,0.7
Preprocessed,K,0.8235294117647058,0.8267857142857142,0.8202731092436975,7.91,0.5,0.05,4,50,0.1,0.1,1.0,0.5,0.8
Preprocessed,K,0.7450980392156863,0.7416253101736974,0.7337797401839148,7.87,0.5,0.05,4,50,0.1,0.1,5.0,0.5,0.6
Preprocessed,K,0.7843137254901961,0.7828282828282829,0.7789661319073083,7.76,0.5,0.05,4,50,0.1,0.1,5.0,0.5,0.7
Preprocessed,K,0.8235294117647058,0.8267857142857142,0.8202731092436975,7.73,0.5,0.05,4,50,0.1,0.1,5.0,0.5,0.8
Preprocessed,K,0.7450980392156863,0.7416253101736974,0.7337797401839148,7.83,0.5,0.05,4,50,0.1,1.0,1.0,0.5,0.6
Preprocessed,K,0.803921568627451,0.801062091503268,0.796280276816609,7.72,0.5,0.05,4,50,0.1,1.0,1.0,0.5,0.7
Preprocessed,K,0.8235294117647058,0.8267857142857142,0.8202731092436975,7.75,0.5,0.05,4,50,0.1,1.0,1.0,0.5,0.8
Preprocessed,K,0.7450980392156863,0.7416253101736974,0.7337797401839148,7.94,0.5,0.05,4,50,0.1,1.0,5.0,0.5,0.6
Preprocessed,K,0.7647058823529411,0.7651812240047535,0.760281010800042,7.86,0.5,0.05,4,50,0.1,1.0,5.0,0.5,0.7
Preprocessed,K,0.8235294117647058,0.8267857142857142,0.8202731092436975,7.78,0.5,0.05,4,50,0.1,1.0,5.0,0.5,0.8
Preprocessed,K,0.7450980392156863,0.7416253101736974,0.7337797401839148,6.98,0.5,0.05,4,50,0.3,0.1,1.0,0.5,0.6
Preprocessed,K,0.7843137254901961,0.7828282828282829,0.7789661319073083,6.99,0.5,0.05,4,50,0.3,0.1,1.0,0.5,0.7
Preprocessed,K,0.8235294117647058,0.8267857142857142,0.8202731092436975,7.07,0.5,0.05,4,50,0.3,0.1,1.0,0.5,0.8
Preprocessed,K,0.7450980392156863,0.7416253101736974,0.7337797401839148,7.13,0.5,0.05,4,50,0.3,0.1,5.0,0.5,0.6
Preprocessed,K,0.7843137254901961,0.7869047619047619,0.7817226890756304,6.81,0.5,0.05,4,50,0.3,0.1,5.0,0.5,0.7
Preprocessed,K,0.803921568627451,0.8084826762246117,0.802909550917141,6.99,0.5,0.05,4,50,0.3,0.1,5.0,0.5,0.8
Preprocessed,K,0.7450980392156863,0.7416253101736974,0.7337797401839148,7.09,0.5,0.05,4,50,0.3,1.0,1.0,0.5,0.6
Preprocessed,K,0.7843137254901961,0.7828282828282829,0.7789661319073083,6.99,0.5,0.05,4,50,0.3,1.0,1.0,0.5,0.7
Preprocessed,K,0.8235294117647058,0.8267857142857142,0.8202731092436975,7.05,0.5,0.05,4,50,0.3,1.0,1.0,0.5,0.8
Preprocessed,K,0.7450980392156863,0.7416253101736974,0.7337797401839148,6.94,0.5,0.05,4,50,0.3,1.0,5.0,0.5,0.6
Preprocessed,K,0.7843137254901961,0.7869047619047619,0.7817226890756304,6.91,0.5,0.05,4,50,0.3,1.0,5.0,0.5,0.7
Preprocessed,K,0.803921568627451,0.8084826762246117,0.802909550917141,7.03,0.5,0.05,4,50,0.3,1.0,5.0,0.5,0.8
Preprocessed,K,0.7843137254901961,0.7869047619047619,0.7817226890756304,28.97,0.5,0.05,4,100,0.1,0.1,1.0,0.5,0.6
Preprocessed,K,0.803921568627451,0.8047385620915032,0.8006055363321799,28.56,0.5,0.05,4,100,0.1,0.1,1.0,0.5,0.7
Preprocessed,K,0.8431372549019608,0.8451797385620915,0.8397491349480969,29.01,0.5,0.05,4,100,0.1,0.1,1.0,0.5,0.8
Preprocessed,K,0.803921568627451,0.8047385620915032,0.8006055363321799,29.37,0.5,0.05,4,100,0.1,0.1,5.0,0.5,0.6
Preprocessed,K,0.803921568627451,0.8047385620915032,0.8006055363321799,34.04,0.5,0.05,4,100,0.1,0.1,5.0,0.5,0.7
Preprocessed,K,0.8431372549019608,0.8451797385620915,0.8397491349480969,33.02,0.5,0.05,4,100,0.1,0.1,5.0,0.5,0.8
Preprocessed,K,0.803921568627451,0.8047385620915032,0.8006055363321799,30.27,0.5,0.05,4,100,0.1,1.0,1.0,0.5,0.6
Preprocessed,K,0.8235294117647058,0.8232323232323232,0.8181818181818183,28.79,0.5,0.05,4,100,0.1,1.0,1.0,0.5,0.7
Preprocessed,K,0.8431372549019608,0.8451797385620915,0.8397491349480969,29.0,0.5,0.05,4,100,0.1,1.0,1.0,0.5,0.8
Preprocessed,K,0.803921568627451,0.8047385620915032,0.8006055363321799,28.71,0.5,0.05,4,100,0.1,1.0,5.0,0.5,0.6
Preprocessed,K,0.8235294117647058,0.8232323232323232,0.8181818181818183,28.65,0.5,0.05,4,100,0.1,1.0,5.0,0.5,0.7
Preprocessed,K,0.8431372549019608,0.8451797385620915,0.8397491349480969,28.69,0.5,0.05,4,100,0.1,1.0,5.0,0.5,0.8
Preprocessed,K,0.803921568627451,0.8047385620915032,0.8006055363321799,25.79,0.5,0.05,4,100,0.3,0.1,1.0,0.5,0.6
Preprocessed,K,0.803921568627451,0.8047385620915032,0.8006055363321799,26.12,0.5,0.05,4,100,0.3,0.1,1.0,0.5,0.7
Preprocessed,K,0.8431372549019608,0.8451797385620915,0.8397491349480969,26.06,0.5,0.05,4,100,0.3,0.1,1.0,0.5,0.8
Preprocessed,K,0.803921568627451,0.8047385620915032,0.8006055363321799,26.1,0.5,0.05,4,100,0.3,0.1,5.0,0.5,0.6
Preprocessed,K,0.803921568627451,0.8047385620915032,0.8006055363321799,25.9,0.5,0.05,4,100,0.3,0.1,5.0,0.5,0.7
Preprocessed,K,0.8431372549019608,0.8451797385620915,0.8397491349480969,26.11,0.5,0.05,4,100,0.3,0.1,5.0,0.5,0.8
Preprocessed,K,0.803921568627451,0.8047385620915032,0.8006055363321799,25.96,0.5,0.05,4,100,0.3,1.0,1.0,0.5,0.6
Preprocessed,K,0.803921568627451,0.8047385620915032,0.8006055363321799,25.91,0.5,0.05,4,100,0.3,1.0,1.0,0.5,0.7
Preprocessed,K,0.8431372549019608,0.8451797385620915,0.8397491349480969,25.95,0.5,0.05,4,100,0.3,1.0,1.0,0.5,0.8
Preprocessed,K,0.803921568627451,0.8047385620915032,0.8006055363321799,26.12,0.5,0.05,4,100,0.3,1.0,5.0,0.5,0.6
Preprocessed,K,0.803921568627451,0.8047385620915032,0.8006055363321799,26.1,0.5,0.05,4,100,0.3,1.0,5.0,0.5,0.7
Preprocessed,K,0.8431372549019608,0.8451797385620915,0.8397491349480969,25.93,0.5,0.05,4,100,0.3,1.0,5.0,0.5,0.8
Preprocessed,K,0.7843137254901961,0.7869047619047619,0.7817226890756304,62.3,0.5,0.05,4,150,0.1,0.1,1.0,0.5,0.6
Preprocessed,K,0.7843137254901961,0.7869047619047619,0.7817226890756304,62.66,0.5,0.05,4,150,0.1,0.1,1.0,0.5,0.7
Preprocessed,K,0.8431372549019608,0.8451797385620915,0.8397491349480969,62.74,0.5,0.05,4,150,0.1,0.1,1.0,0.5,0.8
Preprocessed,K,0.7843137254901961,0.7869047619047619,0.7817226890756304,62.08,0.5,0.05,4,150,0.1,0.1,5.0,0.5,0.6
Preprocessed,K,0.803921568627451,0.8047385620915032,0.8006055363321799,62.53,0.5,0.05,4,150,0.1,0.1,5.0,0.5,0.7
Preprocessed,K,0.8235294117647058,0.8232323232323232,0.8181818181818183,62.81,0.5,0.05,4,150,0.1,0.1,5.0,0.5,0.8
Preprocessed,K,0.803921568627451,0.8047385620915032,0.8006055363321799,62.15,0.5,0.05,4,150,0.1,1.0,1.0,0.5,0.6
Preprocessed,K,0.8235294117647058,0.8232323232323232,0.8181818181818183,62.41,0.5,0.05,4,150,0.1,1.0,1.0,0.5,0.7
Preprocessed,K,0.8431372549019608,0.8451797385620915,0.8397491349480969,62.67,0.5,0.05,4,150,0.1,1.0,1.0,0.5,0.8
Preprocessed,K,0.7843137254901961,0.7869047619047619,0.7817226890756304,62.34,0.5,0.05,4,150,0.1,1.0,5.0,0.5,0.6
Preprocessed,K,0.8235294117647058,0.8232323232323232,0.8181818181818183,62.66,0.5,0.05,4,150,0.1,1.0,5.0,0.5,0.7
Preprocessed,K,0.8431372549019608,0.8451797385620915,0.8397491349480969,62.86,0.5,0.05,4,150,0.1,1.0,5.0,0.5,0.8
Preprocessed,K,0.7843137254901961,0.7869047619047619,0.7817226890756304,55.89,0.5,0.05,4,150,0.3,0.1,1.0,0.5,0.6
Preprocessed,K,0.803921568627451,0.8047385620915032,0.8006055363321799,56.43,0.5,0.05,4,150,0.3,0.1,1.0,0.5,0.7
Preprocessed,K,0.8431372549019608,0.8451797385620915,0.8397491349480969,56.34,0.5,0.05,4,150,0.3,0.1,1.0,0.5,0.8
Preprocessed,K,0.7843137254901961,0.7869047619047619,0.7817226890756304,55.79,0.5,0.05,4,150,0.3,0.1,5.0,0.5,0.6
Preprocessed,K,0.7843137254901961,0.7869047619047619,0.7817226890756304,55.94,0.5,0.05,4,150,0.3,0.1,5.0,0.5,0.7
Preprocessed,K,0.8235294117647058,0.8232323232323232,0.8181818181818183,56.07,0.5,0.05,4,150,0.3,0.1,5.0,0.5,0.8
Preprocessed,K,0.803921568627451,0.8047385620915032,0.8006055363321799,55.94,0.5,0.05,4,150,0.3,1.0,1.0,0.5,0.6
Preprocessed,K,0.803921568627451,0.8047385620915032,0.8006055363321799,56.25,0.5,0.05,4,150,0.3,1.0,1.0,0.5,0.7
Preprocessed,K,0.8431372549019608,0.8451797385620915,0.8397491349480969,56.51,0.5,0.05,4,150,0.3,1.0,1.0,0.5,0.8
Preprocessed,K,0.7843137254901961,0.7869047619047619,0.7817226890756304,56.02,0.5,0.05,4,150,0.3,1.0,5.0,0.5,0.6
Preprocessed,K,0.803921568627451,0.8047385620915032,0.8006055363321799,55.68,0.5,0.05,4,150,0.3,1.0,5.0,0.5,0.7
Preprocessed,K,0.8431372549019608,0.8451797385620915,0.8397491349480969,56.65,0.5,0.05,4,150,0.3,1.0,5.0,0.5,0.8
Preprocessed,K,0.803921568627451,0.8047385620915032,0.8006055363321799,7.7,0.5,0.1,2,50,0.1,0.1,1.0,0.5,0.6
Preprocessed,K,0.803921568627451,0.801062091503268,0.796280276816609,7.68,0.5,0.1,2,50,0.1,0.1,1.0,0.5,0.7
Preprocessed,K,0.8235294117647058,0.8232323232323232,0.8181818181818183,7.61,0.5,0.1,2,50,0.1,0.1,1.0,0.5,0.8
Preprocessed,K,0.803921568627451,0.8047385620915032,0.8006055363321799,7.62,0.5,0.1,2,50,0.1,0.1,5.0,0.5,0.6
Preprocessed,K,0.7843137254901961,0.7828282828282829,0.7789661319073083,7.72,0.5,0.1,2,50,0.1,0.1,5.0,0.5,0.7
Preprocessed,K,0.8235294117647058,0.8232323232323232,0.8181818181818183,7.7,0.5,0.1,2,50,0.1,0.1,5.0,0.5,0.8
Preprocessed,K,0.7843137254901961,0.7828282828282829,0.7789661319073083,7.68,0.5,0.1,2,50,0.1,1.0,1.0,0.5,0.6
Preprocessed,K,0.7843137254901961,0.7828282828282829,0.7789661319073083,7.65,0.5,0.1,2,50,0.1,1.0,1.0,0.5,0.7
Preprocessed,K,0.8235294117647058,0.8232323232323232,0.8181818181818183,7.67,0.5,0.1,2,50,0.1,1.0,1.0,0.5,0.8
Preprocessed,K,0.7450980392156863,0.7416253101736974,0.7337797401839148,7.79,0.5,0.1,2,50,0.1,1.0,5.0,0.5,0.6
Preprocessed,K,0.803921568627451,0.801062091503268,0.796280276816609,7.64,0.5,0.1,2,50,0.1,1.0,5.0,0.5,0.7
Preprocessed,K,0.8235294117647058,0.8232323232323232,0.8181818181818183,7.66,0.5,0.1,2,50,0.1,1.0,5.0,0.5,0.8
Preprocessed,K,0.803921568627451,0.8047385620915032,0.8006055363321799,6.92,0.5,0.1,2,50,0.3,0.1,1.0,0.5,0.6
Preprocessed,K,0.7843137254901961,0.7828282828282829,0.7789661319073083,6.9,0.5,0.1,2,50,0.3,0.1,1.0,0.5,0.7
Preprocessed,K,0.8235294117647058,0.8232323232323232,0.8181818181818183,6.98,0.5,0.1,2,50,0.3,0.1,1.0,0.5,0.8
Preprocessed,K,0.7450980392156863,0.7416253101736974,0.7337797401839148,6.88,0.5,0.1,2,50,0.3,0.1,5.0,0.5,0.6
Preprocessed,K,0.7843137254901961,0.7828282828282829,0.7789661319073083,7.03,0.5,0.1,2,50,0.3,0.1,5.0,0.5,0.7
Preprocessed,K,0.8235294117647058,0.8232323232323232,0.8181818181818183,6.94,0.5,0.1,2,50,0.3,0.1,5.0,0.5,0.8
Preprocessed,K,0.803921568627451,0.8047385620915032,0.8006055363321799,6.86,0.5,0.1,2,50,0.3,1.0,1.0,0.5,0.6
Preprocessed,K,0.7843137254901961,0.7828282828282829,0.7789661319073083,6.95,0.5,0.1,2,50,0.3,1.0,1.0,0.5,0.7
Preprocessed,K,0.8235294117647058,0.8232323232323232,0.8181818181818183,6.93,0.5,0.1,2,50,0.3,1.0,1.0,0.5,0.8
Preprocessed,K,0.7450980392156863,0.7416253101736974,0.7337797401839148,6.92,0.5,0.1,2,50,0.3,1.0,5.0,0.5,0.6
Preprocessed,K,0.7843137254901961,0.7828282828282829,0.7789661319073083,7.14,0.5,0.1,2,50,0.3,1.0,5.0,0.5,0.7
Preprocessed,K,0.803921568627451,0.8049910873440286,0.7988675684177415,6.95,0.5,0.1,2,50,0.3,1.0,5.0,0.5,0.8
Preprocessed,K,0.803921568627451,0.8047385620915032,0.8006055363321799,28.46,0.5,0.1,2,100,0.1,0.1,1.0,0.5,0.6
Preprocessed,K,0.803921568627451,0.8047385620915032,0.8006055363321799,28.55,0.5,0.1,2,100,0.1,0.1,1.0,0.5,0.7
Preprocessed,K,0.803921568627451,0.8047385620915032,0.8006055363321799,28.23,0.5,0.1,2,100,0.1,0.1,1.0,0.5,0.8
Preprocessed,K,0.803921568627451,0.8047385620915032,0.8006055363321799,28.38,0.5,0.1,2,100,0.1,0.1,5.0,0.5,0.6
Preprocessed,K,0.7843137254901961,0.7828282828282829,0.7789661319073083,28.6,0.5,0.1,2,100,0.1,0.1,5.0,0.5,0.7
Preprocessed,K,0.8431372549019608,0.8451797385620915,0.8397491349480969,28.95,0.5,0.1,2,100,0.1,0.1,5.0,0.5,0.8
Preprocessed,K,0.803921568627451,0.8047385620915032,0.8006055363321799,28.65,0.5,0.1,2,100,0.1,1.0,1.0,0.5,0.6
Preprocessed,K,0.7843137254901961,0.7828282828282829,0.7789661319073083,28.46,0.5,0.1,2,100,0.1,1.0,1.0,0.5,0.7
Preprocessed,K,0.8431372549019608,0.8451797385620915,0.8397491349480969,28.53,0.5,0.1,2,100,0.1,1.0,1.0,0.5,0.8
Preprocessed,K,0.803921568627451,0.8047385620915032,0.8006055363321799,28.55,0.5,0.1,2,100,0.1,1.0,5.0,0.5,0.6
Preprocessed,K,0.803921568627451,0.8047385620915032,0.8006055363321799,28.73,0.5,0.1,2,100,0.1,1.0,5.0,0.5,0.7
Preprocessed,K,0.8431372549019608,0.8451797385620915,0.8397491349480969,28.52,0.5,0.1,2,100,0.1,1.0,5.0,0.5,0.8
Preprocessed,K,0.7843137254901961,0.7869047619047619,0.7817226890756304,25.72,0.5,0.1,2,100,0.3,0.1,1.0,0.5,0.6
Preprocessed,K,0.803921568627451,0.8047385620915032,0.8006055363321799,25.82,0.5,0.1,2,100,0.3,0.1,1.0,0.5,0.7
Preprocessed,K,0.803921568627451,0.8047385620915032,0.8006055363321799,25.88,0.5,0.1,2,100,0.3,0.1,1.0,0.5,0.8
Preprocessed,K,0.803921568627451,0.8047385620915032,0.8006055363321799,25.73,0.5,0.1,2,100,0.3,0.1,5.0,0.5,0.6
Preprocessed,K,0.803921568627451,0.8047385620915032,0.8006055363321799,26.44,0.5,0.1,2,100,0.3,0.1,5.0,0.5,0.7
Preprocessed,K,0.8235294117647058,0.8232323232323232,0.8181818181818183,26.03,0.5,0.1,2,100,0.3,0.1,5.0,0.5,0.8
Preprocessed,K,0.803921568627451,0.8047385620915032,0.8006055363321799,25.88,0.5,0.1,2,100,0.3,1.0,1.0,0.5,0.6
Preprocessed,K,0.7843137254901961,0.7828282828282829,0.7789661319073083,26.06,0.5,0.1,2,100,0.3,1.0,1.0,0.5,0.7
Preprocessed,K,0.8235294117647058,0.8264720942140298,0.8219571699647601,25.86,0.5,0.1,2,100,0.3,1.0,1.0,0.5,0.8
Preprocessed,K,0.803921568627451,0.8047385620915032,0.8006055363321799,25.57,0.5,0.1,2,100,0.3,1.0,5.0,0.5,0.6
Preprocessed,K,0.803921568627451,0.8047385620915032,0.8006055363321799,25.8,0.5,0.1,2,100,0.3,1.0,5.0,0.5,0.7
Preprocessed,K,0.8431372549019608,0.8451797385620915,0.8397491349480969,25.97,0.5,0.1,2,100,0.3,1.0,5.0,0.5,0.8
Preprocessed,K,0.803921568627451,0.8047385620915032,0.8006055363321799,62.1,0.5,0.1,2,150,0.1,0.1,1.0,0.5,0.6
Preprocessed,K,0.803921568627451,0.8047385620915032,0.8006055363321799,62.42,0.5,0.1,2,150,0.1,0.1,1.0,0.5,0.7
Preprocessed,K,0.7843137254901961,0.7869047619047619,0.7817226890756304,62.34,0.5,0.1,2,150,0.1,0.1,1.0,0.5,0.8
Preprocessed,K,0.7843137254901961,0.7869047619047619,0.7817226890756304,62.14,0.5,0.1,2,150,0.1,0.1,5.0,0.5,0.6
Preprocessed,K,0.803921568627451,0.8047385620915032,0.8006055363321799,62.33,0.5,0.1,2,150,0.1,0.1,5.0,0.5,0.7
Preprocessed,K,0.8235294117647058,0.8232323232323232,0.8181818181818183,62.51,0.5,0.1,2,150,0.1,0.1,5.0,0.5,0.8
Preprocessed,K,0.7843137254901961,0.7869047619047619,0.7817226890756304,63.2,0.5,0.1,2,150,0.1,1.0,1.0,0.5,0.6
Preprocessed,K,0.7843137254901961,0.7828282828282829,0.7789661319073083,62.39,0.5,0.1,2,150,0.1,1.0,1.0,0.5,0.7
Preprocessed,K,0.8235294117647058,0.8232323232323232,0.8181818181818183,62.91,0.5,0.1,2,150,0.1,1.0,1.0,0.5,0.8
Preprocessed,K,0.7843137254901961,0.7869047619047619,0.7817226890756304,62.25,0.5,0.1,2,150,0.1,1.0,5.0,0.5,0.6
Preprocessed,K,0.7843137254901961,0.7869047619047619,0.7817226890756304,62.29,0.5,0.1,2,150,0.1,1.0,5.0,0.5,0.7
Preprocessed,K,0.8235294117647058,0.8232323232323232,0.8181818181818183,62.51,0.5,0.1,2,150,0.1,1.0,5.0,0.5,0.8
Preprocessed,K,0.7843137254901961,0.7869047619047619,0.7817226890756304,56.35,0.5,0.1,2,150,0.3,0.1,1.0,0.5,0.6
Preprocessed,K,0.803921568627451,0.8047385620915032,0.8006055363321799,55.88,0.5,0.1,2,150,0.3,0.1,1.0,0.5,0.7
Preprocessed,K,0.803921568627451,0.8047385620915032,0.8006055363321799,55.89,0.5,0.1,2,150,0.3,0.1,1.0,0.5,0.8
Preprocessed,K,0.7843137254901961,0.7869047619047619,0.7817226890756304,55.91,0.5,0.1,2,150,0.3,0.1,5.0,0.5,0.6
Preprocessed,K,0.803921568627451,0.8047385620915032,0.8006055363321799,56.14,0.5,0.1,2,150,0.3,0.1,5.0,0.5,0.7
Preprocessed,K,0.8235294117647058,0.8232323232323232,0.8181818181818183,56.1,0.5,0.1,2,150,0.3,0.1,5.0,0.5,0.8
Preprocessed,K,0.7843137254901961,0.7869047619047619,0.7817226890756304,55.9,0.5,0.1,2,150,0.3,1.0,1.0,0.5,0.6
Preprocessed,K,0.803921568627451,0.8047385620915032,0.8006055363321799,56.05,0.5,0.1,2,150,0.3,1.0,1.0,0.5,0.7
Preprocessed,K,0.8235294117647058,0.8232323232323232,0.8181818181818183,56.0,0.5,0.1,2,150,0.3,1.0,1.0,0.5,0.8
Preprocessed,K,0.803921568627451,0.8047385620915032,0.8006055363321799,56.27,0.5,0.1,2,150,0.3,1.0,5.0,0.5,0.6
Preprocessed,K,0.803921568627451,0.8047385620915032,0.8006055363321799,57.4,0.5,0.1,2,150,0.3,1.0,5.0,0.5,0.7
Preprocessed,K,0.8431372549019608,0.8451797385620915,0.8397491349480969,56.06,0.5,0.1,2,150,0.3,1.0,5.0,0.5,0.8
Preprocessed,K,0.803921568627451,0.8047385620915032,0.8006055363321799,7.72,0.5,0.1,3,50,0.1,0.1,1.0,0.5,0.6
Preprocessed,K,0.803921568627451,0.801062091503268,0.796280276816609,7.45,0.5,0.1,3,50,0.1,0.1,1.0,0.5,0.7
Preprocessed,K,0.8235294117647058,0.8232323232323232,0.8181818181818183,7.77,0.5,0.1,3,50,0.1,0.1,1.0,0.5,0.8
Preprocessed,K,0.803921568627451,0.8047385620915032,0.8006055363321799,7.73,0.5,0.1,3,50,0.1,0.1,5.0,0.5,0.6
Preprocessed,K,0.7843137254901961,0.7828282828282829,0.7789661319073083,7.75,0.5,0.1,3,50,0.1,0.1,5.0,0.5,0.7
Preprocessed,K,0.8235294117647058,0.8232323232323232,0.8181818181818183,7.74,0.5,0.1,3,50,0.1,0.1,5.0,0.5,0.8
Preprocessed,K,0.7843137254901961,0.7828282828282829,0.7789661319073083,7.68,0.5,0.1,3,50,0.1,1.0,1.0,0.5,0.6
Preprocessed,K,0.7843137254901961,0.7828282828282829,0.7789661319073083,7.65,0.5,0.1,3,50,0.1,1.0,1.0,0.5,0.7
Preprocessed,K,0.8235294117647058,0.8232323232323232,0.8181818181818183,7.75,0.5,0.1,3,50,0.1,1.0,1.0,0.5,0.8
Preprocessed,K,0.7450980392156863,0.7416253101736974,0.7337797401839148,7.57,0.5,0.1,3,50,0.1,1.0,5.0,0.5,0.6
Preprocessed,K,0.803921568627451,0.801062091503268,0.796280276816609,7.64,0.5,0.1,3,50,0.1,1.0,5.0,0.5,0.7
Preprocessed,K,0.8235294117647058,0.8232323232323232,0.8181818181818183,7.81,0.5,0.1,3,50,0.1,1.0,5.0,0.5,0.8
Preprocessed,K,0.803921568627451,0.8047385620915032,0.8006055363321799,7.24,0.5,0.1,3,50,0.3,0.1,1.0,0.5,0.6
Preprocessed,K,0.7843137254901961,0.7828282828282829,0.7789661319073083,6.85,0.5,0.1,3,50,0.3,0.1,1.0,0.5,0.7
Preprocessed,K,0.8235294117647058,0.8232323232323232,0.8181818181818183,7.05,0.5,0.1,3,50,0.3,0.1,1.0,0.5,0.8
Preprocessed,K,0.7450980392156863,0.7416253101736974,0.7337797401839148,6.93,0.5,0.1,3,50,0.3,0.1,5.0,0.5,0.6
Preprocessed,K,0.7843137254901961,0.7828282828282829,0.7789661319073083,6.9,0.5,0.1,3,50,0.3,0.1,5.0,0.5,0.7
Preprocessed,K,0.8235294117647058,0.8232323232323232,0.8181818181818183,6.92,0.5,0.1,3,50,0.3,0.1,5.0,0.5,0.8
Preprocessed,K,0.803921568627451,0.8047385620915032,0.8006055363321799,6.98,0.5,0.1,3,50,0.3,1.0,1.0,0.5,0.6
Preprocessed,K,0.7843137254901961,0.7828282828282829,0.7789661319073083,6.96,0.5,0.1,3,50,0.3,1.0,1.0,0.5,0.7
Preprocessed,K,0.8235294117647058,0.8232323232323232,0.8181818181818183,7.02,0.5,0.1,3,50,0.3,1.0,1.0,0.5,0.8
Preprocessed,K,0.7450980392156863,0.7416253101736974,0.7337797401839148,6.99,0.5,0.1,3,50,0.3,1.0,5.0,0.5,0.6
Preprocessed,K,0.7843137254901961,0.7828282828282829,0.7789661319073083,6.9,0.5,0.1,3,50,0.3,1.0,5.0,0.5,0.7
Preprocessed,K,0.803921568627451,0.8049910873440286,0.7988675684177415,7.06,0.5,0.1,3,50,0.3,1.0,5.0,0.5,0.8
Preprocessed,K,0.803921568627451,0.8047385620915032,0.8006055363321799,28.55,0.5,0.1,3,100,0.1,0.1,1.0,0.5,0.6
Preprocessed,K,0.803921568627451,0.8047385620915032,0.8006055363321799,28.27,0.5,0.1,3,100,0.1,0.1,1.0,0.5,0.7
Preprocessed,K,0.803921568627451,0.8047385620915032,0.8006055363321799,28.55,0.5,0.1,3,100,0.1,0.1,1.0,0.5,0.8
Preprocessed,K,0.803921568627451,0.8047385620915032,0.8006055363321799,28.81,0.5,0.1,3,100,0.1,0.1,5.0,0.5,0.6
Preprocessed,K,0.7843137254901961,0.7828282828282829,0.7789661319073083,28.9,0.5,0.1,3,100,0.1,0.1,5.0,0.5,0.7
Preprocessed,K,0.8431372549019608,0.8451797385620915,0.8397491349480969,28.58,0.5,0.1,3,100,0.1,0.1,5.0,0.5,0.8
Preprocessed,K,0.803921568627451,0.8047385620915032,0.8006055363321799,28.36,0.5,0.1,3,100,0.1,1.0,1.0,0.5,0.6
Preprocessed,K,0.7843137254901961,0.7828282828282829,0.7789661319073083,28.66,0.5,0.1,3,100,0.1,1.0,1.0,0.5,0.7
Preprocessed,K,0.8431372549019608,0.8451797385620915,0.8397491349480969,28.53,0.5,0.1,3,100,0.1,1.0,1.0,0.5,0.8
Preprocessed,K,0.803921568627451,0.8047385620915032,0.8006055363321799,28.75,0.5,0.1,3,100,0.1,1.0,5.0,0.5,0.6
Preprocessed,K,0.803921568627451,0.8047385620915032,0.8006055363321799,28.52,0.5,0.1,3,100,0.1,1.0,5.0,0.5,0.7
Preprocessed,K,0.8431372549019608,0.8451797385620915,0.8397491349480969,28.63,0.5,0.1,3,100,0.1,1.0,5.0,0.5,0.8
Preprocessed,K,0.7843137254901961,0.7869047619047619,0.7817226890756304,25.81,0.5,0.1,3,100,0.3,0.1,1.0,0.5,0.6
Preprocessed,K,0.803921568627451,0.8047385620915032,0.8006055363321799,25.76,0.5,0.1,3,100,0.3,0.1,1.0,0.5,0.7
Preprocessed,K,0.803921568627451,0.8047385620915032,0.8006055363321799,25.99,0.5,0.1,3,100,0.3,0.1,1.0,0.5,0.8
Preprocessed,K,0.803921568627451,0.8047385620915032,0.8006055363321799,25.95,0.5,0.1,3,100,0.3,0.1,5.0,0.5,0.6
Preprocessed,K,0.803921568627451,0.8047385620915032,0.8006055363321799,26.24,0.5,0.1,3,100,0.3,0.1,5.0,0.5,0.7
Preprocessed,K,0.8235294117647058,0.8232323232323232,0.8181818181818183,25.96,0.5,0.1,3,100,0.3,0.1,5.0,0.5,0.8
Preprocessed,K,0.803921568627451,0.8047385620915032,0.8006055363321799,29.65,0.5,0.1,3,100,0.3,1.0,1.0,0.5,0.6
Preprocessed,K,0.7843137254901961,0.7828282828282829,0.7789661319073083,28.06,0.5,0.1,3,100,0.3,1.0,1.0,0.5,0.7
Preprocessed,K,0.8235294117647058,0.8264720942140298,0.8219571699647601,26.26,0.5,0.1,3,100,0.3,1.0,1.0,0.5,0.8
Preprocessed,K,0.803921568627451,0.8047385620915032,0.8006055363321799,26.31,0.5,0.1,3,100,0.3,1.0,5.0,0.5,0.6
Preprocessed,K,0.803921568627451,0.8047385620915032,0.8006055363321799,25.88,0.5,0.1,3,100,0.3,1.0,5.0,0.5,0.7
Preprocessed,K,0.8431372549019608,0.8451797385620915,0.8397491349480969,26.01,0.5,0.1,3,100,0.3,1.0,5.0,0.5,0.8
Preprocessed,K,0.803921568627451,0.8047385620915032,0.8006055363321799,62.05,0.5,0.1,3,150,0.1,0.1,1.0,0.5,0.6
Preprocessed,K,0.803921568627451,0.8047385620915032,0.8006055363321799,62.16,0.5,0.1,3,150,0.1,0.1,1.0,0.5,0.7
Preprocessed,K,0.7843137254901961,0.7869047619047619,0.7817226890756304,62.26,0.5,0.1,3,150,0.1,0.1,1.0,0.5,0.8
Preprocessed,K,0.7843137254901961,0.7869047619047619,0.7817226890756304,62.93,0.5,0.1,3,150,0.1,0.1,5.0,0.5,0.6
Preprocessed,K,0.803921568627451,0.8047385620915032,0.8006055363321799,62.48,0.5,0.1,3,150,0.1,0.1,5.0,0.5,0.7
Preprocessed,K,0.8235294117647058,0.8232323232323232,0.8181818181818183,62.64,0.5,0.1,3,150,0.1,0.1,5.0,0.5,0.8
Preprocessed,K,0.7843137254901961,0.7869047619047619,0.7817226890756304,62.43,0.5,0.1,3,150,0.1,1.0,1.0,0.5,0.6
Preprocessed,K,0.7843137254901961,0.7828282828282829,0.7789661319073083,62.33,0.5,0.1,3,150,0.1,1.0,1.0,0.5,0.7
Preprocessed,K,0.8235294117647058,0.8232323232323232,0.8181818181818183,62.84,0.5,0.1,3,150,0.1,1.0,1.0,0.5,0.8
Preprocessed,K,0.7843137254901961,0.7869047619047619,0.7817226890756304,62.19,0.5,0.1,3,150,0.1,1.0,5.0,0.5,0.6
Preprocessed,K,0.7843137254901961,0.7869047619047619,0.7817226890756304,62.34,0.5,0.1,3,150,0.1,1.0,5.0,0.5,0.7
Preprocessed,K,0.8235294117647058,0.8232323232323232,0.8181818181818183,62.64,0.5,0.1,3,150,0.1,1.0,5.0,0.5,0.8
Preprocessed,K,0.7843137254901961,0.7869047619047619,0.7817226890756304,55.97,0.5,0.1,3,150,0.3,0.1,1.0,0.5,0.6
Preprocessed,K,0.803921568627451,0.8047385620915032,0.8006055363321799,56.06,0.5,0.1,3,150,0.3,0.1,1.0,0.5,0.7
Preprocessed,K,0.803921568627451,0.8047385620915032,0.8006055363321799,56.37,0.5,0.1,3,150,0.3,0.1,1.0,0.5,0.8
Preprocessed,K,0.7843137254901961,0.7869047619047619,0.7817226890756304,56.27,0.5,0.1,3,150,0.3,0.1,5.0,0.5,0.6
Preprocessed,K,0.803921568627451,0.8047385620915032,0.8006055363321799,56.42,0.5,0.1,3,150,0.3,0.1,5.0,0.5,0.7
Preprocessed,K,0.8235294117647058,0.8232323232323232,0.8181818181818183,56.3,0.5,0.1,3,150,0.3,0.1,5.0,0.5,0.8
Preprocessed,K,0.7843137254901961,0.7869047619047619,0.7817226890756304,56.38,0.5,0.1,3,150,0.3,1.0,1.0,0.5,0.6
Preprocessed,K,0.803921568627451,0.8047385620915032,0.8006055363321799,56.15,0.5,0.1,3,150,0.3,1.0,1.0,0.5,0.7
Preprocessed,K,0.8235294117647058,0.8232323232323232,0.8181818181818183,56.51,0.5,0.1,3,150,0.3,1.0,1.0,0.5,0.8
Preprocessed,K,0.803921568627451,0.8047385620915032,0.8006055363321799,56.69,0.5,0.1,3,150,0.3,1.0,5.0,0.5,0.6
Preprocessed,K,0.803921568627451,0.8047385620915032,0.8006055363321799,56.2,0.5,0.1,3,150,0.3,1.0,5.0,0.5,0.7
Preprocessed,K,0.8431372549019608,0.8451797385620915,0.8397491349480969,56.19,0.5,0.1,3,150,0.3,1.0,5.0,0.5,0.8
Preprocessed,K,0.803921568627451,0.8047385620915032,0.8006055363321799,7.67,0.5,0.1,4,50,0.1,0.1,1.0,0.5,0.6
Preprocessed,K,0.803921568627451,0.801062091503268,0.796280276816609,8.02,0.5,0.1,4,50,0.1,0.1,1.0,0.5,0.7
Preprocessed,K,0.8235294117647058,0.8232323232323232,0.8181818181818183,7.75,0.5,0.1,4,50,0.1,0.1,1.0,0.5,0.8
Preprocessed,K,0.803921568627451,0.8047385620915032,0.8006055363321799,7.72,0.5,0.1,4,50,0.1,0.1,5.0,0.5,0.6
Preprocessed,K,0.7843137254901961,0.7828282828282829,0.7789661319073083,7.74,0.5,0.1,4,50,0.1,0.1,5.0,0.5,0.7
Preprocessed,K,0.8235294117647058,0.8232323232323232,0.8181818181818183,7.71,0.5,0.1,4,50,0.1,0.1,5.0,0.5,0.8
Preprocessed,K,0.7843137254901961,0.7828282828282829,0.7789661319073083,7.79,0.5,0.1,4,50,0.1,1.0,1.0,0.5,0.6
Preprocessed,K,0.7843137254901961,0.7828282828282829,0.7789661319073083,7.67,0.5,0.1,4,50,0.1,1.0,1.0,0.5,0.7
Preprocessed,K,0.8235294117647058,0.8232323232323232,0.8181818181818183,7.77,0.5,0.1,4,50,0.1,1.0,1.0,0.5,0.8
Preprocessed,K,0.7450980392156863,0.7416253101736974,0.7337797401839148,7.79,0.5,0.1,4,50,0.1,1.0,5.0,0.5,0.6
Preprocessed,K,0.803921568627451,0.801062091503268,0.796280276816609,7.69,0.5,0.1,4,50,0.1,1.0,5.0,0.5,0.7
Preprocessed,K,0.8235294117647058,0.8232323232323232,0.8181818181818183,7.73,0.5,0.1,4,50,0.1,1.0,5.0,0.5,0.8
Preprocessed,K,0.803921568627451,0.8047385620915032,0.8006055363321799,6.92,0.5,0.1,4,50,0.3,0.1,1.0,0.5,0.6
Preprocessed,K,0.7843137254901961,0.7828282828282829,0.7789661319073083,6.91,0.5,0.1,4,50,0.3,0.1,1.0,0.5,0.7
Preprocessed,K,0.8235294117647058,0.8232323232323232,0.8181818181818183,7.01,0.5,0.1,4,50,0.3,0.1,1.0,0.5,0.8
Preprocessed,K,0.7450980392156863,0.7416253101736974,0.7337797401839148,6.99,0.5,0.1,4,50,0.3,0.1,5.0,0.5,0.6
Preprocessed,K,0.7843137254901961,0.7828282828282829,0.7789661319073083,7.0,0.5,0.1,4,50,0.3,0.1,5.0,0.5,0.7
Preprocessed,K,0.8235294117647058,0.8232323232323232,0.8181818181818183,7.13,0.5,0.1,4,50,0.3,0.1,5.0,0.5,0.8
Preprocessed,K,0.803921568627451,0.8047385620915032,0.8006055363321799,6.83,0.5,0.1,4,50,0.3,1.0,1.0,0.5,0.6
Preprocessed,K,0.7843137254901961,0.7828282828282829,0.7789661319073083,6.92,0.5,0.1,4,50,0.3,1.0,1.0,0.5,0.7
Preprocessed,K,0.8235294117647058,0.8232323232323232,0.8181818181818183,7.04,0.5,0.1,4,50,0.3,1.0,1.0,0.5,0.8
Preprocessed,K,0.7450980392156863,0.7416253101736974,0.7337797401839148,6.87,0.5,0.1,4,50,0.3,1.0,5.0,0.5,0.6
Preprocessed,K,0.7843137254901961,0.7828282828282829,0.7789661319073083,7.05,0.5,0.1,4,50,0.3,1.0,5.0,0.5,0.7
Preprocessed,K,0.803921568627451,0.8049910873440286,0.7988675684177415,7.15,0.5,0.1,4,50,0.3,1.0,5.0,0.5,0.8
Preprocessed,K,0.803921568627451,0.8047385620915032,0.8006055363321799,28.46,0.5,0.1,4,100,0.1,0.1,1.0,0.5,0.6
Preprocessed,K,0.803921568627451,0.8047385620915032,0.8006055363321799,28.51,0.5,0.1,4,100,0.1,0.1,1.0,0.5,0.7
Preprocessed,K,0.803921568627451,0.8047385620915032,0.8006055363321799,28.46,0.5,0.1,4,100,0.1,0.1,1.0,0.5,0.8
Preprocessed,K,0.803921568627451,0.8047385620915032,0.8006055363321799,28.43,0.5,0.1,4,100,0.1,0.1,5.0,0.5,0.6
Preprocessed,K,0.7843137254901961,0.7828282828282829,0.7789661319073083,29.72,0.5,0.1,4,100,0.1,0.1,5.0,0.5,0.7
Preprocessed,K,0.8431372549019608,0.8451797385620915,0.8397491349480969,28.88,0.5,0.1,4,100,0.1,0.1,5.0,0.5,0.8
Preprocessed,K,0.803921568627451,0.8047385620915032,0.8006055363321799,29.21,0.5,0.1,4,100,0.1,1.0,1.0,0.5,0.6
Preprocessed,K,0.7843137254901961,0.7828282828282829,0.7789661319073083,28.79,0.5,0.1,4,100,0.1,1.0,1.0,0.5,0.7
Preprocessed,K,0.8431372549019608,0.8451797385620915,0.8397491349480969,29.02,0.5,0.1,4,100,0.1,1.0,1.0,0.5,0.8
Preprocessed,K,0.803921568627451,0.8047385620915032,0.8006055363321799,28.74,0.5,0.1,4,100,0.1,1.0,5.0,0.5,0.6
Preprocessed,K,0.803921568627451,0.8047385620915032,0.8006055363321799,29.02,0.5,0.1,4,100,0.1,1.0,5.0,0.5,0.7
Preprocessed,K,0.8431372549019608,0.8451797385620915,0.8397491349480969,28.76,0.5,0.1,4,100,0.1,1.0,5.0,0.5,0.8
Preprocessed,K,0.7843137254901961,0.7869047619047619,0.7817226890756304,25.93,0.5,0.1,4,100,0.3,0.1,1.0,0.5,0.6
Preprocessed,K,0.803921568627451,0.8047385620915032,0.8006055363321799,26.15,0.5,0.1,4,100,0.3,0.1,1.0,0.5,0.7
Preprocessed,K,0.803921568627451,0.8047385620915032,0.8006055363321799,26.14,0.5,0.1,4,100,0.3,0.1,1.0,0.5,0.8
Preprocessed,K,0.803921568627451,0.8047385620915032,0.8006055363321799,26.17,0.5,0.1,4,100,0.3,0.1,5.0,0.5,0.6
Preprocessed,K,0.803921568627451,0.8047385620915032,0.8006055363321799,26.38,0.5,0.1,4,100,0.3,0.1,5.0,0.5,0.7
Preprocessed,K,0.8235294117647058,0.8232323232323232,0.8181818181818183,26.23,0.5,0.1,4,100,0.3,0.1,5.0,0.5,0.8
Preprocessed,K,0.803921568627451,0.8047385620915032,0.8006055363321799,26.03,0.5,0.1,4,100,0.3,1.0,1.0,0.5,0.6
Preprocessed,K,0.7843137254901961,0.7828282828282829,0.7789661319073083,25.82,0.5,0.1,4,100,0.3,1.0,1.0,0.5,0.7
Preprocessed,K,0.8235294117647058,0.8264720942140298,0.8219571699647601,26.22,0.5,0.1,4,100,0.3,1.0,1.0,0.5,0.8
Preprocessed,K,0.803921568627451,0.8047385620915032,0.8006055363321799,26.21,0.5,0.1,4,100,0.3,1.0,5.0,0.5,0.6
Preprocessed,K,0.803921568627451,0.8047385620915032,0.8006055363321799,26.04,0.5,0.1,4,100,0.3,1.0,5.0,0.5,0.7
Preprocessed,K,0.8431372549019608,0.8451797385620915,0.8397491349480969,26.22,0.5,0.1,4,100,0.3,1.0,5.0,0.5,0.8
Preprocessed,K,0.803921568627451,0.8047385620915032,0.8006055363321799,62.32,0.5,0.1,4,150,0.1,0.1,1.0,0.5,0.6
Preprocessed,K,0.803921568627451,0.8047385620915032,0.8006055363321799,62.54,0.5,0.1,4,150,0.1,0.1,1.0,0.5,0.7
Preprocessed,K,0.7843137254901961,0.7869047619047619,0.7817226890756304,62.61,0.5,0.1,4,150,0.1,0.1,1.0,0.5,0.8
Preprocessed,K,0.7843137254901961,0.7869047619047619,0.7817226890756304,62.56,0.5,0.1,4,150,0.1,0.1,5.0,0.5,0.6
Preprocessed,K,0.803921568627451,0.8047385620915032,0.8006055363321799,62.6,0.5,0.1,4,150,0.1,0.1,5.0,0.5,0.7
Preprocessed,K,0.8235294117647058,0.8232323232323232,0.8181818181818183,62.71,0.5,0.1,4,150,0.1,0.1,5.0,0.5,0.8
Preprocessed,K,0.7843137254901961,0.7869047619047619,0.7817226890756304,62.24,0.5,0.1,4,150,0.1,1.0,1.0,0.5,0.6
Preprocessed,K,0.7843137254901961,0.7828282828282829,0.7789661319073083,62.64,0.5,0.1,4,150,0.1,1.0,1.0,0.5,0.7
Preprocessed,K,0.8235294117647058,0.8232323232323232,0.8181818181818183,62.64,0.5,0.1,4,150,0.1,1.0,1.0,0.5,0.8
Preprocessed,K,0.7843137254901961,0.7869047619047619,0.7817226890756304,62.5,0.5,0.1,4,150,0.1,1.0,5.0,0.5,0.6
Preprocessed,K,0.7843137254901961,0.7869047619047619,0.7817226890756304,62.91,0.5,0.1,4,150,0.1,1.0,5.0,0.5,0.7
Preprocessed,K,0.8235294117647058,0.8232323232323232,0.8181818181818183,62.51,0.5,0.1,4,150,0.1,1.0,5.0,0.5,0.8
Preprocessed,K,0.7843137254901961,0.7869047619047619,0.7817226890756304,55.63,0.5,0.1,4,150,0.3,0.1,1.0,0.5,0.6
Preprocessed,K,0.803921568627451,0.8047385620915032,0.8006055363321799,55.87,0.5,0.1,4,150,0.3,0.1,1.0,0.5,0.7
Preprocessed,K,0.803921568627451,0.8047385620915032,0.8006055363321799,55.97,0.5,0.1,4,150,0.3,0.1,1.0,0.5,0.8
Preprocessed,K,0.7843137254901961,0.7869047619047619,0.7817226890756304,56.25,0.5,0.1,4,150,0.3,0.1,5.0,0.5,0.6
Preprocessed,K,0.803921568627451,0.8047385620915032,0.8006055363321799,56.31,0.5,0.1,4,150,0.3,0.1,5.0,0.5,0.7
Preprocessed,K,0.8235294117647058,0.8232323232323232,0.8181818181818183,56.57,0.5,0.1,4,150,0.3,0.1,5.0,0.5,0.8
Preprocessed,K,0.7843137254901961,0.7869047619047619,0.7817226890756304,56.48,0.5,0.1,4,150,0.3,1.0,1.0,0.5,0.6
Preprocessed,K,0.803921568627451,0.8047385620915032,0.8006055363321799,56.16,0.5,0.1,4,150,0.3,1.0,1.0,0.5,0.7
Preprocessed,K,0.8235294117647058,0.8232323232323232,0.8181818181818183,55.68,0.5,0.1,4,150,0.3,1.0,1.0,0.5,0.8
Preprocessed,K,0.803921568627451,0.8047385620915032,0.8006055363321799,56.46,0.5,0.1,4,150,0.3,1.0,5.0,0.5,0.6
Preprocessed,K,0.803921568627451,0.8047385620915032,0.8006055363321799,56.41,0.5,0.1,4,150,0.3,1.0,5.0,0.5,0.7
Preprocessed,K,0.8431372549019608,0.8451797385620915,0.8397491349480969,56.89,0.5,0.1,4,150,0.3,1.0,5.0,0.5,0.8
Preprocessed,K,0.6666666666666666,0.6726495726495726,0.6659987071751777,7.7,0.6,0.01,2,50,0.1,0.1,1.0,0.5,0.6
Preprocessed,K,0.7843137254901961,0.7889059566478922,0.7821812596006144,7.8,0.6,0.01,2,50,0.1,0.1,1.0,0.5,0.7
Preprocessed,K,0.8431372549019608,0.8516636418632789,0.8449663713035124,7.93,0.6,0.01,2,50,0.1,0.1,1.0,0.5,0.8
Preprocessed,K,0.43137254901960786,0.35185185185185186,0.37254901960784315,7.67,0.6,0.01,2,50,0.1,0.1,5.0,0.5,0.6
Preprocessed,K,0.5098039215686274,0.4088793412101683,0.4329310671637076,7.85,0.6,0.01,2,50,0.1,0.1,5.0,0.5,0.7
Preprocessed,K,0.6666666666666666,0.670345596432553,0.6688569742278182,7.79,0.6,0.01,2,50,0.1,0.1,5.0,0.5,0.8
Preprocessed,K,0.5686274509803921,0.5681286549707601,0.567234262125903,7.72,0.6,0.01,2,50,0.1,1.0,1.0,0.5,0.6
Preprocessed,K,0.7058823529411765,0.7137907137907139,0.7105295340589459,7.62,0.6,0.01,2,50,0.1,1.0,1.0,0.5,0.7
Preprocessed,K,0.7450980392156863,0.7578347578347578,0.7501256913021619,7.73,0.6,0.01,2,50,0.1,1.0,1.0,0.5,0.8
Preprocessed,K,0.43137254901960786,0.34074074074074073,0.3607843137254902,7.79,0.6,0.01,2,50,0.1,1.0,5.0,0.5,0.6
Preprocessed,K,0.5098039215686274,0.4088793412101683,0.4329310671637076,7.67,0.6,0.01,2,50,0.1,1.0,5.0,0.5,0.7
Preprocessed,K,0.5098039215686274,0.40354609929078017,0.42728410513141424,7.82,0.6,0.01,2,50,0.1,1.0,5.0,0.5,0.8
Preprocessed,K,0.6274509803921569,0.6326278659611992,0.6262682850918145,7.07,0.6,0.01,2,50,0.3,0.1,1.0,0.5,0.6
Preprocessed,K,0.7450980392156863,0.7541827541827542,0.7481262775380422,6.97,0.6,0.01,2,50,0.3,0.1,1.0,0.5,0.7
Preprocessed,K,0.7647058823529411,0.7761445656182498,0.7695125466023299,7.12,0.6,0.01,2,50,0.3,0.1,1.0,0.5,0.8
Preprocessed,K,0.43137254901960786,0.34616079494128277,0.3665231946437112,7.02,0.6,0.01,2,50,0.3,0.1,5.0,0.5,0.6
Preprocessed,K,0.5098039215686274,0.4088793412101683,0.4329310671637076,7.03,0.6,0.01,2,50,0.3,0.1,5.0,0.5,0.7
Preprocessed,K,0.5098039215686274,0.40354609929078017,0.42728410513141424,6.97,0.6,0.01,2,50,0.3,0.1,5.0,0.5,0.8
Preprocessed,K,0.43137254901960786,0.35185185185185186,0.37254901960784315,6.93,0.6,0.01,2,50,0.3,1.0,1.0,0.5,0.6
Preprocessed,K,0.6078431372549019,0.5928005928005927,0.5996600114247174,6.91,0.6,0.01,2,50,0.3,1.0,1.0,0.5,0.7
Preprocessed,K,0.7058823529411765,0.7162162162162162,0.711287758346582,6.94,0.6,0.01,2,50,0.3,1.0,1.0,0.5,0.8
Preprocessed,K,0.4117647058823529,0.32732414280664546,0.34657850414821284,7.1,0.6,0.01,2,50,0.3,1.0,5.0,0.5,0.6
Preprocessed,K,0.5098039215686274,0.4088793412101683,0.4329310671637076,6.97,0.6,0.01,2,50,0.3,1.0,5.0,0.5,0.7
Preprocessed,K,0.5098039215686274,0.40354609929078017,0.42728410513141424,6.86,0.6,0.01,2,50,0.3,1.0,5.0,0.5,0.8
Preprocessed,K,0.7843137254901961,0.7869047619047619,0.7817226890756304,28.88,0.6,0.01,2,100,0.1,0.1,1.0,0.5,0.6
Preprocessed,K,0.803921568627451,0.8084826762246117,0.802909550917141,28.93,0.6,0.01,2,100,0.1,0.1,1.0,0.5,0.7
Preprocessed,K,0.8627450980392157,0.8670250896057348,0.861100569259962,28.99,0.6,0.01,2,100,0.1,0.1,1.0,0.5,0.8
Preprocessed,K,0.7254901960784313,0.7305813553491571,0.7225763370363625,28.92,0.6,0.01,2,100,0.1,0.1,5.0,0.5,0.6
Preprocessed,K,0.7843137254901961,0.7889059566478922,0.7821812596006144,28.81,0.6,0.01,2,100,0.1,0.1,5.0,0.5,0.7
Preprocessed,K,0.803921568627451,0.8148320734527631,0.8059682400453192,29.06,0.6,0.01,2,100,0.1,0.1,5.0,0.5,0.8
Preprocessed,K,0.803921568627451,0.8066396567345334,0.8009581185158816,28.5,0.6,0.01,2,100,0.1,1.0,1.0,0.5,0.6
Preprocessed,K,0.803921568627451,0.8066396567345334,0.8009581185158816,28.83,0.6,0.01,2,100,0.1,1.0,1.0,0.5,0.7
Preprocessed,K,0.8627450980392157,0.8670250896057348,0.861100569259962,28.69,0.6,0.01,2,100,0.1,1.0,1.0,0.5,0.8
Preprocessed,K,0.6666666666666666,0.6726495726495726,0.6659987071751777,28.85,0.6,0.01,2,100,0.1,1.0,5.0,0.5,0.6
Preprocessed,K,0.7843137254901961,0.7889059566478922,0.7821812596006144,28.99,0.6,0.01,2,100,0.1,1.0,5.0,0.5,0.7
Preprocessed,K,0.7843137254901961,0.796024544118918,0.786054385456542,28.63,0.6,0.01,2,100,0.1,1.0,5.0,0.5,0.8
Preprocessed,K,0.7843137254901961,0.7869047619047619,0.7817226890756304,25.82,0.6,0.01,2,100,0.3,0.1,1.0,0.5,0.6
Preprocessed,K,0.8235294117647058,0.8264720942140298,0.8219571699647601,26.11,0.6,0.01,2,100,0.3,0.1,1.0,0.5,0.7
Preprocessed,K,0.8627450980392157,0.8670250896057348,0.861100569259962,25.99,0.6,0.01,2,100,0.3,0.1,1.0,0.5,0.8
Preprocessed,K,0.7058823529411765,0.7119522945294269,0.7051502996843021,26.02,0.6,0.01,2,100,0.3,0.1,5.0,0.5,0.6
Preprocessed,K,0.7843137254901961,0.7889059566478922,0.7821812596006144,26.17,0.6,0.01,2,100,0.3,0.1,5.0,0.5,0.7
Preprocessed,K,0.803921568627451,0.8148320734527631,0.8059682400453192,26.12,0.6,0.01,2,100,0.3,0.1,5.0,0.5,0.8
Preprocessed,K,0.7843137254901961,0.7889059566478922,0.7821812596006144,25.9,0.6,0.01,2,100,0.3,1.0,1.0,0.5,0.6
Preprocessed,K,0.803921568627451,0.8066396567345334,0.8009581185158816,26.07,0.6,0.01,2,100,0.3,1.0,1.0,0.5,0.7
Preprocessed,K,0.8627450980392157,0.8670250896057348,0.861100569259962,26.04,0.6,0.01,2,100,0.3,1.0,1.0,0.5,0.8
Preprocessed,K,0.6274509803921569,0.6322476322476323,0.6287146875382169,25.95,0.6,0.01,2,100,0.3,1.0,5.0,0.5,0.6
Preprocessed,K,0.7647058823529411,0.7703703703703703,0.7647058823529411,26.0,0.6,0.01,2,100,0.3,1.0,5.0,0.5,0.7
Preprocessed,K,0.7647058823529411,0.7773600668337511,0.7684652808491819,25.89,0.6,0.01,2,100,0.3,1.0,5.0,0.5,0.8
Preprocessed,K,0.7843137254901961,0.7869047619047619,0.7817226890756304,62.79,0.6,0.01,2,150,0.1,0.1,1.0,0.5,0.6
Preprocessed,K,0.8431372549019608,0.8451797385620915,0.8397491349480969,62.44,0.6,0.01,2,150,0.1,0.1,1.0,0.5,0.7
Preprocessed,K,0.8431372549019608,0.8451797385620915,0.8397491349480969,62.85,0.6,0.01,2,150,0.1,0.1,1.0,0.5,0.8
Preprocessed,K,0.7843137254901961,0.7869047619047619,0.7817226890756304,63.19,0.6,0.01,2,150,0.1,0.1,5.0,0.5,0.6
Preprocessed,K,0.7843137254901961,0.7889059566478922,0.7821812596006144,62.87,0.6,0.01,2,150,0.1,0.1,5.0,0.5,0.7
Preprocessed,K,0.8235294117647058,0.8267857142857142,0.8202731092436975,62.91,0.6,0.01,2,150,0.1,0.1,5.0,0.5,0.8
Preprocessed,K,0.803921568627451,0.8047385620915032,0.8006055363321799,63.19,0.6,0.01,2,150,0.1,1.0,1.0,0.5,0.6
Preprocessed,K,0.8235294117647058,0.8264720942140298,0.8219571699647601,62.89,0.6,0.01,2,150,0.1,1.0,1.0,0.5,0.7
Preprocessed,K,0.8431372549019608,0.8451797385620915,0.8397491349480969,63.58,0.6,0.01,2,150,0.1,1.0,1.0,0.5,0.8
Preprocessed,K,0.7450980392156863,0.7487095059251256,0.7396203117765087,62.55,0.6,0.01,2,150,0.1,1.0,5.0,0.5,0.6
Preprocessed,K,0.7843137254901961,0.7889059566478922,0.7821812596006144,62.54,0.6,0.01,2,150,0.1,1.0,5.0,0.5,0.7
Preprocessed,K,0.803921568627451,0.8084826762246117,0.802909550917141,62.95,0.6,0.01,2,150,0.1,1.0,5.0,0.5,0.8
Preprocessed,K,0.803921568627451,0.8047385620915032,0.8006055363321799,56.09,0.6,0.01,2,150,0.3,0.1,1.0,0.5,0.6
Preprocessed,K,0.8431372549019608,0.8451797385620915,0.8397491349480969,56.67,0.6,0.01,2,150,0.3,0.1,1.0,0.5,0.7
Preprocessed,K,0.8431372549019608,0.8451797385620915,0.8397491349480969,56.58,0.6,0.01,2,150,0.3,0.1,1.0,0.5,0.8
Preprocessed,K,0.7843137254901961,0.7889059566478922,0.7821812596006144,56.13,0.6,0.01,2,150,0.3,0.1,5.0,0.5,0.6
Preprocessed,K,0.7843137254901961,0.7889059566478922,0.7821812596006144,56.34,0.6,0.01,2,150,0.3,0.1,5.0,0.5,0.7
Preprocessed,K,0.8235294117647058,0.8267857142857142,0.8202731092436975,56.26,0.6,0.01,2,150,0.3,0.1,5.0,0.5,0.8
Preprocessed,K,0.803921568627451,0.8047385620915032,0.8006055363321799,56.46,0.6,0.01,2,150,0.3,1.0,1.0,0.5,0.6
Preprocessed,K,0.8235294117647058,0.8264720942140298,0.8219571699647601,56.76,0.6,0.01,2,150,0.3,1.0,1.0,0.5,0.7
Preprocessed,K,0.8431372549019608,0.8451797385620915,0.8397491349480969,56.35,0.6,0.01,2,150,0.3,1.0,1.0,0.5,0.8
Preprocessed,K,0.7450980392156863,0.7487095059251256,0.7396203117765087,56.54,0.6,0.01,2,150,0.3,1.0,5.0,0.5,0.6
Preprocessed,K,0.7843137254901961,0.7889059566478922,0.7821812596006144,56.21,0.6,0.01,2,150,0.3,1.0,5.0,0.5,0.7
Preprocessed,K,0.803921568627451,0.8084826762246117,0.802909550917141,56.48,0.6,0.01,2,150,0.3,1.0,5.0,0.5,0.8
Preprocessed,K,0.6666666666666666,0.6726495726495726,0.6659987071751777,7.75,0.6,0.01,3,50,0.1,0.1,1.0,0.5,0.6
Preprocessed,K,0.7843137254901961,0.7889059566478922,0.7821812596006144,7.76,0.6,0.01,3,50,0.1,0.1,1.0,0.5,0.7
Preprocessed,K,0.8431372549019608,0.8516636418632789,0.8449663713035124,7.76,0.6,0.01,3,50,0.1,0.1,1.0,0.5,0.8
Preprocessed,K,0.43137254901960786,0.35185185185185186,0.37254901960784315,7.76,0.6,0.01,3,50,0.1,0.1,5.0,0.5,0.6
Preprocessed,K,0.5098039215686274,0.4088793412101683,0.4329310671637076,7.82,0.6,0.01,3,50,0.1,0.1,5.0,0.5,0.7
Preprocessed,K,0.6666666666666666,0.670345596432553,0.6688569742278182,7.82,0.6,0.01,3,50,0.1,0.1,5.0,0.5,0.8
Preprocessed,K,0.5686274509803921,0.5681286549707601,0.567234262125903,7.69,0.6,0.01,3,50,0.1,1.0,1.0,0.5,0.6
Preprocessed,K,0.7058823529411765,0.7137907137907139,0.7105295340589459,7.81,0.6,0.01,3,50,0.1,1.0,1.0,0.5,0.7
Preprocessed,K,0.7450980392156863,0.7578347578347578,0.7501256913021619,7.67,0.6,0.01,3,50,0.1,1.0,1.0,0.5,0.8
Preprocessed,K,0.43137254901960786,0.34074074074074073,0.3607843137254902,7.72,0.6,0.01,3,50,0.1,1.0,5.0,0.5,0.6
Preprocessed,K,0.5098039215686274,0.4088793412101683,0.4329310671637076,7.75,0.6,0.01,3,50,0.1,1.0,5.0,0.5,0.7
Preprocessed,K,0.5098039215686274,0.40354609929078017,0.42728410513141424,7.6,0.6,0.01,3,50,0.1,1.0,5.0,0.5,0.8
Preprocessed,K,0.6274509803921569,0.6326278659611992,0.6262682850918145,7.01,0.6,0.01,3,50,0.3,0.1,1.0,0.5,0.6
Preprocessed,K,0.7450980392156863,0.7541827541827542,0.7481262775380422,6.98,0.6,0.01,3,50,0.3,0.1,1.0,0.5,0.7
Preprocessed,K,0.7647058823529411,0.7761445656182498,0.7695125466023299,7.0,0.6,0.01,3,50,0.3,0.1,1.0,0.5,0.8
Preprocessed,K,0.43137254901960786,0.34616079494128277,0.3665231946437112,6.97,0.6,0.01,3,50,0.3,0.1,5.0,0.5,0.6
Preprocessed,K,0.5098039215686274,0.4088793412101683,0.4329310671637076,7.01,0.6,0.01,3,50,0.3,0.1,5.0,0.5,0.7
Preprocessed,K,0.5098039215686274,0.40354609929078017,0.42728410513141424,7.0,0.6,0.01,3,50,0.3,0.1,5.0,0.5,0.8
Preprocessed,K,0.43137254901960786,0.35185185185185186,0.37254901960784315,7.05,0.6,0.01,3,50,0.3,1.0,1.0,0.5,0.6
Preprocessed,K,0.6078431372549019,0.5928005928005927,0.5996600114247174,7.03,0.6,0.01,3,50,0.3,1.0,1.0,0.5,0.7
Preprocessed,K,0.7058823529411765,0.7162162162162162,0.711287758346582,7.05,0.6,0.01,3,50,0.3,1.0,1.0,0.5,0.8
Preprocessed,K,0.4117647058823529,0.32732414280664546,0.34657850414821284,6.96,0.6,0.01,3,50,0.3,1.0,5.0,0.5,0.6
Preprocessed,K,0.5098039215686274,0.4088793412101683,0.4329310671637076,6.97,0.6,0.01,3,50,0.3,1.0,5.0,0.5,0.7
Preprocessed,K,0.5098039215686274,0.40354609929078017,0.42728410513141424,6.93,0.6,0.01,3,50,0.3,1.0,5.0,0.5,0.8
Preprocessed,K,0.7843137254901961,0.7869047619047619,0.7817226890756304,28.65,0.6,0.01,3,100,0.1,0.1,1.0,0.5,0.6
Preprocessed,K,0.803921568627451,0.8084826762246117,0.802909550917141,28.92,0.6,0.01,3,100,0.1,0.1,1.0,0.5,0.7
Preprocessed,K,0.8627450980392157,0.8670250896057348,0.861100569259962,29.07,0.6,0.01,3,100,0.1,0.1,1.0,0.5,0.8
Preprocessed,K,0.7254901960784313,0.7305813553491571,0.7225763370363625,28.69,0.6,0.01,3,100,0.1,0.1,5.0,0.5,0.6
Preprocessed,K,0.7843137254901961,0.7889059566478922,0.7821812596006144,28.82,0.6,0.01,3,100,0.1,0.1,5.0,0.5,0.7
Preprocessed,K,0.803921568627451,0.8148320734527631,0.8059682400453192,28.75,0.6,0.01,3,100,0.1,0.1,5.0,0.5,0.8
Preprocessed,K,0.803921568627451,0.8066396567345334,0.8009581185158816,28.6,0.6,0.01,3,100,0.1,1.0,1.0,0.5,0.6
Preprocessed,K,0.803921568627451,0.8066396567345334,0.8009581185158816,28.99,0.6,0.01,3,100,0.1,1.0,1.0,0.5,0.7
Preprocessed,K,0.8627450980392157,0.8670250896057348,0.861100569259962,28.87,0.6,0.01,3,100,0.1,1.0,1.0,0.5,0.8
Preprocessed,K,0.6666666666666666,0.6726495726495726,0.6659987071751777,28.97,0.6,0.01,3,100,0.1,1.0,5.0,0.5,0.6
Preprocessed,K,0.7843137254901961,0.7889059566478922,0.7821812596006144,28.78,0.6,0.01,3,100,0.1,1.0,5.0,0.5,0.7
Preprocessed,K,0.7843137254901961,0.796024544118918,0.786054385456542,28.75,0.6,0.01,3,100,0.1,1.0,5.0,0.5,0.8
Preprocessed,K,0.7843137254901961,0.7869047619047619,0.7817226890756304,26.28,0.6,0.01,3,100,0.3,0.1,1.0,0.5,0.6
Preprocessed,K,0.8235294117647058,0.8264720942140298,0.8219571699647601,26.41,0.6,0.01,3,100,0.3,0.1,1.0,0.5,0.7
Preprocessed,K,0.8627450980392157,0.8670250896057348,0.861100569259962,26.54,0.6,0.01,3,100,0.3,0.1,1.0,0.5,0.8
Preprocessed,K,0.7058823529411765,0.7119522945294269,0.7051502996843021,25.92,0.6,0.01,3,100,0.3,0.1,5.0,0.5,0.6
Preprocessed,K,0.7843137254901961,0.7889059566478922,0.7821812596006144,26.19,0.6,0.01,3,100,0.3,0.1,5.0,0.5,0.7
Preprocessed,K,0.803921568627451,0.8148320734527631,0.8059682400453192,26.2,0.6,0.01,3,100,0.3,0.1,5.0,0.5,0.8
Preprocessed,K,0.7843137254901961,0.7889059566478922,0.7821812596006144,26.44,0.6,0.01,3,100,0.3,1.0,1.0,0.5,0.6
Preprocessed,K,0.803921568627451,0.8066396567345334,0.8009581185158816,26.03,0.6,0.01,3,100,0.3,1.0,1.0,0.5,0.7
Preprocessed,K,0.8627450980392157,0.8670250896057348,0.861100569259962,26.64,0.6,0.01,3,100,0.3,1.0,1.0,0.5,0.8
Preprocessed,K,0.6274509803921569,0.6322476322476323,0.6287146875382169,26.04,0.6,0.01,3,100,0.3,1.0,5.0,0.5,0.6
Preprocessed,K,0.7647058823529411,0.7703703703703703,0.7647058823529411,26.14,0.6,0.01,3,100,0.3,1.0,5.0,0.5,0.7
Preprocessed,K,0.7647058823529411,0.7773600668337511,0.7684652808491819,26.32,0.6,0.01,3,100,0.3,1.0,5.0,0.5,0.8
Preprocessed,K,0.7843137254901961,0.7869047619047619,0.7817226890756304,62.5,0.6,0.01,3,150,0.1,0.1,1.0,0.5,0.6
Preprocessed,K,0.8431372549019608,0.8451797385620915,0.8397491349480969,62.9,0.6,0.01,3,150,0.1,0.1,1.0,0.5,0.7
Preprocessed,K,0.8431372549019608,0.8451797385620915,0.8397491349480969,63.3,0.6,0.01,3,150,0.1,0.1,1.0,0.5,0.8
Preprocessed,K,0.7843137254901961,0.7869047619047619,0.7817226890756304,62.6,0.6,0.01,3,150,0.1,0.1,5.0,0.5,0.6
Preprocessed,K,0.7843137254901961,0.7889059566478922,0.7821812596006144,63.13,0.6,0.01,3,150,0.1,0.1,5.0,0.5,0.7
Preprocessed,K,0.8235294117647058,0.8267857142857142,0.8202731092436975,63.18,0.6,0.01,3,150,0.1,0.1,5.0,0.5,0.8
Preprocessed,K,0.803921568627451,0.8047385620915032,0.8006055363321799,62.54,0.6,0.01,3,150,0.1,1.0,1.0,0.5,0.6
Preprocessed,K,0.8235294117647058,0.8264720942140298,0.8219571699647601,62.82,0.6,0.01,3,150,0.1,1.0,1.0,0.5,0.7
Preprocessed,K,0.8431372549019608,0.8451797385620915,0.8397491349480969,62.94,0.6,0.01,3,150,0.1,1.0,1.0,0.5,0.8
Preprocessed,K,0.7450980392156863,0.7487095059251256,0.7396203117765087,62.75,0.6,0.01,3,150,0.1,1.0,5.0,0.5,0.6
Preprocessed,K,0.7843137254901961,0.7889059566478922,0.7821812596006144,62.88,0.6,0.01,3,150,0.1,1.0,5.0,0.5,0.7
Preprocessed,K,0.803921568627451,0.8084826762246117,0.802909550917141,62.51,0.6,0.01,3,150,0.1,1.0,5.0,0.5,0.8
Preprocessed,K,0.803921568627451,0.8047385620915032,0.8006055363321799,56.33,0.6,0.01,3,150,0.3,0.1,1.0,0.5,0.6
Preprocessed,K,0.8431372549019608,0.8451797385620915,0.8397491349480969,56.72,0.6,0.01,3,150,0.3,0.1,1.0,0.5,0.7
Preprocessed,K,0.8431372549019608,0.8451797385620915,0.8397491349480969,56.61,0.6,0.01,3,150,0.3,0.1,1.0,0.5,0.8
Preprocessed,K,0.7843137254901961,0.7889059566478922,0.7821812596006144,55.9,0.6,0.01,3,150,0.3,0.1,5.0,0.5,0.6
Preprocessed,K,0.7843137254901961,0.7889059566478922,0.7821812596006144,56.39,0.6,0.01,3,150,0.3,0.1,5.0,0.5,0.7
Preprocessed,K,0.8235294117647058,0.8267857142857142,0.8202731092436975,56.52,0.6,0.01,3,150,0.3,0.1,5.0,0.5,0.8
Preprocessed,K,0.803921568627451,0.8047385620915032,0.8006055363321799,56.37,0.6,0.01,3,150,0.3,1.0,1.0,0.5,0.6
Preprocessed,K,0.8235294117647058,0.8264720942140298,0.8219571699647601,56.52,0.6,0.01,3,150,0.3,1.0,1.0,0.5,0.7
Preprocessed,K,0.8431372549019608,0.8451797385620915,0.8397491349480969,56.71,0.6,0.01,3,150,0.3,1.0,1.0,0.5,0.8
Preprocessed,K,0.7450980392156863,0.7487095059251256,0.7396203117765087,56.34,0.6,0.01,3,150,0.3,1.0,5.0,0.5,0.6
Preprocessed,K,0.7843137254901961,0.7889059566478922,0.7821812596006144,56.27,0.6,0.01,3,150,0.3,1.0,5.0,0.5,0.7
Preprocessed,K,0.803921568627451,0.8084826762246117,0.802909550917141,56.44,0.6,0.01,3,150,0.3,1.0,5.0,0.5,0.8
Preprocessed,K,0.6666666666666666,0.6726495726495726,0.6659987071751777,7.76,0.6,0.01,4,50,0.1,0.1,1.0,0.5,0.6
Preprocessed,K,0.7843137254901961,0.7889059566478922,0.7821812596006144,7.79,0.6,0.01,4,50,0.1,0.1,1.0,0.5,0.7
Preprocessed,K,0.8431372549019608,0.8516636418632789,0.8449663713035124,7.87,0.6,0.01,4,50,0.1,0.1,1.0,0.5,0.8
Preprocessed,K,0.43137254901960786,0.35185185185185186,0.37254901960784315,7.65,0.6,0.01,4,50,0.1,0.1,5.0,0.5,0.6
Preprocessed,K,0.5098039215686274,0.4088793412101683,0.4329310671637076,7.67,0.6,0.01,4,50,0.1,0.1,5.0,0.5,0.7
Preprocessed,K,0.6666666666666666,0.670345596432553,0.6688569742278182,7.72,0.6,0.01,4,50,0.1,0.1,5.0,0.5,0.8
Preprocessed,K,0.5686274509803921,0.5681286549707601,0.567234262125903,7.81,0.6,0.01,4,50,0.1,1.0,1.0,0.5,0.6
Preprocessed,K,0.7058823529411765,0.7137907137907139,0.7105295340589459,7.74,0.6,0.01,4,50,0.1,1.0,1.0,0.5,0.7
Preprocessed,K,0.7450980392156863,0.7578347578347578,0.7501256913021619,7.79,0.6,0.01,4,50,0.1,1.0,1.0,0.5,0.8
Preprocessed,K,0.43137254901960786,0.34074074074074073,0.3607843137254902,7.84,0.6,0.01,4,50,0.1,1.0,5.0,0.5,0.6
Preprocessed,K,0.5098039215686274,0.4088793412101683,0.4329310671637076,7.82,0.6,0.01,4,50,0.1,1.0,5.0,0.5,0.7
Preprocessed,K,0.5098039215686274,0.40354609929078017,0.42728410513141424,7.63,0.6,0.01,4,50,0.1,1.0,5.0,0.5,0.8
Preprocessed,K,0.6274509803921569,0.6326278659611992,0.6262682850918145,7.02,0.6,0.01,4,50,0.3,0.1,1.0,0.5,0.6
Preprocessed,K,0.7450980392156863,0.7541827541827542,0.7481262775380422,7.11,0.6,0.01,4,50,0.3,0.1,1.0,0.5,0.7
Preprocessed,K,0.7647058823529411,0.7761445656182498,0.7695125466023299,7.72,0.6,0.01,4,50,0.3,0.1,1.0,0.5,0.8
Preprocessed,K,0.43137254901960786,0.34616079494128277,0.3665231946437112,7.31,0.6,0.01,4,50,0.3,0.1,5.0,0.5,0.6
Preprocessed,K,0.5098039215686274,0.4088793412101683,0.4329310671637076,7.11,0.6,0.01,4,50,0.3,0.1,5.0,0.5,0.7
Preprocessed,K,0.5098039215686274,0.40354609929078017,0.42728410513141424,6.99,0.6,0.01,4,50,0.3,0.1,5.0,0.5,0.8
Preprocessed,K,0.43137254901960786,0.35185185185185186,0.37254901960784315,6.97,0.6,0.01,4,50,0.3,1.0,1.0,0.5,0.6
Preprocessed,K,0.6078431372549019,0.5928005928005927,0.5996600114247174,6.95,0.6,0.01,4,50,0.3,1.0,1.0,0.5,0.7
Preprocessed,K,0.7058823529411765,0.7162162162162162,0.711287758346582,7.2,0.6,0.01,4,50,0.3,1.0,1.0,0.5,0.8
Preprocessed,K,0.4117647058823529,0.32732414280664546,0.34657850414821284,7.01,0.6,0.01,4,50,0.3,1.0,5.0,0.5,0.6
Preprocessed,K,0.5098039215686274,0.4088793412101683,0.4329310671637076,6.96,0.6,0.01,4,50,0.3,1.0,5.0,0.5,0.7
Preprocessed,K,0.5098039215686274,0.40354609929078017,0.42728410513141424,7.13,0.6,0.01,4,50,0.3,1.0,5.0,0.5,0.8
Preprocessed,K,0.7843137254901961,0.7869047619047619,0.7817226890756304,28.65,0.6,0.01,4,100,0.1,0.1,1.0,0.5,0.6
Preprocessed,K,0.803921568627451,0.8084826762246117,0.802909550917141,28.86,0.6,0.01,4,100,0.1,0.1,1.0,0.5,0.7
Preprocessed,K,0.8627450980392157,0.8670250896057348,0.861100569259962,29.01,0.6,0.01,4,100,0.1,0.1,1.0,0.5,0.8
Preprocessed,K,0.7254901960784313,0.7305813553491571,0.7225763370363625,28.89,0.6,0.01,4,100,0.1,0.1,5.0,0.5,0.6
Preprocessed,K,0.7843137254901961,0.7889059566478922,0.7821812596006144,29.12,0.6,0.01,4,100,0.1,0.1,5.0,0.5,0.7
Preprocessed,K,0.803921568627451,0.8148320734527631,0.8059682400453192,29.17,0.6,0.01,4,100,0.1,0.1,5.0,0.5,0.8
Preprocessed,K,0.803921568627451,0.8066396567345334,0.8009581185158816,28.88,0.6,0.01,4,100,0.1,1.0,1.0,0.5,0.6
Preprocessed,K,0.803921568627451,0.8066396567345334,0.8009581185158816,28.74,0.6,0.01,4,100,0.1,1.0,1.0,0.5,0.7
Preprocessed,K,0.8627450980392157,0.8670250896057348,0.861100569259962,28.91,0.6,0.01,4,100,0.1,1.0,1.0,0.5,0.8
Preprocessed,K,0.6666666666666666,0.6726495726495726,0.6659987071751777,28.61,0.6,0.01,4,100,0.1,1.0,5.0,0.5,0.6
Preprocessed,K,0.7843137254901961,0.7889059566478922,0.7821812596006144,29.04,0.6,0.01,4,100,0.1,1.0,5.0,0.5,0.7
Preprocessed,K,0.7843137254901961,0.796024544118918,0.786054385456542,28.88,0.6,0.01,4,100,0.1,1.0,5.0,0.5,0.8
Preprocessed,K,0.7843137254901961,0.7869047619047619,0.7817226890756304,26.03,0.6,0.01,4,100,0.3,0.1,1.0,0.5,0.6
Preprocessed,K,0.8235294117647058,0.8264720942140298,0.8219571699647601,26.29,0.6,0.01,4,100,0.3,0.1,1.0,0.5,0.7
Preprocessed,K,0.8627450980392157,0.8670250896057348,0.861100569259962,26.39,0.6,0.01,4,100,0.3,0.1,1.0,0.5,0.8
Preprocessed,K,0.7058823529411765,0.7119522945294269,0.7051502996843021,26.21,0.6,0.01,4,100,0.3,0.1,5.0,0.5,0.6
Preprocessed,K,0.7843137254901961,0.7889059566478922,0.7821812596006144,26.21,0.6,0.01,4,100,0.3,0.1,5.0,0.5,0.7
Preprocessed,K,0.803921568627451,0.8148320734527631,0.8059682400453192,26.65,0.6,0.01,4,100,0.3,0.1,5.0,0.5,0.8
Preprocessed,K,0.7843137254901961,0.7889059566478922,0.7821812596006144,26.31,0.6,0.01,4,100,0.3,1.0,1.0,0.5,0.6
Preprocessed,K,0.803921568627451,0.8066396567345334,0.8009581185158816,26.24,0.6,0.01,4,100,0.3,1.0,1.0,0.5,0.7
Preprocessed,K,0.8627450980392157,0.8670250896057348,0.861100569259962,26.19,0.6,0.01,4,100,0.3,1.0,1.0,0.5,0.8
Preprocessed,K,0.6274509803921569,0.6322476322476323,0.6287146875382169,25.94,0.6,0.01,4,100,0.3,1.0,5.0,0.5,0.6
Preprocessed,K,0.7647058823529411,0.7703703703703703,0.7647058823529411,26.05,0.6,0.01,4,100,0.3,1.0,5.0,0.5,0.7
Preprocessed,K,0.7647058823529411,0.7773600668337511,0.7684652808491819,26.44,0.6,0.01,4,100,0.3,1.0,5.0,0.5,0.8
Preprocessed,K,0.7843137254901961,0.7869047619047619,0.7817226890756304,63.07,0.6,0.01,4,150,0.1,0.1,1.0,0.5,0.6
Preprocessed,K,0.8431372549019608,0.8451797385620915,0.8397491349480969,62.91,0.6,0.01,4,150,0.1,0.1,1.0,0.5,0.7
Preprocessed,K,0.8431372549019608,0.8451797385620915,0.8397491349480969,63.64,0.6,0.01,4,150,0.1,0.1,1.0,0.5,0.8
Preprocessed,K,0.7843137254901961,0.7869047619047619,0.7817226890756304,62.87,0.6,0.01,4,150,0.1,0.1,5.0,0.5,0.6
Preprocessed,K,0.7843137254901961,0.7889059566478922,0.7821812596006144,63.22,0.6,0.01,4,150,0.1,0.1,5.0,0.5,0.7
Preprocessed,K,0.8235294117647058,0.8267857142857142,0.8202731092436975,63.45,0.6,0.01,4,150,0.1,0.1,5.0,0.5,0.8
Preprocessed,K,0.803921568627451,0.8047385620915032,0.8006055363321799,62.63,0.6,0.01,4,150,0.1,1.0,1.0,0.5,0.6
Preprocessed,K,0.8235294117647058,0.8264720942140298,0.8219571699647601,62.94,0.6,0.01,4,150,0.1,1.0,1.0,0.5,0.7
Preprocessed,K,0.8431372549019608,0.8451797385620915,0.8397491349480969,63.61,0.6,0.01,4,150,0.1,1.0,1.0,0.5,0.8
Preprocessed,K,0.7450980392156863,0.7487095059251256,0.7396203117765087,63.07,0.6,0.01,4,150,0.1,1.0,5.0,0.5,0.6
Preprocessed,K,0.7843137254901961,0.7889059566478922,0.7821812596006144,62.85,0.6,0.01,4,150,0.1,1.0,5.0,0.5,0.7
Preprocessed,K,0.803921568627451,0.8084826762246117,0.802909550917141,63.37,0.6,0.01,4,150,0.1,1.0,5.0,0.5,0.8
Preprocessed,K,0.803921568627451,0.8047385620915032,0.8006055363321799,56.42,0.6,0.01,4,150,0.3,0.1,1.0,0.5,0.6
Preprocessed,K,0.8431372549019608,0.8451797385620915,0.8397491349480969,56.48,0.6,0.01,4,150,0.3,0.1,1.0,0.5,0.7
Preprocessed,K,0.8431372549019608,0.8451797385620915,0.8397491349480969,57.17,0.6,0.01,4,150,0.3,0.1,1.0,0.5,0.8
Preprocessed,K,0.7843137254901961,0.7889059566478922,0.7821812596006144,56.41,0.6,0.01,4,150,0.3,0.1,5.0,0.5,0.6
Preprocessed,K,0.7843137254901961,0.7889059566478922,0.7821812596006144,56.53,0.6,0.01,4,150,0.3,0.1,5.0,0.5,0.7
Preprocessed,K,0.8235294117647058,0.8267857142857142,0.8202731092436975,56.64,0.6,0.01,4,150,0.3,0.1,5.0,0.5,0.8
Preprocessed,K,0.803921568627451,0.8047385620915032,0.8006055363321799,56.2,0.6,0.01,4,150,0.3,1.0,1.0,0.5,0.6
Preprocessed,K,0.8235294117647058,0.8264720942140298,0.8219571699647601,56.82,0.6,0.01,4,150,0.3,1.0,1.0,0.5,0.7
Preprocessed,K,0.8431372549019608,0.8451797385620915,0.8397491349480969,56.14,0.6,0.01,4,150,0.3,1.0,1.0,0.5,0.8
Preprocessed,K,0.7450980392156863,0.7487095059251256,0.7396203117765087,56.64,0.6,0.01,4,150,0.3,1.0,5.0,0.5,0.6
Preprocessed,K,0.7843137254901961,0.7889059566478922,0.7821812596006144,56.52,0.6,0.01,4,150,0.3,1.0,5.0,0.5,0.7
Preprocessed,K,0.803921568627451,0.8084826762246117,0.802909550917141,56.65,0.6,0.01,4,150,0.3,1.0,5.0,0.5,0.8
Preprocessed,K,0.803921568627451,0.8047385620915032,0.8006055363321799,7.68,0.6,0.05,2,50,0.1,0.1,1.0,0.5,0.6
Preprocessed,K,0.8235294117647058,0.8232323232323232,0.8181818181818183,7.8,0.6,0.05,2,50,0.1,0.1,1.0,0.5,0.7
Preprocessed,K,0.8627450980392157,0.8670250896057348,0.861100569259962,8.03,0.6,0.05,2,50,0.1,0.1,1.0,0.5,0.8
Preprocessed,K,0.7647058823529411,0.7631578947368421,0.756578947368421,7.7,0.6,0.05,2,50,0.1,0.1,5.0,0.5,0.6
Preprocessed,K,0.8235294117647058,0.8264720942140298,0.8219571699647601,7.5,0.6,0.05,2,50,0.1,0.1,5.0,0.5,0.7
Preprocessed,K,0.8235294117647058,0.8267857142857142,0.8202731092436975,7.72,0.6,0.05,2,50,0.1,0.1,5.0,0.5,0.8
Preprocessed,K,0.7647058823529411,0.7631578947368421,0.756578947368421,7.95,0.6,0.05,2,50,0.1,1.0,1.0,0.5,0.6
Preprocessed,K,0.8235294117647058,0.8232323232323232,0.8181818181818183,7.71,0.6,0.05,2,50,0.1,1.0,1.0,0.5,0.7
Preprocessed,K,0.8627450980392157,0.8670250896057348,0.861100569259962,7.79,0.6,0.05,2,50,0.1,1.0,1.0,0.5,0.8
Preprocessed,K,0.7450980392156863,0.7416253101736974,0.7337797401839148,7.81,0.6,0.05,2,50,0.1,1.0,5.0,0.5,0.6
Preprocessed,K,0.8431372549019608,0.8451797385620915,0.8397491349480969,7.69,0.6,0.05,2,50,0.1,1.0,5.0,0.5,0.7
Preprocessed,K,0.8235294117647058,0.8267857142857142,0.8202731092436975,7.75,0.6,0.05,2,50,0.1,1.0,5.0,0.5,0.8
Preprocessed,K,0.7843137254901961,0.7841591591591591,0.7788155802861686,6.97,0.6,0.05,2,50,0.3,0.1,1.0,0.5,0.6
Preprocessed,K,0.8431372549019608,0.8451797385620915,0.8397491349480969,7.07,0.6,0.05,2,50,0.3,0.1,1.0,0.5,0.7
Preprocessed,K,0.8235294117647058,0.8267857142857142,0.8202731092436975,6.99,0.6,0.05,2,50,0.3,0.1,1.0,0.5,0.8
Preprocessed,K,0.7647058823529411,0.7631578947368421,0.756578947368421,7.09,0.6,0.05,2,50,0.3,0.1,5.0,0.5,0.6
Preprocessed,K,0.8431372549019608,0.8451797385620915,0.8397491349480969,7.03,0.6,0.05,2,50,0.3,0.1,5.0,0.5,0.7
Preprocessed,K,0.8235294117647058,0.8267857142857142,0.8202731092436975,7.01,0.6,0.05,2,50,0.3,0.1,5.0,0.5,0.8
Preprocessed,K,0.7450980392156863,0.7416253101736974,0.7337797401839148,7.11,0.6,0.05,2,50,0.3,1.0,1.0,0.5,0.6
Preprocessed,K,0.8235294117647058,0.8232323232323232,0.8181818181818183,7.1,0.6,0.05,2,50,0.3,1.0,1.0,0.5,0.7
Preprocessed,K,0.8431372549019608,0.8451797385620915,0.8397491349480969,6.99,0.6,0.05,2,50,0.3,1.0,1.0,0.5,0.8
Preprocessed,K,0.7450980392156863,0.7416253101736974,0.7337797401839148,6.93,0.6,0.05,2,50,0.3,1.0,5.0,0.5,0.6
Preprocessed,K,0.8235294117647058,0.8264720942140298,0.8219571699647601,7.02,0.6,0.05,2,50,0.3,1.0,5.0,0.5,0.7
Preprocessed,K,0.8235294117647058,0.8267857142857142,0.8202731092436975,7.16,0.6,0.05,2,50,0.3,1.0,5.0,0.5,0.8
Preprocessed,K,0.803921568627451,0.8047385620915032,0.8006055363321799,28.83,0.6,0.05,2,100,0.1,0.1,1.0,0.5,0.6
Preprocessed,K,0.8431372549019608,0.8451797385620915,0.8397491349480969,28.88,0.6,0.05,2,100,0.1,0.1,1.0,0.5,0.7
Preprocessed,K,0.8823529411764706,0.888888888888889,0.8823529411764706,29.05,0.6,0.05,2,100,0.1,0.1,1.0,0.5,0.8
Preprocessed,K,0.803921568627451,0.8047385620915032,0.8006055363321799,29.34,0.6,0.05,2,100,0.1,0.1,5.0,0.5,0.6
Preprocessed,K,0.8431372549019608,0.8451797385620915,0.8397491349480969,28.79,0.6,0.05,2,100,0.1,0.1,5.0,0.5,0.7
Preprocessed,K,0.8431372549019608,0.8451797385620915,0.8397491349480969,28.87,0.6,0.05,2,100,0.1,0.1,5.0,0.5,0.8
Preprocessed,K,0.803921568627451,0.8047385620915032,0.8006055363321799,29.02,0.6,0.05,2,100,0.1,1.0,1.0,0.5,0.6
Preprocessed,K,0.8431372549019608,0.8451797385620915,0.8397491349480969,28.71,0.6,0.05,2,100,0.1,1.0,1.0,0.5,0.7
Preprocessed,K,0.8431372549019608,0.8451797385620915,0.8397491349480969,28.81,0.6,0.05,2,100,0.1,1.0,1.0,0.5,0.8
Preprocessed,K,0.803921568627451,0.8047385620915032,0.8006055363321799,29.06,0.6,0.05,2,100,0.1,1.0,5.0,0.5,0.6
Preprocessed,K,0.8431372549019608,0.8451797385620915,0.8397491349480969,28.89,0.6,0.05,2,100,0.1,1.0,5.0,0.5,0.7
Preprocessed,K,0.8431372549019608,0.8451797385620915,0.8397491349480969,29.1,0.6,0.05,2,100,0.1,1.0,5.0,0.5,0.8
Preprocessed,K,0.803921568627451,0.8047385620915032,0.8006055363321799,26.33,0.6,0.05,2,100,0.3,0.1,1.0,0.5,0.6
Preprocessed,K,0.8431372549019608,0.8451797385620915,0.8397491349480969,26.46,0.6,0.05,2,100,0.3,0.1,1.0,0.5,0.7
Preprocessed,K,0.8627450980392157,0.8670250896057348,0.861100569259962,26.6,0.6,0.05,2,100,0.3,0.1,1.0,0.5,0.8
Preprocessed,K,0.803921568627451,0.8047385620915032,0.8006055363321799,26.74,0.6,0.05,2,100,0.3,0.1,5.0,0.5,0.6
Preprocessed,K,0.8431372549019608,0.8451797385620915,0.8397491349480969,26.26,0.6,0.05,2,100,0.3,0.1,5.0,0.5,0.7
Preprocessed,K,0.8431372549019608,0.8451797385620915,0.8397491349480969,26.55,0.6,0.05,2,100,0.3,0.1,5.0,0.5,0.8
Preprocessed,K,0.803921568627451,0.8047385620915032,0.8006055363321799,26.37,0.6,0.05,2,100,0.3,1.0,1.0,0.5,0.6
Preprocessed,K,0.8431372549019608,0.8451797385620915,0.8397491349480969,26.52,0.6,0.05,2,100,0.3,1.0,1.0,0.5,0.7
Preprocessed,K,0.8431372549019608,0.8451797385620915,0.8397491349480969,26.75,0.6,0.05,2,100,0.3,1.0,1.0,0.5,0.8
Preprocessed,K,0.803921568627451,0.8047385620915032,0.8006055363321799,26.11,0.6,0.05,2,100,0.3,1.0,5.0,0.5,0.6
Preprocessed,K,0.8431372549019608,0.8451797385620915,0.8397491349480969,26.14,0.6,0.05,2,100,0.3,1.0,5.0,0.5,0.7
Preprocessed,K,0.8431372549019608,0.8451797385620915,0.8397491349480969,26.36,0.6,0.05,2,100,0.3,1.0,5.0,0.5,0.8
Preprocessed,K,0.803921568627451,0.8047385620915032,0.8006055363321799,62.58,0.6,0.05,2,150,0.1,0.1,1.0,0.5,0.6
Preprocessed,K,0.8431372549019608,0.8451797385620915,0.8397491349480969,62.87,0.6,0.05,2,150,0.1,0.1,1.0,0.5,0.7
Preprocessed,K,0.8627450980392157,0.8670250896057348,0.861100569259962,63.07,0.6,0.05,2,150,0.1,0.1,1.0,0.5,0.8
Preprocessed,K,0.803921568627451,0.8047385620915032,0.8006055363321799,62.69,0.6,0.05,2,150,0.1,0.1,5.0,0.5,0.6
Preprocessed,K,0.8431372549019608,0.8451797385620915,0.8397491349480969,63.39,0.6,0.05,2,150,0.1,0.1,5.0,0.5,0.7
Preprocessed,K,0.8431372549019608,0.8451797385620915,0.8397491349480969,63.12,0.6,0.05,2,150,0.1,0.1,5.0,0.5,0.8
Preprocessed,K,0.803921568627451,0.8047385620915032,0.8006055363321799,62.61,0.6,0.05,2,150,0.1,1.0,1.0,0.5,0.6
Preprocessed,K,0.8431372549019608,0.8451797385620915,0.8397491349480969,63.28,0.6,0.05,2,150,0.1,1.0,1.0,0.5,0.7
Preprocessed,K,0.8431372549019608,0.8451797385620915,0.8397491349480969,62.78,0.6,0.05,2,150,0.1,1.0,1.0,0.5,0.8
Preprocessed,K,0.803921568627451,0.8047385620915032,0.8006055363321799,63.69,0.6,0.05,2,150,0.1,1.0,5.0,0.5,0.6
Preprocessed,K,0.8431372549019608,0.8451797385620915,0.8397491349480969,63.13,0.6,0.05,2,150,0.1,1.0,5.0,0.5,0.7
Preprocessed,K,0.8431372549019608,0.8451797385620915,0.8397491349480969,63.22,0.6,0.05,2,150,0.1,1.0,5.0,0.5,0.8
Preprocessed,K,0.803921568627451,0.8047385620915032,0.8006055363321799,56.17,0.6,0.05,2,150,0.3,0.1,1.0,0.5,0.6
Preprocessed,K,0.8431372549019608,0.8451797385620915,0.8397491349480969,56.15,0.6,0.05,2,150,0.3,0.1,1.0,0.5,0.7
Preprocessed,K,0.8431372549019608,0.8451797385620915,0.8397491349480969,56.34,0.6,0.05,2,150,0.3,0.1,1.0,0.5,0.8
Preprocessed,K,0.803921568627451,0.8047385620915032,0.8006055363321799,55.87,0.6,0.05,2,150,0.3,0.1,5.0,0.5,0.6
Preprocessed,K,0.8431372549019608,0.8451797385620915,0.8397491349480969,56.6,0.6,0.05,2,150,0.3,0.1,5.0,0.5,0.7
Preprocessed,K,0.8431372549019608,0.8451797385620915,0.8397491349480969,56.17,0.6,0.05,2,150,0.3,0.1,5.0,0.5,0.8
Preprocessed,K,0.803921568627451,0.8047385620915032,0.8006055363321799,56.2,0.6,0.05,2,150,0.3,1.0,1.0,0.5,0.6
Preprocessed,K,0.8431372549019608,0.8451797385620915,0.8397491349480969,56.52,0.6,0.05,2,150,0.3,1.0,1.0,0.5,0.7
Preprocessed,K,0.8431372549019608,0.8451797385620915,0.8397491349480969,56.29,0.6,0.05,2,150,0.3,1.0,1.0,0.5,0.8
Preprocessed,K,0.803921568627451,0.8047385620915032,0.8006055363321799,56.36,0.6,0.05,2,150,0.3,1.0,5.0,0.5,0.6
Preprocessed,K,0.8431372549019608,0.8451797385620915,0.8397491349480969,56.32,0.6,0.05,2,150,0.3,1.0,5.0,0.5,0.7
Preprocessed,K,0.8431372549019608,0.8451797385620915,0.8397491349480969,56.33,0.6,0.05,2,150,0.3,1.0,5.0,0.5,0.8
Preprocessed,K,0.803921568627451,0.8047385620915032,0.8006055363321799,7.76,0.6,0.05,3,50,0.1,0.1,1.0,0.5,0.6
Preprocessed,K,0.8235294117647058,0.8232323232323232,0.8181818181818183,7.69,0.6,0.05,3,50,0.1,0.1,1.0,0.5,0.7
Preprocessed,K,0.8627450980392157,0.8670250896057348,0.861100569259962,7.81,0.6,0.05,3,50,0.1,0.1,1.0,0.5,0.8
Preprocessed,K,0.7647058823529411,0.7631578947368421,0.756578947368421,7.79,0.6,0.05,3,50,0.1,0.1,5.0,0.5,0.6
Preprocessed,K,0.8235294117647058,0.8264720942140298,0.8219571699647601,7.75,0.6,0.05,3,50,0.1,0.1,5.0,0.5,0.7
Preprocessed,K,0.8235294117647058,0.8267857142857142,0.8202731092436975,7.76,0.6,0.05,3,50,0.1,0.1,5.0,0.5,0.8
Preprocessed,K,0.7647058823529411,0.7631578947368421,0.756578947368421,7.78,0.6,0.05,3,50,0.1,1.0,1.0,0.5,0.6
Preprocessed,K,0.8235294117647058,0.8232323232323232,0.8181818181818183,7.94,0.6,0.05,3,50,0.1,1.0,1.0,0.5,0.7
Preprocessed,K,0.8627450980392157,0.8670250896057348,0.861100569259962,7.7,0.6,0.05,3,50,0.1,1.0,1.0,0.5,0.8
Preprocessed,K,0.7450980392156863,0.7416253101736974,0.7337797401839148,7.73,0.6,0.05,3,50,0.1,1.0,5.0,0.5,0.6
Preprocessed,K,0.8431372549019608,0.8451797385620915,0.8397491349480969,7.79,0.6,0.05,3,50,0.1,1.0,5.0,0.5,0.7
Preprocessed,K,0.8235294117647058,0.8267857142857142,0.8202731092436975,7.67,0.6,0.05,3,50,0.1,1.0,5.0,0.5,0.8
Preprocessed,K,0.7843137254901961,0.7841591591591591,0.7788155802861686,7.02,0.6,0.05,3,50,0.3,0.1,1.0,0.5,0.6
Preprocessed,K,0.8431372549019608,0.8451797385620915,0.8397491349480969,7.29,0.6,0.05,3,50,0.3,0.1,1.0,0.5,0.7
Preprocessed,K,0.8235294117647058,0.8267857142857142,0.8202731092436975,7.19,0.6,0.05,3,50,0.3,0.1,1.0,0.5,0.8
Preprocessed,K,0.7647058823529411,0.7631578947368421,0.756578947368421,6.99,0.6,0.05,3,50,0.3,0.1,5.0,0.5,0.6
Preprocessed,K,0.8431372549019608,0.8451797385620915,0.8397491349480969,7.05,0.6,0.05,3,50,0.3,0.1,5.0,0.5,0.7
Preprocessed,K,0.8235294117647058,0.8267857142857142,0.8202731092436975,7.02,0.6,0.05,3,50,0.3,0.1,5.0,0.5,0.8
Preprocessed,K,0.7450980392156863,0.7416253101736974,0.7337797401839148,6.94,0.6,0.05,3,50,0.3,1.0,1.0,0.5,0.6
Preprocessed,K,0.8235294117647058,0.8232323232323232,0.8181818181818183,6.93,0.6,0.05,3,50,0.3,1.0,1.0,0.5,0.7
Preprocessed,K,0.8431372549019608,0.8451797385620915,0.8397491349480969,7.91,0.6,0.05,3,50,0.3,1.0,1.0,0.5,0.8
Preprocessed,K,0.7450980392156863,0.7416253101736974,0.7337797401839148,7.42,0.6,0.05,3,50,0.3,1.0,5.0,0.5,0.6
Preprocessed,K,0.8235294117647058,0.8264720942140298,0.8219571699647601,7.73,0.6,0.05,3,50,0.3,1.0,5.0,0.5,0.7
Preprocessed,K,0.8235294117647058,0.8267857142857142,0.8202731092436975,8.57,0.6,0.05,3,50,0.3,1.0,5.0,0.5,0.8
Preprocessed,K,0.803921568627451,0.8047385620915032,0.8006055363321799,30.79,0.6,0.05,3,100,0.1,0.1,1.0,0.5,0.6
Preprocessed,K,0.8431372549019608,0.8451797385620915,0.8397491349480969,29.02,0.6,0.05,3,100,0.1,0.1,1.0,0.5,0.7
Preprocessed,K,0.8823529411764706,0.888888888888889,0.8823529411764706,29.03,0.6,0.05,3,100,0.1,0.1,1.0,0.5,0.8
Preprocessed,K,0.803921568627451,0.8047385620915032,0.8006055363321799,28.79,0.6,0.05,3,100,0.1,0.1,5.0,0.5,0.6
Preprocessed,K,0.8431372549019608,0.8451797385620915,0.8397491349480969,28.6,0.6,0.05,3,100,0.1,0.1,5.0,0.5,0.7
Preprocessed,K,0.8431372549019608,0.8451797385620915,0.8397491349480969,29.07,0.6,0.05,3,100,0.1,0.1,5.0,0.5,0.8
Preprocessed,K,0.803921568627451,0.8047385620915032,0.8006055363321799,28.51,0.6,0.05,3,100,0.1,1.0,1.0,0.5,0.6
Preprocessed,K,0.8431372549019608,0.8451797385620915,0.8397491349480969,28.71,0.6,0.05,3,100,0.1,1.0,1.0,0.5,0.7
Preprocessed,K,0.8431372549019608,0.8451797385620915,0.8397491349480969,28.8,0.6,0.05,3,100,0.1,1.0,1.0,0.5,0.8
Preprocessed,K,0.803921568627451,0.8047385620915032,0.8006055363321799,28.82,0.6,0.05,3,100,0.1,1.0,5.0,0.5,0.6
Preprocessed,K,0.8431372549019608,0.8451797385620915,0.8397491349480969,28.91,0.6,0.05,3,100,0.1,1.0,5.0,0.5,0.7
Preprocessed,K,0.8431372549019608,0.8451797385620915,0.8397491349480969,28.99,0.6,0.05,3,100,0.1,1.0,5.0,0.5,0.8
Preprocessed,K,0.803921568627451,0.8047385620915032,0.8006055363321799,26.04,0.6,0.05,3,100,0.3,0.1,1.0,0.5,0.6
Preprocessed,K,0.8431372549019608,0.8451797385620915,0.8397491349480969,25.93,0.6,0.05,3,100,0.3,0.1,1.0,0.5,0.7
Preprocessed,K,0.8627450980392157,0.8670250896057348,0.861100569259962,26.31,0.6,0.05,3,100,0.3,0.1,1.0,0.5,0.8
Preprocessed,K,0.803921568627451,0.8047385620915032,0.8006055363321799,25.95,0.6,0.05,3,100,0.3,0.1,5.0,0.5,0.6
Preprocessed,K,0.8431372549019608,0.8451797385620915,0.8397491349480969,26.28,0.6,0.05,3,100,0.3,0.1,5.0,0.5,0.7
Preprocessed,K,0.8431372549019608,0.8451797385620915,0.8397491349480969,26.24,0.6,0.05,3,100,0.3,0.1,5.0,0.5,0.8
Preprocessed,K,0.803921568627451,0.8047385620915032,0.8006055363321799,26.15,0.6,0.05,3,100,0.3,1.0,1.0,0.5,0.6
Preprocessed,K,0.8431372549019608,0.8451797385620915,0.8397491349480969,26.06,0.6,0.05,3,100,0.3,1.0,1.0,0.5,0.7
Preprocessed,K,0.8431372549019608,0.8451797385620915,0.8397491349480969,25.93,0.6,0.05,3,100,0.3,1.0,1.0,0.5,0.8
Preprocessed,K,0.803921568627451,0.8047385620915032,0.8006055363321799,25.95,0.6,0.05,3,100,0.3,1.0,5.0,0.5,0.6
Preprocessed,K,0.8431372549019608,0.8451797385620915,0.8397491349480969,25.95,0.6,0.05,3,100,0.3,1.0,5.0,0.5,0.7
Preprocessed,K,0.8431372549019608,0.8451797385620915,0.8397491349480969,26.26,0.6,0.05,3,100,0.3,1.0,5.0,0.5,0.8
Preprocessed,K,0.803921568627451,0.8047385620915032,0.8006055363321799,62.6,0.6,0.05,3,150,0.1,0.1,1.0,0.5,0.6
Preprocessed,K,0.8431372549019608,0.8451797385620915,0.8397491349480969,62.84,0.6,0.05,3,150,0.1,0.1,1.0,0.5,0.7
Preprocessed,K,0.8627450980392157,0.8670250896057348,0.861100569259962,62.73,0.6,0.05,3,150,0.1,0.1,1.0,0.5,0.8
Preprocessed,K,0.803921568627451,0.8047385620915032,0.8006055363321799,62.41,0.6,0.05,3,150,0.1,0.1,5.0,0.5,0.6
Preprocessed,K,0.8431372549019608,0.8451797385620915,0.8397491349480969,62.57,0.6,0.05,3,150,0.1,0.1,5.0,0.5,0.7
Preprocessed,K,0.8431372549019608,0.8451797385620915,0.8397491349480969,63.17,0.6,0.05,3,150,0.1,0.1,5.0,0.5,0.8
Preprocessed,K,0.803921568627451,0.8047385620915032,0.8006055363321799,62.44,0.6,0.05,3,150,0.1,1.0,1.0,0.5,0.6
Preprocessed,K,0.8431372549019608,0.8451797385620915,0.8397491349480969,62.45,0.6,0.05,3,150,0.1,1.0,1.0,0.5,0.7
Preprocessed,K,0.8431372549019608,0.8451797385620915,0.8397491349480969,63.47,0.6,0.05,3,150,0.1,1.0,1.0,0.5,0.8
Preprocessed,K,0.803921568627451,0.8047385620915032,0.8006055363321799,62.54,0.6,0.05,3,150,0.1,1.0,5.0,0.5,0.6
Preprocessed,K,0.8431372549019608,0.8451797385620915,0.8397491349480969,62.73,0.6,0.05,3,150,0.1,1.0,5.0,0.5,0.7
Preprocessed,K,0.8431372549019608,0.8451797385620915,0.8397491349480969,63.3,0.6,0.05,3,150,0.1,1.0,5.0,0.5,0.8
Preprocessed,K,0.803921568627451,0.8047385620915032,0.8006055363321799,56.32,0.6,0.05,3,150,0.3,0.1,1.0,0.5,0.6
Preprocessed,K,0.8431372549019608,0.8451797385620915,0.8397491349480969,56.27,0.6,0.05,3,150,0.3,0.1,1.0,0.5,0.7
Preprocessed,K,0.8431372549019608,0.8451797385620915,0.8397491349480969,56.44,0.6,0.05,3,150,0.3,0.1,1.0,0.5,0.8
Preprocessed,K,0.803921568627451,0.8047385620915032,0.8006055363321799,55.97,0.6,0.05,3,150,0.3,0.1,5.0,0.5,0.6
Preprocessed,K,0.8431372549019608,0.8451797385620915,0.8397491349480969,56.4,0.6,0.05,3,150,0.3,0.1,5.0,0.5,0.7
Preprocessed,K,0.8431372549019608,0.8451797385620915,0.8397491349480969,56.97,0.6,0.05,3,150,0.3,0.1,5.0,0.5,0.8
Preprocessed,K,0.803921568627451,0.8047385620915032,0.8006055363321799,56.16,0.6,0.05,3,150,0.3,1.0,1.0,0.5,0.6
Preprocessed,K,0.8431372549019608,0.8451797385620915,0.8397491349480969,56.16,0.6,0.05,3,150,0.3,1.0,1.0,0.5,0.7
Preprocessed,K,0.8431372549019608,0.8451797385620915,0.8397491349480969,56.26,0.6,0.05,3,150,0.3,1.0,1.0,0.5,0.8
Preprocessed,K,0.803921568627451,0.8047385620915032,0.8006055363321799,56.27,0.6,0.05,3,150,0.3,1.0,5.0,0.5,0.6
Preprocessed,K,0.8431372549019608,0.8451797385620915,0.8397491349480969,56.52,0.6,0.05,3,150,0.3,1.0,5.0,0.5,0.7
Preprocessed,K,0.8431372549019608,0.8451797385620915,0.8397491349480969,56.52,0.6,0.05,3,150,0.3,1.0,5.0,0.5,0.8
Preprocessed,K,0.803921568627451,0.8047385620915032,0.8006055363321799,7.71,0.6,0.05,4,50,0.1,0.1,1.0,0.5,0.6
Preprocessed,K,0.8235294117647058,0.8232323232323232,0.8181818181818183,7.95,0.6,0.05,4,50,0.1,0.1,1.0,0.5,0.7
Preprocessed,K,0.8627450980392157,0.8670250896057348,0.861100569259962,7.7,0.6,0.05,4,50,0.1,0.1,1.0,0.5,0.8
Preprocessed,K,0.7647058823529411,0.7631578947368421,0.756578947368421,7.8,0.6,0.05,4,50,0.1,0.1,5.0,0.5,0.6
Preprocessed,K,0.8235294117647058,0.8264720942140298,0.8219571699647601,7.76,0.6,0.05,4,50,0.1,0.1,5.0,0.5,0.7
Preprocessed,K,0.8235294117647058,0.8267857142857142,0.8202731092436975,7.8,0.6,0.05,4,50,0.1,0.1,5.0,0.5,0.8
Preprocessed,K,0.7647058823529411,0.7631578947368421,0.756578947368421,7.69,0.6,0.05,4,50,0.1,1.0,1.0,0.5,0.6
Preprocessed,K,0.8235294117647058,0.8232323232323232,0.8181818181818183,7.68,0.6,0.05,4,50,0.1,1.0,1.0,0.5,0.7
Preprocessed,K,0.8627450980392157,0.8670250896057348,0.861100569259962,7.92,0.6,0.05,4,50,0.1,1.0,1.0,0.5,0.8
Preprocessed,K,0.7450980392156863,0.7416253101736974,0.7337797401839148,7.72,0.6,0.05,4,50,0.1,1.0,5.0,0.5,0.6
Preprocessed,K,0.8431372549019608,0.8451797385620915,0.8397491349480969,7.72,0.6,0.05,4,50,0.1,1.0,5.0,0.5,0.7
Preprocessed,K,0.8235294117647058,0.8267857142857142,0.8202731092436975,7.77,0.6,0.05,4,50,0.1,1.0,5.0,0.5,0.8
Preprocessed,K,0.7843137254901961,0.7841591591591591,0.7788155802861686,7.11,0.6,0.05,4,50,0.3,0.1,1.0,0.5,0.6
Preprocessed,K,0.8431372549019608,0.8451797385620915,0.8397491349480969,7.06,0.6,0.05,4,50,0.3,0.1,1.0,0.5,0.7
Preprocessed,K,0.8235294117647058,0.8267857142857142,0.8202731092436975,7.09,0.6,0.05,4,50,0.3,0.1,1.0,0.5,0.8
Preprocessed,K,0.7647058823529411,0.7631578947368421,0.756578947368421,7.02,0.6,0.05,4,50,0.3,0.1,5.0,0.5,0.6
Preprocessed,K,0.8431372549019608,0.8451797385620915,0.8397491349480969,7.06,0.6,0.05,4,50,0.3,0.1,5.0,0.5,0.7
Preprocessed,K,0.8235294117647058,0.8267857142857142,0.8202731092436975,6.99,0.6,0.05,4,50,0.3,0.1,5.0,0.5,0.8
Preprocessed,K,0.7450980392156863,0.7416253101736974,0.7337797401839148,6.97,0.6,0.05,4,50,0.3,1.0,1.0,0.5,0.6
Preprocessed,K,0.8235294117647058,0.8232323232323232,0.8181818181818183,7.06,0.6,0.05,4,50,0.3,1.0,1.0,0.5,0.7
Preprocessed,K,0.8431372549019608,0.8451797385620915,0.8397491349480969,7.12,0.6,0.05,4,50,0.3,1.0,1.0,0.5,0.8
Preprocessed,K,0.7450980392156863,0.7416253101736974,0.7337797401839148,7.17,0.6,0.05,4,50,0.3,1.0,5.0,0.5,0.6
Preprocessed,K,0.8235294117647058,0.8264720942140298,0.8219571699647601,6.98,0.6,0.05,4,50,0.3,1.0,5.0,0.5,0.7
Preprocessed,K,0.8235294117647058,0.8267857142857142,0.8202731092436975,7.09,0.6,0.05,4,50,0.3,1.0,5.0,0.5,0.8
Preprocessed,K,0.803921568627451,0.8047385620915032,0.8006055363321799,28.92,0.6,0.05,4,100,0.1,0.1,1.0,0.5,0.6
Preprocessed,K,0.8431372549019608,0.8451797385620915,0.8397491349480969,28.74,0.6,0.05,4,100,0.1,0.1,1.0,0.5,0.7
Preprocessed,K,0.8823529411764706,0.888888888888889,0.8823529411764706,28.82,0.6,0.05,4,100,0.1,0.1,1.0,0.5,0.8
Preprocessed,K,0.803921568627451,0.8047385620915032,0.8006055363321799,28.8,0.6,0.05,4,100,0.1,0.1,5.0,0.5,0.6
Preprocessed,K,0.8431372549019608,0.8451797385620915,0.8397491349480969,28.75,0.6,0.05,4,100,0.1,0.1,5.0,0.5,0.7
Preprocessed,K,0.8431372549019608,0.8451797385620915,0.8397491349480969,28.73,0.6,0.05,4,100,0.1,0.1,5.0,0.5,0.8
Preprocessed,K,0.803921568627451,0.8047385620915032,0.8006055363321799,28.89,0.6,0.05,4,100,0.1,1.0,1.0,0.5,0.6
Preprocessed,K,0.8431372549019608,0.8451797385620915,0.8397491349480969,28.91,0.6,0.05,4,100,0.1,1.0,1.0,0.5,0.7
Preprocessed,K,0.8431372549019608,0.8451797385620915,0.8397491349480969,28.98,0.6,0.05,4,100,0.1,1.0,1.0,0.5,0.8
Preprocessed,K,0.803921568627451,0.8047385620915032,0.8006055363321799,28.69,0.6,0.05,4,100,0.1,1.0,5.0,0.5,0.6
Preprocessed,K,0.8431372549019608,0.8451797385620915,0.8397491349480969,29.48,0.6,0.05,4,100,0.1,1.0,5.0,0.5,0.7
Preprocessed,K,0.8431372549019608,0.8451797385620915,0.8397491349480969,28.91,0.6,0.05,4,100,0.1,1.0,5.0,0.5,0.8
Preprocessed,K,0.803921568627451,0.8047385620915032,0.8006055363321799,25.94,0.6,0.05,4,100,0.3,0.1,1.0,0.5,0.6
Preprocessed,K,0.8431372549019608,0.8451797385620915,0.8397491349480969,26.74,0.6,0.05,4,100,0.3,0.1,1.0,0.5,0.7
Preprocessed,K,0.8627450980392157,0.8670250896057348,0.861100569259962,26.36,0.6,0.05,4,100,0.3,0.1,1.0,0.5,0.8
Preprocessed,K,0.803921568627451,0.8047385620915032,0.8006055363321799,26.17,0.6,0.05,4,100,0.3,0.1,5.0,0.5,0.6
Preprocessed,K,0.8431372549019608,0.8451797385620915,0.8397491349480969,25.87,0.6,0.05,4,100,0.3,0.1,5.0,0.5,0.7
Preprocessed,K,0.8431372549019608,0.8451797385620915,0.8397491349480969,26.27,0.6,0.05,4,100,0.3,0.1,5.0,0.5,0.8
Preprocessed,K,0.803921568627451,0.8047385620915032,0.8006055363321799,26.33,0.6,0.05,4,100,0.3,1.0,1.0,0.5,0.6
Preprocessed,K,0.8431372549019608,0.8451797385620915,0.8397491349480969,25.95,0.6,0.05,4,100,0.3,1.0,1.0,0.5,0.7
Preprocessed,K,0.8431372549019608,0.8451797385620915,0.8397491349480969,26.35,0.6,0.05,4,100,0.3,1.0,1.0,0.5,0.8
Preprocessed,K,0.803921568627451,0.8047385620915032,0.8006055363321799,25.86,0.6,0.05,4,100,0.3,1.0,5.0,0.5,0.6
Preprocessed,K,0.8431372549019608,0.8451797385620915,0.8397491349480969,26.2,0.6,0.05,4,100,0.3,1.0,5.0,0.5,0.7
Preprocessed,K,0.8431372549019608,0.8451797385620915,0.8397491349480969,26.17,0.6,0.05,4,100,0.3,1.0,5.0,0.5,0.8
Preprocessed,K,0.803921568627451,0.8047385620915032,0.8006055363321799,62.47,0.6,0.05,4,150,0.1,0.1,1.0,0.5,0.6
Preprocessed,K,0.8431372549019608,0.8451797385620915,0.8397491349480969,62.5,0.6,0.05,4,150,0.1,0.1,1.0,0.5,0.7
Preprocessed,K,0.8627450980392157,0.8670250896057348,0.861100569259962,62.48,0.6,0.05,4,150,0.1,0.1,1.0,0.5,0.8
Preprocessed,K,0.803921568627451,0.8047385620915032,0.8006055363321799,63.12,0.6,0.05,4,150,0.1,0.1,5.0,0.5,0.6
Preprocessed,K,0.8431372549019608,0.8451797385620915,0.8397491349480969,63.36,0.6,0.05,4,150,0.1,0.1,5.0,0.5,0.7
Preprocessed,K,0.8431372549019608,0.8451797385620915,0.8397491349480969,63.04,0.6,0.05,4,150,0.1,0.1,5.0,0.5,0.8
Preprocessed,K,0.803921568627451,0.8047385620915032,0.8006055363321799,62.8,0.6,0.05,4,150,0.1,1.0,1.0,0.5,0.6
Preprocessed,K,0.8431372549019608,0.8451797385620915,0.8397491349480969,62.72,0.6,0.05,4,150,0.1,1.0,1.0,0.5,0.7
Preprocessed,K,0.8431372549019608,0.8451797385620915,0.8397491349480969,62.89,0.6,0.05,4,150,0.1,1.0,1.0,0.5,0.8
Preprocessed,K,0.803921568627451,0.8047385620915032,0.8006055363321799,62.42,0.6,0.05,4,150,0.1,1.0,5.0,0.5,0.6
Preprocessed,K,0.8431372549019608,0.8451797385620915,0.8397491349480969,62.76,0.6,0.05,4,150,0.1,1.0,5.0,0.5,0.7
Preprocessed,K,0.8431372549019608,0.8451797385620915,0.8397491349480969,62.48,0.6,0.05,4,150,0.1,1.0,5.0,0.5,0.8
Preprocessed,K,0.803921568627451,0.8047385620915032,0.8006055363321799,56.05,0.6,0.05,4,150,0.3,0.1,1.0,0.5,0.6
Preprocessed,K,0.8431372549019608,0.8451797385620915,0.8397491349480969,56.42,0.6,0.05,4,150,0.3,0.1,1.0,0.5,0.7
Preprocessed,K,0.8431372549019608,0.8451797385620915,0.8397491349480969,55.76,0.6,0.05,4,150,0.3,0.1,1.0,0.5,0.8
Preprocessed,K,0.803921568627451,0.8047385620915032,0.8006055363321799,55.99,0.6,0.05,4,150,0.3,0.1,5.0,0.5,0.6
Preprocessed,K,0.8431372549019608,0.8451797385620915,0.8397491349480969,56.37,0.6,0.05,4,150,0.3,0.1,5.0,0.5,0.7
Preprocessed,K,0.8431372549019608,0.8451797385620915,0.8397491349480969,56.03,0.6,0.05,4,150,0.3,0.1,5.0,0.5,0.8
Preprocessed,K,0.803921568627451,0.8047385620915032,0.8006055363321799,56.04,0.6,0.05,4,150,0.3,1.0,1.0,0.5,0.6
Preprocessed,K,0.8431372549019608,0.8451797385620915,0.8397491349480969,56.0,0.6,0.05,4,150,0.3,1.0,1.0,0.5,0.7
Preprocessed,K,0.8431372549019608,0.8451797385620915,0.8397491349480969,56.45,0.6,0.05,4,150,0.3,1.0,1.0,0.5,0.8
Preprocessed,K,0.803921568627451,0.8047385620915032,0.8006055363321799,55.91,0.6,0.05,4,150,0.3,1.0,5.0,0.5,0.6
Preprocessed,K,0.8431372549019608,0.8451797385620915,0.8397491349480969,56.29,0.6,0.05,4,150,0.3,1.0,5.0,0.5,0.7
Preprocessed,K,0.8431372549019608,0.8451797385620915,0.8397491349480969,56.59,0.6,0.05,4,150,0.3,1.0,5.0,0.5,0.8
Preprocessed,K,0.7843137254901961,0.7828282828282829,0.7789661319073083,7.76,0.6,0.1,2,50,0.1,0.1,1.0,0.5,0.6
Preprocessed,K,0.803921568627451,0.801062091503268,0.796280276816609,7.7,0.6,0.1,2,50,0.1,0.1,1.0,0.5,0.7
Preprocessed,K,0.8431372549019608,0.8451797385620915,0.8397491349480969,7.67,0.6,0.1,2,50,0.1,0.1,1.0,0.5,0.8
Preprocessed,K,0.803921568627451,0.8047385620915032,0.8006055363321799,7.93,0.6,0.1,2,50,0.1,0.1,5.0,0.5,0.6
Preprocessed,K,0.803921568627451,0.801062091503268,0.796280276816609,7.83,0.6,0.1,2,50,0.1,0.1,5.0,0.5,0.7
Preprocessed,K,0.8431372549019608,0.8451797385620915,0.8397491349480969,7.66,0.6,0.1,2,50,0.1,0.1,5.0,0.5,0.8
Preprocessed,K,0.803921568627451,0.8047385620915032,0.8006055363321799,7.59,0.6,0.1,2,50,0.1,1.0,1.0,0.5,0.6
Preprocessed,K,0.803921568627451,0.801062091503268,0.796280276816609,7.72,0.6,0.1,2,50,0.1,1.0,1.0,0.5,0.7
Preprocessed,K,0.8431372549019608,0.8451797385620915,0.8397491349480969,7.68,0.6,0.1,2,50,0.1,1.0,1.0,0.5,0.8
Preprocessed,K,0.7843137254901961,0.7841591591591591,0.7788155802861686,7.88,0.6,0.1,2,50,0.1,1.0,5.0,0.5,0.6
Preprocessed,K,0.803921568627451,0.801062091503268,0.796280276816609,7.58,0.6,0.1,2,50,0.1,1.0,5.0,0.5,0.7
Preprocessed,K,0.8431372549019608,0.8451797385620915,0.8397491349480969,7.94,0.6,0.1,2,50,0.1,1.0,5.0,0.5,0.8
Preprocessed,K,0.7843137254901961,0.7828282828282829,0.7789661319073083,6.92,0.6,0.1,2,50,0.3,0.1,1.0,0.5,0.6
Preprocessed,K,0.803921568627451,0.801062091503268,0.796280276816609,7.26,0.6,0.1,2,50,0.3,0.1,1.0,0.5,0.7
Preprocessed,K,0.8431372549019608,0.8451797385620915,0.8397491349480969,7.09,0.6,0.1,2,50,0.3,0.1,1.0,0.5,0.8
Preprocessed,K,0.8235294117647058,0.8250000000000001,0.8220588235294117,6.92,0.6,0.1,2,50,0.3,0.1,5.0,0.5,0.6
Preprocessed,K,0.803921568627451,0.801062091503268,0.796280276816609,7.08,0.6,0.1,2,50,0.3,0.1,5.0,0.5,0.7
Preprocessed,K,0.8431372549019608,0.8451797385620915,0.8397491349480969,6.89,0.6,0.1,2,50,0.3,0.1,5.0,0.5,0.8
Preprocessed,K,0.803921568627451,0.8047385620915032,0.8006055363321799,6.97,0.6,0.1,2,50,0.3,1.0,1.0,0.5,0.6
Preprocessed,K,0.803921568627451,0.801062091503268,0.796280276816609,7.05,0.6,0.1,2,50,0.3,1.0,1.0,0.5,0.7
Preprocessed,K,0.8431372549019608,0.8451797385620915,0.8397491349480969,6.96,0.6,0.1,2,50,0.3,1.0,1.0,0.5,0.8
Preprocessed,K,0.7647058823529411,0.7631578947368421,0.756578947368421,7.03,0.6,0.1,2,50,0.3,1.0,5.0,0.5,0.6
Preprocessed,K,0.8235294117647058,0.8232323232323232,0.8181818181818183,7.11,0.6,0.1,2,50,0.3,1.0,5.0,0.5,0.7
Preprocessed,K,0.8431372549019608,0.8451797385620915,0.8397491349480969,6.89,0.6,0.1,2,50,0.3,1.0,5.0,0.5,0.8
Preprocessed,K,0.8235294117647058,0.8264720942140298,0.8219571699647601,28.58,0.6,0.1,2,100,0.1,0.1,1.0,0.5,0.6
Preprocessed,K,0.8235294117647058,0.8232323232323232,0.8181818181818183,28.69,0.6,0.1,2,100,0.1,0.1,1.0,0.5,0.7
Preprocessed,K,0.8431372549019608,0.8451797385620915,0.8397491349480969,28.62,0.6,0.1,2,100,0.1,0.1,1.0,0.5,0.8
Preprocessed,K,0.7843137254901961,0.7869047619047619,0.7817226890756304,28.62,0.6,0.1,2,100,0.1,0.1,5.0,0.5,0.6
Preprocessed,K,0.803921568627451,0.801062091503268,0.796280276816609,28.51,0.6,0.1,2,100,0.1,0.1,5.0,0.5,0.7
Preprocessed,K,0.8431372549019608,0.8451797385620915,0.8397491349480969,28.86,0.6,0.1,2,100,0.1,0.1,5.0,0.5,0.8
Preprocessed,K,0.7843137254901961,0.7869047619047619,0.7817226890756304,28.69,0.6,0.1,2,100,0.1,1.0,1.0,0.5,0.6
Preprocessed,K,0.8235294117647058,0.8232323232323232,0.8181818181818183,28.65,0.6,0.1,2,100,0.1,1.0,1.0,0.5,0.7
Preprocessed,K,0.8431372549019608,0.8451797385620915,0.8397491349480969,28.67,0.6,0.1,2,100,0.1,1.0,1.0,0.5,0.8
Preprocessed,K,0.803921568627451,0.8047385620915032,0.8006055363321799,28.87,0.6,0.1,2,100,0.1,1.0,5.0,0.5,0.6
Preprocessed,K,0.8235294117647058,0.8232323232323232,0.8181818181818183,28.7,0.6,0.1,2,100,0.1,1.0,5.0,0.5,0.7
Preprocessed,K,0.8627450980392157,0.8670250896057348,0.861100569259962,28.67,0.6,0.1,2,100,0.1,1.0,5.0,0.5,0.8
Preprocessed,K,0.803921568627451,0.8047385620915032,0.8006055363321799,25.83,0.6,0.1,2,100,0.3,0.1,1.0,0.5,0.6
Preprocessed,K,0.803921568627451,0.8047385620915032,0.8006055363321799,25.99,0.6,0.1,2,100,0.3,0.1,1.0,0.5,0.7
Preprocessed,K,0.8627450980392157,0.8670250896057348,0.861100569259962,26.04,0.6,0.1,2,100,0.3,0.1,1.0,0.5,0.8
Preprocessed,K,0.803921568627451,0.8047385620915032,0.8006055363321799,25.96,0.6,0.1,2,100,0.3,0.1,5.0,0.5,0.6
Preprocessed,K,0.8431372549019608,0.8451797385620915,0.8397491349480969,26.31,0.6,0.1,2,100,0.3,0.1,5.0,0.5,0.7
Preprocessed,K,0.8431372549019608,0.8451797385620915,0.8397491349480969,26.01,0.6,0.1,2,100,0.3,0.1,5.0,0.5,0.8
Preprocessed,K,0.803921568627451,0.8047385620915032,0.8006055363321799,27.29,0.6,0.1,2,100,0.3,1.0,1.0,0.5,0.6
Preprocessed,K,0.8235294117647058,0.8232323232323232,0.8181818181818183,26.73,0.6,0.1,2,100,0.3,1.0,1.0,0.5,0.7
Preprocessed,K,0.8431372549019608,0.8451797385620915,0.8397491349480969,26.18,0.6,0.1,2,100,0.3,1.0,1.0,0.5,0.8
Preprocessed,K,0.803921568627451,0.8047385620915032,0.8006055363321799,25.96,0.6,0.1,2,100,0.3,1.0,5.0,0.5,0.6
Preprocessed,K,0.8431372549019608,0.8451797385620915,0.8397491349480969,25.93,0.6,0.1,2,100,0.3,1.0,5.0,0.5,0.7
Preprocessed,K,0.8431372549019608,0.8451797385620915,0.8397491349480969,26.63,0.6,0.1,2,100,0.3,1.0,5.0,0.5,0.8
Preprocessed,K,0.8235294117647058,0.8264720942140298,0.8219571699647601,62.54,0.6,0.1,2,150,0.1,0.1,1.0,0.5,0.6
Preprocessed,K,0.8235294117647058,0.8232323232323232,0.8181818181818183,63.16,0.6,0.1,2,150,0.1,0.1,1.0,0.5,0.7
Preprocessed,K,0.8627450980392157,0.8670250896057348,0.861100569259962,62.85,0.6,0.1,2,150,0.1,0.1,1.0,0.5,0.8
Preprocessed,K,0.7843137254901961,0.7869047619047619,0.7817226890756304,63.69,0.6,0.1,2,150,0.1,0.1,5.0,0.5,0.6
Preprocessed,K,0.803921568627451,0.801062091503268,0.796280276816609,62.81,0.6,0.1,2,150,0.1,0.1,5.0,0.5,0.7
Preprocessed,K,0.8431372549019608,0.8451797385620915,0.8397491349480969,63.04,0.6,0.1,2,150,0.1,0.1,5.0,0.5,0.8
Preprocessed,K,0.7843137254901961,0.7869047619047619,0.7817226890756304,62.51,0.6,0.1,2,150,0.1,1.0,1.0,0.5,0.6
Preprocessed,K,0.803921568627451,0.801062091503268,0.796280276816609,62.28,0.6,0.1,2,150,0.1,1.0,1.0,0.5,0.7
Preprocessed,K,0.8431372549019608,0.8451797385620915,0.8397491349480969,62.87,0.6,0.1,2,150,0.1,1.0,1.0,0.5,0.8
Preprocessed,K,0.803921568627451,0.8047385620915032,0.8006055363321799,62.42,0.6,0.1,2,150,0.1,1.0,5.0,0.5,0.6
Preprocessed,K,0.8235294117647058,0.8232323232323232,0.8181818181818183,62.58,0.6,0.1,2,150,0.1,1.0,5.0,0.5,0.7
Preprocessed,K,0.8431372549019608,0.8451797385620915,0.8397491349480969,63.19,0.6,0.1,2,150,0.1,1.0,5.0,0.5,0.8
Preprocessed,K,0.803921568627451,0.8047385620915032,0.8006055363321799,56.17,0.6,0.1,2,150,0.3,0.1,1.0,0.5,0.6
Preprocessed,K,0.803921568627451,0.8047385620915032,0.8006055363321799,56.03,0.6,0.1,2,150,0.3,0.1,1.0,0.5,0.7
Preprocessed,K,0.8627450980392157,0.8670250896057348,0.861100569259962,56.45,0.6,0.1,2,150,0.3,0.1,1.0,0.5,0.8
Preprocessed,K,0.7843137254901961,0.7869047619047619,0.7817226890756304,56.43,0.6,0.1,2,150,0.3,0.1,5.0,0.5,0.6
Preprocessed,K,0.8431372549019608,0.8451797385620915,0.8397491349480969,56.43,0.6,0.1,2,150,0.3,0.1,5.0,0.5,0.7
Preprocessed,K,0.8431372549019608,0.8451797385620915,0.8397491349480969,56.49,0.6,0.1,2,150,0.3,0.1,5.0,0.5,0.8
Preprocessed,K,0.803921568627451,0.8047385620915032,0.8006055363321799,56.03,0.6,0.1,2,150,0.3,1.0,1.0,0.5,0.6
Preprocessed,K,0.8235294117647058,0.8232323232323232,0.8181818181818183,56.36,0.6,0.1,2,150,0.3,1.0,1.0,0.5,0.7
Preprocessed,K,0.8431372549019608,0.8451797385620915,0.8397491349480969,56.31,0.6,0.1,2,150,0.3,1.0,1.0,0.5,0.8
Preprocessed,K,0.803921568627451,0.8047385620915032,0.8006055363321799,56.57,0.6,0.1,2,150,0.3,1.0,5.0,0.5,0.6
Preprocessed,K,0.8431372549019608,0.8451797385620915,0.8397491349480969,56.11,0.6,0.1,2,150,0.3,1.0,5.0,0.5,0.7
Preprocessed,K,0.8431372549019608,0.8451797385620915,0.8397491349480969,56.18,0.6,0.1,2,150,0.3,1.0,5.0,0.5,0.8
Preprocessed,K,0.7843137254901961,0.7828282828282829,0.7789661319073083,7.72,0.6,0.1,3,50,0.1,0.1,1.0,0.5,0.6
Preprocessed,K,0.803921568627451,0.801062091503268,0.796280276816609,7.8,0.6,0.1,3,50,0.1,0.1,1.0,0.5,0.7
Preprocessed,K,0.8431372549019608,0.8451797385620915,0.8397491349480969,7.91,0.6,0.1,3,50,0.1,0.1,1.0,0.5,0.8
Preprocessed,K,0.803921568627451,0.8047385620915032,0.8006055363321799,7.72,0.6,0.1,3,50,0.1,0.1,5.0,0.5,0.6
Preprocessed,K,0.803921568627451,0.801062091503268,0.796280276816609,7.75,0.6,0.1,3,50,0.1,0.1,5.0,0.5,0.7
Preprocessed,K,0.8431372549019608,0.8451797385620915,0.8397491349480969,7.87,0.6,0.1,3,50,0.1,0.1,5.0,0.5,0.8
Preprocessed,K,0.803921568627451,0.8047385620915032,0.8006055363321799,7.64,0.6,0.1,3,50,0.1,1.0,1.0,0.5,0.6
Preprocessed,K,0.803921568627451,0.801062091503268,0.796280276816609,7.79,0.6,0.1,3,50,0.1,1.0,1.0,0.5,0.7
Preprocessed,K,0.8431372549019608,0.8451797385620915,0.8397491349480969,7.85,0.6,0.1,3,50,0.1,1.0,1.0,0.5,0.8
Preprocessed,K,0.7843137254901961,0.7841591591591591,0.7788155802861686,7.71,0.6,0.1,3,50,0.1,1.0,5.0,0.5,0.6
Preprocessed,K,0.803921568627451,0.801062091503268,0.796280276816609,7.63,0.6,0.1,3,50,0.1,1.0,5.0,0.5,0.7
Preprocessed,K,0.8431372549019608,0.8451797385620915,0.8397491349480969,7.74,0.6,0.1,3,50,0.1,1.0,5.0,0.5,0.8
Preprocessed,K,0.7843137254901961,0.7828282828282829,0.7789661319073083,7.48,0.6,0.1,3,50,0.3,0.1,1.0,0.5,0.6
Preprocessed,K,0.803921568627451,0.801062091503268,0.796280276816609,7.34,0.6,0.1,3,50,0.3,0.1,1.0,0.5,0.7
Preprocessed,K,0.8431372549019608,0.8451797385620915,0.8397491349480969,7.3,0.6,0.1,3,50,0.3,0.1,1.0,0.5,0.8
Preprocessed,K,0.8235294117647058,0.8250000000000001,0.8220588235294117,7.01,0.6,0.1,3,50,0.3,0.1,5.0,0.5,0.6
Preprocessed,K,0.803921568627451,0.801062091503268,0.796280276816609,6.98,0.6,0.1,3,50,0.3,0.1,5.0,0.5,0.7
Preprocessed,K,0.8431372549019608,0.8451797385620915,0.8397491349480969,6.98,0.6,0.1,3,50,0.3,0.1,5.0,0.5,0.8
Preprocessed,K,0.803921568627451,0.8047385620915032,0.8006055363321799,7.01,0.6,0.1,3,50,0.3,1.0,1.0,0.5,0.6
Preprocessed,K,0.803921568627451,0.801062091503268,0.796280276816609,7.07,0.6,0.1,3,50,0.3,1.0,1.0,0.5,0.7
Preprocessed,K,0.8431372549019608,0.8451797385620915,0.8397491349480969,6.89,0.6,0.1,3,50,0.3,1.0,1.0,0.5,0.8
Preprocessed,K,0.7647058823529411,0.7631578947368421,0.756578947368421,7.0,0.6,0.1,3,50,0.3,1.0,5.0,0.5,0.6
Preprocessed,K,0.8235294117647058,0.8232323232323232,0.8181818181818183,7.04,0.6,0.1,3,50,0.3,1.0,5.0,0.5,0.7
Preprocessed,K,0.8431372549019608,0.8451797385620915,0.8397491349480969,6.99,0.6,0.1,3,50,0.3,1.0,5.0,0.5,0.8
Preprocessed,K,0.8235294117647058,0.8264720942140298,0.8219571699647601,28.69,0.6,0.1,3,100,0.1,0.1,1.0,0.5,0.6
Preprocessed,K,0.8235294117647058,0.8232323232323232,0.8181818181818183,28.72,0.6,0.1,3,100,0.1,0.1,1.0,0.5,0.7
Preprocessed,K,0.8431372549019608,0.8451797385620915,0.8397491349480969,28.68,0.6,0.1,3,100,0.1,0.1,1.0,0.5,0.8
Preprocessed,K,0.7843137254901961,0.7869047619047619,0.7817226890756304,28.55,0.6,0.1,3,100,0.1,0.1,5.0,0.5,0.6
Preprocessed,K,0.803921568627451,0.801062091503268,0.796280276816609,29.07,0.6,0.1,3,100,0.1,0.1,5.0,0.5,0.7
Preprocessed,K,0.8431372549019608,0.8451797385620915,0.8397491349480969,28.67,0.6,0.1,3,100,0.1,0.1,5.0,0.5,0.8
Preprocessed,K,0.7843137254901961,0.7869047619047619,0.7817226890756304,28.91,0.6,0.1,3,100,0.1,1.0,1.0,0.5,0.6
Preprocessed,K,0.8235294117647058,0.8232323232323232,0.8181818181818183,28.89,0.6,0.1,3,100,0.1,1.0,1.0,0.5,0.7
Preprocessed,K,0.8431372549019608,0.8451797385620915,0.8397491349480969,28.69,0.6,0.1,3,100,0.1,1.0,1.0,0.5,0.8
Preprocessed,K,0.803921568627451,0.8047385620915032,0.8006055363321799,28.53,0.6,0.1,3,100,0.1,1.0,5.0,0.5,0.6
Preprocessed,K,0.8235294117647058,0.8232323232323232,0.8181818181818183,28.78,0.6,0.1,3,100,0.1,1.0,5.0,0.5,0.7
Preprocessed,K,0.8627450980392157,0.8670250896057348,0.861100569259962,28.94,0.6,0.1,3,100,0.1,1.0,5.0,0.5,0.8
Preprocessed,K,0.803921568627451,0.8047385620915032,0.8006055363321799,26.08,0.6,0.1,3,100,0.3,0.1,1.0,0.5,0.6
Preprocessed,K,0.803921568627451,0.8047385620915032,0.8006055363321799,26.12,0.6,0.1,3,100,0.3,0.1,1.0,0.5,0.7
Preprocessed,K,0.8627450980392157,0.8670250896057348,0.861100569259962,26.3,0.6,0.1,3,100,0.3,0.1,1.0,0.5,0.8
Preprocessed,K,0.803921568627451,0.8047385620915032,0.8006055363321799,25.93,0.6,0.1,3,100,0.3,0.1,5.0,0.5,0.6
Preprocessed,K,0.8431372549019608,0.8451797385620915,0.8397491349480969,26.1,0.6,0.1,3,100,0.3,0.1,5.0,0.5,0.7
Preprocessed,K,0.8431372549019608,0.8451797385620915,0.8397491349480969,26.24,0.6,0.1,3,100,0.3,0.1,5.0,0.5,0.8
Preprocessed,K,0.803921568627451,0.8047385620915032,0.8006055363321799,26.35,0.6,0.1,3,100,0.3,1.0,1.0,0.5,0.6
Preprocessed,K,0.8235294117647058,0.8232323232323232,0.8181818181818183,26.42,0.6,0.1,3,100,0.3,1.0,1.0,0.5,0.7
Preprocessed,K,0.8431372549019608,0.8451797385620915,0.8397491349480969,26.47,0.6,0.1,3,100,0.3,1.0,1.0,0.5,0.8
Preprocessed,K,0.803921568627451,0.8047385620915032,0.8006055363321799,25.99,0.6,0.1,3,100,0.3,1.0,5.0,0.5,0.6
Preprocessed,K,0.8431372549019608,0.8451797385620915,0.8397491349480969,26.07,0.6,0.1,3,100,0.3,1.0,5.0,0.5,0.7
Preprocessed,K,0.8431372549019608,0.8451797385620915,0.8397491349480969,26.15,0.6,0.1,3,100,0.3,1.0,5.0,0.5,0.8
Preprocessed,K,0.8235294117647058,0.8264720942140298,0.8219571699647601,62.58,0.6,0.1,3,150,0.1,0.1,1.0,0.5,0.6
Preprocessed,K,0.8235294117647058,0.8232323232323232,0.8181818181818183,62.98,0.6,0.1,3,150,0.1,0.1,1.0,0.5,0.7
Preprocessed,K,0.8627450980392157,0.8670250896057348,0.861100569259962,62.85,0.6,0.1,3,150,0.1,0.1,1.0,0.5,0.8
Preprocessed,K,0.7843137254901961,0.7869047619047619,0.7817226890756304,62.58,0.6,0.1,3,150,0.1,0.1,5.0,0.5,0.6
Preprocessed,K,0.803921568627451,0.801062091503268,0.796280276816609,63.02,0.6,0.1,3,150,0.1,0.1,5.0,0.5,0.7
Preprocessed,K,0.8431372549019608,0.8451797385620915,0.8397491349480969,63.05,0.6,0.1,3,150,0.1,0.1,5.0,0.5,0.8
Preprocessed,K,0.7843137254901961,0.7869047619047619,0.7817226890756304,62.74,0.6,0.1,3,150,0.1,1.0,1.0,0.5,0.6
Preprocessed,K,0.803921568627451,0.801062091503268,0.796280276816609,62.71,0.6,0.1,3,150,0.1,1.0,1.0,0.5,0.7
Preprocessed,K,0.8431372549019608,0.8451797385620915,0.8397491349480969,62.58,0.6,0.1,3,150,0.1,1.0,1.0,0.5,0.8
Preprocessed,K,0.803921568627451,0.8047385620915032,0.8006055363321799,62.91,0.6,0.1,3,150,0.1,1.0,5.0,0.5,0.6
Preprocessed,K,0.8235294117647058,0.8232323232323232,0.8181818181818183,63.18,0.6,0.1,3,150,0.1,1.0,5.0,0.5,0.7
Preprocessed,K,0.8431372549019608,0.8451797385620915,0.8397491349480969,62.86,0.6,0.1,3,150,0.1,1.0,5.0,0.5,0.8
Preprocessed,K,0.803921568627451,0.8047385620915032,0.8006055363321799,55.77,0.6,0.1,3,150,0.3,0.1,1.0,0.5,0.6
Preprocessed,K,0.803921568627451,0.8047385620915032,0.8006055363321799,56.45,0.6,0.1,3,150,0.3,0.1,1.0,0.5,0.7
Preprocessed,K,0.8627450980392157,0.8670250896057348,0.861100569259962,56.3,0.6,0.1,3,150,0.3,0.1,1.0,0.5,0.8
Preprocessed,K,0.7843137254901961,0.7869047619047619,0.7817226890756304,55.94,0.6,0.1,3,150,0.3,0.1,5.0,0.5,0.6
Preprocessed,K,0.8431372549019608,0.8451797385620915,0.8397491349480969,56.41,0.6,0.1,3,150,0.3,0.1,5.0,0.5,0.7
Preprocessed,K,0.8431372549019608,0.8451797385620915,0.8397491349480969,56.51,0.6,0.1,3,150,0.3,0.1,5.0,0.5,0.8
Preprocessed,K,0.803921568627451,0.8047385620915032,0.8006055363321799,56.21,0.6,0.1,3,150,0.3,1.0,1.0,0.5,0.6
Preprocessed,K,0.8235294117647058,0.8232323232323232,0.8181818181818183,56.85,0.6,0.1,3,150,0.3,1.0,1.0,0.5,0.7
Preprocessed,K,0.8431372549019608,0.8451797385620915,0.8397491349480969,56.62,0.6,0.1,3,150,0.3,1.0,1.0,0.5,0.8
Preprocessed,K,0.803921568627451,0.8047385620915032,0.8006055363321799,56.31,0.6,0.1,3,150,0.3,1.0,5.0,0.5,0.6
Preprocessed,K,0.8431372549019608,0.8451797385620915,0.8397491349480969,56.46,0.6,0.1,3,150,0.3,1.0,5.0,0.5,0.7
Preprocessed,K,0.8431372549019608,0.8451797385620915,0.8397491349480969,56.54,0.6,0.1,3,150,0.3,1.0,5.0,0.5,0.8
Preprocessed,K,0.7843137254901961,0.7828282828282829,0.7789661319073083,7.64,0.6,0.1,4,50,0.1,0.1,1.0,0.5,0.6
Preprocessed,K,0.803921568627451,0.801062091503268,0.796280276816609,7.72,0.6,0.1,4,50,0.1,0.1,1.0,0.5,0.7
Preprocessed,K,0.8431372549019608,0.8451797385620915,0.8397491349480969,7.84,0.6,0.1,4,50,0.1,0.1,1.0,0.5,0.8
Preprocessed,K,0.803921568627451,0.8047385620915032,0.8006055363321799,7.83,0.6,0.1,4,50,0.1,0.1,5.0,0.5,0.6
Preprocessed,K,0.803921568627451,0.801062091503268,0.796280276816609,7.61,0.6,0.1,4,50,0.1,0.1,5.0,0.5,0.7
Preprocessed,K,0.8431372549019608,0.8451797385620915,0.8397491349480969,7.79,0.6,0.1,4,50,0.1,0.1,5.0,0.5,0.8
Preprocessed,K,0.803921568627451,0.8047385620915032,0.8006055363321799,7.82,0.6,0.1,4,50,0.1,1.0,1.0,0.5,0.6
Preprocessed,K,0.803921568627451,0.801062091503268,0.796280276816609,7.81,0.6,0.1,4,50,0.1,1.0,1.0,0.5,0.7
Preprocessed,K,0.8431372549019608,0.8451797385620915,0.8397491349480969,7.75,0.6,0.1,4,50,0.1,1.0,1.0,0.5,0.8
Preprocessed,K,0.7843137254901961,0.7841591591591591,0.7788155802861686,7.71,0.6,0.1,4,50,0.1,1.0,5.0,0.5,0.6
Preprocessed,K,0.803921568627451,0.801062091503268,0.796280276816609,7.76,0.6,0.1,4,50,0.1,1.0,5.0,0.5,0.7
Preprocessed,K,0.8431372549019608,0.8451797385620915,0.8397491349480969,7.75,0.6,0.1,4,50,0.1,1.0,5.0,0.5,0.8
Preprocessed,K,0.7843137254901961,0.7828282828282829,0.7789661319073083,6.93,0.6,0.1,4,50,0.3,0.1,1.0,0.5,0.6
Preprocessed,K,0.803921568627451,0.801062091503268,0.796280276816609,7.06,0.6,0.1,4,50,0.3,0.1,1.0,0.5,0.7
Preprocessed,K,0.8431372549019608,0.8451797385620915,0.8397491349480969,7.04,0.6,0.1,4,50,0.3,0.1,1.0,0.5,0.8
Preprocessed,K,0.8235294117647058,0.8250000000000001,0.8220588235294117,7.04,0.6,0.1,4,50,0.3,0.1,5.0,0.5,0.6
Preprocessed,K,0.803921568627451,0.801062091503268,0.796280276816609,7.27,0.6,0.1,4,50,0.3,0.1,5.0,0.5,0.7
Preprocessed,K,0.8431372549019608,0.8451797385620915,0.8397491349480969,7.02,0.6,0.1,4,50,0.3,0.1,5.0,0.5,0.8
Preprocessed,K,0.803921568627451,0.8047385620915032,0.8006055363321799,6.96,0.6,0.1,4,50,0.3,1.0,1.0,0.5,0.6
Preprocessed,K,0.803921568627451,0.801062091503268,0.796280276816609,7.08,0.6,0.1,4,50,0.3,1.0,1.0,0.5,0.7
Preprocessed,K,0.8431372549019608,0.8451797385620915,0.8397491349480969,7.02,0.6,0.1,4,50,0.3,1.0,1.0,0.5,0.8
Preprocessed,K,0.7647058823529411,0.7631578947368421,0.756578947368421,7.05,0.6,0.1,4,50,0.3,1.0,5.0,0.5,0.6
Preprocessed,K,0.8235294117647058,0.8232323232323232,0.8181818181818183,7.18,0.6,0.1,4,50,0.3,1.0,5.0,0.5,0.7
Preprocessed,K,0.8431372549019608,0.8451797385620915,0.8397491349480969,7.08,0.6,0.1,4,50,0.3,1.0,5.0,0.5,0.8
Preprocessed,K,0.8235294117647058,0.8264720942140298,0.8219571699647601,28.78,0.6,0.1,4,100,0.1,0.1,1.0,0.5,0.6
Preprocessed,K,0.8235294117647058,0.8232323232323232,0.8181818181818183,28.73,0.6,0.1,4,100,0.1,0.1,1.0,0.5,0.7
Preprocessed,K,0.8431372549019608,0.8451797385620915,0.8397491349480969,28.63,0.6,0.1,4,100,0.1,0.1,1.0,0.5,0.8
Preprocessed,K,0.7843137254901961,0.7869047619047619,0.7817226890756304,28.62,0.6,0.1,4,100,0.1,0.1,5.0,0.5,0.6
Preprocessed,K,0.803921568627451,0.801062091503268,0.796280276816609,29.24,0.6,0.1,4,100,0.1,0.1,5.0,0.5,0.7
Preprocessed,K,0.8431372549019608,0.8451797385620915,0.8397491349480969,28.91,0.6,0.1,4,100,0.1,0.1,5.0,0.5,0.8
Preprocessed,K,0.7843137254901961,0.7869047619047619,0.7817226890756304,28.47,0.6,0.1,4,100,0.1,1.0,1.0,0.5,0.6
Preprocessed,K,0.8235294117647058,0.8232323232323232,0.8181818181818183,28.79,0.6,0.1,4,100,0.1,1.0,1.0,0.5,0.7
Preprocessed,K,0.8431372549019608,0.8451797385620915,0.8397491349480969,29.01,0.6,0.1,4,100,0.1,1.0,1.0,0.5,0.8
Preprocessed,K,0.803921568627451,0.8047385620915032,0.8006055363321799,28.57,0.6,0.1,4,100,0.1,1.0,5.0,0.5,0.6
Preprocessed,K,0.8235294117647058,0.8232323232323232,0.8181818181818183,28.86,0.6,0.1,4,100,0.1,1.0,5.0,0.5,0.7
Preprocessed,K,0.8627450980392157,0.8670250896057348,0.861100569259962,29.15,0.6,0.1,4,100,0.1,1.0,5.0,0.5,0.8
Preprocessed,K,0.803921568627451,0.8047385620915032,0.8006055363321799,25.85,0.6,0.1,4,100,0.3,0.1,1.0,0.5,0.6
Preprocessed,K,0.803921568627451,0.8047385620915032,0.8006055363321799,25.93,0.6,0.1,4,100,0.3,0.1,1.0,0.5,0.7
Preprocessed,K,0.8627450980392157,0.8670250896057348,0.861100569259962,26.31,0.6,0.1,4,100,0.3,0.1,1.0,0.5,0.8
Preprocessed,K,0.803921568627451,0.8047385620915032,0.8006055363321799,26.14,0.6,0.1,4,100,0.3,0.1,5.0,0.5,0.6
Preprocessed,K,0.8431372549019608,0.8451797385620915,0.8397491349480969,26.1,0.6,0.1,4,100,0.3,0.1,5.0,0.5,0.7
Preprocessed,K,0.8431372549019608,0.8451797385620915,0.8397491349480969,26.37,0.6,0.1,4,100,0.3,0.1,5.0,0.5,0.8
Preprocessed,K,0.803921568627451,0.8047385620915032,0.8006055363321799,26.25,0.6,0.1,4,100,0.3,1.0,1.0,0.5,0.6
Preprocessed,K,0.8235294117647058,0.8232323232323232,0.8181818181818183,26.0,0.6,0.1,4,100,0.3,1.0,1.0,0.5,0.7
Preprocessed,K,0.8431372549019608,0.8451797385620915,0.8397491349480969,26.31,0.6,0.1,4,100,0.3,1.0,1.0,0.5,0.8
Preprocessed,K,0.803921568627451,0.8047385620915032,0.8006055363321799,26.17,0.6,0.1,4,100,0.3,1.0,5.0,0.5,0.6
Preprocessed,K,0.8431372549019608,0.8451797385620915,0.8397491349480969,26.15,0.6,0.1,4,100,0.3,1.0,5.0,0.5,0.7
Preprocessed,K,0.8431372549019608,0.8451797385620915,0.8397491349480969,26.23,0.6,0.1,4,100,0.3,1.0,5.0,0.5,0.8
Preprocessed,K,0.8235294117647058,0.8264720942140298,0.8219571699647601,63.38,0.6,0.1,4,150,0.1,0.1,1.0,0.5,0.6
Preprocessed,K,0.8235294117647058,0.8232323232323232,0.8181818181818183,62.53,0.6,0.1,4,150,0.1,0.1,1.0,0.5,0.7
Preprocessed,K,0.8627450980392157,0.8670250896057348,0.861100569259962,62.78,0.6,0.1,4,150,0.1,0.1,1.0,0.5,0.8
Preprocessed,K,0.7843137254901961,0.7869047619047619,0.7817226890756304,63.1,0.6,0.1,4,150,0.1,0.1,5.0,0.5,0.6
Preprocessed,K,0.803921568627451,0.801062091503268,0.796280276816609,62.59,0.6,0.1,4,150,0.1,0.1,5.0,0.5,0.7
Preprocessed,K,0.8431372549019608,0.8451797385620915,0.8397491349480969,62.64,0.6,0.1,4,150,0.1,0.1,5.0,0.5,0.8
Preprocessed,K,0.7843137254901961,0.7869047619047619,0.7817226890756304,62.65,0.6,0.1,4,150,0.1,1.0,1.0,0.5,0.6
Preprocessed,K,0.803921568627451,0.801062091503268,0.796280276816609,62.85,0.6,0.1,4,150,0.1,1.0,1.0,0.5,0.7
Preprocessed,K,0.8431372549019608,0.8451797385620915,0.8397491349480969,62.57,0.6,0.1,4,150,0.1,1.0,1.0,0.5,0.8
Preprocessed,K,0.803921568627451,0.8047385620915032,0.8006055363321799,62.94,0.6,0.1,4,150,0.1,1.0,5.0,0.5,0.6
Preprocessed,K,0.8235294117647058,0.8232323232323232,0.8181818181818183,63.29,0.6,0.1,4,150,0.1,1.0,5.0,0.5,0.7
Preprocessed,K,0.8431372549019608,0.8451797385620915,0.8397491349480969,62.98,0.6,0.1,4,150,0.1,1.0,5.0,0.5,0.8
Preprocessed,K,0.803921568627451,0.8047385620915032,0.8006055363321799,56.02,0.6,0.1,4,150,0.3,0.1,1.0,0.5,0.6
Preprocessed,K,0.803921568627451,0.8047385620915032,0.8006055363321799,56.34,0.6,0.1,4,150,0.3,0.1,1.0,0.5,0.7
Preprocessed,K,0.8627450980392157,0.8670250896057348,0.861100569259962,56.57,0.6,0.1,4,150,0.3,0.1,1.0,0.5,0.8
Preprocessed,K,0.7843137254901961,0.7869047619047619,0.7817226890756304,56.75,0.6,0.1,4,150,0.3,0.1,5.0,0.5,0.6
Preprocessed,K,0.8431372549019608,0.8451797385620915,0.8397491349480969,56.42,0.6,0.1,4,150,0.3,0.1,5.0,0.5,0.7
Preprocessed,K,0.8431372549019608,0.8451797385620915,0.8397491349480969,56.65,0.6,0.1,4,150,0.3,0.1,5.0,0.5,0.8
Preprocessed,K,0.803921568627451,0.8047385620915032,0.8006055363321799,56.63,0.6,0.1,4,150,0.3,1.0,1.0,0.5,0.6
Preprocessed,K,0.8235294117647058,0.8232323232323232,0.8181818181818183,56.27,0.6,0.1,4,150,0.3,1.0,1.0,0.5,0.7
Preprocessed,K,0.8431372549019608,0.8451797385620915,0.8397491349480969,56.04,0.6,0.1,4,150,0.3,1.0,1.0,0.5,0.8
Preprocessed,K,0.803921568627451,0.8047385620915032,0.8006055363321799,56.53,0.6,0.1,4,150,0.3,1.0,5.0,0.5,0.6
Preprocessed,K,0.8431372549019608,0.8451797385620915,0.8397491349480969,56.31,0.6,0.1,4,150,0.3,1.0,5.0,0.5,0.7
Preprocessed,K,0.8431372549019608,0.8451797385620915,0.8397491349480969,56.54,0.6,0.1,4,150,0.3,1.0,5.0,0.5,0.8
Preprocessed,K,0.6666666666666666,0.6708115639150122,0.6615895260925687,7.67,0.7,0.01,2,50,0.1,0.1,1.0,0.5,0.6
Preprocessed,K,0.7843137254901961,0.7919347919347919,0.7836172306760543,7.92,0.7,0.01,2,50,0.1,0.1,1.0,0.5,0.7
Preprocessed,K,0.8235294117647058,0.8333505919712817,0.8255760831825741,7.86,0.7,0.01,2,50,0.1,0.1,1.0,0.5,0.8
Preprocessed,K,0.43137254901960786,0.35185185185185186,0.37254901960784315,7.78,0.7,0.01,2,50,0.1,0.1,5.0,0.5,0.6
Preprocessed,K,0.5098039215686274,0.4088793412101683,0.4329310671637076,8.0,0.7,0.01,2,50,0.1,0.1,5.0,0.5,0.7
Preprocessed,K,0.7254901960784313,0.7375837375837376,0.7311972606090253,7.67,0.7,0.01,2,50,0.1,0.1,5.0,0.5,0.8
Preprocessed,K,0.6078431372549019,0.6122507122507123,0.6075414781297135,7.75,0.7,0.01,2,50,0.1,1.0,1.0,0.5,0.6
Preprocessed,K,0.7843137254901961,0.796024544118918,0.786054385456542,7.71,0.7,0.01,2,50,0.1,1.0,1.0,0.5,0.7
Preprocessed,K,0.7843137254901961,0.796024544118918,0.786054385456542,7.81,0.7,0.01,2,50,0.1,1.0,1.0,0.5,0.8
Preprocessed,K,0.43137254901960786,0.34074074074074073,0.3607843137254902,7.79,0.7,0.01,2,50,0.1,1.0,5.0,0.5,0.6
Preprocessed,K,0.5098039215686274,0.4088793412101683,0.4329310671637076,7.63,0.7,0.01,2,50,0.1,1.0,5.0,0.5,0.7
Preprocessed,K,0.5098039215686274,0.4088793412101683,0.4329310671637076,7.76,0.7,0.01,2,50,0.1,1.0,5.0,0.5,0.8
Preprocessed,K,0.6274509803921569,0.6326278659611992,0.6262682850918145,6.96,0.7,0.01,2,50,0.3,0.1,1.0,0.5,0.6
Preprocessed,K,0.7843137254901961,0.796024544118918,0.786054385456542,7.02,0.7,0.01,2,50,0.3,0.1,1.0,0.5,0.7
Preprocessed,K,0.803921568627451,0.8148320734527631,0.8059682400453192,7.1,0.7,0.01,2,50,0.3,0.1,1.0,0.5,0.8
Preprocessed,K,0.43137254901960786,0.34074074074074073,0.3607843137254902,7.07,0.7,0.01,2,50,0.3,0.1,5.0,0.5,0.6
Preprocessed,K,0.5098039215686274,0.4088793412101683,0.4329310671637076,7.02,0.7,0.01,2,50,0.3,0.1,5.0,0.5,0.7
Preprocessed,K,0.5098039215686274,0.40354609929078017,0.42728410513141424,7.2,0.7,0.01,2,50,0.3,0.1,5.0,0.5,0.8
Preprocessed,K,0.43137254901960786,0.35185185185185186,0.37254901960784315,7.19,0.7,0.01,2,50,0.3,1.0,1.0,0.5,0.6
Preprocessed,K,0.6274509803921569,0.6221367371918167,0.6251195704720075,7.03,0.7,0.01,2,50,0.3,1.0,1.0,0.5,0.7
Preprocessed,K,0.7450980392156863,0.7581265476002318,0.7504346451714874,7.03,0.7,0.01,2,50,0.3,1.0,1.0,0.5,0.8
Preprocessed,K,0.43137254901960786,0.34074074074074073,0.3607843137254902,7.09,0.7,0.01,2,50,0.3,1.0,5.0,0.5,0.6
Preprocessed,K,0.5098039215686274,0.4088793412101683,0.4329310671637076,6.92,0.7,0.01,2,50,0.3,1.0,5.0,0.5,0.7
Preprocessed,K,0.5098039215686274,0.40354609929078017,0.42728410513141424,7.03,0.7,0.01,2,50,0.3,1.0,5.0,0.5,0.8
Preprocessed,K,0.803921568627451,0.8066396567345334,0.8009581185158816,29.08,0.7,0.01,2,100,0.1,0.1,1.0,0.5,0.6
Preprocessed,K,0.8235294117647058,0.8264720942140298,0.8219571699647601,28.82,0.7,0.01,2,100,0.1,0.1,1.0,0.5,0.7
Preprocessed,K,0.8823529411764706,0.888888888888889,0.8823529411764706,29.02,0.7,0.01,2,100,0.1,0.1,1.0,0.5,0.8
Preprocessed,K,0.7450980392156863,0.7506649506649508,0.7438413203119086,28.98,0.7,0.01,2,100,0.1,0.1,5.0,0.5,0.6
Preprocessed,K,0.7843137254901961,0.7889059566478922,0.7821812596006144,28.85,0.7,0.01,2,100,0.1,0.1,5.0,0.5,0.7
Preprocessed,K,0.803921568627451,0.8148320734527631,0.8059682400453192,28.97,0.7,0.01,2,100,0.1,0.1,5.0,0.5,0.8
Preprocessed,K,0.803921568627451,0.8066396567345334,0.8009581185158816,28.98,0.7,0.01,2,100,0.1,1.0,1.0,0.5,0.6
Preprocessed,K,0.803921568627451,0.8066396567345334,0.8009581185158816,29.04,0.7,0.01,2,100,0.1,1.0,1.0,0.5,0.7
Preprocessed,K,0.8823529411764706,0.888888888888889,0.8823529411764706,28.92,0.7,0.01,2,100,0.1,1.0,1.0,0.5,0.8
Preprocessed,K,0.6666666666666666,0.6726495726495726,0.6659987071751777,28.97,0.7,0.01,2,100,0.1,1.0,5.0,0.5,0.6
Preprocessed,K,0.7843137254901961,0.7889059566478922,0.7821812596006144,28.93,0.7,0.01,2,100,0.1,1.0,5.0,0.5,0.7
Preprocessed,K,0.7843137254901961,0.796024544118918,0.786054385456542,29.03,0.7,0.01,2,100,0.1,1.0,5.0,0.5,0.8
Preprocessed,K,0.803921568627451,0.8066396567345334,0.8009581185158816,26.02,0.7,0.01,2,100,0.3,0.1,1.0,0.5,0.6
Preprocessed,K,0.8235294117647058,0.8264720942140298,0.8219571699647601,26.38,0.7,0.01,2,100,0.3,0.1,1.0,0.5,0.7
Preprocessed,K,0.8823529411764706,0.888888888888889,0.8823529411764706,26.14,0.7,0.01,2,100,0.3,0.1,1.0,0.5,0.8
Preprocessed,K,0.7058823529411765,0.7119522945294269,0.7051502996843021,26.07,0.7,0.01,2,100,0.3,0.1,5.0,0.5,0.6
Preprocessed,K,0.7843137254901961,0.7889059566478922,0.7821812596006144,26.09,0.7,0.01,2,100,0.3,0.1,5.0,0.5,0.7
Preprocessed,K,0.803921568627451,0.8148320734527631,0.8059682400453192,26.08,0.7,0.01,2,100,0.3,0.1,5.0,0.5,0.8
Preprocessed,K,0.803921568627451,0.8066396567345334,0.8009581185158816,26.18,0.7,0.01,2,100,0.3,1.0,1.0,0.5,0.6
Preprocessed,K,0.803921568627451,0.8066396567345334,0.8009581185158816,26.48,0.7,0.01,2,100,0.3,1.0,1.0,0.5,0.7
Preprocessed,K,0.8823529411764706,0.888888888888889,0.8823529411764706,26.76,0.7,0.01,2,100,0.3,1.0,1.0,0.5,0.8
Preprocessed,K,0.6666666666666666,0.6726495726495726,0.6659987071751777,26.04,0.7,0.01,2,100,0.3,1.0,5.0,0.5,0.6
Preprocessed,K,0.7843137254901961,0.7889059566478922,0.7821812596006144,26.17,0.7,0.01,2,100,0.3,1.0,5.0,0.5,0.7
Preprocessed,K,0.7843137254901961,0.796024544118918,0.786054385456542,26.25,0.7,0.01,2,100,0.3,1.0,5.0,0.5,0.8
Preprocessed,K,0.803921568627451,0.8047385620915032,0.8006055363321799,63.25,0.7,0.01,2,150,0.1,0.1,1.0,0.5,0.6
Preprocessed,K,0.8431372549019608,0.8451797385620915,0.8397491349480969,63.32,0.7,0.01,2,150,0.1,0.1,1.0,0.5,0.7
Preprocessed,K,0.8823529411764706,0.888888888888889,0.8823529411764706,62.83,0.7,0.01,2,150,0.1,0.1,1.0,0.5,0.8
Preprocessed,K,0.803921568627451,0.8066396567345334,0.8009581185158816,62.65,0.7,0.01,2,150,0.1,0.1,5.0,0.5,0.6
Preprocessed,K,0.803921568627451,0.8066396567345334,0.8009581185158816,63.96,0.7,0.01,2,150,0.1,0.1,5.0,0.5,0.7
Preprocessed,K,0.8823529411764706,0.888888888888889,0.8823529411764706,63.21,0.7,0.01,2,150,0.1,0.1,5.0,0.5,0.8
Preprocessed,K,0.803921568627451,0.8066396567345334,0.8009581185158816,62.92,0.7,0.01,2,150,0.1,1.0,1.0,0.5,0.6
Preprocessed,K,0.8431372549019608,0.8451797385620915,0.8397491349480969,63.03,0.7,0.01,2,150,0.1,1.0,1.0,0.5,0.7
Preprocessed,K,0.8627450980392157,0.8670250896057348,0.861100569259962,63.32,0.7,0.01,2,150,0.1,1.0,1.0,0.5,0.8
Preprocessed,K,0.7843137254901961,0.7864553857762687,0.7795865375012483,63.19,0.7,0.01,2,150,0.1,1.0,5.0,0.5,0.6
Preprocessed,K,0.803921568627451,0.8066396567345334,0.8009581185158816,63.34,0.7,0.01,2,150,0.1,1.0,5.0,0.5,0.7
Preprocessed,K,0.8823529411764706,0.888888888888889,0.8823529411764706,63.05,0.7,0.01,2,150,0.1,1.0,5.0,0.5,0.8
Preprocessed,K,0.803921568627451,0.8047385620915032,0.8006055363321799,56.57,0.7,0.01,2,150,0.3,0.1,1.0,0.5,0.6
Preprocessed,K,0.8431372549019608,0.8451797385620915,0.8397491349480969,56.71,0.7,0.01,2,150,0.3,0.1,1.0,0.5,0.7
Preprocessed,K,0.8823529411764706,0.888888888888889,0.8823529411764706,56.48,0.7,0.01,2,150,0.3,0.1,1.0,0.5,0.8
Preprocessed,K,0.803921568627451,0.8066396567345334,0.8009581185158816,56.24,0.7,0.01,2,150,0.3,0.1,5.0,0.5,0.6
Preprocessed,K,0.7843137254901961,0.7889059566478922,0.7821812596006144,56.63,0.7,0.01,2,150,0.3,0.1,5.0,0.5,0.7
Preprocessed,K,0.8823529411764706,0.888888888888889,0.8823529411764706,56.48,0.7,0.01,2,150,0.3,0.1,5.0,0.5,0.8
Preprocessed,K,0.803921568627451,0.8066396567345334,0.8009581185158816,56.34,0.7,0.01,2,150,0.3,1.0,1.0,0.5,0.6
Preprocessed,K,0.8431372549019608,0.8451797385620915,0.8397491349480969,56.58,0.7,0.01,2,150,0.3,1.0,1.0,0.5,0.7
Preprocessed,K,0.8627450980392157,0.8670250896057348,0.861100569259962,56.1,0.7,0.01,2,150,0.3,1.0,1.0,0.5,0.8
Preprocessed,K,0.7843137254901961,0.7864553857762687,0.7795865375012483,55.98,0.7,0.01,2,150,0.3,1.0,5.0,0.5,0.6
Preprocessed,K,0.803921568627451,0.8066396567345334,0.8009581185158816,56.41,0.7,0.01,2,150,0.3,1.0,5.0,0.5,0.7
Preprocessed,K,0.8627450980392157,0.8702702702702703,0.8626391096979332,57.1,0.7,0.01,2,150,0.3,1.0,5.0,0.5,0.8
Preprocessed,K,0.6666666666666666,0.6708115639150122,0.6615895260925687,7.73,0.7,0.01,3,50,0.1,0.1,1.0,0.5,0.6
Preprocessed,K,0.7843137254901961,0.7919347919347919,0.7836172306760543,7.82,0.7,0.01,3,50,0.1,0.1,1.0,0.5,0.7
Preprocessed,K,0.8235294117647058,0.8333505919712817,0.8255760831825741,7.95,0.7,0.01,3,50,0.1,0.1,1.0,0.5,0.8
Preprocessed,K,0.43137254901960786,0.35185185185185186,0.37254901960784315,7.88,0.7,0.01,3,50,0.1,0.1,5.0,0.5,0.6
Preprocessed,K,0.5098039215686274,0.4088793412101683,0.4329310671637076,7.73,0.7,0.01,3,50,0.1,0.1,5.0,0.5,0.7
Preprocessed,K,0.7254901960784313,0.7375837375837376,0.7311972606090253,7.72,0.7,0.01,3,50,0.1,0.1,5.0,0.5,0.8
Preprocessed,K,0.6078431372549019,0.6122507122507123,0.6075414781297135,7.81,0.7,0.01,3,50,0.1,1.0,1.0,0.5,0.6
Preprocessed,K,0.7843137254901961,0.796024544118918,0.786054385456542,7.69,0.7,0.01,3,50,0.1,1.0,1.0,0.5,0.7
Preprocessed,K,0.7843137254901961,0.796024544118918,0.786054385456542,7.71,0.7,0.01,3,50,0.1,1.0,1.0,0.5,0.8
Preprocessed,K,0.43137254901960786,0.34074074074074073,0.3607843137254902,7.65,0.7,0.01,3,50,0.1,1.0,5.0,0.5,0.6
Preprocessed,K,0.5098039215686274,0.4088793412101683,0.4329310671637076,7.77,0.7,0.01,3,50,0.1,1.0,5.0,0.5,0.7
Preprocessed,K,0.5098039215686274,0.4088793412101683,0.4329310671637076,7.73,0.7,0.01,3,50,0.1,1.0,5.0,0.5,0.8
Preprocessed,K,0.6274509803921569,0.6326278659611992,0.6262682850918145,6.96,0.7,0.01,3,50,0.3,0.1,1.0,0.5,0.6
Preprocessed,K,0.7843137254901961,0.796024544118918,0.786054385456542,7.0,0.7,0.01,3,50,0.3,0.1,1.0,0.5,0.7
Preprocessed,K,0.803921568627451,0.8148320734527631,0.8059682400453192,7.09,0.7,0.01,3,50,0.3,0.1,1.0,0.5,0.8
Preprocessed,K,0.43137254901960786,0.34074074074074073,0.3607843137254902,7.31,0.7,0.01,3,50,0.3,0.1,5.0,0.5,0.6
Preprocessed,K,0.5098039215686274,0.4088793412101683,0.4329310671637076,7.02,0.7,0.01,3,50,0.3,0.1,5.0,0.5,0.7
Preprocessed,K,0.5098039215686274,0.40354609929078017,0.42728410513141424,7.0,0.7,0.01,3,50,0.3,0.1,5.0,0.5,0.8
Preprocessed,K,0.43137254901960786,0.35185185185185186,0.37254901960784315,7.12,0.7,0.01,3,50,0.3,1.0,1.0,0.5,0.6
Preprocessed,K,0.6274509803921569,0.6221367371918167,0.6251195704720075,7.1,0.7,0.01,3,50,0.3,1.0,1.0,0.5,0.7
Preprocessed,K,0.7450980392156863,0.7581265476002318,0.7504346451714874,7.11,0.7,0.01,3,50,0.3,1.0,1.0,0.5,0.8
Preprocessed,K,0.43137254901960786,0.34074074074074073,0.3607843137254902,7.09,0.7,0.01,3,50,0.3,1.0,5.0,0.5,0.6
Preprocessed,K,0.5098039215686274,0.4088793412101683,0.4329310671637076,7.03,0.7,0.01,3,50,0.3,1.0,5.0,0.5,0.7
Preprocessed,K,0.5098039215686274,0.40354609929078017,0.42728410513141424,7.0,0.7,0.01,3,50,0.3,1.0,5.0,0.5,0.8
Preprocessed,K,0.803921568627451,0.8066396567345334,0.8009581185158816,28.89,0.7,0.01,3,100,0.1,0.1,1.0,0.5,0.6
Preprocessed,K,0.8235294117647058,0.8264720942140298,0.8219571699647601,28.78,0.7,0.01,3,100,0.1,0.1,1.0,0.5,0.7
Preprocessed,K,0.8823529411764706,0.888888888888889,0.8823529411764706,29.06,0.7,0.01,3,100,0.1,0.1,1.0,0.5,0.8
Preprocessed,K,0.7450980392156863,0.7506649506649508,0.7438413203119086,28.76,0.7,0.01,3,100,0.1,0.1,5.0,0.5,0.6
Preprocessed,K,0.7843137254901961,0.7889059566478922,0.7821812596006144,29.07,0.7,0.01,3,100,0.1,0.1,5.0,0.5,0.7
Preprocessed,K,0.803921568627451,0.8148320734527631,0.8059682400453192,29.23,0.7,0.01,3,100,0.1,0.1,5.0,0.5,0.8
Preprocessed,K,0.803921568627451,0.8066396567345334,0.8009581185158816,28.61,0.7,0.01,3,100,0.1,1.0,1.0,0.5,0.6
Preprocessed,K,0.803921568627451,0.8066396567345334,0.8009581185158816,28.91,0.7,0.01,3,100,0.1,1.0,1.0,0.5,0.7
Preprocessed,K,0.8823529411764706,0.888888888888889,0.8823529411764706,28.97,0.7,0.01,3,100,0.1,1.0,1.0,0.5,0.8
Preprocessed,K,0.6666666666666666,0.6726495726495726,0.6659987071751777,28.75,0.7,0.01,3,100,0.1,1.0,5.0,0.5,0.6
Preprocessed,K,0.7843137254901961,0.7889059566478922,0.7821812596006144,29.13,0.7,0.01,3,100,0.1,1.0,5.0,0.5,0.7
Preprocessed,K,0.7843137254901961,0.796024544118918,0.786054385456542,28.75,0.7,0.01,3,100,0.1,1.0,5.0,0.5,0.8
Preprocessed,K,0.803921568627451,0.8066396567345334,0.8009581185158816,26.29,0.7,0.01,3,100,0.3,0.1,1.0,0.5,0.6
Preprocessed,K,0.8235294117647058,0.8264720942140298,0.8219571699647601,25.97,0.7,0.01,3,100,0.3,0.1,1.0,0.5,0.7
Preprocessed,K,0.8823529411764706,0.888888888888889,0.8823529411764706,26.34,0.7,0.01,3,100,0.3,0.1,1.0,0.5,0.8
Preprocessed,K,0.7058823529411765,0.7119522945294269,0.7051502996843021,26.12,0.7,0.01,3,100,0.3,0.1,5.0,0.5,0.6
Preprocessed,K,0.7843137254901961,0.7889059566478922,0.7821812596006144,26.02,0.7,0.01,3,100,0.3,0.1,5.0,0.5,0.7
Preprocessed,K,0.803921568627451,0.8148320734527631,0.8059682400453192,26.76,0.7,0.01,3,100,0.3,0.1,5.0,0.5,0.8
Preprocessed,K,0.803921568627451,0.8066396567345334,0.8009581185158816,25.93,0.7,0.01,3,100,0.3,1.0,1.0,0.5,0.6
Preprocessed,K,0.803921568627451,0.8066396567345334,0.8009581185158816,26.04,0.7,0.01,3,100,0.3,1.0,1.0,0.5,0.7
Preprocessed,K,0.8823529411764706,0.888888888888889,0.8823529411764706,26.15,0.7,0.01,3,100,0.3,1.0,1.0,0.5,0.8
Preprocessed,K,0.6666666666666666,0.6726495726495726,0.6659987071751777,26.02,0.7,0.01,3,100,0.3,1.0,5.0,0.5,0.6
Preprocessed,K,0.7843137254901961,0.7889059566478922,0.7821812596006144,26.08,0.7,0.01,3,100,0.3,1.0,5.0,0.5,0.7
Preprocessed,K,0.7843137254901961,0.796024544118918,0.786054385456542,26.08,0.7,0.01,3,100,0.3,1.0,5.0,0.5,0.8
Preprocessed,K,0.803921568627451,0.8047385620915032,0.8006055363321799,63.21,0.7,0.01,3,150,0.1,0.1,1.0,0.5,0.6
Preprocessed,K,0.8431372549019608,0.8451797385620915,0.8397491349480969,63.4,0.7,0.01,3,150,0.1,0.1,1.0,0.5,0.7
Preprocessed,K,0.8823529411764706,0.888888888888889,0.8823529411764706,63.7,0.7,0.01,3,150,0.1,0.1,1.0,0.5,0.8
Preprocessed,K,0.803921568627451,0.8066396567345334,0.8009581185158816,62.89,0.7,0.01,3,150,0.1,0.1,5.0,0.5,0.6
Preprocessed,K,0.803921568627451,0.8066396567345334,0.8009581185158816,63.26,0.7,0.01,3,150,0.1,0.1,5.0,0.5,0.7
Preprocessed,K,0.8823529411764706,0.888888888888889,0.8823529411764706,63.31,0.7,0.01,3,150,0.1,0.1,5.0,0.5,0.8
Preprocessed,K,0.803921568627451,0.8066396567345334,0.8009581185158816,62.74,0.7,0.01,3,150,0.1,1.0,1.0,0.5,0.6
Preprocessed,K,0.8431372549019608,0.8451797385620915,0.8397491349480969,62.86,0.7,0.01,3,150,0.1,1.0,1.0,0.5,0.7
Preprocessed,K,0.8627450980392157,0.8670250896057348,0.861100569259962,62.84,0.7,0.01,3,150,0.1,1.0,1.0,0.5,0.8
Preprocessed,K,0.7843137254901961,0.7864553857762687,0.7795865375012483,62.94,0.7,0.01,3,150,0.1,1.0,5.0,0.5,0.6
Preprocessed,K,0.803921568627451,0.8066396567345334,0.8009581185158816,62.79,0.7,0.01,3,150,0.1,1.0,5.0,0.5,0.7
Preprocessed,K,0.8823529411764706,0.888888888888889,0.8823529411764706,63.25,0.7,0.01,3,150,0.1,1.0,5.0,0.5,0.8
Preprocessed,K,0.803921568627451,0.8047385620915032,0.8006055363321799,56.26,0.7,0.01,3,150,0.3,0.1,1.0,0.5,0.6
Preprocessed,K,0.8431372549019608,0.8451797385620915,0.8397491349480969,56.31,0.7,0.01,3,150,0.3,0.1,1.0,0.5,0.7
Preprocessed,K,0.8823529411764706,0.888888888888889,0.8823529411764706,56.82,0.7,0.01,3,150,0.3,0.1,1.0,0.5,0.8
Preprocessed,K,0.803921568627451,0.8066396567345334,0.8009581185158816,56.08,0.7,0.01,3,150,0.3,0.1,5.0,0.5,0.6
Preprocessed,K,0.7843137254901961,0.7889059566478922,0.7821812596006144,56.8,0.7,0.01,3,150,0.3,0.1,5.0,0.5,0.7
Preprocessed,K,0.8823529411764706,0.888888888888889,0.8823529411764706,57.12,0.7,0.01,3,150,0.3,0.1,5.0,0.5,0.8
Preprocessed,K,0.803921568627451,0.8066396567345334,0.8009581185158816,56.18,0.7,0.01,3,150,0.3,1.0,1.0,0.5,0.6
Preprocessed,K,0.8431372549019608,0.8451797385620915,0.8397491349480969,56.44,0.7,0.01,3,150,0.3,1.0,1.0,0.5,0.7
Preprocessed,K,0.8627450980392157,0.8670250896057348,0.861100569259962,56.82,0.7,0.01,3,150,0.3,1.0,1.0,0.5,0.8
Preprocessed,K,0.7843137254901961,0.7864553857762687,0.7795865375012483,57.19,0.7,0.01,3,150,0.3,1.0,5.0,0.5,0.6
Preprocessed,K,0.803921568627451,0.8066396567345334,0.8009581185158816,56.75,0.7,0.01,3,150,0.3,1.0,5.0,0.5,0.7
Preprocessed,K,0.8627450980392157,0.8702702702702703,0.8626391096979332,56.73,0.7,0.01,3,150,0.3,1.0,5.0,0.5,0.8
Preprocessed,K,0.6666666666666666,0.6708115639150122,0.6615895260925687,7.74,0.7,0.01,4,50,0.1,0.1,1.0,0.5,0.6
Preprocessed,K,0.7843137254901961,0.7919347919347919,0.7836172306760543,7.85,0.7,0.01,4,50,0.1,0.1,1.0,0.5,0.7
Preprocessed,K,0.8235294117647058,0.8333505919712817,0.8255760831825741,8.04,0.7,0.01,4,50,0.1,0.1,1.0,0.5,0.8
Preprocessed,K,0.43137254901960786,0.35185185185185186,0.37254901960784315,7.82,0.7,0.01,4,50,0.1,0.1,5.0,0.5,0.6
Preprocessed,K,0.5098039215686274,0.4088793412101683,0.4329310671637076,7.93,0.7,0.01,4,50,0.1,0.1,5.0,0.5,0.7
Preprocessed,K,0.7254901960784313,0.7375837375837376,0.7311972606090253,7.78,0.7,0.01,4,50,0.1,0.1,5.0,0.5,0.8
Preprocessed,K,0.6078431372549019,0.6122507122507123,0.6075414781297135,7.71,0.7,0.01,4,50,0.1,1.0,1.0,0.5,0.6
Preprocessed,K,0.7843137254901961,0.796024544118918,0.786054385456542,7.87,0.7,0.01,4,50,0.1,1.0,1.0,0.5,0.7
Preprocessed,K,0.7843137254901961,0.796024544118918,0.786054385456542,7.96,0.7,0.01,4,50,0.1,1.0,1.0,0.5,0.8
Preprocessed,K,0.43137254901960786,0.34074074074074073,0.3607843137254902,7.67,0.7,0.01,4,50,0.1,1.0,5.0,0.5,0.6
Preprocessed,K,0.5098039215686274,0.4088793412101683,0.4329310671637076,7.73,0.7,0.01,4,50,0.1,1.0,5.0,0.5,0.7
Preprocessed,K,0.5098039215686274,0.4088793412101683,0.4329310671637076,7.81,0.7,0.01,4,50,0.1,1.0,5.0,0.5,0.8
Preprocessed,K,0.6274509803921569,0.6326278659611992,0.6262682850918145,7.13,0.7,0.01,4,50,0.3,0.1,1.0,0.5,0.6
Preprocessed,K,0.7843137254901961,0.796024544118918,0.786054385456542,7.01,0.7,0.01,4,50,0.3,0.1,1.0,0.5,0.7
Preprocessed,K,0.803921568627451,0.8148320734527631,0.8059682400453192,7.25,0.7,0.01,4,50,0.3,0.1,1.0,0.5,0.8
Preprocessed,K,0.43137254901960786,0.34074074074074073,0.3607843137254902,7.09,0.7,0.01,4,50,0.3,0.1,5.0,0.5,0.6
Preprocessed,K,0.5098039215686274,0.4088793412101683,0.4329310671637076,6.89,0.7,0.01,4,50,0.3,0.1,5.0,0.5,0.7
Preprocessed,K,0.5098039215686274,0.40354609929078017,0.42728410513141424,7.08,0.7,0.01,4,50,0.3,0.1,5.0,0.5,0.8
Preprocessed,K,0.43137254901960786,0.35185185185185186,0.37254901960784315,6.97,0.7,0.01,4,50,0.3,1.0,1.0,0.5,0.6
Preprocessed,K,0.6274509803921569,0.6221367371918167,0.6251195704720075,6.97,0.7,0.01,4,50,0.3,1.0,1.0,0.5,0.7
Preprocessed,K,0.7450980392156863,0.7581265476002318,0.7504346451714874,7.16,0.7,0.01,4,50,0.3,1.0,1.0,0.5,0.8
Preprocessed,K,0.43137254901960786,0.34074074074074073,0.3607843137254902,7.32,0.7,0.01,4,50,0.3,1.0,5.0,0.5,0.6
Preprocessed,K,0.5098039215686274,0.4088793412101683,0.4329310671637076,7.02,0.7,0.01,4,50,0.3,1.0,5.0,0.5,0.7
Preprocessed,K,0.5098039215686274,0.40354609929078017,0.42728410513141424,7.22,0.7,0.01,4,50,0.3,1.0,5.0,0.5,0.8
Preprocessed,K,0.803921568627451,0.8066396567345334,0.8009581185158816,29.09,0.7,0.01,4,100,0.1,0.1,1.0,0.5,0.6
Preprocessed,K,0.8235294117647058,0.8264720942140298,0.8219571699647601,29.13,0.7,0.01,4,100,0.1,0.1,1.0,0.5,0.7
Preprocessed,K,0.8823529411764706,0.888888888888889,0.8823529411764706,29.23,0.7,0.01,4,100,0.1,0.1,1.0,0.5,0.8
Preprocessed,K,0.7450980392156863,0.7506649506649508,0.7438413203119086,28.82,0.7,0.01,4,100,0.1,0.1,5.0,0.5,0.6
Preprocessed,K,0.7843137254901961,0.7889059566478922,0.7821812596006144,29.01,0.7,0.01,4,100,0.1,0.1,5.0,0.5,0.7
Preprocessed,K,0.803921568627451,0.8148320734527631,0.8059682400453192,29.42,0.7,0.01,4,100,0.1,0.1,5.0,0.5,0.8
Preprocessed,K,0.803921568627451,0.8066396567345334,0.8009581185158816,28.88,0.7,0.01,4,100,0.1,1.0,1.0,0.5,0.6
Preprocessed,K,0.803921568627451,0.8066396567345334,0.8009581185158816,29.42,0.7,0.01,4,100,0.1,1.0,1.0,0.5,0.7
Preprocessed,K,0.8823529411764706,0.888888888888889,0.8823529411764706,28.92,0.7,0.01,4,100,0.1,1.0,1.0,0.5,0.8
Preprocessed,K,0.6666666666666666,0.6726495726495726,0.6659987071751777,28.84,0.7,0.01,4,100,0.1,1.0,5.0,0.5,0.6
Preprocessed,K,0.7843137254901961,0.7889059566478922,0.7821812596006144,28.97,0.7,0.01,4,100,0.1,1.0,5.0,0.5,0.7
Preprocessed,K,0.7843137254901961,0.796024544118918,0.786054385456542,29.37,0.7,0.01,4,100,0.1,1.0,5.0,0.5,0.8
Preprocessed,K,0.803921568627451,0.8066396567345334,0.8009581185158816,26.77,0.7,0.01,4,100,0.3,0.1,1.0,0.5,0.6
Preprocessed,K,0.8235294117647058,0.8264720942140298,0.8219571699647601,26.65,0.7,0.01,4,100,0.3,0.1,1.0,0.5,0.7
Preprocessed,K,0.8823529411764706,0.888888888888889,0.8823529411764706,26.83,0.7,0.01,4,100,0.3,0.1,1.0,0.5,0.8
Preprocessed,K,0.7058823529411765,0.7119522945294269,0.7051502996843021,26.59,0.7,0.01,4,100,0.3,0.1,5.0,0.5,0.6
Preprocessed,K,0.7843137254901961,0.7889059566478922,0.7821812596006144,26.49,0.7,0.01,4,100,0.3,0.1,5.0,0.5,0.7
Preprocessed,K,0.803921568627451,0.8148320734527631,0.8059682400453192,26.61,0.7,0.01,4,100,0.3,0.1,5.0,0.5,0.8
Preprocessed,K,0.803921568627451,0.8066396567345334,0.8009581185158816,26.18,0.7,0.01,4,100,0.3,1.0,1.0,0.5,0.6
Preprocessed,K,0.803921568627451,0.8066396567345334,0.8009581185158816,26.28,0.7,0.01,4,100,0.3,1.0,1.0,0.5,0.7
Preprocessed,K,0.8823529411764706,0.888888888888889,0.8823529411764706,26.73,0.7,0.01,4,100,0.3,1.0,1.0,0.5,0.8
Preprocessed,K,0.6666666666666666,0.6726495726495726,0.6659987071751777,26.05,0.7,0.01,4,100,0.3,1.0,5.0,0.5,0.6
Preprocessed,K,0.7843137254901961,0.7889059566478922,0.7821812596006144,26.21,0.7,0.01,4,100,0.3,1.0,5.0,0.5,0.7
Preprocessed,K,0.7843137254901961,0.796024544118918,0.786054385456542,26.37,0.7,0.01,4,100,0.3,1.0,5.0,0.5,0.8
Preprocessed,K,0.803921568627451,0.8047385620915032,0.8006055363321799,62.94,0.7,0.01,4,150,0.1,0.1,1.0,0.5,0.6
Preprocessed,K,0.8431372549019608,0.8451797385620915,0.8397491349480969,63.91,0.7,0.01,4,150,0.1,0.1,1.0,0.5,0.7
Preprocessed,K,0.8823529411764706,0.888888888888889,0.8823529411764706,63.59,0.7,0.01,4,150,0.1,0.1,1.0,0.5,0.8
Preprocessed,K,0.803921568627451,0.8066396567345334,0.8009581185158816,62.9,0.7,0.01,4,150,0.1,0.1,5.0,0.5,0.6
Preprocessed,K,0.803921568627451,0.8066396567345334,0.8009581185158816,63.53,0.7,0.01,4,150,0.1,0.1,5.0,0.5,0.7
Preprocessed,K,0.8823529411764706,0.888888888888889,0.8823529411764706,63.29,0.7,0.01,4,150,0.1,0.1,5.0,0.5,0.8
Preprocessed,K,0.803921568627451,0.8066396567345334,0.8009581185158816,63.1,0.7,0.01,4,150,0.1,1.0,1.0,0.5,0.6
Preprocessed,K,0.8431372549019608,0.8451797385620915,0.8397491349480969,63.56,0.7,0.01,4,150,0.1,1.0,1.0,0.5,0.7
Preprocessed,K,0.8627450980392157,0.8670250896057348,0.861100569259962,63.5,0.7,0.01,4,150,0.1,1.0,1.0,0.5,0.8
Preprocessed,K,0.7843137254901961,0.7864553857762687,0.7795865375012483,63.08,0.7,0.01,4,150,0.1,1.0,5.0,0.5,0.6
Preprocessed,K,0.803921568627451,0.8066396567345334,0.8009581185158816,62.93,0.7,0.01,4,150,0.1,1.0,5.0,0.5,0.7
Preprocessed,K,0.8823529411764706,0.888888888888889,0.8823529411764706,63.72,0.7,0.01,4,150,0.1,1.0,5.0,0.5,0.8
Preprocessed,K,0.803921568627451,0.8047385620915032,0.8006055363321799,56.47,0.7,0.01,4,150,0.3,0.1,1.0,0.5,0.6
Preprocessed,K,0.8431372549019608,0.8451797385620915,0.8397491349480969,56.78,0.7,0.01,4,150,0.3,0.1,1.0,0.5,0.7
Preprocessed,K,0.8823529411764706,0.888888888888889,0.8823529411764706,56.97,0.7,0.01,4,150,0.3,0.1,1.0,0.5,0.8
Preprocessed,K,0.803921568627451,0.8066396567345334,0.8009581185158816,56.64,0.7,0.01,4,150,0.3,0.1,5.0,0.5,0.6
Preprocessed,K,0.7843137254901961,0.7889059566478922,0.7821812596006144,57.27,0.7,0.01,4,150,0.3,0.1,5.0,0.5,0.7
Preprocessed,K,0.8823529411764706,0.888888888888889,0.8823529411764706,56.97,0.7,0.01,4,150,0.3,0.1,5.0,0.5,0.8
Preprocessed,K,0.803921568627451,0.8066396567345334,0.8009581185158816,56.81,0.7,0.01,4,150,0.3,1.0,1.0,0.5,0.6
Preprocessed,K,0.8431372549019608,0.8451797385620915,0.8397491349480969,56.67,0.7,0.01,4,150,0.3,1.0,1.0,0.5,0.7
Preprocessed,K,0.8627450980392157,0.8670250896057348,0.861100569259962,56.57,0.7,0.01,4,150,0.3,1.0,1.0,0.5,0.8
Preprocessed,K,0.7843137254901961,0.7864553857762687,0.7795865375012483,56.32,0.7,0.01,4,150,0.3,1.0,5.0,0.5,0.6
Preprocessed,K,0.803921568627451,0.8066396567345334,0.8009581185158816,56.48,0.7,0.01,4,150,0.3,1.0,5.0,0.5,0.7
Preprocessed,K,0.8627450980392157,0.8702702702702703,0.8626391096979332,56.83,0.7,0.01,4,150,0.3,1.0,5.0,0.5,0.8
Preprocessed,K,0.803921568627451,0.8047385620915032,0.8006055363321799,7.79,0.7,0.05,2,50,0.1,0.1,1.0,0.5,0.6
Preprocessed,K,0.8235294117647058,0.8232323232323232,0.8181818181818183,7.73,0.7,0.05,2,50,0.1,0.1,1.0,0.5,0.7
Preprocessed,K,0.8823529411764706,0.888888888888889,0.8823529411764706,7.88,0.7,0.05,2,50,0.1,0.1,1.0,0.5,0.8
Preprocessed,K,0.7450980392156863,0.7416253101736974,0.7337797401839148,7.93,0.7,0.05,2,50,0.1,0.1,5.0,0.5,0.6
Preprocessed,K,0.8431372549019608,0.8451797385620915,0.8397491349480969,7.77,0.7,0.05,2,50,0.1,0.1,5.0,0.5,0.7
Preprocessed,K,0.8627450980392157,0.8670250896057348,0.861100569259962,7.77,0.7,0.05,2,50,0.1,0.1,5.0,0.5,0.8
Preprocessed,K,0.7450980392156863,0.7416253101736974,0.7337797401839148,7.66,0.7,0.05,2,50,0.1,1.0,1.0,0.5,0.6
Preprocessed,K,0.8235294117647058,0.8232323232323232,0.8181818181818183,7.67,0.7,0.05,2,50,0.1,1.0,1.0,0.5,0.7
Preprocessed,K,0.8823529411764706,0.888888888888889,0.8823529411764706,7.79,0.7,0.05,2,50,0.1,1.0,1.0,0.5,0.8
Preprocessed,K,0.7647058823529411,0.765818858560794,0.7577360969201576,7.65,0.7,0.05,2,50,0.1,1.0,5.0,0.5,0.6
Preprocessed,K,0.8431372549019608,0.8451797385620915,0.8397491349480969,7.72,0.7,0.05,2,50,0.1,1.0,5.0,0.5,0.7
Preprocessed,K,0.8823529411764706,0.888888888888889,0.8823529411764706,7.93,0.7,0.05,2,50,0.1,1.0,5.0,0.5,0.8
Preprocessed,K,0.803921568627451,0.8047385620915032,0.8006055363321799,7.06,0.7,0.05,2,50,0.3,0.1,1.0,0.5,0.6
Preprocessed,K,0.8431372549019608,0.8451797385620915,0.8397491349480969,7.01,0.7,0.05,2,50,0.3,0.1,1.0,0.5,0.7
Preprocessed,K,0.8823529411764706,0.888888888888889,0.8823529411764706,6.95,0.7,0.05,2,50,0.3,0.1,1.0,0.5,0.8
Preprocessed,K,0.7843137254901961,0.7864553857762687,0.7795865375012483,6.93,0.7,0.05,2,50,0.3,0.1,5.0,0.5,0.6
Preprocessed,K,0.8431372549019608,0.8451797385620915,0.8397491349480969,6.81,0.7,0.05,2,50,0.3,0.1,5.0,0.5,0.7
Preprocessed,K,0.8431372549019608,0.8485065710872163,0.8414927261227071,7.18,0.7,0.05,2,50,0.3,0.1,5.0,0.5,0.8
Preprocessed,K,0.7843137254901961,0.7864553857762687,0.7795865375012483,7.09,0.7,0.05,2,50,0.3,1.0,1.0,0.5,0.6
Preprocessed,K,0.8431372549019608,0.8451797385620915,0.8397491349480969,6.86,0.7,0.05,2,50,0.3,1.0,1.0,0.5,0.7
Preprocessed,K,0.8627450980392157,0.8670250896057348,0.861100569259962,7.01,0.7,0.05,2,50,0.3,1.0,1.0,0.5,0.8
Preprocessed,K,0.7647058823529411,0.765818858560794,0.7577360969201576,7.07,0.7,0.05,2,50,0.3,1.0,5.0,0.5,0.6
Preprocessed,K,0.8235294117647058,0.8264720942140298,0.8219571699647601,6.96,0.7,0.05,2,50,0.3,1.0,5.0,0.5,0.7
Preprocessed,K,0.8431372549019608,0.8485065710872163,0.8414927261227071,6.97,0.7,0.05,2,50,0.3,1.0,5.0,0.5,0.8
Preprocessed,K,0.8431372549019608,0.8460488137907493,0.8426854612812867,28.74,0.7,0.05,2,100,0.1,0.1,1.0,0.5,0.6
Preprocessed,K,0.8235294117647058,0.8232323232323232,0.8181818181818183,28.75,0.7,0.05,2,100,0.1,0.1,1.0,0.5,0.7
Preprocessed,K,0.8823529411764706,0.888888888888889,0.8823529411764706,28.67,0.7,0.05,2,100,0.1,0.1,1.0,0.5,0.8
Preprocessed,K,0.803921568627451,0.8047385620915032,0.8006055363321799,28.76,0.7,0.05,2,100,0.1,0.1,5.0,0.5,0.6
Preprocessed,K,0.8431372549019608,0.8451797385620915,0.8397491349480969,28.94,0.7,0.05,2,100,0.1,0.1,5.0,0.5,0.7
Preprocessed,K,0.8627450980392157,0.8670250896057348,0.861100569259962,28.65,0.7,0.05,2,100,0.1,0.1,5.0,0.5,0.8
Preprocessed,K,0.8431372549019608,0.8460488137907493,0.8426854612812867,28.95,0.7,0.05,2,100,0.1,1.0,1.0,0.5,0.6
Preprocessed,K,0.8431372549019608,0.8451797385620915,0.8397491349480969,28.72,0.7,0.05,2,100,0.1,1.0,1.0,0.5,0.7
Preprocessed,K,0.8823529411764706,0.888888888888889,0.8823529411764706,28.97,0.7,0.05,2,100,0.1,1.0,1.0,0.5,0.8
Preprocessed,K,0.803921568627451,0.8047385620915032,0.8006055363321799,28.76,0.7,0.05,2,100,0.1,1.0,5.0,0.5,0.6
Preprocessed,K,0.8431372549019608,0.8451797385620915,0.8397491349480969,28.72,0.7,0.05,2,100,0.1,1.0,5.0,0.5,0.7
Preprocessed,K,0.8431372549019608,0.8451797385620915,0.8397491349480969,28.95,0.7,0.05,2,100,0.1,1.0,5.0,0.5,0.8
Preprocessed,K,0.8431372549019608,0.8460488137907493,0.8426854612812867,26.03,0.7,0.05,2,100,0.3,0.1,1.0,0.5,0.6
Preprocessed,K,0.8431372549019608,0.8451797385620915,0.8397491349480969,26.21,0.7,0.05,2,100,0.3,0.1,1.0,0.5,0.7
Preprocessed,K,0.8823529411764706,0.888888888888889,0.8823529411764706,26.1,0.7,0.05,2,100,0.3,0.1,1.0,0.5,0.8
Preprocessed,K,0.803921568627451,0.8047385620915032,0.8006055363321799,26.02,0.7,0.05,2,100,0.3,0.1,5.0,0.5,0.6
Preprocessed,K,0.8431372549019608,0.8451797385620915,0.8397491349480969,26.02,0.7,0.05,2,100,0.3,0.1,5.0,0.5,0.7
Preprocessed,K,0.8431372549019608,0.8451797385620915,0.8397491349480969,26.58,0.7,0.05,2,100,0.3,0.1,5.0,0.5,0.8
Preprocessed,K,0.8235294117647058,0.8250000000000001,0.8220588235294117,26.12,0.7,0.05,2,100,0.3,1.0,1.0,0.5,0.6
Preprocessed,K,0.8431372549019608,0.8451797385620915,0.8397491349480969,26.06,0.7,0.05,2,100,0.3,1.0,1.0,0.5,0.7
Preprocessed,K,0.8627450980392157,0.8670250896057348,0.861100569259962,26.04,0.7,0.05,2,100,0.3,1.0,1.0,0.5,0.8
Preprocessed,K,0.803921568627451,0.8047385620915032,0.8006055363321799,26.26,0.7,0.05,2,100,0.3,1.0,5.0,0.5,0.6
Preprocessed,K,0.8431372549019608,0.8451797385620915,0.8397491349480969,26.04,0.7,0.05,2,100,0.3,1.0,5.0,0.5,0.7
Preprocessed,K,0.8431372549019608,0.8451797385620915,0.8397491349480969,26.0,0.7,0.05,2,100,0.3,1.0,5.0,0.5,0.8
Preprocessed,K,0.803921568627451,0.8084826762246117,0.802909550917141,62.55,0.7,0.05,2,150,0.1,0.1,1.0,0.5,0.6
Preprocessed,K,0.8431372549019608,0.8451797385620915,0.8397491349480969,62.5,0.7,0.05,2,150,0.1,0.1,1.0,0.5,0.7
Preprocessed,K,0.8823529411764706,0.888888888888889,0.8823529411764706,62.83,0.7,0.05,2,150,0.1,0.1,1.0,0.5,0.8
Preprocessed,K,0.803921568627451,0.8047385620915032,0.8006055363321799,63.21,0.7,0.05,2,150,0.1,0.1,5.0,0.5,0.6
Preprocessed,K,0.8431372549019608,0.8451797385620915,0.8397491349480969,62.91,0.7,0.05,2,150,0.1,0.1,5.0,0.5,0.7
Preprocessed,K,0.8431372549019608,0.8451797385620915,0.8397491349480969,62.63,0.7,0.05,2,150,0.1,0.1,5.0,0.5,0.8
Preprocessed,K,0.8431372549019608,0.8460488137907493,0.8426854612812867,62.84,0.7,0.05,2,150,0.1,1.0,1.0,0.5,0.6
Preprocessed,K,0.8431372549019608,0.8451797385620915,0.8397491349480969,62.87,0.7,0.05,2,150,0.1,1.0,1.0,0.5,0.7
Preprocessed,K,0.8627450980392157,0.8670250896057348,0.861100569259962,63.28,0.7,0.05,2,150,0.1,1.0,1.0,0.5,0.8
Preprocessed,K,0.803921568627451,0.8047385620915032,0.8006055363321799,63.25,0.7,0.05,2,150,0.1,1.0,5.0,0.5,0.6
Preprocessed,K,0.8431372549019608,0.8451797385620915,0.8397491349480969,63.61,0.7,0.05,2,150,0.1,1.0,5.0,0.5,0.7
Preprocessed,K,0.8431372549019608,0.8451797385620915,0.8397491349480969,63.12,0.7,0.05,2,150,0.1,1.0,5.0,0.5,0.8
Preprocessed,K,0.8235294117647058,0.8264720942140298,0.8219571699647601,56.3,0.7,0.05,2,150,0.3,0.1,1.0,0.5,0.6
Preprocessed,K,0.8431372549019608,0.8451797385620915,0.8397491349480969,56.52,0.7,0.05,2,150,0.3,0.1,1.0,0.5,0.7
Preprocessed,K,0.8823529411764706,0.888888888888889,0.8823529411764706,56.83,0.7,0.05,2,150,0.3,0.1,1.0,0.5,0.8
Preprocessed,K,0.803921568627451,0.8047385620915032,0.8006055363321799,56.66,0.7,0.05,2,150,0.3,0.1,5.0,0.5,0.6
Preprocessed,K,0.8431372549019608,0.8451797385620915,0.8397491349480969,56.14,0.7,0.05,2,150,0.3,0.1,5.0,0.5,0.7
Preprocessed,K,0.8431372549019608,0.8451797385620915,0.8397491349480969,56.22,0.7,0.05,2,150,0.3,0.1,5.0,0.5,0.8
Preprocessed,K,0.8235294117647058,0.8250000000000001,0.8220588235294117,56.56,0.7,0.05,2,150,0.3,1.0,1.0,0.5,0.6
Preprocessed,K,0.8431372549019608,0.8451797385620915,0.8397491349480969,56.72,0.7,0.05,2,150,0.3,1.0,1.0,0.5,0.7
Preprocessed,K,0.8431372549019608,0.8451797385620915,0.8397491349480969,56.37,0.7,0.05,2,150,0.3,1.0,1.0,0.5,0.8
Preprocessed,K,0.803921568627451,0.8047385620915032,0.8006055363321799,56.52,0.7,0.05,2,150,0.3,1.0,5.0,0.5,0.6
Preprocessed,K,0.8431372549019608,0.8451797385620915,0.8397491349480969,56.15,0.7,0.05,2,150,0.3,1.0,5.0,0.5,0.7
Preprocessed,K,0.8431372549019608,0.8451797385620915,0.8397491349480969,56.36,0.7,0.05,2,150,0.3,1.0,5.0,0.5,0.8
Preprocessed,K,0.803921568627451,0.8047385620915032,0.8006055363321799,7.76,0.7,0.05,3,50,0.1,0.1,1.0,0.5,0.6
Preprocessed,K,0.8235294117647058,0.8232323232323232,0.8181818181818183,7.82,0.7,0.05,3,50,0.1,0.1,1.0,0.5,0.7
Preprocessed,K,0.8823529411764706,0.888888888888889,0.8823529411764706,7.67,0.7,0.05,3,50,0.1,0.1,1.0,0.5,0.8
Preprocessed,K,0.7450980392156863,0.7416253101736974,0.7337797401839148,7.81,0.7,0.05,3,50,0.1,0.1,5.0,0.5,0.6
Preprocessed,K,0.8431372549019608,0.8451797385620915,0.8397491349480969,7.71,0.7,0.05,3,50,0.1,0.1,5.0,0.5,0.7
Preprocessed,K,0.8627450980392157,0.8670250896057348,0.861100569259962,8.16,0.7,0.05,3,50,0.1,0.1,5.0,0.5,0.8
Preprocessed,K,0.7450980392156863,0.7416253101736974,0.7337797401839148,7.64,0.7,0.05,3,50,0.1,1.0,1.0,0.5,0.6
Preprocessed,K,0.8235294117647058,0.8232323232323232,0.8181818181818183,7.87,0.7,0.05,3,50,0.1,1.0,1.0,0.5,0.7
Preprocessed,K,0.8823529411764706,0.888888888888889,0.8823529411764706,7.8,0.7,0.05,3,50,0.1,1.0,1.0,0.5,0.8
Preprocessed,K,0.7647058823529411,0.765818858560794,0.7577360969201576,7.82,0.7,0.05,3,50,0.1,1.0,5.0,0.5,0.6
Preprocessed,K,0.8431372549019608,0.8451797385620915,0.8397491349480969,7.77,0.7,0.05,3,50,0.1,1.0,5.0,0.5,0.7
Preprocessed,K,0.8823529411764706,0.888888888888889,0.8823529411764706,7.82,0.7,0.05,3,50,0.1,1.0,5.0,0.5,0.8
Preprocessed,K,0.803921568627451,0.8047385620915032,0.8006055363321799,7.03,0.7,0.05,3,50,0.3,0.1,1.0,0.5,0.6
Preprocessed,K,0.8431372549019608,0.8451797385620915,0.8397491349480969,6.99,0.7,0.05,3,50,0.3,0.1,1.0,0.5,0.7
Preprocessed,K,0.8823529411764706,0.888888888888889,0.8823529411764706,7.23,0.7,0.05,3,50,0.3,0.1,1.0,0.5,0.8
Preprocessed,K,0.7843137254901961,0.7864553857762687,0.7795865375012483,7.1,0.7,0.05,3,50,0.3,0.1,5.0,0.5,0.6
Preprocessed,K,0.8431372549019608,0.8451797385620915,0.8397491349480969,6.95,0.7,0.05,3,50,0.3,0.1,5.0,0.5,0.7
Preprocessed,K,0.8431372549019608,0.8485065710872163,0.8414927261227071,7.01,0.7,0.05,3,50,0.3,0.1,5.0,0.5,0.8
Preprocessed,K,0.7843137254901961,0.7864553857762687,0.7795865375012483,6.94,0.7,0.05,3,50,0.3,1.0,1.0,0.5,0.6
Preprocessed,K,0.8431372549019608,0.8451797385620915,0.8397491349480969,7.08,0.7,0.05,3,50,0.3,1.0,1.0,0.5,0.7
Preprocessed,K,0.8627450980392157,0.8670250896057348,0.861100569259962,7.02,0.7,0.05,3,50,0.3,1.0,1.0,0.5,0.8
Preprocessed,K,0.7647058823529411,0.765818858560794,0.7577360969201576,7.01,0.7,0.05,3,50,0.3,1.0,5.0,0.5,0.6
Preprocessed,K,0.8235294117647058,0.8264720942140298,0.8219571699647601,7.14,0.7,0.05,3,50,0.3,1.0,5.0,0.5,0.7
Preprocessed,K,0.8431372549019608,0.8485065710872163,0.8414927261227071,6.95,0.7,0.05,3,50,0.3,1.0,5.0,0.5,0.8
Preprocessed,K,0.8431372549019608,0.8460488137907493,0.8426854612812867,28.73,0.7,0.05,3,100,0.1,0.1,1.0,0.5,0.6
Preprocessed,K,0.8235294117647058,0.8232323232323232,0.8181818181818183,29.3,0.7,0.05,3,100,0.1,0.1,1.0,0.5,0.7
Preprocessed,K,0.8823529411764706,0.888888888888889,0.8823529411764706,28.85,0.7,0.05,3,100,0.1,0.1,1.0,0.5,0.8
Preprocessed,K,0.803921568627451,0.8047385620915032,0.8006055363321799,28.85,0.7,0.05,3,100,0.1,0.1,5.0,0.5,0.6
Preprocessed,K,0.8431372549019608,0.8451797385620915,0.8397491349480969,28.99,0.7,0.05,3,100,0.1,0.1,5.0,0.5,0.7
Preprocessed,K,0.8627450980392157,0.8670250896057348,0.861100569259962,29.12,0.7,0.05,3,100,0.1,0.1,5.0,0.5,0.8
Preprocessed,K,0.8431372549019608,0.8460488137907493,0.8426854612812867,28.6,0.7,0.05,3,100,0.1,1.0,1.0,0.5,0.6
Preprocessed,K,0.8431372549019608,0.8451797385620915,0.8397491349480969,29.2,0.7,0.05,3,100,0.1,1.0,1.0,0.5,0.7
Preprocessed,K,0.8823529411764706,0.888888888888889,0.8823529411764706,29.12,0.7,0.05,3,100,0.1,1.0,1.0,0.5,0.8
Preprocessed,K,0.803921568627451,0.8047385620915032,0.8006055363321799,28.71,0.7,0.05,3,100,0.1,1.0,5.0,0.5,0.6
Preprocessed,K,0.8431372549019608,0.8451797385620915,0.8397491349480969,29.04,0.7,0.05,3,100,0.1,1.0,5.0,0.5,0.7
Preprocessed,K,0.8431372549019608,0.8451797385620915,0.8397491349480969,29.22,0.7,0.05,3,100,0.1,1.0,5.0,0.5,0.8
Preprocessed,K,0.8431372549019608,0.8460488137907493,0.8426854612812867,26.21,0.7,0.05,3,100,0.3,0.1,1.0,0.5,0.6
Preprocessed,K,0.8431372549019608,0.8451797385620915,0.8397491349480969,26.16,0.7,0.05,3,100,0.3,0.1,1.0,0.5,0.7
Preprocessed,K,0.8823529411764706,0.888888888888889,0.8823529411764706,26.64,0.7,0.05,3,100,0.3,0.1,1.0,0.5,0.8
Preprocessed,K,0.803921568627451,0.8047385620915032,0.8006055363321799,26.18,0.7,0.05,3,100,0.3,0.1,5.0,0.5,0.6
Preprocessed,K,0.8431372549019608,0.8451797385620915,0.8397491349480969,26.3,0.7,0.05,3,100,0.3,0.1,5.0,0.5,0.7
Preprocessed,K,0.8431372549019608,0.8451797385620915,0.8397491349480969,26.42,0.7,0.05,3,100,0.3,0.1,5.0,0.5,0.8
Preprocessed,K,0.8235294117647058,0.8250000000000001,0.8220588235294117,26.09,0.7,0.05,3,100,0.3,1.0,1.0,0.5,0.6
Preprocessed,K,0.8431372549019608,0.8451797385620915,0.8397491349480969,26.1,0.7,0.05,3,100,0.3,1.0,1.0,0.5,0.7
Preprocessed,K,0.8627450980392157,0.8670250896057348,0.861100569259962,26.32,0.7,0.05,3,100,0.3,1.0,1.0,0.5,0.8
Preprocessed,K,0.803921568627451,0.8047385620915032,0.8006055363321799,26.32,0.7,0.05,3,100,0.3,1.0,5.0,0.5,0.6
Preprocessed,K,0.8431372549019608,0.8451797385620915,0.8397491349480969,26.24,0.7,0.05,3,100,0.3,1.0,5.0,0.5,0.7
Preprocessed,K,0.8431372549019608,0.8451797385620915,0.8397491349480969,26.46,0.7,0.05,3,100,0.3,1.0,5.0,0.5,0.8
Preprocessed,K,0.803921568627451,0.8084826762246117,0.802909550917141,62.86,0.7,0.05,3,150,0.1,0.1,1.0,0.5,0.6
Preprocessed,K,0.8431372549019608,0.8451797385620915,0.8397491349480969,62.76,0.7,0.05,3,150,0.1,0.1,1.0,0.5,0.7
Preprocessed,K,0.8823529411764706,0.888888888888889,0.8823529411764706,63.15,0.7,0.05,3,150,0.1,0.1,1.0,0.5,0.8
Preprocessed,K,0.803921568627451,0.8047385620915032,0.8006055363321799,62.67,0.7,0.05,3,150,0.1,0.1,5.0,0.5,0.6
Preprocessed,K,0.8431372549019608,0.8451797385620915,0.8397491349480969,63.37,0.7,0.05,3,150,0.1,0.1,5.0,0.5,0.7
Preprocessed,K,0.8431372549019608,0.8451797385620915,0.8397491349480969,63.07,0.7,0.05,3,150,0.1,0.1,5.0,0.5,0.8
Preprocessed,K,0.8431372549019608,0.8460488137907493,0.8426854612812867,62.67,0.7,0.05,3,150,0.1,1.0,1.0,0.5,0.6
Preprocessed,K,0.8431372549019608,0.8451797385620915,0.8397491349480969,63.42,0.7,0.05,3,150,0.1,1.0,1.0,0.5,0.7
Preprocessed,K,0.8627450980392157,0.8670250896057348,0.861100569259962,63.28,0.7,0.05,3,150,0.1,1.0,1.0,0.5,0.8
Preprocessed,K,0.803921568627451,0.8047385620915032,0.8006055363321799,63.12,0.7,0.05,3,150,0.1,1.0,5.0,0.5,0.6
Preprocessed,K,0.8431372549019608,0.8451797385620915,0.8397491349480969,63.4,0.7,0.05,3,150,0.1,1.0,5.0,0.5,0.7
Preprocessed,K,0.8431372549019608,0.8451797385620915,0.8397491349480969,63.41,0.7,0.05,3,150,0.1,1.0,5.0,0.5,0.8
Preprocessed,K,0.8235294117647058,0.8264720942140298,0.8219571699647601,56.27,0.7,0.05,3,150,0.3,0.1,1.0,0.5,0.6
Preprocessed,K,0.8431372549019608,0.8451797385620915,0.8397491349480969,56.34,0.7,0.05,3,150,0.3,0.1,1.0,0.5,0.7
Preprocessed,K,0.8823529411764706,0.888888888888889,0.8823529411764706,56.46,0.7,0.05,3,150,0.3,0.1,1.0,0.5,0.8
Preprocessed,K,0.803921568627451,0.8047385620915032,0.8006055363321799,56.2,0.7,0.05,3,150,0.3,0.1,5.0,0.5,0.6
Preprocessed,K,0.8431372549019608,0.8451797385620915,0.8397491349480969,56.52,0.7,0.05,3,150,0.3,0.1,5.0,0.5,0.7
Preprocessed,K,0.8431372549019608,0.8451797385620915,0.8397491349480969,56.06,0.7,0.05,3,150,0.3,0.1,5.0,0.5,0.8
Preprocessed,K,0.8235294117647058,0.8250000000000001,0.8220588235294117,56.36,0.7,0.05,3,150,0.3,1.0,1.0,0.5,0.6
Preprocessed,K,0.8431372549019608,0.8451797385620915,0.8397491349480969,56.84,0.7,0.05,3,150,0.3,1.0,1.0,0.5,0.7
Preprocessed,K,0.8431372549019608,0.8451797385620915,0.8397491349480969,56.5,0.7,0.05,3,150,0.3,1.0,1.0,0.5,0.8
Preprocessed,K,0.803921568627451,0.8047385620915032,0.8006055363321799,56.22,0.7,0.05,3,150,0.3,1.0,5.0,0.5,0.6
Preprocessed,K,0.8431372549019608,0.8451797385620915,0.8397491349480969,56.54,0.7,0.05,3,150,0.3,1.0,5.0,0.5,0.7
Preprocessed,K,0.8431372549019608,0.8451797385620915,0.8397491349480969,56.52,0.7,0.05,3,150,0.3,1.0,5.0,0.5,0.8
Preprocessed,K,0.803921568627451,0.8047385620915032,0.8006055363321799,7.67,0.7,0.05,4,50,0.1,0.1,1.0,0.5,0.6
Preprocessed,K,0.8235294117647058,0.8232323232323232,0.8181818181818183,7.86,0.7,0.05,4,50,0.1,0.1,1.0,0.5,0.7
Preprocessed,K,0.8823529411764706,0.888888888888889,0.8823529411764706,7.83,0.7,0.05,4,50,0.1,0.1,1.0,0.5,0.8
Preprocessed,K,0.7450980392156863,0.7416253101736974,0.7337797401839148,7.61,0.7,0.05,4,50,0.1,0.1,5.0,0.5,0.6
Preprocessed,K,0.8431372549019608,0.8451797385620915,0.8397491349480969,7.85,0.7,0.05,4,50,0.1,0.1,5.0,0.5,0.7
Preprocessed,K,0.8627450980392157,0.8670250896057348,0.861100569259962,7.78,0.7,0.05,4,50,0.1,0.1,5.0,0.5,0.8
Preprocessed,K,0.7450980392156863,0.7416253101736974,0.7337797401839148,7.69,0.7,0.05,4,50,0.1,1.0,1.0,0.5,0.6
Preprocessed,K,0.8235294117647058,0.8232323232323232,0.8181818181818183,7.74,0.7,0.05,4,50,0.1,1.0,1.0,0.5,0.7
Preprocessed,K,0.8823529411764706,0.888888888888889,0.8823529411764706,7.75,0.7,0.05,4,50,0.1,1.0,1.0,0.5,0.8
Preprocessed,K,0.7647058823529411,0.765818858560794,0.7577360969201576,7.75,0.7,0.05,4,50,0.1,1.0,5.0,0.5,0.6
Preprocessed,K,0.8431372549019608,0.8451797385620915,0.8397491349480969,7.75,0.7,0.05,4,50,0.1,1.0,5.0,0.5,0.7
Preprocessed,K,0.8823529411764706,0.888888888888889,0.8823529411764706,7.81,0.7,0.05,4,50,0.1,1.0,5.0,0.5,0.8
Preprocessed,K,0.803921568627451,0.8047385620915032,0.8006055363321799,7.11,0.7,0.05,4,50,0.3,0.1,1.0,0.5,0.6
Preprocessed,K,0.8431372549019608,0.8451797385620915,0.8397491349480969,6.93,0.7,0.05,4,50,0.3,0.1,1.0,0.5,0.7
Preprocessed,K,0.8823529411764706,0.888888888888889,0.8823529411764706,7.28,0.7,0.05,4,50,0.3,0.1,1.0,0.5,0.8
Preprocessed,K,0.7843137254901961,0.7864553857762687,0.7795865375012483,7.05,0.7,0.05,4,50,0.3,0.1,5.0,0.5,0.6
Preprocessed,K,0.8431372549019608,0.8451797385620915,0.8397491349480969,7.15,0.7,0.05,4,50,0.3,0.1,5.0,0.5,0.7
Preprocessed,K,0.8431372549019608,0.8485065710872163,0.8414927261227071,7.16,0.7,0.05,4,50,0.3,0.1,5.0,0.5,0.8
Preprocessed,K,0.7843137254901961,0.7864553857762687,0.7795865375012483,7.07,0.7,0.05,4,50,0.3,1.0,1.0,0.5,0.6
Preprocessed,K,0.8431372549019608,0.8451797385620915,0.8397491349480969,6.94,0.7,0.05,4,50,0.3,1.0,1.0,0.5,0.7
Preprocessed,K,0.8627450980392157,0.8670250896057348,0.861100569259962,7.19,0.7,0.05,4,50,0.3,1.0,1.0,0.5,0.8
Preprocessed,K,0.7647058823529411,0.765818858560794,0.7577360969201576,7.02,0.7,0.05,4,50,0.3,1.0,5.0,0.5,0.6
Preprocessed,K,0.8235294117647058,0.8264720942140298,0.8219571699647601,6.85,0.7,0.05,4,50,0.3,1.0,5.0,0.5,0.7
Preprocessed,K,0.8431372549019608,0.8485065710872163,0.8414927261227071,6.94,0.7,0.05,4,50,0.3,1.0,5.0,0.5,0.8
Preprocessed,K,0.8431372549019608,0.8460488137907493,0.8426854612812867,28.82,0.7,0.05,4,100,0.1,0.1,1.0,0.5,0.6
Preprocessed,K,0.8235294117647058,0.8232323232323232,0.8181818181818183,28.86,0.7,0.05,4,100,0.1,0.1,1.0,0.5,0.7
Preprocessed,K,0.8823529411764706,0.888888888888889,0.8823529411764706,28.82,0.7,0.05,4,100,0.1,0.1,1.0,0.5,0.8
Preprocessed,K,0.803921568627451,0.8047385620915032,0.8006055363321799,28.66,0.7,0.05,4,100,0.1,0.1,5.0,0.5,0.6
Preprocessed,K,0.8431372549019608,0.8451797385620915,0.8397491349480969,29.03,0.7,0.05,4,100,0.1,0.1,5.0,0.5,0.7
Preprocessed,K,0.8627450980392157,0.8670250896057348,0.861100569259962,29.05,0.7,0.05,4,100,0.1,0.1,5.0,0.5,0.8
Preprocessed,K,0.8431372549019608,0.8460488137907493,0.8426854612812867,28.83,0.7,0.05,4,100,0.1,1.0,1.0,0.5,0.6
Preprocessed,K,0.8431372549019608,0.8451797385620915,0.8397491349480969,28.87,0.7,0.05,4,100,0.1,1.0,1.0,0.5,0.7
Preprocessed,K,0.8823529411764706,0.888888888888889,0.8823529411764706,29.0,0.7,0.05,4,100,0.1,1.0,1.0,0.5,0.8
Preprocessed,K,0.803921568627451,0.8047385620915032,0.8006055363321799,29.09,0.7,0.05,4,100,0.1,1.0,5.0,0.5,0.6
Preprocessed,K,0.8431372549019608,0.8451797385620915,0.8397491349480969,29.04,0.7,0.05,4,100,0.1,1.0,5.0,0.5,0.7
Preprocessed,K,0.8431372549019608,0.8451797385620915,0.8397491349480969,29.15,0.7,0.05,4,100,0.1,1.0,5.0,0.5,0.8
Preprocessed,K,0.8431372549019608,0.8460488137907493,0.8426854612812867,26.2,0.7,0.05,4,100,0.3,0.1,1.0,0.5,0.6
Preprocessed,K,0.8431372549019608,0.8451797385620915,0.8397491349480969,26.42,0.7,0.05,4,100,0.3,0.1,1.0,0.5,0.7
Preprocessed,K,0.8823529411764706,0.888888888888889,0.8823529411764706,26.32,0.7,0.05,4,100,0.3,0.1,1.0,0.5,0.8
Preprocessed,K,0.803921568627451,0.8047385620915032,0.8006055363321799,26.28,0.7,0.05,4,100,0.3,0.1,5.0,0.5,0.6
Preprocessed,K,0.8431372549019608,0.8451797385620915,0.8397491349480969,26.06,0.7,0.05,4,100,0.3,0.1,5.0,0.5,0.7
Preprocessed,K,0.8431372549019608,0.8451797385620915,0.8397491349480969,26.49,0.7,0.05,4,100,0.3,0.1,5.0,0.5,0.8
Preprocessed,K,0.8235294117647058,0.8250000000000001,0.8220588235294117,26.06,0.7,0.05,4,100,0.3,1.0,1.0,0.5,0.6
Preprocessed,K,0.8431372549019608,0.8451797385620915,0.8397491349480969,26.01,0.7,0.05,4,100,0.3,1.0,1.0,0.5,0.7
Preprocessed,K,0.8627450980392157,0.8670250896057348,0.861100569259962,26.34,0.7,0.05,4,100,0.3,1.0,1.0,0.5,0.8
Preprocessed,K,0.803921568627451,0.8047385620915032,0.8006055363321799,26.14,0.7,0.05,4,100,0.3,1.0,5.0,0.5,0.6
Preprocessed,K,0.8431372549019608,0.8451797385620915,0.8397491349480969,26.58,0.7,0.05,4,100,0.3,1.0,5.0,0.5,0.7
Preprocessed,K,0.8431372549019608,0.8451797385620915,0.8397491349480969,26.13,0.7,0.05,4,100,0.3,1.0,5.0,0.5,0.8
Preprocessed,K,0.803921568627451,0.8084826762246117,0.802909550917141,63.07,0.7,0.05,4,150,0.1,0.1,1.0,0.5,0.6
Preprocessed,K,0.8431372549019608,0.8451797385620915,0.8397491349480969,62.99,0.7,0.05,4,150,0.1,0.1,1.0,0.5,0.7
Preprocessed,K,0.8823529411764706,0.888888888888889,0.8823529411764706,63.27,0.7,0.05,4,150,0.1,0.1,1.0,0.5,0.8
Preprocessed,K,0.803921568627451,0.8047385620915032,0.8006055363321799,62.98,0.7,0.05,4,150,0.1,0.1,5.0,0.5,0.6
Preprocessed,K,0.8431372549019608,0.8451797385620915,0.8397491349480969,62.99,0.7,0.05,4,150,0.1,0.1,5.0,0.5,0.7
Preprocessed,K,0.8431372549019608,0.8451797385620915,0.8397491349480969,63.39,0.7,0.05,4,150,0.1,0.1,5.0,0.5,0.8
Preprocessed,K,0.8431372549019608,0.8460488137907493,0.8426854612812867,62.92,0.7,0.05,4,150,0.1,1.0,1.0,0.5,0.6
Preprocessed,K,0.8431372549019608,0.8451797385620915,0.8397491349480969,62.56,0.7,0.05,4,150,0.1,1.0,1.0,0.5,0.7
Preprocessed,K,0.8627450980392157,0.8670250896057348,0.861100569259962,63.09,0.7,0.05,4,150,0.1,1.0,1.0,0.5,0.8
Preprocessed,K,0.803921568627451,0.8047385620915032,0.8006055363321799,62.74,0.7,0.05,4,150,0.1,1.0,5.0,0.5,0.6
Preprocessed,K,0.8431372549019608,0.8451797385620915,0.8397491349480969,62.53,0.7,0.05,4,150,0.1,1.0,5.0,0.5,0.7
Preprocessed,K,0.8431372549019608,0.8451797385620915,0.8397491349480969,63.35,0.7,0.05,4,150,0.1,1.0,5.0,0.5,0.8
Preprocessed,K,0.8235294117647058,0.8264720942140298,0.8219571699647601,56.63,0.7,0.05,4,150,0.3,0.1,1.0,0.5,0.6
Preprocessed,K,0.8431372549019608,0.8451797385620915,0.8397491349480969,56.05,0.7,0.05,4,150,0.3,0.1,1.0,0.5,0.7
Preprocessed,K,0.8823529411764706,0.888888888888889,0.8823529411764706,56.94,0.7,0.05,4,150,0.3,0.1,1.0,0.5,0.8
Preprocessed,K,0.803921568627451,0.8047385620915032,0.8006055363321799,55.98,0.7,0.05,4,150,0.3,0.1,5.0,0.5,0.6
Preprocessed,K,0.8431372549019608,0.8451797385620915,0.8397491349480969,56.76,0.7,0.05,4,150,0.3,0.1,5.0,0.5,0.7
Preprocessed,K,0.8431372549019608,0.8451797385620915,0.8397491349480969,56.93,0.7,0.05,4,150,0.3,0.1,5.0,0.5,0.8
Preprocessed,K,0.8235294117647058,0.8250000000000001,0.8220588235294117,56.11,0.7,0.05,4,150,0.3,1.0,1.0,0.5,0.6
Preprocessed,K,0.8431372549019608,0.8451797385620915,0.8397491349480969,56.7,0.7,0.05,4,150,0.3,1.0,1.0,0.5,0.7
Preprocessed,K,0.8431372549019608,0.8451797385620915,0.8397491349480969,56.41,0.7,0.05,4,150,0.3,1.0,1.0,0.5,0.8
Preprocessed,K,0.803921568627451,0.8047385620915032,0.8006055363321799,56.85,0.7,0.05,4,150,0.3,1.0,5.0,0.5,0.6
Preprocessed,K,0.8431372549019608,0.8451797385620915,0.8397491349480969,56.51,0.7,0.05,4,150,0.3,1.0,5.0,0.5,0.7
Preprocessed,K,0.8431372549019608,0.8451797385620915,0.8397491349480969,56.51,0.7,0.05,4,150,0.3,1.0,5.0,0.5,0.8
Preprocessed,K,0.8431372549019608,0.8436465495289025,0.8397968813193725,7.69,0.7,0.1,2,50,0.1,0.1,1.0,0.5,0.6
Preprocessed,K,0.8235294117647058,0.8232323232323232,0.8181818181818183,7.66,0.7,0.1,2,50,0.1,0.1,1.0,0.5,0.7
Preprocessed,K,0.8823529411764706,0.888888888888889,0.8823529411764706,7.65,0.7,0.1,2,50,0.1,0.1,1.0,0.5,0.8
Preprocessed,K,0.803921568627451,0.8047385620915032,0.8006055363321799,7.9,0.7,0.1,2,50,0.1,0.1,5.0,0.5,0.6
Preprocessed,K,0.8235294117647058,0.8232323232323232,0.8181818181818183,7.69,0.7,0.1,2,50,0.1,0.1,5.0,0.5,0.7
Preprocessed,K,0.8627450980392157,0.8670250896057348,0.861100569259962,7.85,0.7,0.1,2,50,0.1,0.1,5.0,0.5,0.8
Preprocessed,K,0.8235294117647058,0.8232323232323232,0.8181818181818183,7.64,0.7,0.1,2,50,0.1,1.0,1.0,0.5,0.6
Preprocessed,K,0.8235294117647058,0.8232323232323232,0.8181818181818183,7.7,0.7,0.1,2,50,0.1,1.0,1.0,0.5,0.7
Preprocessed,K,0.8431372549019608,0.8451797385620915,0.8397491349480969,7.84,0.7,0.1,2,50,0.1,1.0,1.0,0.5,0.8
Preprocessed,K,0.7647058823529411,0.7631578947368421,0.756578947368421,7.64,0.7,0.1,2,50,0.1,1.0,5.0,0.5,0.6
Preprocessed,K,0.8235294117647058,0.8232323232323232,0.8181818181818183,7.94,0.7,0.1,2,50,0.1,1.0,5.0,0.5,0.7
Preprocessed,K,0.8823529411764706,0.888888888888889,0.8823529411764706,7.8,0.7,0.1,2,50,0.1,1.0,5.0,0.5,0.8
Preprocessed,K,0.8431372549019608,0.8436465495289025,0.8397968813193725,7.06,0.7,0.1,2,50,0.3,0.1,1.0,0.5,0.6
Preprocessed,K,0.8235294117647058,0.8232323232323232,0.8181818181818183,7.05,0.7,0.1,2,50,0.3,0.1,1.0,0.5,0.7
Preprocessed,K,0.8431372549019608,0.8451797385620915,0.8397491349480969,7.01,0.7,0.1,2,50,0.3,0.1,1.0,0.5,0.8
Preprocessed,K,0.803921568627451,0.8047385620915032,0.8006055363321799,7.05,0.7,0.1,2,50,0.3,0.1,5.0,0.5,0.6
Preprocessed,K,0.8235294117647058,0.8232323232323232,0.8181818181818183,7.15,0.7,0.1,2,50,0.3,0.1,5.0,0.5,0.7
Preprocessed,K,0.8627450980392157,0.8670250896057348,0.861100569259962,6.9,0.7,0.1,2,50,0.3,0.1,5.0,0.5,0.8
Preprocessed,K,0.8431372549019608,0.8436465495289025,0.8397968813193725,6.96,0.7,0.1,2,50,0.3,1.0,1.0,0.5,0.6
Preprocessed,K,0.8235294117647058,0.8232323232323232,0.8181818181818183,6.94,0.7,0.1,2,50,0.3,1.0,1.0,0.5,0.7
Preprocessed,K,0.8627450980392157,0.8670250896057348,0.861100569259962,6.96,0.7,0.1,2,50,0.3,1.0,1.0,0.5,0.8
Preprocessed,K,0.803921568627451,0.8066396567345334,0.8009581185158816,7.04,0.7,0.1,2,50,0.3,1.0,5.0,0.5,0.6
Preprocessed,K,0.8235294117647058,0.8232323232323232,0.8181818181818183,6.91,0.7,0.1,2,50,0.3,1.0,5.0,0.5,0.7
Preprocessed,K,0.8431372549019608,0.8451797385620915,0.8397491349480969,7.08,0.7,0.1,2,50,0.3,1.0,5.0,0.5,0.8
Preprocessed,K,0.8627450980392157,0.8648809523809523,0.860609243697479,28.76,0.7,0.1,2,100,0.1,0.1,1.0,0.5,0.6
Preprocessed,K,0.8235294117647058,0.8232323232323232,0.8181818181818183,28.86,0.7,0.1,2,100,0.1,0.1,1.0,0.5,0.7
Preprocessed,K,0.8823529411764706,0.888888888888889,0.8823529411764706,28.7,0.7,0.1,2,100,0.1,0.1,1.0,0.5,0.8
Preprocessed,K,0.803921568627451,0.8047385620915032,0.8006055363321799,28.71,0.7,0.1,2,100,0.1,0.1,5.0,0.5,0.6
Preprocessed,K,0.8235294117647058,0.8232323232323232,0.8181818181818183,28.79,0.7,0.1,2,100,0.1,0.1,5.0,0.5,0.7
Preprocessed,K,0.8627450980392157,0.8670250896057348,0.861100569259962,28.55,0.7,0.1,2,100,0.1,0.1,5.0,0.5,0.8
Preprocessed,K,0.8431372549019608,0.8436465495289025,0.8397968813193725,28.78,0.7,0.1,2,100,0.1,1.0,1.0,0.5,0.6
Preprocessed,K,0.8235294117647058,0.8232323232323232,0.8181818181818183,29.08,0.7,0.1,2,100,0.1,1.0,1.0,0.5,0.7
Preprocessed,K,0.8627450980392157,0.8670250896057348,0.861100569259962,28.85,0.7,0.1,2,100,0.1,1.0,1.0,0.5,0.8
Preprocessed,K,0.8431372549019608,0.8460488137907493,0.8426854612812867,28.69,0.7,0.1,2,100,0.1,1.0,5.0,0.5,0.6
Preprocessed,K,0.8235294117647058,0.8232323232323232,0.8181818181818183,28.85,0.7,0.1,2,100,0.1,1.0,5.0,0.5,0.7
Preprocessed,K,0.8823529411764706,0.888888888888889,0.8823529411764706,29.0,0.7,0.1,2,100,0.1,1.0,5.0,0.5,0.8
Preprocessed,K,0.8431372549019608,0.8460488137907493,0.8426854612812867,25.97,0.7,0.1,2,100,0.3,0.1,1.0,0.5,0.6
Preprocessed,K,0.8431372549019608,0.8451797385620915,0.8397491349480969,26.13,0.7,0.1,2,100,0.3,0.1,1.0,0.5,0.7
Preprocessed,K,0.8627450980392157,0.8670250896057348,0.861100569259962,26.13,0.7,0.1,2,100,0.3,0.1,1.0,0.5,0.8
Preprocessed,K,0.8431372549019608,0.8460488137907493,0.8426854612812867,26.11,0.7,0.1,2,100,0.3,0.1,5.0,0.5,0.6
Preprocessed,K,0.8431372549019608,0.8451797385620915,0.8397491349480969,26.1,0.7,0.1,2,100,0.3,0.1,5.0,0.5,0.7
Preprocessed,K,0.8627450980392157,0.8670250896057348,0.861100569259962,26.21,0.7,0.1,2,100,0.3,0.1,5.0,0.5,0.8
Preprocessed,K,0.8235294117647058,0.8250000000000001,0.8220588235294117,25.84,0.7,0.1,2,100,0.3,1.0,1.0,0.5,0.6
Preprocessed,K,0.8431372549019608,0.8436465495289025,0.8397968813193725,26.06,0.7,0.1,2,100,0.3,1.0,1.0,0.5,0.7
Preprocessed,K,0.8627450980392157,0.8670250896057348,0.861100569259962,26.36,0.7,0.1,2,100,0.3,1.0,1.0,0.5,0.8
Preprocessed,K,0.8431372549019608,0.8460488137907493,0.8426854612812867,26.15,0.7,0.1,2,100,0.3,1.0,5.0,0.5,0.6
Preprocessed,K,0.8431372549019608,0.8451797385620915,0.8397491349480969,26.15,0.7,0.1,2,100,0.3,1.0,5.0,0.5,0.7
Preprocessed,K,0.8823529411764706,0.888888888888889,0.8823529411764706,26.33,0.7,0.1,2,100,0.3,1.0,5.0,0.5,0.8
Preprocessed,K,0.8431372549019608,0.8451797385620915,0.8397491349480969,62.49,0.7,0.1,2,150,0.1,0.1,1.0,0.5,0.6
Preprocessed,K,0.8235294117647058,0.8232323232323232,0.8181818181818183,63.16,0.7,0.1,2,150,0.1,0.1,1.0,0.5,0.7
Preprocessed,K,0.8823529411764706,0.888888888888889,0.8823529411764706,62.61,0.7,0.1,2,150,0.1,0.1,1.0,0.5,0.8
Preprocessed,K,0.803921568627451,0.8084826762246117,0.802909550917141,62.84,0.7,0.1,2,150,0.1,0.1,5.0,0.5,0.6
Preprocessed,K,0.8431372549019608,0.8451797385620915,0.8397491349480969,63.25,0.7,0.1,2,150,0.1,0.1,5.0,0.5,0.7
Preprocessed,K,0.8823529411764706,0.888888888888889,0.8823529411764706,62.98,0.7,0.1,2,150,0.1,0.1,5.0,0.5,0.8
Preprocessed,K,0.8431372549019608,0.8451797385620915,0.8397491349480969,62.72,0.7,0.1,2,150,0.1,1.0,1.0,0.5,0.6
Preprocessed,K,0.8235294117647058,0.8232323232323232,0.8181818181818183,63.21,0.7,0.1,2,150,0.1,1.0,1.0,0.5,0.7
Preprocessed,K,0.8627450980392157,0.8670250896057348,0.861100569259962,62.9,0.7,0.1,2,150,0.1,1.0,1.0,0.5,0.8
Preprocessed,K,0.8431372549019608,0.8460488137907493,0.8426854612812867,62.99,0.7,0.1,2,150,0.1,1.0,5.0,0.5,0.6
Preprocessed,K,0.8431372549019608,0.8451797385620915,0.8397491349480969,62.85,0.7,0.1,2,150,0.1,1.0,5.0,0.5,0.7
Preprocessed,K,0.8823529411764706,0.888888888888889,0.8823529411764706,62.88,0.7,0.1,2,150,0.1,1.0,5.0,0.5,0.8
Preprocessed,K,0.8235294117647058,0.8264720942140298,0.8219571699647601,56.13,0.7,0.1,2,150,0.3,0.1,1.0,0.5,0.6
Preprocessed,K,0.8431372549019608,0.8451797385620915,0.8397491349480969,56.62,0.7,0.1,2,150,0.3,0.1,1.0,0.5,0.7
Preprocessed,K,0.8627450980392157,0.8670250896057348,0.861100569259962,56.27,0.7,0.1,2,150,0.3,0.1,1.0,0.5,0.8
Preprocessed,K,0.8431372549019608,0.8460488137907493,0.8426854612812867,56.37,0.7,0.1,2,150,0.3,0.1,5.0,0.5,0.6
Preprocessed,K,0.8431372549019608,0.8451797385620915,0.8397491349480969,56.76,0.7,0.1,2,150,0.3,0.1,5.0,0.5,0.7
Preprocessed,K,0.8627450980392157,0.8670250896057348,0.861100569259962,56.66,0.7,0.1,2,150,0.3,0.1,5.0,0.5,0.8
Preprocessed,K,0.8235294117647058,0.8264720942140298,0.8219571699647601,56.34,0.7,0.1,2,150,0.3,1.0,1.0,0.5,0.6
Preprocessed,K,0.8235294117647058,0.8232323232323232,0.8181818181818183,56.77,0.7,0.1,2,150,0.3,1.0,1.0,0.5,0.7
Preprocessed,K,0.8627450980392157,0.8670250896057348,0.861100569259962,56.6,0.7,0.1,2,150,0.3,1.0,1.0,0.5,0.8
Preprocessed,K,0.8431372549019608,0.8460488137907493,0.8426854612812867,56.6,0.7,0.1,2,150,0.3,1.0,5.0,0.5,0.6
Preprocessed,K,0.8431372549019608,0.8451797385620915,0.8397491349480969,57.07,0.7,0.1,2,150,0.3,1.0,5.0,0.5,0.7
Preprocessed,K,0.8431372549019608,0.8451797385620915,0.8397491349480969,56.48,0.7,0.1,2,150,0.3,1.0,5.0,0.5,0.8
Preprocessed,K,0.8431372549019608,0.8436465495289025,0.8397968813193725,7.78,0.7,0.1,3,50,0.1,0.1,1.0,0.5,0.6
Preprocessed,K,0.8235294117647058,0.8232323232323232,0.8181818181818183,7.8,0.7,0.1,3,50,0.1,0.1,1.0,0.5,0.7
Preprocessed,K,0.8823529411764706,0.888888888888889,0.8823529411764706,7.66,0.7,0.1,3,50,0.1,0.1,1.0,0.5,0.8
Preprocessed,K,0.803921568627451,0.8047385620915032,0.8006055363321799,7.73,0.7,0.1,3,50,0.1,0.1,5.0,0.5,0.6
Preprocessed,K,0.8235294117647058,0.8232323232323232,0.8181818181818183,7.68,0.7,0.1,3,50,0.1,0.1,5.0,0.5,0.7
Preprocessed,K,0.8627450980392157,0.8670250896057348,0.861100569259962,7.79,0.7,0.1,3,50,0.1,0.1,5.0,0.5,0.8
Preprocessed,K,0.8235294117647058,0.8232323232323232,0.8181818181818183,7.49,0.7,0.1,3,50,0.1,1.0,1.0,0.5,0.6
Preprocessed,K,0.8235294117647058,0.8232323232323232,0.8181818181818183,7.78,0.7,0.1,3,50,0.1,1.0,1.0,0.5,0.7
Preprocessed,K,0.8431372549019608,0.8451797385620915,0.8397491349480969,7.87,0.7,0.1,3,50,0.1,1.0,1.0,0.5,0.8
Preprocessed,K,0.7647058823529411,0.7631578947368421,0.756578947368421,7.74,0.7,0.1,3,50,0.1,1.0,5.0,0.5,0.6
Preprocessed,K,0.8235294117647058,0.8232323232323232,0.8181818181818183,7.76,0.7,0.1,3,50,0.1,1.0,5.0,0.5,0.7
Preprocessed,K,0.8823529411764706,0.888888888888889,0.8823529411764706,7.92,0.7,0.1,3,50,0.1,1.0,5.0,0.5,0.8
Preprocessed,K,0.8431372549019608,0.8436465495289025,0.8397968813193725,7.05,0.7,0.1,3,50,0.3,0.1,1.0,0.5,0.6
Preprocessed,K,0.8235294117647058,0.8232323232323232,0.8181818181818183,7.01,0.7,0.1,3,50,0.3,0.1,1.0,0.5,0.7
Preprocessed,K,0.8431372549019608,0.8451797385620915,0.8397491349480969,7.09,0.7,0.1,3,50,0.3,0.1,1.0,0.5,0.8
Preprocessed,K,0.803921568627451,0.8047385620915032,0.8006055363321799,7.23,0.7,0.1,3,50,0.3,0.1,5.0,0.5,0.6
Preprocessed,K,0.8235294117647058,0.8232323232323232,0.8181818181818183,6.94,0.7,0.1,3,50,0.3,0.1,5.0,0.5,0.7
Preprocessed,K,0.8627450980392157,0.8670250896057348,0.861100569259962,6.95,0.7,0.1,3,50,0.3,0.1,5.0,0.5,0.8
Preprocessed,K,0.8431372549019608,0.8436465495289025,0.8397968813193725,7.04,0.7,0.1,3,50,0.3,1.0,1.0,0.5,0.6
Preprocessed,K,0.8235294117647058,0.8232323232323232,0.8181818181818183,7.1,0.7,0.1,3,50,0.3,1.0,1.0,0.5,0.7
Preprocessed,K,0.8627450980392157,0.8670250896057348,0.861100569259962,7.07,0.7,0.1,3,50,0.3,1.0,1.0,0.5,0.8
Preprocessed,K,0.803921568627451,0.8066396567345334,0.8009581185158816,7.15,0.7,0.1,3,50,0.3,1.0,5.0,0.5,0.6
Preprocessed,K,0.8235294117647058,0.8232323232323232,0.8181818181818183,7.02,0.7,0.1,3,50,0.3,1.0,5.0,0.5,0.7
Preprocessed,K,0.8431372549019608,0.8451797385620915,0.8397491349480969,7.1,0.7,0.1,3,50,0.3,1.0,5.0,0.5,0.8
Preprocessed,K,0.8627450980392157,0.8648809523809523,0.860609243697479,28.62,0.7,0.1,3,100,0.1,0.1,1.0,0.5,0.6
Preprocessed,K,0.8235294117647058,0.8232323232323232,0.8181818181818183,28.65,0.7,0.1,3,100,0.1,0.1,1.0,0.5,0.7
Preprocessed,K,0.8823529411764706,0.888888888888889,0.8823529411764706,29.16,0.7,0.1,3,100,0.1,0.1,1.0,0.5,0.8
Preprocessed,K,0.803921568627451,0.8047385620915032,0.8006055363321799,28.83,0.7,0.1,3,100,0.1,0.1,5.0,0.5,0.6
Preprocessed,K,0.8235294117647058,0.8232323232323232,0.8181818181818183,29.06,0.7,0.1,3,100,0.1,0.1,5.0,0.5,0.7
Preprocessed,K,0.8627450980392157,0.8670250896057348,0.861100569259962,28.8,0.7,0.1,3,100,0.1,0.1,5.0,0.5,0.8
Preprocessed,K,0.8431372549019608,0.8436465495289025,0.8397968813193725,28.76,0.7,0.1,3,100,0.1,1.0,1.0,0.5,0.6
Preprocessed,K,0.8235294117647058,0.8232323232323232,0.8181818181818183,28.75,0.7,0.1,3,100,0.1,1.0,1.0,0.5,0.7
Preprocessed,K,0.8627450980392157,0.8670250896057348,0.861100569259962,28.81,0.7,0.1,3,100,0.1,1.0,1.0,0.5,0.8
Preprocessed,K,0.8431372549019608,0.8460488137907493,0.8426854612812867,28.51,0.7,0.1,3,100,0.1,1.0,5.0,0.5,0.6
Preprocessed,K,0.8235294117647058,0.8232323232323232,0.8181818181818183,29.18,0.7,0.1,3,100,0.1,1.0,5.0,0.5,0.7
Preprocessed,K,0.8823529411764706,0.888888888888889,0.8823529411764706,28.85,0.7,0.1,3,100,0.1,1.0,5.0,0.5,0.8
Preprocessed,K,0.8431372549019608,0.8460488137907493,0.8426854612812867,26.04,0.7,0.1,3,100,0.3,0.1,1.0,0.5,0.6
Preprocessed,K,0.8431372549019608,0.8451797385620915,0.8397491349480969,26.22,0.7,0.1,3,100,0.3,0.1,1.0,0.5,0.7
Preprocessed,K,0.8627450980392157,0.8670250896057348,0.861100569259962,26.03,0.7,0.1,3,100,0.3,0.1,1.0,0.5,0.8
Preprocessed,K,0.8431372549019608,0.8460488137907493,0.8426854612812867,25.8,0.7,0.1,3,100,0.3,0.1,5.0,0.5,0.6
Preprocessed,K,0.8431372549019608,0.8451797385620915,0.8397491349480969,26.38,0.7,0.1,3,100,0.3,0.1,5.0,0.5,0.7
Preprocessed,K,0.8627450980392157,0.8670250896057348,0.861100569259962,26.51,0.7,0.1,3,100,0.3,0.1,5.0,0.5,0.8
Preprocessed,K,0.8235294117647058,0.8250000000000001,0.8220588235294117,25.81,0.7,0.1,3,100,0.3,1.0,1.0,0.5,0.6
Preprocessed,K,0.8431372549019608,0.8436465495289025,0.8397968813193725,26.37,0.7,0.1,3,100,0.3,1.0,1.0,0.5,0.7
Preprocessed,K,0.8627450980392157,0.8670250896057348,0.861100569259962,26.09,0.7,0.1,3,100,0.3,1.0,1.0,0.5,0.8
Preprocessed,K,0.8431372549019608,0.8460488137907493,0.8426854612812867,26.18,0.7,0.1,3,100,0.3,1.0,5.0,0.5,0.6
Preprocessed,K,0.8431372549019608,0.8451797385620915,0.8397491349480969,26.07,0.7,0.1,3,100,0.3,1.0,5.0,0.5,0.7
Preprocessed,K,0.8823529411764706,0.888888888888889,0.8823529411764706,26.29,0.7,0.1,3,100,0.3,1.0,5.0,0.5,0.8
Preprocessed,K,0.8431372549019608,0.8451797385620915,0.8397491349480969,62.89,0.7,0.1,3,150,0.1,0.1,1.0,0.5,0.6
Preprocessed,K,0.8235294117647058,0.8232323232323232,0.8181818181818183,62.78,0.7,0.1,3,150,0.1,0.1,1.0,0.5,0.7
Preprocessed,K,0.8823529411764706,0.888888888888889,0.8823529411764706,63.03,0.7,0.1,3,150,0.1,0.1,1.0,0.5,0.8
Preprocessed,K,0.803921568627451,0.8084826762246117,0.802909550917141,62.76,0.7,0.1,3,150,0.1,0.1,5.0,0.5,0.6
Preprocessed,K,0.8431372549019608,0.8451797385620915,0.8397491349480969,62.79,0.7,0.1,3,150,0.1,0.1,5.0,0.5,0.7
Preprocessed,K,0.8823529411764706,0.888888888888889,0.8823529411764706,63.02,0.7,0.1,3,150,0.1,0.1,5.0,0.5,0.8
Preprocessed,K,0.8431372549019608,0.8451797385620915,0.8397491349480969,62.9,0.7,0.1,3,150,0.1,1.0,1.0,0.5,0.6
Preprocessed,K,0.8235294117647058,0.8232323232323232,0.8181818181818183,62.52,0.7,0.1,3,150,0.1,1.0,1.0,0.5,0.7
Preprocessed,K,0.8627450980392157,0.8670250896057348,0.861100569259962,63.04,0.7,0.1,3,150,0.1,1.0,1.0,0.5,0.8
Preprocessed,K,0.8431372549019608,0.8460488137907493,0.8426854612812867,62.56,0.7,0.1,3,150,0.1,1.0,5.0,0.5,0.6
Preprocessed,K,0.8431372549019608,0.8451797385620915,0.8397491349480969,63.02,0.7,0.1,3,150,0.1,1.0,5.0,0.5,0.7
Preprocessed,K,0.8823529411764706,0.888888888888889,0.8823529411764706,63.13,0.7,0.1,3,150,0.1,1.0,5.0,0.5,0.8
Preprocessed,K,0.8235294117647058,0.8264720942140298,0.8219571699647601,56.51,0.7,0.1,3,150,0.3,0.1,1.0,0.5,0.6
Preprocessed,K,0.8431372549019608,0.8451797385620915,0.8397491349480969,56.82,0.7,0.1,3,150,0.3,0.1,1.0,0.5,0.7
Preprocessed,K,0.8627450980392157,0.8670250896057348,0.861100569259962,57.1,0.7,0.1,3,150,0.3,0.1,1.0,0.5,0.8
Preprocessed,K,0.8431372549019608,0.8460488137907493,0.8426854612812867,56.49,0.7,0.1,3,150,0.3,0.1,5.0,0.5,0.6
Preprocessed,K,0.8431372549019608,0.8451797385620915,0.8397491349480969,56.48,0.7,0.1,3,150,0.3,0.1,5.0,0.5,0.7
Preprocessed,K,0.8627450980392157,0.8670250896057348,0.861100569259962,56.64,0.7,0.1,3,150,0.3,0.1,5.0,0.5,0.8
Preprocessed,K,0.8235294117647058,0.8264720942140298,0.8219571699647601,57.0,0.7,0.1,3,150,0.3,1.0,1.0,0.5,0.6
Preprocessed,K,0.8235294117647058,0.8232323232323232,0.8181818181818183,56.55,0.7,0.1,3,150,0.3,1.0,1.0,0.5,0.7
Preprocessed,K,0.8627450980392157,0.8670250896057348,0.861100569259962,56.74,0.7,0.1,3,150,0.3,1.0,1.0,0.5,0.8
Preprocessed,K,0.8431372549019608,0.8460488137907493,0.8426854612812867,56.56,0.7,0.1,3,150,0.3,1.0,5.0,0.5,0.6
Preprocessed,K,0.8431372549019608,0.8451797385620915,0.8397491349480969,56.28,0.7,0.1,3,150,0.3,1.0,5.0,0.5,0.7
Preprocessed,K,0.8431372549019608,0.8451797385620915,0.8397491349480969,56.26,0.7,0.1,3,150,0.3,1.0,5.0,0.5,0.8
Preprocessed,K,0.8431372549019608,0.8436465495289025,0.8397968813193725,7.73,0.7,0.1,4,50,0.1,0.1,1.0,0.5,0.6
Preprocessed,K,0.8235294117647058,0.8232323232323232,0.8181818181818183,7.79,0.7,0.1,4,50,0.1,0.1,1.0,0.5,0.7
Preprocessed,K,0.8823529411764706,0.888888888888889,0.8823529411764706,7.74,0.7,0.1,4,50,0.1,0.1,1.0,0.5,0.8
Preprocessed,K,0.803921568627451,0.8047385620915032,0.8006055363321799,8.21,0.7,0.1,4,50,0.1,0.1,5.0,0.5,0.6
Preprocessed,K,0.8235294117647058,0.8232323232323232,0.8181818181818183,8.18,0.7,0.1,4,50,0.1,0.1,5.0,0.5,0.7
Preprocessed,K,0.8627450980392157,0.8670250896057348,0.861100569259962,7.87,0.7,0.1,4,50,0.1,0.1,5.0,0.5,0.8
Preprocessed,K,0.8235294117647058,0.8232323232323232,0.8181818181818183,7.77,0.7,0.1,4,50,0.1,1.0,1.0,0.5,0.6
Preprocessed,K,0.8235294117647058,0.8232323232323232,0.8181818181818183,7.7,0.7,0.1,4,50,0.1,1.0,1.0,0.5,0.7
Preprocessed,K,0.8431372549019608,0.8451797385620915,0.8397491349480969,7.83,0.7,0.1,4,50,0.1,1.0,1.0,0.5,0.8
Preprocessed,K,0.7647058823529411,0.7631578947368421,0.756578947368421,7.85,0.7,0.1,4,50,0.1,1.0,5.0,0.5,0.6
Preprocessed,K,0.8235294117647058,0.8232323232323232,0.8181818181818183,7.74,0.7,0.1,4,50,0.1,1.0,5.0,0.5,0.7
Preprocessed,K,0.8823529411764706,0.888888888888889,0.8823529411764706,7.83,0.7,0.1,4,50,0.1,1.0,5.0,0.5,0.8
Preprocessed,K,0.8431372549019608,0.8436465495289025,0.8397968813193725,7.08,0.7,0.1,4,50,0.3,0.1,1.0,0.5,0.6
Preprocessed,K,0.8235294117647058,0.8232323232323232,0.8181818181818183,7.08,0.7,0.1,4,50,0.3,0.1,1.0,0.5,0.7
Preprocessed,K,0.8431372549019608,0.8451797385620915,0.8397491349480969,7.11,0.7,0.1,4,50,0.3,0.1,1.0,0.5,0.8
Preprocessed,K,0.803921568627451,0.8047385620915032,0.8006055363321799,6.96,0.7,0.1,4,50,0.3,0.1,5.0,0.5,0.6
Preprocessed,K,0.8235294117647058,0.8232323232323232,0.8181818181818183,7.0,0.7,0.1,4,50,0.3,0.1,5.0,0.5,0.7
Preprocessed,K,0.8627450980392157,0.8670250896057348,0.861100569259962,7.13,0.7,0.1,4,50,0.3,0.1,5.0,0.5,0.8
Preprocessed,K,0.8431372549019608,0.8436465495289025,0.8397968813193725,7.17,0.7,0.1,4,50,0.3,1.0,1.0,0.5,0.6
Preprocessed,K,0.8235294117647058,0.8232323232323232,0.8181818181818183,6.94,0.7,0.1,4,50,0.3,1.0,1.0,0.5,0.7
Preprocessed,K,0.8627450980392157,0.8670250896057348,0.861100569259962,7.19,0.7,0.1,4,50,0.3,1.0,1.0,0.5,0.8
Preprocessed,K,0.803921568627451,0.8066396567345334,0.8009581185158816,7.06,0.7,0.1,4,50,0.3,1.0,5.0,0.5,0.6
Preprocessed,K,0.8235294117647058,0.8232323232323232,0.8181818181818183,6.92,0.7,0.1,4,50,0.3,1.0,5.0,0.5,0.7
Preprocessed,K,0.8431372549019608,0.8451797385620915,0.8397491349480969,7.11,0.7,0.1,4,50,0.3,1.0,5.0,0.5,0.8
Preprocessed,K,0.8627450980392157,0.8648809523809523,0.860609243697479,28.65,0.7,0.1,4,100,0.1,0.1,1.0,0.5,0.6
Preprocessed,K,0.8235294117647058,0.8232323232323232,0.8181818181818183,28.84,0.7,0.1,4,100,0.1,0.1,1.0,0.5,0.7
Preprocessed,K,0.8823529411764706,0.888888888888889,0.8823529411764706,28.86,0.7,0.1,4,100,0.1,0.1,1.0,0.5,0.8
Preprocessed,K,0.803921568627451,0.8047385620915032,0.8006055363321799,28.78,0.7,0.1,4,100,0.1,0.1,5.0,0.5,0.6
Preprocessed,K,0.8235294117647058,0.8232323232323232,0.8181818181818183,28.76,0.7,0.1,4,100,0.1,0.1,5.0,0.5,0.7
Preprocessed,K,0.8627450980392157,0.8670250896057348,0.861100569259962,28.94,0.7,0.1,4,100,0.1,0.1,5.0,0.5,0.8
Preprocessed,K,0.8431372549019608,0.8436465495289025,0.8397968813193725,28.66,0.7,0.1,4,100,0.1,1.0,1.0,0.5,0.6
Preprocessed,K,0.8235294117647058,0.8232323232323232,0.8181818181818183,29.17,0.7,0.1,4,100,0.1,1.0,1.0,0.5,0.7
Preprocessed,K,0.8627450980392157,0.8670250896057348,0.861100569259962,29.02,0.7,0.1,4,100,0.1,1.0,1.0,0.5,0.8
Preprocessed,K,0.8431372549019608,0.8460488137907493,0.8426854612812867,28.59,0.7,0.1,4,100,0.1,1.0,5.0,0.5,0.6
Preprocessed,K,0.8235294117647058,0.8232323232323232,0.8181818181818183,28.86,0.7,0.1,4,100,0.1,1.0,5.0,0.5,0.7
Preprocessed,K,0.8823529411764706,0.888888888888889,0.8823529411764706,28.78,0.7,0.1,4,100,0.1,1.0,5.0,0.5,0.8
Preprocessed,K,0.8431372549019608,0.8460488137907493,0.8426854612812867,25.91,0.7,0.1,4,100,0.3,0.1,1.0,0.5,0.6
Preprocessed,K,0.8431372549019608,0.8451797385620915,0.8397491349480969,26.07,0.7,0.1,4,100,0.3,0.1,1.0,0.5,0.7
Preprocessed,K,0.8627450980392157,0.8670250896057348,0.861100569259962,26.19,0.7,0.1,4,100,0.3,0.1,1.0,0.5,0.8
Preprocessed,K,0.8431372549019608,0.8460488137907493,0.8426854612812867,26.21,0.7,0.1,4,100,0.3,0.1,5.0,0.5,0.6
Preprocessed,K,0.8431372549019608,0.8451797385620915,0.8397491349480969,26.13,0.7,0.1,4,100,0.3,0.1,5.0,0.5,0.7
Preprocessed,K,0.8627450980392157,0.8670250896057348,0.861100569259962,26.3,0.7,0.1,4,100,0.3,0.1,5.0,0.5,0.8
Preprocessed,K,0.8235294117647058,0.8250000000000001,0.8220588235294117,26.19,0.7,0.1,4,100,0.3,1.0,1.0,0.5,0.6
Preprocessed,K,0.8431372549019608,0.8436465495289025,0.8397968813193725,26.36,0.7,0.1,4,100,0.3,1.0,1.0,0.5,0.7
Preprocessed,K,0.8627450980392157,0.8670250896057348,0.861100569259962,26.31,0.7,0.1,4,100,0.3,1.0,1.0,0.5,0.8
Preprocessed,K,0.8431372549019608,0.8460488137907493,0.8426854612812867,26.2,0.7,0.1,4,100,0.3,1.0,5.0,0.5,0.6
Preprocessed,K,0.8431372549019608,0.8451797385620915,0.8397491349480969,26.08,0.7,0.1,4,100,0.3,1.0,5.0,0.5,0.7
Preprocessed,K,0.8823529411764706,0.888888888888889,0.8823529411764706,26.26,0.7,0.1,4,100,0.3,1.0,5.0,0.5,0.8
Preprocessed,K,0.8431372549019608,0.8451797385620915,0.8397491349480969,62.7,0.7,0.1,4,150,0.1,0.1,1.0,0.5,0.6
Preprocessed,K,0.8235294117647058,0.8232323232323232,0.8181818181818183,63.01,0.7,0.1,4,150,0.1,0.1,1.0,0.5,0.7
Preprocessed,K,0.8823529411764706,0.888888888888889,0.8823529411764706,62.62,0.7,0.1,4,150,0.1,0.1,1.0,0.5,0.8
Preprocessed,K,0.803921568627451,0.8084826762246117,0.802909550917141,62.93,0.7,0.1,4,150,0.1,0.1,5.0,0.5,0.6
Preprocessed,K,0.8431372549019608,0.8451797385620915,0.8397491349480969,63.12,0.7,0.1,4,150,0.1,0.1,5.0,0.5,0.7
Preprocessed,K,0.8823529411764706,0.888888888888889,0.8823529411764706,62.53,0.7,0.1,4,150,0.1,0.1,5.0,0.5,0.8
Preprocessed,K,0.8431372549019608,0.8451797385620915,0.8397491349480969,62.65,0.7,0.1,4,150,0.1,1.0,1.0,0.5,0.6
Preprocessed,K,0.8235294117647058,0.8232323232323232,0.8181818181818183,63.21,0.7,0.1,4,150,0.1,1.0,1.0,0.5,0.7
Preprocessed,K,0.8627450980392157,0.8670250896057348,0.861100569259962,63.1,0.7,0.1,4,150,0.1,1.0,1.0,0.5,0.8
Preprocessed,K,0.8431372549019608,0.8460488137907493,0.8426854612812867,62.64,0.7,0.1,4,150,0.1,1.0,5.0,0.5,0.6
Preprocessed,K,0.8431372549019608,0.8451797385620915,0.8397491349480969,63.04,0.7,0.1,4,150,0.1,1.0,5.0,0.5,0.7
Preprocessed,K,0.8823529411764706,0.888888888888889,0.8823529411764706,63.27,0.7,0.1,4,150,0.1,1.0,5.0,0.5,0.8
Preprocessed,K,0.8235294117647058,0.8264720942140298,0.8219571699647601,56.12,0.7,0.1,4,150,0.3,0.1,1.0,0.5,0.6
Preprocessed,K,0.8431372549019608,0.8451797385620915,0.8397491349480969,56.69,0.7,0.1,4,150,0.3,0.1,1.0,0.5,0.7
Preprocessed,K,0.8627450980392157,0.8670250896057348,0.861100569259962,56.42,0.7,0.1,4,150,0.3,0.1,1.0,0.5,0.8
Preprocessed,K,0.8431372549019608,0.8460488137907493,0.8426854612812867,56.47,0.7,0.1,4,150,0.3,0.1,5.0,0.5,0.6
Preprocessed,K,0.8431372549019608,0.8451797385620915,0.8397491349480969,56.83,0.7,0.1,4,150,0.3,0.1,5.0,0.5,0.7
Preprocessed,K,0.8627450980392157,0.8670250896057348,0.861100569259962,56.35,0.7,0.1,4,150,0.3,0.1,5.0,0.5,0.8
Preprocessed,K,0.8235294117647058,0.8264720942140298,0.8219571699647601,56.01,0.7,0.1,4,150,0.3,1.0,1.0,0.5,0.6
Preprocessed,K,0.8235294117647058,0.8232323232323232,0.8181818181818183,57.07,0.7,0.1,4,150,0.3,1.0,1.0,0.5,0.7
Preprocessed,K,0.8627450980392157,0.8670250896057348,0.861100569259962,56.96,0.7,0.1,4,150,0.3,1.0,1.0,0.5,0.8
Preprocessed,K,0.8431372549019608,0.8460488137907493,0.8426854612812867,56.35,0.7,0.1,4,150,0.3,1.0,5.0,0.5,0.6
Preprocessed,K,0.8431372549019608,0.8451797385620915,0.8397491349480969,57.04,0.7,0.1,4,150,0.3,1.0,5.0,0.5,0.7
Preprocessed,K,0.8431372549019608,0.8451797385620915,0.8397491349480969,56.5,0.7,0.1,4,150,0.3,1.0,5.0,0.5,0.8
