pipeline,nutrient,accuracy,macro_f1,weighted_f1,duration_s,colsample_bytree,learning_rate,max_depth,n_estimators,rate_drop,reg_alpha,reg_lambda,skip_drop,subsample
Preprocessed,N,0.35294117647058826,0.2608695652173913,0.2762148337595908,4.6,0.5,0.01,2,50,0.1,0.1,1.0,0.5,0.6
Preprocessed,N,0.37254901960784315,0.29411764705882354,0.3079584775086505,4.39,0.5,0.01,2,50,0.1,0.1,1.0,0.5,0.7
Preprocessed,N,0.3137254901960784,0.23880597014925373,0.2528533801580334,10.67,0.5,0.01,2,50,0.1,0.1,1.0,0.5,0.8
Preprocessed,N,0.4117647058823529,0.2916666666666667,0.3088235294117647,24.86,0.5,0.01,2,50,0.1,0.1,5.0,0.5,0.6
Preprocessed,N,0.4117647058823529,0.2916666666666667,0.3088235294117647,25.13,0.5,0.01,2,50,0.1,0.1,5.0,0.5,0.7
Preprocessed,N,0.3333333333333333,0.25,0.2647058823529412,25.4,0.5,0.01,2,50,0.1,0.1,5.0,0.5,0.8
Preprocessed,N,0.4117647058823529,0.2916666666666667,0.3088235294117647,25.38,0.5,0.01,2,50,0.1,1.0,1.0,0.5,0.6
Preprocessed,N,0.43137254901960786,0.3013698630136986,0.31909750201450443,25.65,0.5,0.01,2,50,0.1,1.0,1.0,0.5,0.7
Preprocessed,N,0.35294117647058826,0.2608695652173913,0.2762148337595908,25.94,0.5,0.01,2,50,0.1,1.0,1.0,0.5,0.8
Preprocessed,N,0.47058823529411764,0.32,0.33882352941176475,25.69,0.5,0.01,2,50,0.1,1.0,5.0,0.5,0.6
Preprocessed,N,0.47058823529411764,0.32,0.33882352941176475,25.83,0.5,0.01,2,50,0.1,1.0,5.0,0.5,0.7
Preprocessed,N,0.4117647058823529,0.2916666666666667,0.3088235294117647,25.95,0.5,0.01,2,50,0.1,1.0,5.0,0.5,0.8
Preprocessed,N,0.35294117647058826,0.2608695652173913,0.2762148337595908,24.06,0.5,0.01,2,50,0.3,0.1,1.0,0.5,0.6
Preprocessed,N,0.35294117647058826,0.2608695652173913,0.2762148337595908,24.15,0.5,0.01,2,50,0.3,0.1,1.0,0.5,0.7
Preprocessed,N,0.3333333333333333,0.25,0.2647058823529412,24.21,0.5,0.01,2,50,0.3,0.1,1.0,0.5,0.8
Preprocessed,N,0.43137254901960786,0.3013698630136986,0.31909750201450443,23.91,0.5,0.01,2,50,0.3,0.1,5.0,0.5,0.6
Preprocessed,N,0.45098039215686275,0.3108108108108108,0.32909379968203495,24.01,0.5,0.01,2,50,0.3,0.1,5.0,0.5,0.7
Preprocessed,N,0.35294117647058826,0.2608695652173913,0.2762148337595908,23.93,0.5,0.01,2,50,0.3,0.1,5.0,0.5,0.8
Preprocessed,N,0.43137254901960786,0.3013698630136986,0.31909750201450443,22.71,0.5,0.01,2,50,0.3,1.0,1.0,0.5,0.6
Preprocessed,N,0.47058823529411764,0.32,0.33882352941176475,5.62,0.5,0.01,2,50,0.3,1.0,1.0,0.5,0.7
Preprocessed,N,0.37254901960784315,0.2714285714285714,0.28739495798319326,5.13,0.5,0.01,2,50,0.3,1.0,1.0,0.5,0.8
Preprocessed,N,0.5294117647058824,0.34615384615384615,0.36651583710407243,4.96,0.5,0.01,2,50,0.3,1.0,5.0,0.5,0.6
Preprocessed,N,0.49019607843137253,0.32894736842105265,0.34829721362229105,5.5,0.5,0.01,2,50,0.3,1.0,5.0,0.5,0.7
Preprocessed,N,0.45098039215686275,0.3108108108108108,0.32909379968203495,5.2,0.5,0.01,2,50,0.3,1.0,5.0,0.5,0.8
Preprocessed,N,0.35294117647058826,0.2823027718550107,0.29554747272043147,19.36,0.5,0.01,2,100,0.1,0.1,1.0,0.5,0.6
Preprocessed,N,0.35294117647058826,0.3002079002079002,0.31150788797847623,19.42,0.5,0.01,2,100,0.1,0.1,1.0,0.5,0.7
Preprocessed,N,0.43137254901960786,0.40863654538184724,0.41545734647317545,19.37,0.5,0.01,2,100,0.1,0.1,1.0,0.5,0.8
Preprocessed,N,0.4117647058823529,0.2916666666666667,0.3088235294117647,19.41,0.5,0.01,2,100,0.1,0.1,5.0,0.5,0.6
Preprocessed,N,0.35294117647058826,0.2823027718550107,0.29554747272043147,19.6,0.5,0.01,2,100,0.1,0.1,5.0,0.5,0.7
Preprocessed,N,0.3333333333333333,0.2702020202020202,0.2828282828282829,20.01,0.5,0.01,2,100,0.1,0.1,5.0,0.5,0.8
Preprocessed,N,0.4117647058823529,0.2916666666666667,0.3088235294117647,20.04,0.5,0.01,2,100,0.1,1.0,1.0,0.5,0.6
Preprocessed,N,0.35294117647058826,0.2823027718550107,0.29554747272043147,19.82,0.5,0.01,2,100,0.1,1.0,1.0,0.5,0.7
Preprocessed,N,0.3333333333333333,0.2702020202020202,0.2828282828282829,19.66,0.5,0.01,2,100,0.1,1.0,1.0,0.5,0.8
Preprocessed,N,0.4117647058823529,0.2916666666666667,0.3088235294117647,19.6,0.5,0.01,2,100,0.1,1.0,5.0,0.5,0.6
Preprocessed,N,0.37254901960784315,0.2714285714285714,0.28739495798319326,20.0,0.5,0.01,2,100,0.1,1.0,5.0,0.5,0.7
Preprocessed,N,0.3137254901960784,0.23880597014925373,0.2528533801580334,19.9,0.5,0.01,2,100,0.1,1.0,5.0,0.5,0.8
Preprocessed,N,0.35294117647058826,0.2823027718550107,0.29554747272043147,18.03,0.5,0.01,2,100,0.3,0.1,1.0,0.5,0.6
Preprocessed,N,0.35294117647058826,0.3002079002079002,0.31150788797847623,18.1,0.5,0.01,2,100,0.3,0.1,1.0,0.5,0.7
Preprocessed,N,0.43137254901960786,0.40863654538184724,0.41545734647317545,18.04,0.5,0.01,2,100,0.3,0.1,1.0,0.5,0.8
Preprocessed,N,0.4117647058823529,0.2916666666666667,0.3088235294117647,17.89,0.5,0.01,2,100,0.3,0.1,5.0,0.5,0.6
Preprocessed,N,0.35294117647058826,0.2823027718550107,0.29554747272043147,18.27,0.5,0.01,2,100,0.3,0.1,5.0,0.5,0.7
Preprocessed,N,0.3333333333333333,0.2702020202020202,0.2828282828282829,18.54,0.5,0.01,2,100,0.3,0.1,5.0,0.5,0.8
Preprocessed,N,0.4117647058823529,0.2916666666666667,0.3088235294117647,18.04,0.5,0.01,2,100,0.3,1.0,1.0,0.5,0.6
Preprocessed,N,0.3333333333333333,0.25,0.2647058823529412,18.66,0.5,0.01,2,100,0.3,1.0,1.0,0.5,0.7
Preprocessed,N,0.3333333333333333,0.2702020202020202,0.2828282828282829,18.21,0.5,0.01,2,100,0.3,1.0,1.0,0.5,0.8
Preprocessed,N,0.4117647058823529,0.2916666666666667,0.3088235294117647,17.86,0.5,0.01,2,100,0.3,1.0,5.0,0.5,0.6
Preprocessed,N,0.37254901960784315,0.2714285714285714,0.28739495798319326,18.11,0.5,0.01,2,100,0.3,1.0,5.0,0.5,0.7
Preprocessed,N,0.3137254901960784,0.23880597014925373,0.2528533801580334,18.12,0.5,0.01,2,100,0.3,1.0,5.0,0.5,0.8
Preprocessed,N,0.39215686274509803,0.34261954261954264,0.3532346826464474,43.21,0.5,0.01,2,150,0.1,0.1,1.0,0.5,0.6
Preprocessed,N,0.39215686274509803,0.3565323565323565,0.3654384830855419,43.16,0.5,0.01,2,150,0.1,0.1,1.0,0.5,0.7
Preprocessed,N,0.45098039215686275,0.44043887147335425,0.44495666605200074,43.02,0.5,0.01,2,150,0.1,0.1,1.0,0.5,0.8
Preprocessed,N,0.39215686274509803,0.3257995735607676,0.33824156528282956,43.04,0.5,0.01,2,150,0.1,0.1,5.0,0.5,0.6
Preprocessed,N,0.35294117647058826,0.3002079002079002,0.31150788797847623,43.24,0.5,0.01,2,150,0.1,0.1,5.0,0.5,0.7
Preprocessed,N,0.4117647058823529,0.38306451612903225,0.39089184060721066,43.51,0.5,0.01,2,150,0.1,0.1,5.0,0.5,0.8
Preprocessed,N,0.39215686274509803,0.3257995735607676,0.33824156528282956,43.26,0.5,0.01,2,150,0.1,1.0,1.0,0.5,0.6
Preprocessed,N,0.35294117647058826,0.3002079002079002,0.31150788797847623,43.23,0.5,0.01,2,150,0.1,1.0,1.0,0.5,0.7
Preprocessed,N,0.3333333333333333,0.2702020202020202,0.2828282828282829,42.95,0.5,0.01,2,150,0.1,1.0,1.0,0.5,0.8
Preprocessed,N,0.4117647058823529,0.2916666666666667,0.3088235294117647,43.13,0.5,0.01,2,150,0.1,1.0,5.0,0.5,0.6
Preprocessed,N,0.37254901960784315,0.29411764705882354,0.3079584775086505,42.85,0.5,0.01,2,150,0.1,1.0,5.0,0.5,0.7
Preprocessed,N,0.3333333333333333,0.2702020202020202,0.2828282828282829,43.02,0.5,0.01,2,150,0.1,1.0,5.0,0.5,0.8
Preprocessed,N,0.39215686274509803,0.34261954261954264,0.3532346826464474,38.22,0.5,0.01,2,150,0.3,0.1,1.0,0.5,0.6
Preprocessed,N,0.37254901960784315,0.32894736842105265,0.3390092879256966,38.51,0.5,0.01,2,150,0.3,0.1,1.0,0.5,0.7
Preprocessed,N,0.45098039215686275,0.44043887147335425,0.44495666605200074,38.66,0.5,0.01,2,150,0.3,0.1,1.0,0.5,0.8
Preprocessed,N,0.39215686274509803,0.30566534914361,0.3200806014105247,38.42,0.5,0.01,2,150,0.3,0.1,5.0,0.5,0.6
Preprocessed,N,0.35294117647058826,0.3002079002079002,0.31150788797847623,38.38,0.5,0.01,2,150,0.3,0.1,5.0,0.5,0.7
Preprocessed,N,0.35294117647058826,0.3002079002079002,0.31150788797847623,38.28,0.5,0.01,2,150,0.3,0.1,5.0,0.5,0.8
Preprocessed,N,0.37254901960784315,0.29411764705882354,0.3079584775086505,38.53,0.5,0.01,2,150,0.3,1.0,1.0,0.5,0.6
Preprocessed,N,0.3333333333333333,0.2702020202020202,0.2828282828282829,38.78,0.5,0.01,2,150,0.3,1.0,1.0,0.5,0.7
Preprocessed,N,0.3333333333333333,0.2702020202020202,0.2828282828282829,38.63,0.5,0.01,2,150,0.3,1.0,1.0,0.5,0.8
Preprocessed,N,0.4117647058823529,0.2916666666666667,0.3088235294117647,38.26,0.5,0.01,2,150,0.3,1.0,5.0,0.5,0.6
Preprocessed,N,0.35294117647058826,0.2608695652173913,0.2762148337595908,38.03,0.5,0.01,2,150,0.3,1.0,5.0,0.5,0.7
Preprocessed,N,0.3333333333333333,0.2702020202020202,0.2828282828282829,38.69,0.5,0.01,2,150,0.3,1.0,5.0,0.5,0.8
Preprocessed,N,0.35294117647058826,0.2608695652173913,0.2762148337595908,5.59,0.5,0.01,3,50,0.1,0.1,1.0,0.5,0.6
Preprocessed,N,0.37254901960784315,0.29411764705882354,0.3079584775086505,5.68,0.5,0.01,3,50,0.1,0.1,1.0,0.5,0.7
Preprocessed,N,0.3137254901960784,0.23880597014925373,0.2528533801580334,5.68,0.5,0.01,3,50,0.1,0.1,1.0,0.5,0.8
Preprocessed,N,0.4117647058823529,0.2916666666666667,0.3088235294117647,5.6,0.5,0.01,3,50,0.1,0.1,5.0,0.5,0.6
Preprocessed,N,0.4117647058823529,0.2916666666666667,0.3088235294117647,5.62,0.5,0.01,3,50,0.1,0.1,5.0,0.5,0.7
Preprocessed,N,0.3333333333333333,0.25,0.2647058823529412,5.89,0.5,0.01,3,50,0.1,0.1,5.0,0.5,0.8
Preprocessed,N,0.4117647058823529,0.2916666666666667,0.3088235294117647,5.53,0.5,0.01,3,50,0.1,1.0,1.0,0.5,0.6
Preprocessed,N,0.43137254901960786,0.3013698630136986,0.31909750201450443,5.62,0.5,0.01,3,50,0.1,1.0,1.0,0.5,0.7
Preprocessed,N,0.35294117647058826,0.2608695652173913,0.2762148337595908,5.76,0.5,0.01,3,50,0.1,1.0,1.0,0.5,0.8
Preprocessed,N,0.47058823529411764,0.32,0.33882352941176475,5.59,0.5,0.01,3,50,0.1,1.0,5.0,0.5,0.6
Preprocessed,N,0.47058823529411764,0.32,0.33882352941176475,5.78,0.5,0.01,3,50,0.1,1.0,5.0,0.5,0.7
Preprocessed,N,0.4117647058823529,0.2916666666666667,0.3088235294117647,5.73,0.5,0.01,3,50,0.1,1.0,5.0,0.5,0.8
Preprocessed,N,0.35294117647058826,0.2608695652173913,0.2762148337595908,5.3,0.5,0.01,3,50,0.3,0.1,1.0,0.5,0.6
Preprocessed,N,0.35294117647058826,0.2608695652173913,0.2762148337595908,5.25,0.5,0.01,3,50,0.3,0.1,1.0,0.5,0.7
Preprocessed,N,0.3137254901960784,0.23880597014925373,0.2528533801580334,5.39,0.5,0.01,3,50,0.3,0.1,1.0,0.5,0.8
Preprocessed,N,0.43137254901960786,0.3013698630136986,0.31909750201450443,5.12,0.5,0.01,3,50,0.3,0.1,5.0,0.5,0.6
Preprocessed,N,0.45098039215686275,0.3108108108108108,0.32909379968203495,5.35,0.5,0.01,3,50,0.3,0.1,5.0,0.5,0.7
Preprocessed,N,0.35294117647058826,0.2608695652173913,0.2762148337595908,5.38,0.5,0.01,3,50,0.3,0.1,5.0,0.5,0.8
Preprocessed,N,0.43137254901960786,0.3013698630136986,0.31909750201450443,5.38,0.5,0.01,3,50,0.3,1.0,1.0,0.5,0.6
Preprocessed,N,0.47058823529411764,0.32,0.33882352941176475,5.2,0.5,0.01,3,50,0.3,1.0,1.0,0.5,0.7
Preprocessed,N,0.37254901960784315,0.2714285714285714,0.28739495798319326,5.4,0.5,0.01,3,50,0.3,1.0,1.0,0.5,0.8
Preprocessed,N,0.5294117647058824,0.34615384615384615,0.36651583710407243,5.12,0.5,0.01,3,50,0.3,1.0,5.0,0.5,0.6
Preprocessed,N,0.49019607843137253,0.32894736842105265,0.34829721362229105,5.4,0.5,0.01,3,50,0.3,1.0,5.0,0.5,0.7
Preprocessed,N,0.45098039215686275,0.3108108108108108,0.32909379968203495,5.29,0.5,0.01,3,50,0.3,1.0,5.0,0.5,0.8
Preprocessed,N,0.35294117647058826,0.2823027718550107,0.29554747272043147,19.62,0.5,0.01,3,100,0.1,0.1,1.0,0.5,0.6
Preprocessed,N,0.35294117647058826,0.3002079002079002,0.31150788797847623,19.96,0.5,0.01,3,100,0.1,0.1,1.0,0.5,0.7
Preprocessed,N,0.43137254901960786,0.40863654538184724,0.41545734647317545,20.33,0.5,0.01,3,100,0.1,0.1,1.0,0.5,0.8
Preprocessed,N,0.4117647058823529,0.2916666666666667,0.3088235294117647,19.71,0.5,0.01,3,100,0.1,0.1,5.0,0.5,0.6
Preprocessed,N,0.35294117647058826,0.2823027718550107,0.29554747272043147,19.68,0.5,0.01,3,100,0.1,0.1,5.0,0.5,0.7
Preprocessed,N,0.3333333333333333,0.2702020202020202,0.2828282828282829,19.99,0.5,0.01,3,100,0.1,0.1,5.0,0.5,0.8
Preprocessed,N,0.4117647058823529,0.2916666666666667,0.3088235294117647,19.95,0.5,0.01,3,100,0.1,1.0,1.0,0.5,0.6
Preprocessed,N,0.35294117647058826,0.2823027718550107,0.29554747272043147,19.87,0.5,0.01,3,100,0.1,1.0,1.0,0.5,0.7
Preprocessed,N,0.3333333333333333,0.2702020202020202,0.2828282828282829,20.06,0.5,0.01,3,100,0.1,1.0,1.0,0.5,0.8
Preprocessed,N,0.4117647058823529,0.2916666666666667,0.3088235294117647,19.69,0.5,0.01,3,100,0.1,1.0,5.0,0.5,0.6
Preprocessed,N,0.37254901960784315,0.2714285714285714,0.28739495798319326,19.61,0.5,0.01,3,100,0.1,1.0,5.0,0.5,0.7
Preprocessed,N,0.3137254901960784,0.23880597014925373,0.2528533801580334,19.8,0.5,0.01,3,100,0.1,1.0,5.0,0.5,0.8
Preprocessed,N,0.35294117647058826,0.2823027718550107,0.29554747272043147,17.5,0.5,0.01,3,100,0.3,0.1,1.0,0.5,0.6
Preprocessed,N,0.35294117647058826,0.3002079002079002,0.31150788797847623,17.86,0.5,0.01,3,100,0.3,0.1,1.0,0.5,0.7
Preprocessed,N,0.45098039215686275,0.43333333333333335,0.4392156862745098,17.83,0.5,0.01,3,100,0.3,0.1,1.0,0.5,0.8
Preprocessed,N,0.4117647058823529,0.2916666666666667,0.3088235294117647,17.49,0.5,0.01,3,100,0.3,0.1,5.0,0.5,0.6
Preprocessed,N,0.35294117647058826,0.2823027718550107,0.29554747272043147,17.72,0.5,0.01,3,100,0.3,0.1,5.0,0.5,0.7
Preprocessed,N,0.3333333333333333,0.2702020202020202,0.2828282828282829,17.82,0.5,0.01,3,100,0.3,0.1,5.0,0.5,0.8
Preprocessed,N,0.4117647058823529,0.2916666666666667,0.3088235294117647,17.72,0.5,0.01,3,100,0.3,1.0,1.0,0.5,0.6
Preprocessed,N,0.3333333333333333,0.25,0.2647058823529412,17.67,0.5,0.01,3,100,0.3,1.0,1.0,0.5,0.7
Preprocessed,N,0.3137254901960784,0.23880597014925373,0.2528533801580334,17.85,0.5,0.01,3,100,0.3,1.0,1.0,0.5,0.8
Preprocessed,N,0.4117647058823529,0.2916666666666667,0.3088235294117647,17.95,0.5,0.01,3,100,0.3,1.0,5.0,0.5,0.6
Preprocessed,N,0.37254901960784315,0.2714285714285714,0.28739495798319326,17.52,0.5,0.01,3,100,0.3,1.0,5.0,0.5,0.7
Preprocessed,N,0.3333333333333333,0.25,0.2647058823529412,18.17,0.5,0.01,3,100,0.3,1.0,5.0,0.5,0.8
Preprocessed,N,0.39215686274509803,0.34261954261954264,0.3532346826464474,41.96,0.5,0.01,3,150,0.1,0.1,1.0,0.5,0.6
Preprocessed,N,0.39215686274509803,0.3565323565323565,0.3654384830855419,42.63,0.5,0.01,3,150,0.1,0.1,1.0,0.5,0.7
Preprocessed,N,0.47058823529411764,0.4631578947368421,0.46687306501547987,42.58,0.5,0.01,3,150,0.1,0.1,1.0,0.5,0.8
Preprocessed,N,0.39215686274509803,0.3257995735607676,0.33824156528282956,41.9,0.5,0.01,3,150,0.1,0.1,5.0,0.5,0.6
Preprocessed,N,0.35294117647058826,0.3002079002079002,0.31150788797847623,42.01,0.5,0.01,3,150,0.1,0.1,5.0,0.5,0.7
Preprocessed,N,0.4117647058823529,0.39285714285714285,0.39915966386554624,42.43,0.5,0.01,3,150,0.1,0.1,5.0,0.5,0.8
Preprocessed,N,0.39215686274509803,0.3257995735607676,0.33824156528282956,42.02,0.5,0.01,3,150,0.1,1.0,1.0,0.5,0.6
Preprocessed,N,0.35294117647058826,0.3002079002079002,0.31150788797847623,42.33,0.5,0.01,3,150,0.1,1.0,1.0,0.5,0.7
Preprocessed,N,0.3333333333333333,0.2702020202020202,0.2828282828282829,42.58,0.5,0.01,3,150,0.1,1.0,1.0,0.5,0.8
Preprocessed,N,0.4117647058823529,0.2916666666666667,0.3088235294117647,41.86,0.5,0.01,3,150,0.1,1.0,5.0,0.5,0.6
Preprocessed,N,0.37254901960784315,0.29411764705882354,0.3079584775086505,42.26,0.5,0.01,3,150,0.1,1.0,5.0,0.5,0.7
Preprocessed,N,0.3333333333333333,0.2702020202020202,0.2828282828282829,42.91,0.5,0.01,3,150,0.1,1.0,5.0,0.5,0.8
Preprocessed,N,0.39215686274509803,0.34261954261954264,0.3532346826464474,37.74,0.5,0.01,3,150,0.3,0.1,1.0,0.5,0.6
Preprocessed,N,0.37254901960784315,0.32894736842105265,0.3390092879256966,38.02,0.5,0.01,3,150,0.3,0.1,1.0,0.5,0.7
Preprocessed,N,0.45098039215686275,0.44043887147335425,0.44495666605200074,38.23,0.5,0.01,3,150,0.3,0.1,1.0,0.5,0.8
Preprocessed,N,0.39215686274509803,0.30566534914361,0.3200806014105247,37.91,0.5,0.01,3,150,0.3,0.1,5.0,0.5,0.6
Preprocessed,N,0.35294117647058826,0.3002079002079002,0.31150788797847623,38.49,0.5,0.01,3,150,0.3,0.1,5.0,0.5,0.7
Preprocessed,N,0.35294117647058826,0.3002079002079002,0.31150788797847623,38.18,0.5,0.01,3,150,0.3,0.1,5.0,0.5,0.8
Preprocessed,N,0.37254901960784315,0.29411764705882354,0.3079584775086505,37.56,0.5,0.01,3,150,0.3,1.0,1.0,0.5,0.6
Preprocessed,N,0.3333333333333333,0.2702020202020202,0.2828282828282829,37.96,0.5,0.01,3,150,0.3,1.0,1.0,0.5,0.7
Preprocessed,N,0.3333333333333333,0.2702020202020202,0.2828282828282829,38.2,0.5,0.01,3,150,0.3,1.0,1.0,0.5,0.8
Preprocessed,N,0.4117647058823529,0.2916666666666667,0.3088235294117647,37.84,0.5,0.01,3,150,0.3,1.0,5.0,0.5,0.6
Preprocessed,N,0.35294117647058826,0.2608695652173913,0.2762148337595908,37.62,0.5,0.01,3,150,0.3,1.0,5.0,0.5,0.7
Preprocessed,N,0.3333333333333333,0.2702020202020202,0.2828282828282829,37.99,0.5,0.01,3,150,0.3,1.0,5.0,0.5,0.8
Preprocessed,N,0.35294117647058826,0.2608695652173913,0.2762148337595908,5.44,0.5,0.01,4,50,0.1,0.1,1.0,0.5,0.6
Preprocessed,N,0.37254901960784315,0.29411764705882354,0.3079584775086505,5.51,0.5,0.01,4,50,0.1,0.1,1.0,0.5,0.7
Preprocessed,N,0.3137254901960784,0.23880597014925373,0.2528533801580334,5.6,0.5,0.01,4,50,0.1,0.1,1.0,0.5,0.8
Preprocessed,N,0.4117647058823529,0.2916666666666667,0.3088235294117647,5.38,0.5,0.01,4,50,0.1,0.1,5.0,0.5,0.6
Preprocessed,N,0.4117647058823529,0.2916666666666667,0.3088235294117647,5.55,0.5,0.01,4,50,0.1,0.1,5.0,0.5,0.7
Preprocessed,N,0.3333333333333333,0.25,0.2647058823529412,5.64,0.5,0.01,4,50,0.1,0.1,5.0,0.5,0.8
Preprocessed,N,0.4117647058823529,0.2916666666666667,0.3088235294117647,5.47,0.5,0.01,4,50,0.1,1.0,1.0,0.5,0.6
Preprocessed,N,0.43137254901960786,0.3013698630136986,0.31909750201450443,5.51,0.5,0.01,4,50,0.1,1.0,1.0,0.5,0.7
Preprocessed,N,0.35294117647058826,0.2608695652173913,0.2762148337595908,5.6,0.5,0.01,4,50,0.1,1.0,1.0,0.5,0.8
Preprocessed,N,0.47058823529411764,0.32,0.33882352941176475,5.49,0.5,0.01,4,50,0.1,1.0,5.0,0.5,0.6
Preprocessed,N,0.47058823529411764,0.32,0.33882352941176475,5.47,0.5,0.01,4,50,0.1,1.0,5.0,0.5,0.7
Preprocessed,N,0.4117647058823529,0.2916666666666667,0.3088235294117647,5.59,0.5,0.01,4,50,0.1,1.0,5.0,0.5,0.8
Preprocessed,N,0.35294117647058826,0.2608695652173913,0.2762148337595908,5.0,0.5,0.01,4,50,0.3,0.1,1.0,0.5,0.6
Preprocessed,N,0.35294117647058826,0.2608695652173913,0.2762148337595908,5.23,0.5,0.01,4,50,0.3,0.1,1.0,0.5,0.7
Preprocessed,N,0.3137254901960784,0.23880597014925373,0.2528533801580334,5.17,0.5,0.01,4,50,0.3,0.1,1.0,0.5,0.8
Preprocessed,N,0.43137254901960786,0.3013698630136986,0.31909750201450443,5.29,0.5,0.01,4,50,0.3,0.1,5.0,0.5,0.6
Preprocessed,N,0.45098039215686275,0.3108108108108108,0.32909379968203495,5.09,0.5,0.01,4,50,0.3,0.1,5.0,0.5,0.7
Preprocessed,N,0.35294117647058826,0.2608695652173913,0.2762148337595908,5.34,0.5,0.01,4,50,0.3,0.1,5.0,0.5,0.8
Preprocessed,N,0.43137254901960786,0.3013698630136986,0.31909750201450443,5.04,0.5,0.01,4,50,0.3,1.0,1.0,0.5,0.6
Preprocessed,N,0.47058823529411764,0.32,0.33882352941176475,5.23,0.5,0.01,4,50,0.3,1.0,1.0,0.5,0.7
Preprocessed,N,0.37254901960784315,0.2714285714285714,0.28739495798319326,5.17,0.5,0.01,4,50,0.3,1.0,1.0,0.5,0.8
Preprocessed,N,0.5294117647058824,0.34615384615384615,0.36651583710407243,5.18,0.5,0.01,4,50,0.3,1.0,5.0,0.5,0.6
Preprocessed,N,0.49019607843137253,0.32894736842105265,0.34829721362229105,5.14,0.5,0.01,4,50,0.3,1.0,5.0,0.5,0.7
Preprocessed,N,0.45098039215686275,0.3108108108108108,0.32909379968203495,5.29,0.5,0.01,4,50,0.3,1.0,5.0,0.5,0.8
Preprocessed,N,0.35294117647058826,0.2823027718550107,0.29554747272043147,19.46,0.5,0.01,4,100,0.1,0.1,1.0,0.5,0.6
Preprocessed,N,0.35294117647058826,0.3002079002079002,0.31150788797847623,19.61,0.5,0.01,4,100,0.1,0.1,1.0,0.5,0.7
Preprocessed,N,0.43137254901960786,0.40863654538184724,0.41545734647317545,19.72,0.5,0.01,4,100,0.1,0.1,1.0,0.5,0.8
Preprocessed,N,0.4117647058823529,0.2916666666666667,0.3088235294117647,19.38,0.5,0.01,4,100,0.1,0.1,5.0,0.5,0.6
Preprocessed,N,0.35294117647058826,0.2823027718550107,0.29554747272043147,19.24,0.5,0.01,4,100,0.1,0.1,5.0,0.5,0.7
Preprocessed,N,0.3333333333333333,0.2702020202020202,0.2828282828282829,19.78,0.5,0.01,4,100,0.1,0.1,5.0,0.5,0.8
Preprocessed,N,0.4117647058823529,0.2916666666666667,0.3088235294117647,19.7,0.5,0.01,4,100,0.1,1.0,1.0,0.5,0.6
Preprocessed,N,0.35294117647058826,0.2823027718550107,0.29554747272043147,19.61,0.5,0.01,4,100,0.1,1.0,1.0,0.5,0.7
Preprocessed,N,0.3333333333333333,0.2702020202020202,0.2828282828282829,19.76,0.5,0.01,4,100,0.1,1.0,1.0,0.5,0.8
Preprocessed,N,0.4117647058823529,0.2916666666666667,0.3088235294117647,19.36,0.5,0.01,4,100,0.1,1.0,5.0,0.5,0.6
Preprocessed,N,0.37254901960784315,0.2714285714285714,0.28739495798319326,19.44,0.5,0.01,4,100,0.1,1.0,5.0,0.5,0.7
Preprocessed,N,0.3137254901960784,0.23880597014925373,0.2528533801580334,19.49,0.5,0.01,4,100,0.1,1.0,5.0,0.5,0.8
Preprocessed,N,0.35294117647058826,0.2823027718550107,0.29554747272043147,17.67,0.5,0.01,4,100,0.3,0.1,1.0,0.5,0.6
Preprocessed,N,0.35294117647058826,0.3002079002079002,0.31150788797847623,17.85,0.5,0.01,4,100,0.3,0.1,1.0,0.5,0.7
Preprocessed,N,0.45098039215686275,0.43333333333333335,0.4392156862745098,17.84,0.5,0.01,4,100,0.3,0.1,1.0,0.5,0.8
Preprocessed,N,0.4117647058823529,0.2916666666666667,0.3088235294117647,17.54,0.5,0.01,4,100,0.3,0.1,5.0,0.5,0.6
Preprocessed,N,0.35294117647058826,0.2823027718550107,0.29554747272043147,17.93,0.5,0.01,4,100,0.3,0.1,5.0,0.5,0.7
Preprocessed,N,0.3333333333333333,0.2702020202020202,0.2828282828282829,17.65,0.5,0.01,4,100,0.3,0.1,5.0,0.5,0.8
Preprocessed,N,0.4117647058823529,0.2916666666666667,0.3088235294117647,17.33,0.5,0.01,4,100,0.3,1.0,1.0,0.5,0.6
Preprocessed,N,0.3333333333333333,0.25,0.2647058823529412,17.79,0.5,0.01,4,100,0.3,1.0,1.0,0.5,0.7
Preprocessed,N,0.3137254901960784,0.23880597014925373,0.2528533801580334,17.97,0.5,0.01,4,100,0.3,1.0,1.0,0.5,0.8
Preprocessed,N,0.4117647058823529,0.2916666666666667,0.3088235294117647,17.72,0.5,0.01,4,100,0.3,1.0,5.0,0.5,0.6
Preprocessed,N,0.37254901960784315,0.2714285714285714,0.28739495798319326,17.72,0.5,0.01,4,100,0.3,1.0,5.0,0.5,0.7
Preprocessed,N,0.3333333333333333,0.25,0.2647058823529412,17.88,0.5,0.01,4,100,0.3,1.0,5.0,0.5,0.8
Preprocessed,N,0.39215686274509803,0.34261954261954264,0.3532346826464474,41.98,0.5,0.01,4,150,0.1,0.1,1.0,0.5,0.6
Preprocessed,N,0.39215686274509803,0.3565323565323565,0.3654384830855419,42.19,0.5,0.01,4,150,0.1,0.1,1.0,0.5,0.7
Preprocessed,N,0.47058823529411764,0.4631578947368421,0.46687306501547987,42.62,0.5,0.01,4,150,0.1,0.1,1.0,0.5,0.8
Preprocessed,N,0.39215686274509803,0.3257995735607676,0.33824156528282956,41.8,0.5,0.01,4,150,0.1,0.1,5.0,0.5,0.6
Preprocessed,N,0.35294117647058826,0.3002079002079002,0.31150788797847623,42.44,0.5,0.01,4,150,0.1,0.1,5.0,0.5,0.7
Preprocessed,N,0.4117647058823529,0.39285714285714285,0.39915966386554624,42.88,0.5,0.01,4,150,0.1,0.1,5.0,0.5,0.8
Preprocessed,N,0.39215686274509803,0.3257995735607676,0.33824156528282956,41.81,0.5,0.01,4,150,0.1,1.0,1.0,0.5,0.6
Preprocessed,N,0.35294117647058826,0.3002079002079002,0.31150788797847623,42.12,0.5,0.01,4,150,0.1,1.0,1.0,0.5,0.7
Preprocessed,N,0.3333333333333333,0.2702020202020202,0.2828282828282829,42.28,0.5,0.01,4,150,0.1,1.0,1.0,0.5,0.8
Preprocessed,N,0.4117647058823529,0.2916666666666667,0.3088235294117647,42.6,0.5,0.01,4,150,0.1,1.0,5.0,0.5,0.6
Preprocessed,N,0.37254901960784315,0.29411764705882354,0.3079584775086505,41.85,0.5,0.01,4,150,0.1,1.0,5.0,0.5,0.7
Preprocessed,N,0.3333333333333333,0.2702020202020202,0.2828282828282829,41.98,0.5,0.01,4,150,0.1,1.0,5.0,0.5,0.8
Preprocessed,N,0.39215686274509803,0.34261954261954264,0.3532346826464474,37.83,0.5,0.01,4,150,0.3,0.1,1.0,0.5,0.6
Preprocessed,N,0.37254901960784315,0.32894736842105265,0.3390092879256966,37.9,0.5,0.01,4,150,0.3,0.1,1.0,0.5,0.7
Preprocessed,N,0.45098039215686275,0.44043887147335425,0.44495666605200074,38.35,0.5,0.01,4,150,0.3,0.1,1.0,0.5,0.8
Preprocessed,N,0.39215686274509803,0.30566534914361,0.3200806014105247,37.78,0.5,0.01,4,150,0.3,0.1,5.0,0.5,0.6
Preprocessed,N,0.35294117647058826,0.3002079002079002,0.31150788797847623,37.97,0.5,0.01,4,150,0.3,0.1,5.0,0.5,0.7
Preprocessed,N,0.35294117647058826,0.3002079002079002,0.31150788797847623,38.19,0.5,0.01,4,150,0.3,0.1,5.0,0.5,0.8
Preprocessed,N,0.37254901960784315,0.29411764705882354,0.3079584775086505,37.71,0.5,0.01,4,150,0.3,1.0,1.0,0.5,0.6
Preprocessed,N,0.3333333333333333,0.2702020202020202,0.2828282828282829,38.4,0.5,0.01,4,150,0.3,1.0,1.0,0.5,0.7
Preprocessed,N,0.3333333333333333,0.2702020202020202,0.2828282828282829,38.36,0.5,0.01,4,150,0.3,1.0,1.0,0.5,0.8
Preprocessed,N,0.4117647058823529,0.2916666666666667,0.3088235294117647,38.07,0.5,0.01,4,150,0.3,1.0,5.0,0.5,0.6
Preprocessed,N,0.35294117647058826,0.2608695652173913,0.2762148337595908,38.24,0.5,0.01,4,150,0.3,1.0,5.0,0.5,0.7
Preprocessed,N,0.3333333333333333,0.2702020202020202,0.2828282828282829,38.77,0.5,0.01,4,150,0.3,1.0,5.0,0.5,0.8
Preprocessed,N,0.39215686274509803,0.34261954261954264,0.3532346826464474,5.38,0.5,0.05,2,50,0.1,0.1,1.0,0.5,0.6
Preprocessed,N,0.43137254901960786,0.40863654538184724,0.41545734647317545,5.55,0.5,0.05,2,50,0.1,0.1,1.0,0.5,0.7
Preprocessed,N,0.5098039215686274,0.5067698259187621,0.5090453976561611,5.36,0.5,0.05,2,50,0.1,0.1,1.0,0.5,0.8
Preprocessed,N,0.37254901960784315,0.31313131313131315,0.3250148544266191,5.46,0.5,0.05,2,50,0.1,0.1,5.0,0.5,0.6
Preprocessed,N,0.4117647058823529,0.38306451612903225,0.39089184060721066,5.46,0.5,0.05,2,50,0.1,0.1,5.0,0.5,0.7
Preprocessed,N,0.5098039215686274,0.5067698259187621,0.5090453976561611,5.49,0.5,0.05,2,50,0.1,0.1,5.0,0.5,0.8
Preprocessed,N,0.4117647058823529,0.356060606060606,0.3672014260249554,5.38,0.5,0.05,2,50,0.1,1.0,1.0,0.5,0.6
Preprocessed,N,0.39215686274509803,0.3565323565323565,0.3654384830855419,5.54,0.5,0.05,2,50,0.1,1.0,1.0,0.5,0.7
Preprocessed,N,0.49019607843137253,0.4804075235109718,0.4846026184768578,5.4,0.5,0.05,2,50,0.1,1.0,1.0,0.5,0.8
Preprocessed,N,0.39215686274509803,0.3257995735607676,0.33824156528282956,5.45,0.5,0.05,2,50,0.1,1.0,5.0,0.5,0.6
Preprocessed,N,0.37254901960784315,0.32894736842105265,0.3390092879256966,5.38,0.5,0.05,2,50,0.1,1.0,5.0,0.5,0.7
Preprocessed,N,0.47058823529411764,0.4572329523058731,0.46224118342646475,5.48,0.5,0.05,2,50,0.1,1.0,5.0,0.5,0.8
Preprocessed,N,0.39215686274509803,0.34261954261954264,0.3532346826464474,5.01,0.5,0.05,2,50,0.3,0.1,1.0,0.5,0.6
Preprocessed,N,0.45098039215686275,0.43333333333333335,0.4392156862745098,5.18,0.5,0.05,2,50,0.3,0.1,1.0,0.5,0.7
Preprocessed,N,0.5294117647058824,0.5248447204968945,0.5275849470222872,5.03,0.5,0.05,2,50,0.3,0.1,1.0,0.5,0.8
Preprocessed,N,0.39215686274509803,0.3257995735607676,0.33824156528282956,5.06,0.5,0.05,2,50,0.3,0.1,5.0,0.5,0.6
Preprocessed,N,0.37254901960784315,0.32894736842105265,0.3390092879256966,5.11,0.5,0.05,2,50,0.3,0.1,5.0,0.5,0.7
Preprocessed,N,0.49019607843137253,0.48524844720496896,0.48821702594081107,5.18,0.5,0.05,2,50,0.3,0.1,5.0,0.5,0.8
Preprocessed,N,0.4117647058823529,0.356060606060606,0.3672014260249554,4.88,0.5,0.05,2,50,0.3,1.0,1.0,0.5,0.6
Preprocessed,N,0.37254901960784315,0.32894736842105265,0.3390092879256966,5.05,0.5,0.05,2,50,0.3,1.0,1.0,0.5,0.7
Preprocessed,N,0.49019607843137253,0.4804075235109718,0.4846026184768578,5.1,0.5,0.05,2,50,0.3,1.0,1.0,0.5,0.8
Preprocessed,N,0.39215686274509803,0.3257995735607676,0.33824156528282956,5.15,0.5,0.05,2,50,0.3,1.0,5.0,0.5,0.6
Preprocessed,N,0.35294117647058826,0.3002079002079002,0.31150788797847623,5.09,0.5,0.05,2,50,0.3,1.0,5.0,0.5,0.7
Preprocessed,N,0.43137254901960786,0.40863654538184724,0.41545734647317545,5.15,0.5,0.05,2,50,0.3,1.0,5.0,0.5,0.8
Preprocessed,N,0.45098039215686275,0.43333333333333335,0.4392156862745098,19.34,0.5,0.05,2,100,0.1,0.1,1.0,0.5,0.6
Preprocessed,N,0.5294117647058824,0.5248447204968945,0.5275849470222872,19.36,0.5,0.05,2,100,0.1,0.1,1.0,0.5,0.7
Preprocessed,N,0.47058823529411764,0.467311411992263,0.469769029468654,19.72,0.5,0.05,2,100,0.1,0.1,1.0,0.5,0.8
Preprocessed,N,0.4117647058823529,0.37088815789473684,0.3803212074303406,19.27,0.5,0.05,2,100,0.1,0.1,5.0,0.5,0.6
Preprocessed,N,0.47058823529411764,0.4572329523058731,0.46224118342646475,19.37,0.5,0.05,2,100,0.1,0.1,5.0,0.5,0.7
Preprocessed,N,0.47058823529411764,0.467311411992263,0.469769029468654,19.51,0.5,0.05,2,100,0.1,0.1,5.0,0.5,0.8
Preprocessed,N,0.39215686274509803,0.34261954261954264,0.3532346826464474,19.25,0.5,0.05,2,100,0.1,1.0,1.0,0.5,0.6
Preprocessed,N,0.47058823529411764,0.4572329523058731,0.46224118342646475,19.46,0.5,0.05,2,100,0.1,1.0,1.0,0.5,0.7
Preprocessed,N,0.49019607843137253,0.48524844720496896,0.48821702594081107,19.37,0.5,0.05,2,100,0.1,1.0,1.0,0.5,0.8
Preprocessed,N,0.4117647058823529,0.37088815789473684,0.3803212074303406,19.1,0.5,0.05,2,100,0.1,1.0,5.0,0.5,0.6
Preprocessed,N,0.4117647058823529,0.38306451612903225,0.39089184060721066,19.56,0.5,0.05,2,100,0.1,1.0,5.0,0.5,0.7
Preprocessed,N,0.5294117647058824,0.5248447204968945,0.5275849470222872,19.68,0.5,0.05,2,100,0.1,1.0,5.0,0.5,0.8
Preprocessed,N,0.45098039215686275,0.43333333333333335,0.4392156862745098,17.42,0.5,0.05,2,100,0.3,0.1,1.0,0.5,0.6
Preprocessed,N,0.49019607843137253,0.4804075235109718,0.4846026184768578,17.56,0.5,0.05,2,100,0.3,0.1,1.0,0.5,0.7
Preprocessed,N,0.47058823529411764,0.467311411992263,0.469769029468654,17.62,0.5,0.05,2,100,0.3,0.1,1.0,0.5,0.8
Preprocessed,N,0.4117647058823529,0.37088815789473684,0.3803212074303406,17.52,0.5,0.05,2,100,0.3,0.1,5.0,0.5,0.6
Preprocessed,N,0.47058823529411764,0.4572329523058731,0.46224118342646475,17.59,0.5,0.05,2,100,0.3,0.1,5.0,0.5,0.7
Preprocessed,N,0.5098039215686274,0.5067698259187621,0.5090453976561611,17.57,0.5,0.05,2,100,0.3,0.1,5.0,0.5,0.8
Preprocessed,N,0.39215686274509803,0.34261954261954264,0.3532346826464474,17.47,0.5,0.05,2,100,0.3,1.0,1.0,0.5,0.6
Preprocessed,N,0.47058823529411764,0.4572329523058731,0.46224118342646475,17.49,0.5,0.05,2,100,0.3,1.0,1.0,0.5,0.7
Preprocessed,N,0.49019607843137253,0.48524844720496896,0.48821702594081107,17.72,0.5,0.05,2,100,0.3,1.0,1.0,0.5,0.8
Preprocessed,N,0.39215686274509803,0.3565323565323565,0.3654384830855419,17.52,0.5,0.05,2,100,0.3,1.0,5.0,0.5,0.6
Preprocessed,N,0.43137254901960786,0.40863654538184724,0.41545734647317545,17.84,0.5,0.05,2,100,0.3,1.0,5.0,0.5,0.7
Preprocessed,N,0.5294117647058824,0.5248447204968945,0.5275849470222872,17.68,0.5,0.05,2,100,0.3,1.0,5.0,0.5,0.8
Preprocessed,N,0.49019607843137253,0.4804075235109718,0.4846026184768578,41.86,0.5,0.05,2,150,0.1,0.1,1.0,0.5,0.6
Preprocessed,N,0.49019607843137253,0.4804075235109718,0.4846026184768578,41.74,0.5,0.05,2,150,0.1,0.1,1.0,0.5,0.7
Preprocessed,N,0.5098039215686274,0.5067698259187621,0.5090453976561611,41.85,0.5,0.05,2,150,0.1,0.1,1.0,0.5,0.8
Preprocessed,N,0.43137254901960786,0.40863654538184724,0.41545734647317545,41.77,0.5,0.05,2,150,0.1,0.1,5.0,0.5,0.6
Preprocessed,N,0.47058823529411764,0.4572329523058731,0.46224118342646475,42.19,0.5,0.05,2,150,0.1,0.1,5.0,0.5,0.7
Preprocessed,N,0.49019607843137253,0.48842592592592593,0.49019607843137253,41.79,0.5,0.05,2,150,0.1,0.1,5.0,0.5,0.8
Preprocessed,N,0.4117647058823529,0.38306451612903225,0.39089184060721066,41.91,0.5,0.05,2,150,0.1,1.0,1.0,0.5,0.6
Preprocessed,N,0.47058823529411764,0.4572329523058731,0.46224118342646475,42.29,0.5,0.05,2,150,0.1,1.0,1.0,0.5,0.7
Preprocessed,N,0.49019607843137253,0.48524844720496896,0.48821702594081107,41.97,0.5,0.05,2,150,0.1,1.0,1.0,0.5,0.8
Preprocessed,N,0.39215686274509803,0.3565323565323565,0.3654384830855419,41.63,0.5,0.05,2,150,0.1,1.0,5.0,0.5,0.6
Preprocessed,N,0.43137254901960786,0.40863654538184724,0.41545734647317545,41.88,0.5,0.05,2,150,0.1,1.0,5.0,0.5,0.7
Preprocessed,N,0.5098039215686274,0.5067698259187621,0.5090453976561611,41.92,0.5,0.05,2,150,0.1,1.0,5.0,0.5,0.8
Preprocessed,N,0.45098039215686275,0.43333333333333335,0.4392156862745098,39.38,0.5,0.05,2,150,0.3,0.1,1.0,0.5,0.6
Preprocessed,N,0.5098039215686274,0.5029239766081871,0.5063639490884073,41.64,0.5,0.05,2,150,0.3,0.1,1.0,0.5,0.7
Preprocessed,N,0.5490196078431373,0.5483249903735079,0.5493669165779519,38.5,0.5,0.05,2,150,0.3,0.1,1.0,0.5,0.8
Preprocessed,N,0.4117647058823529,0.38306451612903225,0.39089184060721066,37.79,0.5,0.05,2,150,0.3,0.1,5.0,0.5,0.6
Preprocessed,N,0.47058823529411764,0.4572329523058731,0.46224118342646475,37.89,0.5,0.05,2,150,0.3,0.1,5.0,0.5,0.7
Preprocessed,N,0.5098039215686274,0.5067698259187621,0.5090453976561611,37.85,0.5,0.05,2,150,0.3,0.1,5.0,0.5,0.8
Preprocessed,N,0.39215686274509803,0.3565323565323565,0.3654384830855419,37.59,0.5,0.05,2,150,0.3,1.0,1.0,0.5,0.6
Preprocessed,N,0.47058823529411764,0.4572329523058731,0.46224118342646475,37.66,0.5,0.05,2,150,0.3,1.0,1.0,0.5,0.7
Preprocessed,N,0.49019607843137253,0.48524844720496896,0.48821702594081107,37.58,0.5,0.05,2,150,0.3,1.0,1.0,0.5,0.8
Preprocessed,N,0.39215686274509803,0.3565323565323565,0.3654384830855419,37.36,0.5,0.05,2,150,0.3,1.0,5.0,0.5,0.6
Preprocessed,N,0.43137254901960786,0.40863654538184724,0.41545734647317545,38.04,0.5,0.05,2,150,0.3,1.0,5.0,0.5,0.7
Preprocessed,N,0.47058823529411764,0.4631578947368421,0.46687306501547987,37.66,0.5,0.05,2,150,0.3,1.0,5.0,0.5,0.8
Preprocessed,N,0.39215686274509803,0.34261954261954264,0.3532346826464474,5.38,0.5,0.05,3,50,0.1,0.1,1.0,0.5,0.6
Preprocessed,N,0.43137254901960786,0.40863654538184724,0.41545734647317545,5.61,0.5,0.05,3,50,0.1,0.1,1.0,0.5,0.7
Preprocessed,N,0.5098039215686274,0.5067698259187621,0.5090453976561611,5.58,0.5,0.05,3,50,0.1,0.1,1.0,0.5,0.8
Preprocessed,N,0.37254901960784315,0.31313131313131315,0.3250148544266191,5.42,0.5,0.05,3,50,0.1,0.1,5.0,0.5,0.6
Preprocessed,N,0.4117647058823529,0.38306451612903225,0.39089184060721066,5.39,0.5,0.05,3,50,0.1,0.1,5.0,0.5,0.7
Preprocessed,N,0.5098039215686274,0.5067698259187621,0.5090453976561611,5.62,0.5,0.05,3,50,0.1,0.1,5.0,0.5,0.8
Preprocessed,N,0.4117647058823529,0.356060606060606,0.3672014260249554,5.4,0.5,0.05,3,50,0.1,1.0,1.0,0.5,0.6
Preprocessed,N,0.39215686274509803,0.3565323565323565,0.3654384830855419,5.46,0.5,0.05,3,50,0.1,1.0,1.0,0.5,0.7
Preprocessed,N,0.49019607843137253,0.4804075235109718,0.4846026184768578,5.53,0.5,0.05,3,50,0.1,1.0,1.0,0.5,0.8
Preprocessed,N,0.39215686274509803,0.3257995735607676,0.33824156528282956,5.42,0.5,0.05,3,50,0.1,1.0,5.0,0.5,0.6
Preprocessed,N,0.37254901960784315,0.32894736842105265,0.3390092879256966,5.43,0.5,0.05,3,50,0.1,1.0,5.0,0.5,0.7
Preprocessed,N,0.47058823529411764,0.4572329523058731,0.46224118342646475,5.49,0.5,0.05,3,50,0.1,1.0,5.0,0.5,0.8
Preprocessed,N,0.39215686274509803,0.34261954261954264,0.3532346826464474,5.12,0.5,0.05,3,50,0.3,0.1,1.0,0.5,0.6
Preprocessed,N,0.45098039215686275,0.43333333333333335,0.4392156862745098,5.06,0.5,0.05,3,50,0.3,0.1,1.0,0.5,0.7
Preprocessed,N,0.5098039215686274,0.5067698259187621,0.5090453976561611,5.37,0.5,0.05,3,50,0.3,0.1,1.0,0.5,0.8
Preprocessed,N,0.39215686274509803,0.3257995735607676,0.33824156528282956,5.01,0.5,0.05,3,50,0.3,0.1,5.0,0.5,0.6
Preprocessed,N,0.37254901960784315,0.32894736842105265,0.3390092879256966,5.24,0.5,0.05,3,50,0.3,0.1,5.0,0.5,0.7
Preprocessed,N,0.5294117647058824,0.5248447204968945,0.5275849470222872,5.4,0.5,0.05,3,50,0.3,0.1,5.0,0.5,0.8
Preprocessed,N,0.4117647058823529,0.356060606060606,0.3672014260249554,5.06,0.5,0.05,3,50,0.3,1.0,1.0,0.5,0.6
Preprocessed,N,0.37254901960784315,0.32894736842105265,0.3390092879256966,5.13,0.5,0.05,3,50,0.3,1.0,1.0,0.5,0.7
Preprocessed,N,0.5098039215686274,0.5029239766081871,0.5063639490884073,5.2,0.5,0.05,3,50,0.3,1.0,1.0,0.5,0.8
Preprocessed,N,0.39215686274509803,0.3257995735607676,0.33824156528282956,4.77,0.5,0.05,3,50,0.3,1.0,5.0,0.5,0.6
Preprocessed,N,0.35294117647058826,0.3002079002079002,0.31150788797847623,4.99,0.5,0.05,3,50,0.3,1.0,5.0,0.5,0.7
Preprocessed,N,0.43137254901960786,0.40863654538184724,0.41545734647317545,4.93,0.5,0.05,3,50,0.3,1.0,5.0,0.5,0.8
Preprocessed,N,0.45098039215686275,0.43333333333333335,0.4392156862745098,19.13,0.5,0.05,3,100,0.1,0.1,1.0,0.5,0.6
Preprocessed,N,0.5294117647058824,0.5248447204968945,0.5275849470222872,19.29,0.5,0.05,3,100,0.1,0.1,1.0,0.5,0.7
Preprocessed,N,0.47058823529411764,0.467311411992263,0.469769029468654,19.48,0.5,0.05,3,100,0.1,0.1,1.0,0.5,0.8
Preprocessed,N,0.4117647058823529,0.37088815789473684,0.3803212074303406,19.25,0.5,0.05,3,100,0.1,0.1,5.0,0.5,0.6
Preprocessed,N,0.47058823529411764,0.4572329523058731,0.46224118342646475,19.36,0.5,0.05,3,100,0.1,0.1,5.0,0.5,0.7
Preprocessed,N,0.49019607843137253,0.48524844720496896,0.48821702594081107,19.5,0.5,0.05,3,100,0.1,0.1,5.0,0.5,0.8
Preprocessed,N,0.39215686274509803,0.34261954261954264,0.3532346826464474,19.04,0.5,0.05,3,100,0.1,1.0,1.0,0.5,0.6
Preprocessed,N,0.47058823529411764,0.4572329523058731,0.46224118342646475,19.62,0.5,0.05,3,100,0.1,1.0,1.0,0.5,0.7
Preprocessed,N,0.5098039215686274,0.5029239766081871,0.5063639490884073,19.59,0.5,0.05,3,100,0.1,1.0,1.0,0.5,0.8
Preprocessed,N,0.4117647058823529,0.37088815789473684,0.3803212074303406,19.29,0.5,0.05,3,100,0.1,1.0,5.0,0.5,0.6
Preprocessed,N,0.4117647058823529,0.38306451612903225,0.39089184060721066,19.34,0.5,0.05,3,100,0.1,1.0,5.0,0.5,0.7
Preprocessed,N,0.5098039215686274,0.5029239766081871,0.5063639490884073,19.51,0.5,0.05,3,100,0.1,1.0,5.0,0.5,0.8
Preprocessed,N,0.45098039215686275,0.43333333333333335,0.4392156862745098,17.64,0.5,0.05,3,100,0.3,0.1,1.0,0.5,0.6
Preprocessed,N,0.49019607843137253,0.4804075235109718,0.4846026184768578,17.66,0.5,0.05,3,100,0.3,0.1,1.0,0.5,0.7
Preprocessed,N,0.49019607843137253,0.48524844720496896,0.48821702594081107,17.7,0.5,0.05,3,100,0.3,0.1,1.0,0.5,0.8
Preprocessed,N,0.4117647058823529,0.37088815789473684,0.3803212074303406,17.3,0.5,0.05,3,100,0.3,0.1,5.0,0.5,0.6
Preprocessed,N,0.47058823529411764,0.4572329523058731,0.46224118342646475,17.64,0.5,0.05,3,100,0.3,0.1,5.0,0.5,0.7
Preprocessed,N,0.5098039215686274,0.5067698259187621,0.5090453976561611,17.92,0.5,0.05,3,100,0.3,0.1,5.0,0.5,0.8
Preprocessed,N,0.39215686274509803,0.34261954261954264,0.3532346826464474,17.34,0.5,0.05,3,100,0.3,1.0,1.0,0.5,0.6
Preprocessed,N,0.47058823529411764,0.4572329523058731,0.46224118342646475,17.42,0.5,0.05,3,100,0.3,1.0,1.0,0.5,0.7
Preprocessed,N,0.49019607843137253,0.48524844720496896,0.48821702594081107,17.88,0.5,0.05,3,100,0.3,1.0,1.0,0.5,0.8
Preprocessed,N,0.39215686274509803,0.3565323565323565,0.3654384830855419,17.38,0.5,0.05,3,100,0.3,1.0,5.0,0.5,0.6
Preprocessed,N,0.43137254901960786,0.40863654538184724,0.41545734647317545,17.5,0.5,0.05,3,100,0.3,1.0,5.0,0.5,0.7
Preprocessed,N,0.5294117647058824,0.5248447204968945,0.5275849470222872,17.74,0.5,0.05,3,100,0.3,1.0,5.0,0.5,0.8
Preprocessed,N,0.49019607843137253,0.4804075235109718,0.4846026184768578,41.77,0.5,0.05,3,150,0.1,0.1,1.0,0.5,0.6
Preprocessed,N,0.49019607843137253,0.4804075235109718,0.4846026184768578,42.35,0.5,0.05,3,150,0.1,0.1,1.0,0.5,0.7
Preprocessed,N,0.5294117647058824,0.5277777777777778,0.5294117647058824,42.03,0.5,0.05,3,150,0.1,0.1,1.0,0.5,0.8
Preprocessed,N,0.43137254901960786,0.40863654538184724,0.41545734647317545,41.88,0.5,0.05,3,150,0.1,0.1,5.0,0.5,0.6
Preprocessed,N,0.47058823529411764,0.4572329523058731,0.46224118342646475,41.68,0.5,0.05,3,150,0.1,0.1,5.0,0.5,0.7
Preprocessed,N,0.49019607843137253,0.48842592592592593,0.49019607843137253,41.87,0.5,0.05,3,150,0.1,0.1,5.0,0.5,0.8
Preprocessed,N,0.4117647058823529,0.38306451612903225,0.39089184060721066,41.56,0.5,0.05,3,150,0.1,1.0,1.0,0.5,0.6
Preprocessed,N,0.47058823529411764,0.4572329523058731,0.46224118342646475,42.04,0.5,0.05,3,150,0.1,1.0,1.0,0.5,0.7
Preprocessed,N,0.49019607843137253,0.48524844720496896,0.48821702594081107,42.11,0.5,0.05,3,150,0.1,1.0,1.0,0.5,0.8
Preprocessed,N,0.39215686274509803,0.3565323565323565,0.3654384830855419,41.42,0.5,0.05,3,150,0.1,1.0,5.0,0.5,0.6
Preprocessed,N,0.43137254901960786,0.40863654538184724,0.41545734647317545,42.27,0.5,0.05,3,150,0.1,1.0,5.0,0.5,0.7
Preprocessed,N,0.5098039215686274,0.5067698259187621,0.5090453976561611,42.63,0.5,0.05,3,150,0.1,1.0,5.0,0.5,0.8
Preprocessed,N,0.45098039215686275,0.43333333333333335,0.4392156862745098,37.7,0.5,0.05,3,150,0.3,0.1,1.0,0.5,0.6
Preprocessed,N,0.5098039215686274,0.5029239766081871,0.5063639490884073,37.71,0.5,0.05,3,150,0.3,0.1,1.0,0.5,0.7
Preprocessed,N,0.5294117647058824,0.5277777777777778,0.5294117647058824,38.1,0.5,0.05,3,150,0.3,0.1,1.0,0.5,0.8
Preprocessed,N,0.4117647058823529,0.38306451612903225,0.39089184060721066,37.52,0.5,0.05,3,150,0.3,0.1,5.0,0.5,0.6
Preprocessed,N,0.47058823529411764,0.4572329523058731,0.46224118342646475,38.14,0.5,0.05,3,150,0.3,0.1,5.0,0.5,0.7
Preprocessed,N,0.49019607843137253,0.48524844720496896,0.48821702594081107,38.38,0.5,0.05,3,150,0.3,0.1,5.0,0.5,0.8
Preprocessed,N,0.39215686274509803,0.3565323565323565,0.3654384830855419,37.13,0.5,0.05,3,150,0.3,1.0,1.0,0.5,0.6
Preprocessed,N,0.47058823529411764,0.4572329523058731,0.46224118342646475,37.94,0.5,0.05,3,150,0.3,1.0,1.0,0.5,0.7
Preprocessed,N,0.49019607843137253,0.48524844720496896,0.48821702594081107,38.09,0.5,0.05,3,150,0.3,1.0,1.0,0.5,0.8
Preprocessed,N,0.39215686274509803,0.3565323565323565,0.3654384830855419,37.34,0.5,0.05,3,150,0.3,1.0,5.0,0.5,0.6
Preprocessed,N,0.43137254901960786,0.40863654538184724,0.41545734647317545,37.77,0.5,0.05,3,150,0.3,1.0,5.0,0.5,0.7
Preprocessed,N,0.47058823529411764,0.4631578947368421,0.46687306501547987,38.79,0.5,0.05,3,150,0.3,1.0,5.0,0.5,0.8
Preprocessed,N,0.39215686274509803,0.34261954261954264,0.3532346826464474,5.23,0.5,0.05,4,50,0.1,0.1,1.0,0.5,0.6
Preprocessed,N,0.43137254901960786,0.40863654538184724,0.41545734647317545,5.41,0.5,0.05,4,50,0.1,0.1,1.0,0.5,0.7
Preprocessed,N,0.5098039215686274,0.5067698259187621,0.5090453976561611,5.52,0.5,0.05,4,50,0.1,0.1,1.0,0.5,0.8
Preprocessed,N,0.37254901960784315,0.31313131313131315,0.3250148544266191,5.57,0.5,0.05,4,50,0.1,0.1,5.0,0.5,0.6
Preprocessed,N,0.4117647058823529,0.38306451612903225,0.39089184060721066,5.31,0.5,0.05,4,50,0.1,0.1,5.0,0.5,0.7
Preprocessed,N,0.5098039215686274,0.5067698259187621,0.5090453976561611,5.43,0.5,0.05,4,50,0.1,0.1,5.0,0.5,0.8
Preprocessed,N,0.4117647058823529,0.356060606060606,0.3672014260249554,5.16,0.5,0.05,4,50,0.1,1.0,1.0,0.5,0.6
Preprocessed,N,0.39215686274509803,0.3565323565323565,0.3654384830855419,5.34,0.5,0.05,4,50,0.1,1.0,1.0,0.5,0.7
Preprocessed,N,0.49019607843137253,0.4804075235109718,0.4846026184768578,5.33,0.5,0.05,4,50,0.1,1.0,1.0,0.5,0.8
Preprocessed,N,0.39215686274509803,0.3257995735607676,0.33824156528282956,5.35,0.5,0.05,4,50,0.1,1.0,5.0,0.5,0.6
Preprocessed,N,0.37254901960784315,0.32894736842105265,0.3390092879256966,5.38,0.5,0.05,4,50,0.1,1.0,5.0,0.5,0.7
Preprocessed,N,0.47058823529411764,0.4572329523058731,0.46224118342646475,5.41,0.5,0.05,4,50,0.1,1.0,5.0,0.5,0.8
Preprocessed,N,0.39215686274509803,0.34261954261954264,0.3532346826464474,4.92,0.5,0.05,4,50,0.3,0.1,1.0,0.5,0.6
Preprocessed,N,0.45098039215686275,0.43333333333333335,0.4392156862745098,4.98,0.5,0.05,4,50,0.3,0.1,1.0,0.5,0.7
Preprocessed,N,0.5098039215686274,0.5067698259187621,0.5090453976561611,5.14,0.5,0.05,4,50,0.3,0.1,1.0,0.5,0.8
Preprocessed,N,0.39215686274509803,0.3257995735607676,0.33824156528282956,5.17,0.5,0.05,4,50,0.3,0.1,5.0,0.5,0.6
Preprocessed,N,0.37254901960784315,0.32894736842105265,0.3390092879256966,5.11,0.5,0.05,4,50,0.3,0.1,5.0,0.5,0.7
Preprocessed,N,0.5294117647058824,0.5248447204968945,0.5275849470222872,5.09,0.5,0.05,4,50,0.3,0.1,5.0,0.5,0.8
Preprocessed,N,0.4117647058823529,0.356060606060606,0.3672014260249554,4.88,0.5,0.05,4,50,0.3,1.0,1.0,0.5,0.6
Preprocessed,N,0.37254901960784315,0.32894736842105265,0.3390092879256966,5.14,0.5,0.05,4,50,0.3,1.0,1.0,0.5,0.7
Preprocessed,N,0.5098039215686274,0.5029239766081871,0.5063639490884073,4.98,0.5,0.05,4,50,0.3,1.0,1.0,0.5,0.8
Preprocessed,N,0.39215686274509803,0.3257995735607676,0.33824156528282956,4.93,0.5,0.05,4,50,0.3,1.0,5.0,0.5,0.6
Preprocessed,N,0.35294117647058826,0.3002079002079002,0.31150788797847623,4.95,0.5,0.05,4,50,0.3,1.0,5.0,0.5,0.7
Preprocessed,N,0.43137254901960786,0.40863654538184724,0.41545734647317545,5.17,0.5,0.05,4,50,0.3,1.0,5.0,0.5,0.8
Preprocessed,N,0.45098039215686275,0.43333333333333335,0.4392156862745098,19.17,0.5,0.05,4,100,0.1,0.1,1.0,0.5,0.6
Preprocessed,N,0.5294117647058824,0.5248447204968945,0.5275849470222872,19.37,0.5,0.05,4,100,0.1,0.1,1.0,0.5,0.7
Preprocessed,N,0.47058823529411764,0.467311411992263,0.469769029468654,19.34,0.5,0.05,4,100,0.1,0.1,1.0,0.5,0.8
Preprocessed,N,0.4117647058823529,0.37088815789473684,0.3803212074303406,19.44,0.5,0.05,4,100,0.1,0.1,5.0,0.5,0.6
Preprocessed,N,0.47058823529411764,0.4572329523058731,0.46224118342646475,19.32,0.5,0.05,4,100,0.1,0.1,5.0,0.5,0.7
Preprocessed,N,0.49019607843137253,0.48524844720496896,0.48821702594081107,19.37,0.5,0.05,4,100,0.1,0.1,5.0,0.5,0.8
Preprocessed,N,0.39215686274509803,0.34261954261954264,0.3532346826464474,19.21,0.5,0.05,4,100,0.1,1.0,1.0,0.5,0.6
Preprocessed,N,0.47058823529411764,0.4572329523058731,0.46224118342646475,19.27,0.5,0.05,4,100,0.1,1.0,1.0,0.5,0.7
Preprocessed,N,0.5098039215686274,0.5029239766081871,0.5063639490884073,19.51,0.5,0.05,4,100,0.1,1.0,1.0,0.5,0.8
Preprocessed,N,0.4117647058823529,0.37088815789473684,0.3803212074303406,19.02,0.5,0.05,4,100,0.1,1.0,5.0,0.5,0.6
Preprocessed,N,0.4117647058823529,0.38306451612903225,0.39089184060721066,19.37,0.5,0.05,4,100,0.1,1.0,5.0,0.5,0.7
Preprocessed,N,0.5098039215686274,0.5029239766081871,0.5063639490884073,19.32,0.5,0.05,4,100,0.1,1.0,5.0,0.5,0.8
Preprocessed,N,0.45098039215686275,0.43333333333333335,0.4392156862745098,17.41,0.5,0.05,4,100,0.3,0.1,1.0,0.5,0.6
Preprocessed,N,0.49019607843137253,0.4804075235109718,0.4846026184768578,17.64,0.5,0.05,4,100,0.3,0.1,1.0,0.5,0.7
Preprocessed,N,0.49019607843137253,0.48524844720496896,0.48821702594081107,17.87,0.5,0.05,4,100,0.3,0.1,1.0,0.5,0.8
Preprocessed,N,0.4117647058823529,0.37088815789473684,0.3803212074303406,17.45,0.5,0.05,4,100,0.3,0.1,5.0,0.5,0.6
Preprocessed,N,0.47058823529411764,0.4572329523058731,0.46224118342646475,17.71,0.5,0.05,4,100,0.3,0.1,5.0,0.5,0.7
Preprocessed,N,0.5098039215686274,0.5067698259187621,0.5090453976561611,17.99,0.5,0.05,4,100,0.3,0.1,5.0,0.5,0.8
Preprocessed,N,0.39215686274509803,0.34261954261954264,0.3532346826464474,17.43,0.5,0.05,4,100,0.3,1.0,1.0,0.5,0.6
Preprocessed,N,0.47058823529411764,0.4572329523058731,0.46224118342646475,17.65,0.5,0.05,4,100,0.3,1.0,1.0,0.5,0.7
Preprocessed,N,0.49019607843137253,0.48524844720496896,0.48821702594081107,17.69,0.5,0.05,4,100,0.3,1.0,1.0,0.5,0.8
Preprocessed,N,0.39215686274509803,0.3565323565323565,0.3654384830855419,17.63,0.5,0.05,4,100,0.3,1.0,5.0,0.5,0.6
Preprocessed,N,0.43137254901960786,0.40863654538184724,0.41545734647317545,17.48,0.5,0.05,4,100,0.3,1.0,5.0,0.5,0.7
Preprocessed,N,0.5294117647058824,0.5248447204968945,0.5275849470222872,18.17,0.5,0.05,4,100,0.3,1.0,5.0,0.5,0.8
Preprocessed,N,0.49019607843137253,0.4804075235109718,0.4846026184768578,41.88,0.5,0.05,4,150,0.1,0.1,1.0,0.5,0.6
Preprocessed,N,0.49019607843137253,0.4804075235109718,0.4846026184768578,42.12,0.5,0.05,4,150,0.1,0.1,1.0,0.5,0.7
Preprocessed,N,0.5294117647058824,0.5277777777777778,0.5294117647058824,42.28,0.5,0.05,4,150,0.1,0.1,1.0,0.5,0.8
Preprocessed,N,0.43137254901960786,0.40863654538184724,0.41545734647317545,41.97,0.5,0.05,4,150,0.1,0.1,5.0,0.5,0.6
Preprocessed,N,0.47058823529411764,0.4572329523058731,0.46224118342646475,42.0,0.5,0.05,4,150,0.1,0.1,5.0,0.5,0.7
Preprocessed,N,0.49019607843137253,0.48842592592592593,0.49019607843137253,42.39,0.5,0.05,4,150,0.1,0.1,5.0,0.5,0.8
Preprocessed,N,0.4117647058823529,0.38306451612903225,0.39089184060721066,42.2,0.5,0.05,4,150,0.1,1.0,1.0,0.5,0.6
Preprocessed,N,0.47058823529411764,0.4572329523058731,0.46224118342646475,42.15,0.5,0.05,4,150,0.1,1.0,1.0,0.5,0.7
Preprocessed,N,0.49019607843137253,0.48524844720496896,0.48821702594081107,42.58,0.5,0.05,4,150,0.1,1.0,1.0,0.5,0.8
Preprocessed,N,0.39215686274509803,0.3565323565323565,0.3654384830855419,41.67,0.5,0.05,4,150,0.1,1.0,5.0,0.5,0.6
Preprocessed,N,0.43137254901960786,0.40863654538184724,0.41545734647317545,42.1,0.5,0.05,4,150,0.1,1.0,5.0,0.5,0.7
Preprocessed,N,0.5098039215686274,0.5067698259187621,0.5090453976561611,42.25,0.5,0.05,4,150,0.1,1.0,5.0,0.5,0.8
Preprocessed,N,0.45098039215686275,0.43333333333333335,0.4392156862745098,38.02,0.5,0.05,4,150,0.3,0.1,1.0,0.5,0.6
Preprocessed,N,0.5098039215686274,0.5029239766081871,0.5063639490884073,37.7,0.5,0.05,4,150,0.3,0.1,1.0,0.5,0.7
Preprocessed,N,0.5294117647058824,0.5277777777777778,0.5294117647058824,37.94,0.5,0.05,4,150,0.3,0.1,1.0,0.5,0.8
Preprocessed,N,0.4117647058823529,0.38306451612903225,0.39089184060721066,37.56,0.5,0.05,4,150,0.3,0.1,5.0,0.5,0.6
Preprocessed,N,0.47058823529411764,0.4572329523058731,0.46224118342646475,37.7,0.5,0.05,4,150,0.3,0.1,5.0,0.5,0.7
Preprocessed,N,0.49019607843137253,0.48524844720496896,0.48821702594081107,38.35,0.5,0.05,4,150,0.3,0.1,5.0,0.5,0.8
Preprocessed,N,0.39215686274509803,0.3565323565323565,0.3654384830855419,39.64,0.5,0.05,4,150,0.3,1.0,1.0,0.5,0.6
Preprocessed,N,0.47058823529411764,0.4572329523058731,0.46224118342646475,39.35,0.5,0.05,4,150,0.3,1.0,1.0,0.5,0.7
Preprocessed,N,0.49019607843137253,0.48524844720496896,0.48821702594081107,39.26,0.5,0.05,4,150,0.3,1.0,1.0,0.5,0.8
Preprocessed,N,0.39215686274509803,0.3565323565323565,0.3654384830855419,38.7,0.5,0.05,4,150,0.3,1.0,5.0,0.5,0.6
Preprocessed,N,0.43137254901960786,0.40863654538184724,0.41545734647317545,38.72,0.5,0.05,4,150,0.3,1.0,5.0,0.5,0.7
Preprocessed,N,0.47058823529411764,0.4631578947368421,0.46687306501547987,39.47,0.5,0.05,4,150,0.3,1.0,5.0,0.5,0.8
Preprocessed,N,0.5098039215686274,0.4974379188017344,0.5020751698393193,5.45,0.5,0.1,2,50,0.1,0.1,1.0,0.5,0.6
Preprocessed,N,0.5294117647058824,0.5248447204968945,0.5275849470222872,5.34,0.5,0.1,2,50,0.1,0.1,1.0,0.5,0.7
Preprocessed,N,0.5098039215686274,0.5029239766081871,0.5063639490884073,5.43,0.5,0.1,2,50,0.1,0.1,1.0,0.5,0.8
Preprocessed,N,0.43137254901960786,0.398046398046398,0.40637793578970044,5.29,0.5,0.1,2,50,0.1,0.1,5.0,0.5,0.6
Preprocessed,N,0.47058823529411764,0.4572329523058731,0.46224118342646475,5.52,0.5,0.1,2,50,0.1,0.1,5.0,0.5,0.7
Preprocessed,N,0.49019607843137253,0.48524844720496896,0.48821702594081107,5.36,0.5,0.1,2,50,0.1,0.1,5.0,0.5,0.8
Preprocessed,N,0.43137254901960786,0.398046398046398,0.40637793578970044,5.38,0.5,0.1,2,50,0.1,1.0,1.0,0.5,0.6
Preprocessed,N,0.49019607843137253,0.4804075235109718,0.4846026184768578,5.45,0.5,0.1,2,50,0.1,1.0,1.0,0.5,0.7
Preprocessed,N,0.49019607843137253,0.48524844720496896,0.48821702594081107,5.32,0.5,0.1,2,50,0.1,1.0,1.0,0.5,0.8
Preprocessed,N,0.37254901960784315,0.31313131313131315,0.3250148544266191,5.33,0.5,0.1,2,50,0.1,1.0,5.0,0.5,0.6
Preprocessed,N,0.43137254901960786,0.40863654538184724,0.41545734647317545,5.52,0.5,0.1,2,50,0.1,1.0,5.0,0.5,0.7
Preprocessed,N,0.5098039215686274,0.5067698259187621,0.5090453976561611,5.3,0.5,0.1,2,50,0.1,1.0,5.0,0.5,0.8
Preprocessed,N,0.49019607843137253,0.4738095238095238,0.4792717086834734,4.95,0.5,0.1,2,50,0.3,0.1,1.0,0.5,0.6
Preprocessed,N,0.49019607843137253,0.48524844720496896,0.48821702594081107,5.0,0.5,0.1,2,50,0.3,0.1,1.0,0.5,0.7
Preprocessed,N,0.5098039215686274,0.5029239766081871,0.5063639490884073,5.11,0.5,0.1,2,50,0.3,0.1,1.0,0.5,0.8
Preprocessed,N,0.4117647058823529,0.37088815789473684,0.3803212074303406,4.94,0.5,0.1,2,50,0.3,0.1,5.0,0.5,0.6
Preprocessed,N,0.47058823529411764,0.4572329523058731,0.46224118342646475,5.04,0.5,0.1,2,50,0.3,0.1,5.0,0.5,0.7
Preprocessed,N,0.5098039215686274,0.5067698259187621,0.5090453976561611,5.01,0.5,0.1,2,50,0.3,0.1,5.0,0.5,0.8
Preprocessed,N,0.39215686274509803,0.34261954261954264,0.3532346826464474,5.25,0.5,0.1,2,50,0.3,1.0,1.0,0.5,0.6
Preprocessed,N,0.47058823529411764,0.4572329523058731,0.46224118342646475,4.92,0.5,0.1,2,50,0.3,1.0,1.0,0.5,0.7
Preprocessed,N,0.5098039215686274,0.5029239766081871,0.5063639490884073,4.95,0.5,0.1,2,50,0.3,1.0,1.0,0.5,0.8
Preprocessed,N,0.37254901960784315,0.31313131313131315,0.3250148544266191,5.06,0.5,0.1,2,50,0.3,1.0,5.0,0.5,0.6
Preprocessed,N,0.4117647058823529,0.38306451612903225,0.39089184060721066,5.36,0.5,0.1,2,50,0.3,1.0,5.0,0.5,0.7
Preprocessed,N,0.49019607843137253,0.48524844720496896,0.48821702594081107,5.03,0.5,0.1,2,50,0.3,1.0,5.0,0.5,0.8
Preprocessed,N,0.5098039215686274,0.5029239766081871,0.5063639490884073,19.63,0.5,0.1,2,100,0.1,0.1,1.0,0.5,0.6
Preprocessed,N,0.5098039215686274,0.5029239766081871,0.5063639490884073,19.36,0.5,0.1,2,100,0.1,0.1,1.0,0.5,0.7
Preprocessed,N,0.5294117647058824,0.5277777777777778,0.5294117647058824,19.69,0.5,0.1,2,100,0.1,0.1,1.0,0.5,0.8
Preprocessed,N,0.45098039215686275,0.43333333333333335,0.4392156862745098,19.56,0.5,0.1,2,100,0.1,0.1,5.0,0.5,0.6
Preprocessed,N,0.49019607843137253,0.4804075235109718,0.4846026184768578,19.36,0.5,0.1,2,100,0.1,0.1,5.0,0.5,0.7
Preprocessed,N,0.5098039215686274,0.5090489025798999,0.5101814310629912,19.46,0.5,0.1,2,100,0.1,0.1,5.0,0.5,0.8
Preprocessed,N,0.47058823529411764,0.4572329523058731,0.46224118342646475,19.14,0.5,0.1,2,100,0.1,1.0,1.0,0.5,0.6
Preprocessed,N,0.5098039215686274,0.5067698259187621,0.5090453976561611,19.51,0.5,0.1,2,100,0.1,1.0,1.0,0.5,0.7
Preprocessed,N,0.5098039215686274,0.5067698259187621,0.5090453976561611,19.74,0.5,0.1,2,100,0.1,1.0,1.0,0.5,0.8
Preprocessed,N,0.4117647058823529,0.38306451612903225,0.39089184060721066,19.27,0.5,0.1,2,100,0.1,1.0,5.0,0.5,0.6
Preprocessed,N,0.47058823529411764,0.4572329523058731,0.46224118342646475,19.37,0.5,0.1,2,100,0.1,1.0,5.0,0.5,0.7
Preprocessed,N,0.49019607843137253,0.48842592592592593,0.49019607843137253,19.3,0.5,0.1,2,100,0.1,1.0,5.0,0.5,0.8
Preprocessed,N,0.5098039215686274,0.5029239766081871,0.5063639490884073,17.49,0.5,0.1,2,100,0.3,0.1,1.0,0.5,0.6
Preprocessed,N,0.47058823529411764,0.4631578947368421,0.46687306501547987,17.73,0.5,0.1,2,100,0.3,0.1,1.0,0.5,0.7
Preprocessed,N,0.5294117647058824,0.5277777777777778,0.5294117647058824,17.58,0.5,0.1,2,100,0.3,0.1,1.0,0.5,0.8
Preprocessed,N,0.45098039215686275,0.43333333333333335,0.4392156862745098,17.38,0.5,0.1,2,100,0.3,0.1,5.0,0.5,0.6
Preprocessed,N,0.49019607843137253,0.4804075235109718,0.4846026184768578,17.4,0.5,0.1,2,100,0.3,0.1,5.0,0.5,0.7
Preprocessed,N,0.5098039215686274,0.5090489025798999,0.5101814310629912,17.44,0.5,0.1,2,100,0.3,0.1,5.0,0.5,0.8
Preprocessed,N,0.47058823529411764,0.4494202319072371,0.4557706329233013,17.65,0.5,0.1,2,100,0.3,1.0,1.0,0.5,0.6
Preprocessed,N,0.5098039215686274,0.5029239766081871,0.5063639490884073,17.66,0.5,0.1,2,100,0.3,1.0,1.0,0.5,0.7
Preprocessed,N,0.47058823529411764,0.467311411992263,0.469769029468654,17.54,0.5,0.1,2,100,0.3,1.0,1.0,0.5,0.8
Preprocessed,N,0.4117647058823529,0.37088815789473684,0.3803212074303406,17.6,0.5,0.1,2,100,0.3,1.0,5.0,0.5,0.6
Preprocessed,N,0.47058823529411764,0.4572329523058731,0.46224118342646475,17.76,0.5,0.1,2,100,0.3,1.0,5.0,0.5,0.7
Preprocessed,N,0.5098039215686274,0.5067698259187621,0.5090453976561611,17.7,0.5,0.1,2,100,0.3,1.0,5.0,0.5,0.8
Preprocessed,N,0.49019607843137253,0.48524844720496896,0.48821702594081107,41.85,0.5,0.1,2,150,0.1,0.1,1.0,0.5,0.6
Preprocessed,N,0.5098039215686274,0.5029239766081871,0.5063639490884073,41.95,0.5,0.1,2,150,0.1,0.1,1.0,0.5,0.7
Preprocessed,N,0.5294117647058824,0.5277777777777778,0.5294117647058824,42.76,0.5,0.1,2,150,0.1,0.1,1.0,0.5,0.8
Preprocessed,N,0.5098039215686274,0.5029239766081871,0.5063639490884073,41.96,0.5,0.1,2,150,0.1,0.1,5.0,0.5,0.6
Preprocessed,N,0.49019607843137253,0.4804075235109718,0.4846026184768578,42.09,0.5,0.1,2,150,0.1,0.1,5.0,0.5,0.7
Preprocessed,N,0.5294117647058824,0.5292307692307692,0.5297737556561085,42.07,0.5,0.1,2,150,0.1,0.1,5.0,0.5,0.8
Preprocessed,N,0.5098039215686274,0.5029239766081871,0.5063639490884073,42.46,0.5,0.1,2,150,0.1,1.0,1.0,0.5,0.6
Preprocessed,N,0.47058823529411764,0.4631578947368421,0.46687306501547987,42.27,0.5,0.1,2,150,0.1,1.0,1.0,0.5,0.7
Preprocessed,N,0.49019607843137253,0.48842592592592593,0.49019607843137253,42.4,0.5,0.1,2,150,0.1,1.0,1.0,0.5,0.8
Preprocessed,N,0.45098039215686275,0.43333333333333335,0.4392156862745098,42.14,0.5,0.1,2,150,0.1,1.0,5.0,0.5,0.6
Preprocessed,N,0.47058823529411764,0.4572329523058731,0.46224118342646475,42.25,0.5,0.1,2,150,0.1,1.0,5.0,0.5,0.7
Preprocessed,N,0.49019607843137253,0.48842592592592593,0.49019607843137253,42.14,0.5,0.1,2,150,0.1,1.0,5.0,0.5,0.8
Preprocessed,N,0.49019607843137253,0.48524844720496896,0.48821702594081107,38.92,0.5,0.1,2,150,0.3,0.1,1.0,0.5,0.6
Preprocessed,N,0.45098039215686275,0.43333333333333335,0.4392156862745098,39.22,0.5,0.1,2,150,0.3,0.1,1.0,0.5,0.7
Preprocessed,N,0.5686274509803921,0.5684615384615385,0.5689592760180996,39.16,0.5,0.1,2,150,0.3,0.1,1.0,0.5,0.8
Preprocessed,N,0.5098039215686274,0.5029239766081871,0.5063639490884073,39.07,0.5,0.1,2,150,0.3,0.1,5.0,0.5,0.6
Preprocessed,N,0.47058823529411764,0.4572329523058731,0.46224118342646475,40.29,0.5,0.1,2,150,0.3,0.1,5.0,0.5,0.7
Preprocessed,N,0.5490196078431373,0.5462282398452611,0.5483217658436682,39.55,0.5,0.1,2,150,0.3,0.1,5.0,0.5,0.8
Preprocessed,N,0.49019607843137253,0.4804075235109718,0.4846026184768578,39.32,0.5,0.1,2,150,0.3,1.0,1.0,0.5,0.6
Preprocessed,N,0.49019607843137253,0.4804075235109718,0.4846026184768578,39.19,0.5,0.1,2,150,0.3,1.0,1.0,0.5,0.7
Preprocessed,N,0.47058823529411764,0.467311411992263,0.469769029468654,39.59,0.5,0.1,2,150,0.3,1.0,1.0,0.5,0.8
Preprocessed,N,0.43137254901960786,0.40863654538184724,0.41545734647317545,39.48,0.5,0.1,2,150,0.3,1.0,5.0,0.5,0.6
Preprocessed,N,0.47058823529411764,0.4572329523058731,0.46224118342646475,39.19,0.5,0.1,2,150,0.3,1.0,5.0,0.5,0.7
Preprocessed,N,0.49019607843137253,0.48842592592592593,0.49019607843137253,39.5,0.5,0.1,2,150,0.3,1.0,5.0,0.5,0.8
Preprocessed,N,0.5098039215686274,0.4974379188017344,0.5020751698393193,5.65,0.5,0.1,3,50,0.1,0.1,1.0,0.5,0.6
Preprocessed,N,0.5294117647058824,0.5248447204968945,0.5275849470222872,5.69,0.5,0.1,3,50,0.1,0.1,1.0,0.5,0.7
Preprocessed,N,0.5098039215686274,0.5029239766081871,0.5063639490884073,5.67,0.5,0.1,3,50,0.1,0.1,1.0,0.5,0.8
Preprocessed,N,0.43137254901960786,0.398046398046398,0.40637793578970044,5.54,0.5,0.1,3,50,0.1,0.1,5.0,0.5,0.6
Preprocessed,N,0.47058823529411764,0.4572329523058731,0.46224118342646475,5.57,0.5,0.1,3,50,0.1,0.1,5.0,0.5,0.7
Preprocessed,N,0.49019607843137253,0.48524844720496896,0.48821702594081107,5.7,0.5,0.1,3,50,0.1,0.1,5.0,0.5,0.8
Preprocessed,N,0.43137254901960786,0.398046398046398,0.40637793578970044,5.64,0.5,0.1,3,50,0.1,1.0,1.0,0.5,0.6
Preprocessed,N,0.49019607843137253,0.4804075235109718,0.4846026184768578,5.56,0.5,0.1,3,50,0.1,1.0,1.0,0.5,0.7
Preprocessed,N,0.49019607843137253,0.48524844720496896,0.48821702594081107,5.47,0.5,0.1,3,50,0.1,1.0,1.0,0.5,0.8
Preprocessed,N,0.37254901960784315,0.31313131313131315,0.3250148544266191,5.51,0.5,0.1,3,50,0.1,1.0,5.0,0.5,0.6
Preprocessed,N,0.43137254901960786,0.40863654538184724,0.41545734647317545,5.54,0.5,0.1,3,50,0.1,1.0,5.0,0.5,0.7
Preprocessed,N,0.5294117647058824,0.5248447204968945,0.5275849470222872,5.62,0.5,0.1,3,50,0.1,1.0,5.0,0.5,0.8
Preprocessed,N,0.49019607843137253,0.4738095238095238,0.4792717086834734,5.01,0.5,0.1,3,50,0.3,0.1,1.0,0.5,0.6
Preprocessed,N,0.49019607843137253,0.48524844720496896,0.48821702594081107,5.1,0.5,0.1,3,50,0.3,0.1,1.0,0.5,0.7
Preprocessed,N,0.5098039215686274,0.5029239766081871,0.5063639490884073,5.26,0.5,0.1,3,50,0.3,0.1,1.0,0.5,0.8
Preprocessed,N,0.4117647058823529,0.37088815789473684,0.3803212074303406,5.16,0.5,0.1,3,50,0.3,0.1,5.0,0.5,0.6
Preprocessed,N,0.47058823529411764,0.4572329523058731,0.46224118342646475,5.06,0.5,0.1,3,50,0.3,0.1,5.0,0.5,0.7
Preprocessed,N,0.5098039215686274,0.5067698259187621,0.5090453976561611,5.15,0.5,0.1,3,50,0.3,0.1,5.0,0.5,0.8
Preprocessed,N,0.39215686274509803,0.34261954261954264,0.3532346826464474,4.99,0.5,0.1,3,50,0.3,1.0,1.0,0.5,0.6
Preprocessed,N,0.47058823529411764,0.4572329523058731,0.46224118342646475,5.21,0.5,0.1,3,50,0.3,1.0,1.0,0.5,0.7
Preprocessed,N,0.49019607843137253,0.48524844720496896,0.48821702594081107,5.14,0.5,0.1,3,50,0.3,1.0,1.0,0.5,0.8
Preprocessed,N,0.37254901960784315,0.31313131313131315,0.3250148544266191,5.1,0.5,0.1,3,50,0.3,1.0,5.0,0.5,0.6
Preprocessed,N,0.4117647058823529,0.38306451612903225,0.39089184060721066,5.08,0.5,0.1,3,50,0.3,1.0,5.0,0.5,0.7
Preprocessed,N,0.49019607843137253,0.48524844720496896,0.48821702594081107,5.2,0.5,0.1,3,50,0.3,1.0,5.0,0.5,0.8
Preprocessed,N,0.5098039215686274,0.5029239766081871,0.5063639490884073,19.33,0.5,0.1,3,100,0.1,0.1,1.0,0.5,0.6
Preprocessed,N,0.5098039215686274,0.5029239766081871,0.5063639490884073,19.62,0.5,0.1,3,100,0.1,0.1,1.0,0.5,0.7
Preprocessed,N,0.49019607843137253,0.48524844720496896,0.48821702594081107,19.62,0.5,0.1,3,100,0.1,0.1,1.0,0.5,0.8
Preprocessed,N,0.45098039215686275,0.43333333333333335,0.4392156862745098,19.32,0.5,0.1,3,100,0.1,0.1,5.0,0.5,0.6
Preprocessed,N,0.49019607843137253,0.4804075235109718,0.4846026184768578,19.84,0.5,0.1,3,100,0.1,0.1,5.0,0.5,0.7
Preprocessed,N,0.49019607843137253,0.48842592592592593,0.49019607843137253,19.7,0.5,0.1,3,100,0.1,0.1,5.0,0.5,0.8
Preprocessed,N,0.47058823529411764,0.4572329523058731,0.46224118342646475,19.69,0.5,0.1,3,100,0.1,1.0,1.0,0.5,0.6
Preprocessed,N,0.5098039215686274,0.5067698259187621,0.5090453976561611,19.9,0.5,0.1,3,100,0.1,1.0,1.0,0.5,0.7
Preprocessed,N,0.49019607843137253,0.48842592592592593,0.49019607843137253,19.79,0.5,0.1,3,100,0.1,1.0,1.0,0.5,0.8
Preprocessed,N,0.4117647058823529,0.38306451612903225,0.39089184060721066,19.63,0.5,0.1,3,100,0.1,1.0,5.0,0.5,0.6
Preprocessed,N,0.47058823529411764,0.4572329523058731,0.46224118342646475,19.81,0.5,0.1,3,100,0.1,1.0,5.0,0.5,0.7
Preprocessed,N,0.5098039215686274,0.5067698259187621,0.5090453976561611,19.81,0.5,0.1,3,100,0.1,1.0,5.0,0.5,0.8
Preprocessed,N,0.5098039215686274,0.5029239766081871,0.5063639490884073,17.69,0.5,0.1,3,100,0.3,0.1,1.0,0.5,0.6
Preprocessed,N,0.47058823529411764,0.4631578947368421,0.46687306501547987,17.76,0.5,0.1,3,100,0.3,0.1,1.0,0.5,0.7
Preprocessed,N,0.5294117647058824,0.5277777777777778,0.5294117647058824,18.22,0.5,0.1,3,100,0.3,0.1,1.0,0.5,0.8
Preprocessed,N,0.45098039215686275,0.43333333333333335,0.4392156862745098,17.79,0.5,0.1,3,100,0.3,0.1,5.0,0.5,0.6
Preprocessed,N,0.49019607843137253,0.4804075235109718,0.4846026184768578,17.83,0.5,0.1,3,100,0.3,0.1,5.0,0.5,0.7
Preprocessed,N,0.49019607843137253,0.48842592592592593,0.49019607843137253,18.01,0.5,0.1,3,100,0.3,0.1,5.0,0.5,0.8
Preprocessed,N,0.47058823529411764,0.4494202319072371,0.4557706329233013,17.99,0.5,0.1,3,100,0.3,1.0,1.0,0.5,0.6
Preprocessed,N,0.5098039215686274,0.5029239766081871,0.5063639490884073,18.02,0.5,0.1,3,100,0.3,1.0,1.0,0.5,0.7
Preprocessed,N,0.47058823529411764,0.467311411992263,0.469769029468654,18.08,0.5,0.1,3,100,0.3,1.0,1.0,0.5,0.8
Preprocessed,N,0.4117647058823529,0.37088815789473684,0.3803212074303406,17.7,0.5,0.1,3,100,0.3,1.0,5.0,0.5,0.6
Preprocessed,N,0.47058823529411764,0.4572329523058731,0.46224118342646475,17.95,0.5,0.1,3,100,0.3,1.0,5.0,0.5,0.7
Preprocessed,N,0.5098039215686274,0.5067698259187621,0.5090453976561611,18.27,0.5,0.1,3,100,0.3,1.0,5.0,0.5,0.8
Preprocessed,N,0.49019607843137253,0.48524844720496896,0.48821702594081107,42.72,0.5,0.1,3,150,0.1,0.1,1.0,0.5,0.6
Preprocessed,N,0.5098039215686274,0.5029239766081871,0.5063639490884073,42.62,0.5,0.1,3,150,0.1,0.1,1.0,0.5,0.7
Preprocessed,N,0.5098039215686274,0.5067698259187621,0.5090453976561611,42.67,0.5,0.1,3,150,0.1,0.1,1.0,0.5,0.8
Preprocessed,N,0.5098039215686274,0.5029239766081871,0.5063639490884073,42.74,0.5,0.1,3,150,0.1,0.1,5.0,0.5,0.6
Preprocessed,N,0.49019607843137253,0.4804075235109718,0.4846026184768578,42.73,0.5,0.1,3,150,0.1,0.1,5.0,0.5,0.7
Preprocessed,N,0.5294117647058824,0.5292307692307692,0.5297737556561085,42.88,0.5,0.1,3,150,0.1,0.1,5.0,0.5,0.8
Preprocessed,N,0.5098039215686274,0.5029239766081871,0.5063639490884073,42.78,0.5,0.1,3,150,0.1,1.0,1.0,0.5,0.6
Preprocessed,N,0.47058823529411764,0.4631578947368421,0.46687306501547987,43.11,0.5,0.1,3,150,0.1,1.0,1.0,0.5,0.7
Preprocessed,N,0.5098039215686274,0.5090489025798999,0.5101814310629912,43.03,0.5,0.1,3,150,0.1,1.0,1.0,0.5,0.8
Preprocessed,N,0.45098039215686275,0.43333333333333335,0.4392156862745098,42.39,0.5,0.1,3,150,0.1,1.0,5.0,0.5,0.6
Preprocessed,N,0.47058823529411764,0.4572329523058731,0.46224118342646475,43.03,0.5,0.1,3,150,0.1,1.0,5.0,0.5,0.7
Preprocessed,N,0.49019607843137253,0.48842592592592593,0.49019607843137253,43.31,0.5,0.1,3,150,0.1,1.0,5.0,0.5,0.8
Preprocessed,N,0.49019607843137253,0.48524844720496896,0.48821702594081107,38.11,0.5,0.1,3,150,0.3,0.1,1.0,0.5,0.6
Preprocessed,N,0.45098039215686275,0.43333333333333335,0.4392156862745098,38.48,0.5,0.1,3,150,0.3,0.1,1.0,0.5,0.7
Preprocessed,N,0.49019607843137253,0.48524844720496896,0.48821702594081107,38.58,0.5,0.1,3,150,0.3,0.1,1.0,0.5,0.8
Preprocessed,N,0.5098039215686274,0.5029239766081871,0.5063639490884073,38.78,0.5,0.1,3,150,0.3,0.1,5.0,0.5,0.6
Preprocessed,N,0.47058823529411764,0.4572329523058731,0.46224118342646475,38.35,0.5,0.1,3,150,0.3,0.1,5.0,0.5,0.7
Preprocessed,N,0.5294117647058824,0.5248447204968945,0.5275849470222872,41.2,0.5,0.1,3,150,0.3,0.1,5.0,0.5,0.8
Preprocessed,N,0.49019607843137253,0.4804075235109718,0.4846026184768578,38.55,0.5,0.1,3,150,0.3,1.0,1.0,0.5,0.6
Preprocessed,N,0.49019607843137253,0.4804075235109718,0.4846026184768578,38.71,0.5,0.1,3,150,0.3,1.0,1.0,0.5,0.7
Preprocessed,N,0.49019607843137253,0.48842592592592593,0.49019607843137253,39.21,0.5,0.1,3,150,0.3,1.0,1.0,0.5,0.8
Preprocessed,N,0.43137254901960786,0.40863654538184724,0.41545734647317545,38.12,0.5,0.1,3,150,0.3,1.0,5.0,0.5,0.6
Preprocessed,N,0.47058823529411764,0.4572329523058731,0.46224118342646475,38.73,0.5,0.1,3,150,0.3,1.0,5.0,0.5,0.7
Preprocessed,N,0.5098039215686274,0.5067698259187621,0.5090453976561611,38.88,0.5,0.1,3,150,0.3,1.0,5.0,0.5,0.8
Preprocessed,N,0.5098039215686274,0.4974379188017344,0.5020751698393193,5.37,0.5,0.1,4,50,0.1,0.1,1.0,0.5,0.6
Preprocessed,N,0.5294117647058824,0.5248447204968945,0.5275849470222872,5.56,0.5,0.1,4,50,0.1,0.1,1.0,0.5,0.7
Preprocessed,N,0.5098039215686274,0.5029239766081871,0.5063639490884073,5.63,0.5,0.1,4,50,0.1,0.1,1.0,0.5,0.8
Preprocessed,N,0.43137254901960786,0.398046398046398,0.40637793578970044,5.43,0.5,0.1,4,50,0.1,0.1,5.0,0.5,0.6
Preprocessed,N,0.47058823529411764,0.4572329523058731,0.46224118342646475,5.49,0.5,0.1,4,50,0.1,0.1,5.0,0.5,0.7
Preprocessed,N,0.49019607843137253,0.48524844720496896,0.48821702594081107,5.72,0.5,0.1,4,50,0.1,0.1,5.0,0.5,0.8
Preprocessed,N,0.43137254901960786,0.398046398046398,0.40637793578970044,5.54,0.5,0.1,4,50,0.1,1.0,1.0,0.5,0.6
Preprocessed,N,0.49019607843137253,0.4804075235109718,0.4846026184768578,5.6,0.5,0.1,4,50,0.1,1.0,1.0,0.5,0.7
Preprocessed,N,0.49019607843137253,0.48524844720496896,0.48821702594081107,5.57,0.5,0.1,4,50,0.1,1.0,1.0,0.5,0.8
Preprocessed,N,0.37254901960784315,0.31313131313131315,0.3250148544266191,5.34,0.5,0.1,4,50,0.1,1.0,5.0,0.5,0.6
Preprocessed,N,0.43137254901960786,0.40863654538184724,0.41545734647317545,5.58,0.5,0.1,4,50,0.1,1.0,5.0,0.5,0.7
Preprocessed,N,0.5294117647058824,0.5248447204968945,0.5275849470222872,5.49,0.5,0.1,4,50,0.1,1.0,5.0,0.5,0.8
Preprocessed,N,0.49019607843137253,0.4738095238095238,0.4792717086834734,4.99,0.5,0.1,4,50,0.3,0.1,1.0,0.5,0.6
Preprocessed,N,0.49019607843137253,0.48524844720496896,0.48821702594081107,5.17,0.5,0.1,4,50,0.3,0.1,1.0,0.5,0.7
Preprocessed,N,0.5098039215686274,0.5029239766081871,0.5063639490884073,5.29,0.5,0.1,4,50,0.3,0.1,1.0,0.5,0.8
Preprocessed,N,0.4117647058823529,0.37088815789473684,0.3803212074303406,4.96,0.5,0.1,4,50,0.3,0.1,5.0,0.5,0.6
Preprocessed,N,0.47058823529411764,0.4572329523058731,0.46224118342646475,5.13,0.5,0.1,4,50,0.3,0.1,5.0,0.5,0.7
Preprocessed,N,0.5098039215686274,0.5067698259187621,0.5090453976561611,5.16,0.5,0.1,4,50,0.3,0.1,5.0,0.5,0.8
Preprocessed,N,0.39215686274509803,0.34261954261954264,0.3532346826464474,5.1,0.5,0.1,4,50,0.3,1.0,1.0,0.5,0.6
Preprocessed,N,0.47058823529411764,0.4572329523058731,0.46224118342646475,5.1,0.5,0.1,4,50,0.3,1.0,1.0,0.5,0.7
Preprocessed,N,0.49019607843137253,0.48524844720496896,0.48821702594081107,5.24,0.5,0.1,4,50,0.3,1.0,1.0,0.5,0.8
Preprocessed,N,0.37254901960784315,0.31313131313131315,0.3250148544266191,5.06,0.5,0.1,4,50,0.3,1.0,5.0,0.5,0.6
Preprocessed,N,0.4117647058823529,0.38306451612903225,0.39089184060721066,5.24,0.5,0.1,4,50,0.3,1.0,5.0,0.5,0.7
Preprocessed,N,0.49019607843137253,0.48524844720496896,0.48821702594081107,5.25,0.5,0.1,4,50,0.3,1.0,5.0,0.5,0.8
Preprocessed,N,0.5098039215686274,0.5029239766081871,0.5063639490884073,19.58,0.5,0.1,4,100,0.1,0.1,1.0,0.5,0.6
Preprocessed,N,0.5098039215686274,0.5029239766081871,0.5063639490884073,19.61,0.5,0.1,4,100,0.1,0.1,1.0,0.5,0.7
Preprocessed,N,0.49019607843137253,0.48524844720496896,0.48821702594081107,19.58,0.5,0.1,4,100,0.1,0.1,1.0,0.5,0.8
Preprocessed,N,0.45098039215686275,0.43333333333333335,0.4392156862745098,19.34,0.5,0.1,4,100,0.1,0.1,5.0,0.5,0.6
Preprocessed,N,0.49019607843137253,0.4804075235109718,0.4846026184768578,19.8,0.5,0.1,4,100,0.1,0.1,5.0,0.5,0.7
Preprocessed,N,0.49019607843137253,0.48842592592592593,0.49019607843137253,19.68,0.5,0.1,4,100,0.1,0.1,5.0,0.5,0.8
Preprocessed,N,0.47058823529411764,0.4572329523058731,0.46224118342646475,19.46,0.5,0.1,4,100,0.1,1.0,1.0,0.5,0.6
Preprocessed,N,0.5098039215686274,0.5067698259187621,0.5090453976561611,19.43,0.5,0.1,4,100,0.1,1.0,1.0,0.5,0.7
Preprocessed,N,0.49019607843137253,0.48842592592592593,0.49019607843137253,19.76,0.5,0.1,4,100,0.1,1.0,1.0,0.5,0.8
Preprocessed,N,0.4117647058823529,0.38306451612903225,0.39089184060721066,19.54,0.5,0.1,4,100,0.1,1.0,5.0,0.5,0.6
Preprocessed,N,0.47058823529411764,0.4572329523058731,0.46224118342646475,19.45,0.5,0.1,4,100,0.1,1.0,5.0,0.5,0.7
Preprocessed,N,0.5098039215686274,0.5067698259187621,0.5090453976561611,19.7,0.5,0.1,4,100,0.1,1.0,5.0,0.5,0.8
Preprocessed,N,0.5098039215686274,0.5029239766081871,0.5063639490884073,17.66,0.5,0.1,4,100,0.3,0.1,1.0,0.5,0.6
Preprocessed,N,0.47058823529411764,0.4631578947368421,0.46687306501547987,17.72,0.5,0.1,4,100,0.3,0.1,1.0,0.5,0.7
Preprocessed,N,0.5294117647058824,0.5277777777777778,0.5294117647058824,17.98,0.5,0.1,4,100,0.3,0.1,1.0,0.5,0.8
Preprocessed,N,0.45098039215686275,0.43333333333333335,0.4392156862745098,17.65,0.5,0.1,4,100,0.3,0.1,5.0,0.5,0.6
Preprocessed,N,0.49019607843137253,0.4804075235109718,0.4846026184768578,17.82,0.5,0.1,4,100,0.3,0.1,5.0,0.5,0.7
Preprocessed,N,0.49019607843137253,0.48842592592592593,0.49019607843137253,18.01,0.5,0.1,4,100,0.3,0.1,5.0,0.5,0.8
Preprocessed,N,0.47058823529411764,0.4494202319072371,0.4557706329233013,17.6,0.5,0.1,4,100,0.3,1.0,1.0,0.5,0.6
Preprocessed,N,0.5098039215686274,0.5029239766081871,0.5063639490884073,17.71,0.5,0.1,4,100,0.3,1.0,1.0,0.5,0.7
Preprocessed,N,0.47058823529411764,0.467311411992263,0.469769029468654,18.02,0.5,0.1,4,100,0.3,1.0,1.0,0.5,0.8
Preprocessed,N,0.4117647058823529,0.37088815789473684,0.3803212074303406,17.69,0.5,0.1,4,100,0.3,1.0,5.0,0.5,0.6
Preprocessed,N,0.47058823529411764,0.4572329523058731,0.46224118342646475,17.91,0.5,0.1,4,100,0.3,1.0,5.0,0.5,0.7
Preprocessed,N,0.5098039215686274,0.5067698259187621,0.5090453976561611,17.89,0.5,0.1,4,100,0.3,1.0,5.0,0.5,0.8
Preprocessed,N,0.49019607843137253,0.48524844720496896,0.48821702594081107,42.24,0.5,0.1,4,150,0.1,0.1,1.0,0.5,0.6
Preprocessed,N,0.5098039215686274,0.5029239766081871,0.5063639490884073,42.83,0.5,0.1,4,150,0.1,0.1,1.0,0.5,0.7
Preprocessed,N,0.5098039215686274,0.5067698259187621,0.5090453976561611,43.32,0.5,0.1,4,150,0.1,0.1,1.0,0.5,0.8
Preprocessed,N,0.5098039215686274,0.5029239766081871,0.5063639490884073,42.59,0.5,0.1,4,150,0.1,0.1,5.0,0.5,0.6
Preprocessed,N,0.49019607843137253,0.4804075235109718,0.4846026184768578,42.76,0.5,0.1,4,150,0.1,0.1,5.0,0.5,0.7
Preprocessed,N,0.5294117647058824,0.5292307692307692,0.5297737556561085,42.81,0.5,0.1,4,150,0.1,0.1,5.0,0.5,0.8
Preprocessed,N,0.5098039215686274,0.5029239766081871,0.5063639490884073,42.88,0.5,0.1,4,150,0.1,1.0,1.0,0.5,0.6
Preprocessed,N,0.47058823529411764,0.4631578947368421,0.46687306501547987,42.72,0.5,0.1,4,150,0.1,1.0,1.0,0.5,0.7
Preprocessed,N,0.5098039215686274,0.5090489025798999,0.5101814310629912,42.96,0.5,0.1,4,150,0.1,1.0,1.0,0.5,0.8
Preprocessed,N,0.45098039215686275,0.43333333333333335,0.4392156862745098,42.69,0.5,0.1,4,150,0.1,1.0,5.0,0.5,0.6
Preprocessed,N,0.47058823529411764,0.4572329523058731,0.46224118342646475,42.98,0.5,0.1,4,150,0.1,1.0,5.0,0.5,0.7
Preprocessed,N,0.49019607843137253,0.48842592592592593,0.49019607843137253,42.82,0.5,0.1,4,150,0.1,1.0,5.0,0.5,0.8
Preprocessed,N,0.49019607843137253,0.48524844720496896,0.48821702594081107,38.54,0.5,0.1,4,150,0.3,0.1,1.0,0.5,0.6
Preprocessed,N,0.45098039215686275,0.43333333333333335,0.4392156862745098,38.5,0.5,0.1,4,150,0.3,0.1,1.0,0.5,0.7
Preprocessed,N,0.49019607843137253,0.48524844720496896,0.48821702594081107,38.95,0.5,0.1,4,150,0.3,0.1,1.0,0.5,0.8
Preprocessed,N,0.5098039215686274,0.5029239766081871,0.5063639490884073,38.54,0.5,0.1,4,150,0.3,0.1,5.0,0.5,0.6
Preprocessed,N,0.47058823529411764,0.4572329523058731,0.46224118342646475,38.3,0.5,0.1,4,150,0.3,0.1,5.0,0.5,0.7
Preprocessed,N,0.5294117647058824,0.5248447204968945,0.5275849470222872,39.28,0.5,0.1,4,150,0.3,0.1,5.0,0.5,0.8
Preprocessed,N,0.49019607843137253,0.4804075235109718,0.4846026184768578,38.46,0.5,0.1,4,150,0.3,1.0,1.0,0.5,0.6
Preprocessed,N,0.49019607843137253,0.4804075235109718,0.4846026184768578,38.24,0.5,0.1,4,150,0.3,1.0,1.0,0.5,0.7
Preprocessed,N,0.49019607843137253,0.48842592592592593,0.49019607843137253,38.54,0.5,0.1,4,150,0.3,1.0,1.0,0.5,0.8
Preprocessed,N,0.43137254901960786,0.40863654538184724,0.41545734647317545,38.34,0.5,0.1,4,150,0.3,1.0,5.0,0.5,0.6
Preprocessed,N,0.47058823529411764,0.4572329523058731,0.46224118342646475,38.4,0.5,0.1,4,150,0.3,1.0,5.0,0.5,0.7
Preprocessed,N,0.5098039215686274,0.5067698259187621,0.5090453976561611,38.71,0.5,0.1,4,150,0.3,1.0,5.0,0.5,0.8
Preprocessed,N,0.35294117647058826,0.2608695652173913,0.2762148337595908,5.49,0.6,0.01,2,50,0.1,0.1,1.0,0.5,0.6
Preprocessed,N,0.3333333333333333,0.25,0.2647058823529412,5.58,0.6,0.01,2,50,0.1,0.1,1.0,0.5,0.7
Preprocessed,N,0.3137254901960784,0.23880597014925373,0.2528533801580334,5.49,0.6,0.01,2,50,0.1,0.1,1.0,0.5,0.8
Preprocessed,N,0.4117647058823529,0.2916666666666667,0.3088235294117647,5.43,0.6,0.01,2,50,0.1,0.1,5.0,0.5,0.6
Preprocessed,N,0.37254901960784315,0.2714285714285714,0.28739495798319326,5.36,0.6,0.01,2,50,0.1,0.1,5.0,0.5,0.7
Preprocessed,N,0.3137254901960784,0.23880597014925373,0.2528533801580334,5.59,0.6,0.01,2,50,0.1,0.1,5.0,0.5,0.8
Preprocessed,N,0.4117647058823529,0.2916666666666667,0.3088235294117647,5.32,0.6,0.01,2,50,0.1,1.0,1.0,0.5,0.6
Preprocessed,N,0.4117647058823529,0.2916666666666667,0.3088235294117647,5.44,0.6,0.01,2,50,0.1,1.0,1.0,0.5,0.7
Preprocessed,N,0.3137254901960784,0.23880597014925373,0.2528533801580334,5.37,0.6,0.01,2,50,0.1,1.0,1.0,0.5,0.8
Preprocessed,N,0.47058823529411764,0.32,0.33882352941176475,5.33,0.6,0.01,2,50,0.1,1.0,5.0,0.5,0.6
Preprocessed,N,0.47058823529411764,0.32,0.33882352941176475,5.07,0.6,0.01,2,50,0.1,1.0,5.0,0.5,0.7
Preprocessed,N,0.4117647058823529,0.2916666666666667,0.3088235294117647,5.27,0.6,0.01,2,50,0.1,1.0,5.0,0.5,0.8
Preprocessed,N,0.35294117647058826,0.2608695652173913,0.2762148337595908,4.85,0.6,0.01,2,50,0.3,0.1,1.0,0.5,0.6
Preprocessed,N,0.3333333333333333,0.25,0.2647058823529412,4.88,0.6,0.01,2,50,0.3,0.1,1.0,0.5,0.7
Preprocessed,N,0.3137254901960784,0.23880597014925373,0.2528533801580334,4.89,0.6,0.01,2,50,0.3,0.1,1.0,0.5,0.8
Preprocessed,N,0.43137254901960786,0.3013698630136986,0.31909750201450443,4.81,0.6,0.01,2,50,0.3,0.1,5.0,0.5,0.6
Preprocessed,N,0.45098039215686275,0.3108108108108108,0.32909379968203495,4.85,0.6,0.01,2,50,0.3,0.1,5.0,0.5,0.7
Preprocessed,N,0.35294117647058826,0.2608695652173913,0.2762148337595908,4.8,0.6,0.01,2,50,0.3,0.1,5.0,0.5,0.8
Preprocessed,N,0.43137254901960786,0.3013698630136986,0.31909750201450443,4.76,0.6,0.01,2,50,0.3,1.0,1.0,0.5,0.6
Preprocessed,N,0.45098039215686275,0.3108108108108108,0.32909379968203495,4.76,0.6,0.01,2,50,0.3,1.0,1.0,0.5,0.7
Preprocessed,N,0.3333333333333333,0.25,0.2647058823529412,4.92,0.6,0.01,2,50,0.3,1.0,1.0,0.5,0.8
Preprocessed,N,0.5294117647058824,0.34615384615384615,0.36651583710407243,4.77,0.6,0.01,2,50,0.3,1.0,5.0,0.5,0.6
Preprocessed,N,0.49019607843137253,0.32894736842105265,0.34829721362229105,4.85,0.6,0.01,2,50,0.3,1.0,5.0,0.5,0.7
Preprocessed,N,0.47058823529411764,0.32,0.33882352941176475,4.88,0.6,0.01,2,50,0.3,1.0,5.0,0.5,0.8
Preprocessed,N,0.35294117647058826,0.2823027718550107,0.29554747272043147,18.41,0.6,0.01,2,100,0.1,0.1,1.0,0.5,0.6
Preprocessed,N,0.35294117647058826,0.3002079002079002,0.31150788797847623,18.75,0.6,0.01,2,100,0.1,0.1,1.0,0.5,0.7
Preprocessed,N,0.43137254901960786,0.40863654538184724,0.41545734647317545,18.85,0.6,0.01,2,100,0.1,0.1,1.0,0.5,0.8
Preprocessed,N,0.39215686274509803,0.28169014084507044,0.2982601491300746,18.43,0.6,0.01,2,100,0.1,0.1,5.0,0.5,0.6
Preprocessed,N,0.3333333333333333,0.2702020202020202,0.2828282828282829,19.06,0.6,0.01,2,100,0.1,0.1,5.0,0.5,0.7
Preprocessed,N,0.3333333333333333,0.2702020202020202,0.2828282828282829,18.94,0.6,0.01,2,100,0.1,0.1,5.0,0.5,0.8
Preprocessed,N,0.37254901960784315,0.2714285714285714,0.28739495798319326,18.62,0.6,0.01,2,100,0.1,1.0,1.0,0.5,0.6
Preprocessed,N,0.3137254901960784,0.23880597014925373,0.2528533801580334,18.72,0.6,0.01,2,100,0.1,1.0,1.0,0.5,0.7
Preprocessed,N,0.3333333333333333,0.2702020202020202,0.2828282828282829,18.69,0.6,0.01,2,100,0.1,1.0,1.0,0.5,0.8
Preprocessed,N,0.4117647058823529,0.2916666666666667,0.3088235294117647,18.55,0.6,0.01,2,100,0.1,1.0,5.0,0.5,0.6
Preprocessed,N,0.37254901960784315,0.2714285714285714,0.28739495798319326,18.64,0.6,0.01,2,100,0.1,1.0,5.0,0.5,0.7
Preprocessed,N,0.3137254901960784,0.23880597014925373,0.2528533801580334,18.74,0.6,0.01,2,100,0.1,1.0,5.0,0.5,0.8
Preprocessed,N,0.35294117647058826,0.2823027718550107,0.29554747272043147,16.79,0.6,0.01,2,100,0.3,0.1,1.0,0.5,0.6
Preprocessed,N,0.3333333333333333,0.2702020202020202,0.2828282828282829,16.96,0.6,0.01,2,100,0.3,0.1,1.0,0.5,0.7
Preprocessed,N,0.43137254901960786,0.40863654538184724,0.41545734647317545,17.03,0.6,0.01,2,100,0.3,0.1,1.0,0.5,0.8
Preprocessed,N,0.4117647058823529,0.2916666666666667,0.3088235294117647,16.79,0.6,0.01,2,100,0.3,0.1,5.0,0.5,0.6
Preprocessed,N,0.3137254901960784,0.23880597014925373,0.2528533801580334,16.91,0.6,0.01,2,100,0.3,0.1,5.0,0.5,0.7
Preprocessed,N,0.3333333333333333,0.2702020202020202,0.2828282828282829,17.05,0.6,0.01,2,100,0.3,0.1,5.0,0.5,0.8
Preprocessed,N,0.4117647058823529,0.2916666666666667,0.3088235294117647,16.78,0.6,0.01,2,100,0.3,1.0,1.0,0.5,0.6
Preprocessed,N,0.3333333333333333,0.25,0.2647058823529412,17.1,0.6,0.01,2,100,0.3,1.0,1.0,0.5,0.7
Preprocessed,N,0.3137254901960784,0.23880597014925373,0.2528533801580334,17.1,0.6,0.01,2,100,0.3,1.0,1.0,0.5,0.8
Preprocessed,N,0.4117647058823529,0.2916666666666667,0.3088235294117647,17.02,0.6,0.01,2,100,0.3,1.0,5.0,0.5,0.6
Preprocessed,N,0.39215686274509803,0.28169014084507044,0.2982601491300746,16.96,0.6,0.01,2,100,0.3,1.0,5.0,0.5,0.7
Preprocessed,N,0.35294117647058826,0.2608695652173913,0.2762148337595908,17.2,0.6,0.01,2,100,0.3,1.0,5.0,0.5,0.8
Preprocessed,N,0.37254901960784315,0.32894736842105265,0.3390092879256966,40.94,0.6,0.01,2,150,0.1,0.1,1.0,0.5,0.6
Preprocessed,N,0.39215686274509803,0.3565323565323565,0.3654384830855419,40.82,0.6,0.01,2,150,0.1,0.1,1.0,0.5,0.7
Preprocessed,N,0.5098039215686274,0.5029239766081871,0.5063639490884073,40.84,0.6,0.01,2,150,0.1,0.1,1.0,0.5,0.8
Preprocessed,N,0.37254901960784315,0.29411764705882354,0.3079584775086505,40.61,0.6,0.01,2,150,0.1,0.1,5.0,0.5,0.6
Preprocessed,N,0.35294117647058826,0.3002079002079002,0.31150788797847623,40.69,0.6,0.01,2,150,0.1,0.1,5.0,0.5,0.7
Preprocessed,N,0.39215686274509803,0.3565323565323565,0.3654384830855419,40.94,0.6,0.01,2,150,0.1,0.1,5.0,0.5,0.8
Preprocessed,N,0.37254901960784315,0.29411764705882354,0.3079584775086505,40.67,0.6,0.01,2,150,0.1,1.0,1.0,0.5,0.6
Preprocessed,N,0.3333333333333333,0.2702020202020202,0.2828282828282829,40.76,0.6,0.01,2,150,0.1,1.0,1.0,0.5,0.7
Preprocessed,N,0.35294117647058826,0.3002079002079002,0.31150788797847623,40.98,0.6,0.01,2,150,0.1,1.0,1.0,0.5,0.8
Preprocessed,N,0.39215686274509803,0.28169014084507044,0.2982601491300746,40.6,0.6,0.01,2,150,0.1,1.0,5.0,0.5,0.6
Preprocessed,N,0.3333333333333333,0.25,0.2647058823529412,41.48,0.6,0.01,2,150,0.1,1.0,5.0,0.5,0.7
Preprocessed,N,0.3333333333333333,0.2702020202020202,0.2828282828282829,41.27,0.6,0.01,2,150,0.1,1.0,5.0,0.5,0.8
Preprocessed,N,0.35294117647058826,0.3002079002079002,0.31150788797847623,36.61,0.6,0.01,2,150,0.3,0.1,1.0,0.5,0.6
Preprocessed,N,0.37254901960784315,0.32894736842105265,0.3390092879256966,37.11,0.6,0.01,2,150,0.3,0.1,1.0,0.5,0.7
Preprocessed,N,0.47058823529411764,0.4572329523058731,0.46224118342646475,38.91,0.6,0.01,2,150,0.3,0.1,1.0,0.5,0.8
Preprocessed,N,0.37254901960784315,0.29411764705882354,0.3079584775086505,83.9,0.6,0.01,2,150,0.3,0.1,5.0,0.5,0.6
Preprocessed,N,0.35294117647058826,0.3002079002079002,0.31150788797847623,176.51,0.6,0.01,2,150,0.3,0.1,5.0,0.5,0.7
Preprocessed,N,0.35294117647058826,0.3002079002079002,0.31150788797847623,176.82,0.6,0.01,2,150,0.3,0.1,5.0,0.5,0.8
Preprocessed,N,0.37254901960784315,0.29411764705882354,0.3079584775086505,176.03,0.6,0.01,2,150,0.3,1.0,1.0,0.5,0.6
Preprocessed,N,0.3333333333333333,0.2702020202020202,0.2828282828282829,176.79,0.6,0.01,2,150,0.3,1.0,1.0,0.5,0.7
Preprocessed,N,0.3333333333333333,0.2702020202020202,0.2828282828282829,176.49,0.6,0.01,2,150,0.3,1.0,1.0,0.5,0.8
Preprocessed,N,0.4117647058823529,0.2916666666666667,0.3088235294117647,176.14,0.6,0.01,2,150,0.3,1.0,5.0,0.5,0.6
Preprocessed,N,0.3333333333333333,0.25,0.2647058823529412,176.45,0.6,0.01,2,150,0.3,1.0,5.0,0.5,0.7
Preprocessed,N,0.3137254901960784,0.23880597014925373,0.2528533801580334,177.13,0.6,0.01,2,150,0.3,1.0,5.0,0.5,0.8
Preprocessed,N,0.35294117647058826,0.2608695652173913,0.2762148337595908,26.02,0.6,0.01,3,50,0.1,0.1,1.0,0.5,0.6
Preprocessed,N,0.3333333333333333,0.25,0.2647058823529412,26.56,0.6,0.01,3,50,0.1,0.1,1.0,0.5,0.7
Preprocessed,N,0.3137254901960784,0.23880597014925373,0.2528533801580334,26.9,0.6,0.01,3,50,0.1,0.1,1.0,0.5,0.8
Preprocessed,N,0.4117647058823529,0.2916666666666667,0.3088235294117647,25.92,0.6,0.01,3,50,0.1,0.1,5.0,0.5,0.6
Preprocessed,N,0.37254901960784315,0.2714285714285714,0.28739495798319326,27.04,0.6,0.01,3,50,0.1,0.1,5.0,0.5,0.7
Preprocessed,N,0.3137254901960784,0.23880597014925373,0.2528533801580334,27.29,0.6,0.01,3,50,0.1,0.1,5.0,0.5,0.8
Preprocessed,N,0.4117647058823529,0.2916666666666667,0.3088235294117647,26.01,0.6,0.01,3,50,0.1,1.0,1.0,0.5,0.6
Preprocessed,N,0.4117647058823529,0.2916666666666667,0.3088235294117647,26.38,0.6,0.01,3,50,0.1,1.0,1.0,0.5,0.7
Preprocessed,N,0.3137254901960784,0.23880597014925373,0.2528533801580334,27.18,0.6,0.01,3,50,0.1,1.0,1.0,0.5,0.8
Preprocessed,N,0.47058823529411764,0.32,0.33882352941176475,25.59,0.6,0.01,3,50,0.1,1.0,5.0,0.5,0.6
Preprocessed,N,0.47058823529411764,0.32,0.33882352941176475,26.41,0.6,0.01,3,50,0.1,1.0,5.0,0.5,0.7
Preprocessed,N,0.4117647058823529,0.2916666666666667,0.3088235294117647,26.72,0.6,0.01,3,50,0.1,1.0,5.0,0.5,0.8
Preprocessed,N,0.35294117647058826,0.2608695652173913,0.2762148337595908,23.83,0.6,0.01,3,50,0.3,0.1,1.0,0.5,0.6
Preprocessed,N,0.3333333333333333,0.25,0.2647058823529412,24.73,0.6,0.01,3,50,0.3,0.1,1.0,0.5,0.7
Preprocessed,N,0.3137254901960784,0.23880597014925373,0.2528533801580334,25.17,0.6,0.01,3,50,0.3,0.1,1.0,0.5,0.8
Preprocessed,N,0.43137254901960786,0.3013698630136986,0.31909750201450443,23.93,0.6,0.01,3,50,0.3,0.1,5.0,0.5,0.6
Preprocessed,N,0.45098039215686275,0.3108108108108108,0.32909379968203495,24.52,0.6,0.01,3,50,0.3,0.1,5.0,0.5,0.7
Preprocessed,N,0.35294117647058826,0.2608695652173913,0.2762148337595908,25.7,0.6,0.01,3,50,0.3,0.1,5.0,0.5,0.8
Preprocessed,N,0.43137254901960786,0.3013698630136986,0.31909750201450443,24.2,0.6,0.01,3,50,0.3,1.0,1.0,0.5,0.6
Preprocessed,N,0.45098039215686275,0.3108108108108108,0.32909379968203495,24.8,0.6,0.01,3,50,0.3,1.0,1.0,0.5,0.7
Preprocessed,N,0.3333333333333333,0.25,0.2647058823529412,25.43,0.6,0.01,3,50,0.3,1.0,1.0,0.5,0.8
Preprocessed,N,0.5294117647058824,0.34615384615384615,0.36651583710407243,23.9,0.6,0.01,3,50,0.3,1.0,5.0,0.5,0.6
Preprocessed,N,0.49019607843137253,0.32894736842105265,0.34829721362229105,24.87,0.6,0.01,3,50,0.3,1.0,5.0,0.5,0.7
Preprocessed,N,0.47058823529411764,0.32,0.33882352941176475,25.23,0.6,0.01,3,50,0.3,1.0,5.0,0.5,0.8
Preprocessed,N,0.35294117647058826,0.2823027718550107,0.29554747272043147,90.47,0.6,0.01,3,100,0.1,0.1,1.0,0.5,0.6
Preprocessed,N,0.35294117647058826,0.3002079002079002,0.31150788797847623,92.66,0.6,0.01,3,100,0.1,0.1,1.0,0.5,0.7
Preprocessed,N,0.45098039215686275,0.43333333333333335,0.4392156862745098,92.6,0.6,0.01,3,100,0.1,0.1,1.0,0.5,0.8
Preprocessed,N,0.39215686274509803,0.28169014084507044,0.2982601491300746,91.25,0.6,0.01,3,100,0.1,0.1,5.0,0.5,0.6
Preprocessed,N,0.3333333333333333,0.2702020202020202,0.2828282828282829,91.65,0.6,0.01,3,100,0.1,0.1,5.0,0.5,0.7
Preprocessed,N,0.3333333333333333,0.2702020202020202,0.2828282828282829,92.61,0.6,0.01,3,100,0.1,0.1,5.0,0.5,0.8
Preprocessed,N,0.37254901960784315,0.2714285714285714,0.28739495798319326,89.93,0.6,0.01,3,100,0.1,1.0,1.0,0.5,0.6
Preprocessed,N,0.3137254901960784,0.23880597014925373,0.2528533801580334,91.67,0.6,0.01,3,100,0.1,1.0,1.0,0.5,0.7
Preprocessed,N,0.3333333333333333,0.2702020202020202,0.2828282828282829,93.26,0.6,0.01,3,100,0.1,1.0,1.0,0.5,0.8
Preprocessed,N,0.4117647058823529,0.2916666666666667,0.3088235294117647,90.28,0.6,0.01,3,100,0.1,1.0,5.0,0.5,0.6
Preprocessed,N,0.37254901960784315,0.2714285714285714,0.28739495798319326,91.33,0.6,0.01,3,100,0.1,1.0,5.0,0.5,0.7
Preprocessed,N,0.3137254901960784,0.23880597014925373,0.2528533801580334,92.55,0.6,0.01,3,100,0.1,1.0,5.0,0.5,0.8
Preprocessed,N,0.35294117647058826,0.2823027718550107,0.29554747272043147,81.93,0.6,0.01,3,100,0.3,0.1,1.0,0.5,0.6
Preprocessed,N,0.3333333333333333,0.2702020202020202,0.2828282828282829,83.83,0.6,0.01,3,100,0.3,0.1,1.0,0.5,0.7
Preprocessed,N,0.43137254901960786,0.40863654538184724,0.41545734647317545,86.03,0.6,0.01,3,100,0.3,0.1,1.0,0.5,0.8
Preprocessed,N,0.4117647058823529,0.2916666666666667,0.3088235294117647,82.28,0.6,0.01,3,100,0.3,0.1,5.0,0.5,0.6
Preprocessed,N,0.3137254901960784,0.23880597014925373,0.2528533801580334,83.83,0.6,0.01,3,100,0.3,0.1,5.0,0.5,0.7
Preprocessed,N,0.3333333333333333,0.2702020202020202,0.2828282828282829,85.25,0.6,0.01,3,100,0.3,0.1,5.0,0.5,0.8
Preprocessed,N,0.4117647058823529,0.2916666666666667,0.3088235294117647,82.48,0.6,0.01,3,100,0.3,1.0,1.0,0.5,0.6
Preprocessed,N,0.3333333333333333,0.25,0.2647058823529412,83.5,0.6,0.01,3,100,0.3,1.0,1.0,0.5,0.7
Preprocessed,N,0.3137254901960784,0.23880597014925373,0.2528533801580334,84.55,0.6,0.01,3,100,0.3,1.0,1.0,0.5,0.8
Preprocessed,N,0.4117647058823529,0.2916666666666667,0.3088235294117647,82.53,0.6,0.01,3,100,0.3,1.0,5.0,0.5,0.6
Preprocessed,N,0.39215686274509803,0.28169014084507044,0.2982601491300746,83.51,0.6,0.01,3,100,0.3,1.0,5.0,0.5,0.7
Preprocessed,N,0.35294117647058826,0.2608695652173913,0.2762148337595908,85.16,0.6,0.01,3,100,0.3,1.0,5.0,0.5,0.8
Preprocessed,N,0.37254901960784315,0.32894736842105265,0.3390092879256966,194.13,0.6,0.01,3,150,0.1,0.1,1.0,0.5,0.6
Preprocessed,N,0.39215686274509803,0.3565323565323565,0.3654384830855419,196.71,0.6,0.01,3,150,0.1,0.1,1.0,0.5,0.7
Preprocessed,N,0.49019607843137253,0.4804075235109718,0.4846026184768578,197.53,0.6,0.01,3,150,0.1,0.1,1.0,0.5,0.8
Preprocessed,N,0.37254901960784315,0.29411764705882354,0.3079584775086505,193.7,0.6,0.01,3,150,0.1,0.1,5.0,0.5,0.6
Preprocessed,N,0.35294117647058826,0.3002079002079002,0.31150788797847623,197.18,0.6,0.01,3,150,0.1,0.1,5.0,0.5,0.7
Preprocessed,N,0.4117647058823529,0.38306451612903225,0.39089184060721066,198.71,0.6,0.01,3,150,0.1,0.1,5.0,0.5,0.8
Preprocessed,N,0.37254901960784315,0.29411764705882354,0.3079584775086505,104.84,0.6,0.01,3,150,0.1,1.0,1.0,0.5,0.6
Preprocessed,N,0.3333333333333333,0.2702020202020202,0.2828282828282829,42.41,0.6,0.01,3,150,0.1,1.0,1.0,0.5,0.7
Preprocessed,N,0.35294117647058826,0.3002079002079002,0.31150788797847623,42.53,0.6,0.01,3,150,0.1,1.0,1.0,0.5,0.8
Preprocessed,N,0.39215686274509803,0.28169014084507044,0.2982601491300746,42.06,0.6,0.01,3,150,0.1,1.0,5.0,0.5,0.6
Preprocessed,N,0.3333333333333333,0.25,0.2647058823529412,42.93,0.6,0.01,3,150,0.1,1.0,5.0,0.5,0.7
Preprocessed,N,0.3333333333333333,0.2702020202020202,0.2828282828282829,42.75,0.6,0.01,3,150,0.1,1.0,5.0,0.5,0.8
Preprocessed,N,0.35294117647058826,0.3002079002079002,0.31150788797847623,38.12,0.6,0.01,3,150,0.3,0.1,1.0,0.5,0.6
Preprocessed,N,0.37254901960784315,0.32894736842105265,0.3390092879256966,38.06,0.6,0.01,3,150,0.3,0.1,1.0,0.5,0.7
Preprocessed,N,0.49019607843137253,0.4804075235109718,0.4846026184768578,38.13,0.6,0.01,3,150,0.3,0.1,1.0,0.5,0.8
Preprocessed,N,0.37254901960784315,0.29411764705882354,0.3079584775086505,37.94,0.6,0.01,3,150,0.3,0.1,5.0,0.5,0.6
Preprocessed,N,0.35294117647058826,0.3002079002079002,0.31150788797847623,37.85,0.6,0.01,3,150,0.3,0.1,5.0,0.5,0.7
Preprocessed,N,0.35294117647058826,0.3002079002079002,0.31150788797847623,37.9,0.6,0.01,3,150,0.3,0.1,5.0,0.5,0.8
Preprocessed,N,0.37254901960784315,0.29411764705882354,0.3079584775086505,38.03,0.6,0.01,3,150,0.3,1.0,1.0,0.5,0.6
Preprocessed,N,0.3333333333333333,0.2702020202020202,0.2828282828282829,38.28,0.6,0.01,3,150,0.3,1.0,1.0,0.5,0.7
Preprocessed,N,0.3333333333333333,0.2702020202020202,0.2828282828282829,38.37,0.6,0.01,3,150,0.3,1.0,1.0,0.5,0.8
Preprocessed,N,0.4117647058823529,0.2916666666666667,0.3088235294117647,37.45,0.6,0.01,3,150,0.3,1.0,5.0,0.5,0.6
Preprocessed,N,0.3333333333333333,0.25,0.2647058823529412,37.73,0.6,0.01,3,150,0.3,1.0,5.0,0.5,0.7
Preprocessed,N,0.3137254901960784,0.23880597014925373,0.2528533801580334,38.01,0.6,0.01,3,150,0.3,1.0,5.0,0.5,0.8
Preprocessed,N,0.35294117647058826,0.2608695652173913,0.2762148337595908,5.2,0.6,0.01,4,50,0.1,0.1,1.0,0.5,0.6
Preprocessed,N,0.3333333333333333,0.25,0.2647058823529412,5.38,0.6,0.01,4,50,0.1,0.1,1.0,0.5,0.7
Preprocessed,N,0.3137254901960784,0.23880597014925373,0.2528533801580334,5.53,0.6,0.01,4,50,0.1,0.1,1.0,0.5,0.8
Preprocessed,N,0.4117647058823529,0.2916666666666667,0.3088235294117647,5.21,0.6,0.01,4,50,0.1,0.1,5.0,0.5,0.6
Preprocessed,N,0.37254901960784315,0.2714285714285714,0.28739495798319326,5.4,0.6,0.01,4,50,0.1,0.1,5.0,0.5,0.7
Preprocessed,N,0.3137254901960784,0.23880597014925373,0.2528533801580334,5.38,0.6,0.01,4,50,0.1,0.1,5.0,0.5,0.8
Preprocessed,N,0.4117647058823529,0.2916666666666667,0.3088235294117647,5.6,0.6,0.01,4,50,0.1,1.0,1.0,0.5,0.6
Preprocessed,N,0.4117647058823529,0.2916666666666667,0.3088235294117647,5.27,0.6,0.01,4,50,0.1,1.0,1.0,0.5,0.7
Preprocessed,N,0.3137254901960784,0.23880597014925373,0.2528533801580334,5.57,0.6,0.01,4,50,0.1,1.0,1.0,0.5,0.8
Preprocessed,N,0.47058823529411764,0.32,0.33882352941176475,5.23,0.6,0.01,4,50,0.1,1.0,5.0,0.5,0.6
Preprocessed,N,0.47058823529411764,0.32,0.33882352941176475,5.31,0.6,0.01,4,50,0.1,1.0,5.0,0.5,0.7
Preprocessed,N,0.4117647058823529,0.2916666666666667,0.3088235294117647,5.33,0.6,0.01,4,50,0.1,1.0,5.0,0.5,0.8
Preprocessed,N,0.35294117647058826,0.2608695652173913,0.2762148337595908,4.95,0.6,0.01,4,50,0.3,0.1,1.0,0.5,0.6
Preprocessed,N,0.3333333333333333,0.25,0.2647058823529412,4.96,0.6,0.01,4,50,0.3,0.1,1.0,0.5,0.7
Preprocessed,N,0.3137254901960784,0.23880597014925373,0.2528533801580334,5.21,0.6,0.01,4,50,0.3,0.1,1.0,0.5,0.8
Preprocessed,N,0.43137254901960786,0.3013698630136986,0.31909750201450443,4.78,0.6,0.01,4,50,0.3,0.1,5.0,0.5,0.6
Preprocessed,N,0.45098039215686275,0.3108108108108108,0.32909379968203495,4.98,0.6,0.01,4,50,0.3,0.1,5.0,0.5,0.7
Preprocessed,N,0.35294117647058826,0.2608695652173913,0.2762148337595908,5.05,0.6,0.01,4,50,0.3,0.1,5.0,0.5,0.8
Preprocessed,N,0.43137254901960786,0.3013698630136986,0.31909750201450443,4.87,0.6,0.01,4,50,0.3,1.0,1.0,0.5,0.6
Preprocessed,N,0.45098039215686275,0.3108108108108108,0.32909379968203495,4.86,0.6,0.01,4,50,0.3,1.0,1.0,0.5,0.7
Preprocessed,N,0.3333333333333333,0.25,0.2647058823529412,5.17,0.6,0.01,4,50,0.3,1.0,1.0,0.5,0.8
Preprocessed,N,0.5294117647058824,0.34615384615384615,0.36651583710407243,4.9,0.6,0.01,4,50,0.3,1.0,5.0,0.5,0.6
Preprocessed,N,0.49019607843137253,0.32894736842105265,0.34829721362229105,4.88,0.6,0.01,4,50,0.3,1.0,5.0,0.5,0.7
Preprocessed,N,0.47058823529411764,0.32,0.33882352941176475,5.07,0.6,0.01,4,50,0.3,1.0,5.0,0.5,0.8
Preprocessed,N,0.35294117647058826,0.2823027718550107,0.29554747272043147,19.09,0.6,0.01,4,100,0.1,0.1,1.0,0.5,0.6
Preprocessed,N,0.35294117647058826,0.3002079002079002,0.31150788797847623,19.27,0.6,0.01,4,100,0.1,0.1,1.0,0.5,0.7
Preprocessed,N,0.45098039215686275,0.43333333333333335,0.4392156862745098,19.3,0.6,0.01,4,100,0.1,0.1,1.0,0.5,0.8
Preprocessed,N,0.39215686274509803,0.28169014084507044,0.2982601491300746,20.4,0.6,0.01,4,100,0.1,0.1,5.0,0.5,0.6
Preprocessed,N,0.3333333333333333,0.2702020202020202,0.2828282828282829,22.84,0.6,0.01,4,100,0.1,0.1,5.0,0.5,0.7
Preprocessed,N,0.3333333333333333,0.2702020202020202,0.2828282828282829,22.98,0.6,0.01,4,100,0.1,0.1,5.0,0.5,0.8
Preprocessed,N,0.37254901960784315,0.2714285714285714,0.28739495798319326,22.67,0.6,0.01,4,100,0.1,1.0,1.0,0.5,0.6
Preprocessed,N,0.3137254901960784,0.23880597014925373,0.2528533801580334,22.87,0.6,0.01,4,100,0.1,1.0,1.0,0.5,0.7
Preprocessed,N,0.3333333333333333,0.2702020202020202,0.2828282828282829,22.77,0.6,0.01,4,100,0.1,1.0,1.0,0.5,0.8
Preprocessed,N,0.4117647058823529,0.2916666666666667,0.3088235294117647,22.55,0.6,0.01,4,100,0.1,1.0,5.0,0.5,0.6
Preprocessed,N,0.37254901960784315,0.2714285714285714,0.28739495798319326,22.84,0.6,0.01,4,100,0.1,1.0,5.0,0.5,0.7
Preprocessed,N,0.3137254901960784,0.23880597014925373,0.2528533801580334,23.05,0.6,0.01,4,100,0.1,1.0,5.0,0.5,0.8
Preprocessed,N,0.35294117647058826,0.2823027718550107,0.29554747272043147,20.75,0.6,0.01,4,100,0.3,0.1,1.0,0.5,0.6
Preprocessed,N,0.3333333333333333,0.2702020202020202,0.2828282828282829,20.76,0.6,0.01,4,100,0.3,0.1,1.0,0.5,0.7
Preprocessed,N,0.43137254901960786,0.40863654538184724,0.41545734647317545,20.97,0.6,0.01,4,100,0.3,0.1,1.0,0.5,0.8
Preprocessed,N,0.4117647058823529,0.2916666666666667,0.3088235294117647,20.45,0.6,0.01,4,100,0.3,0.1,5.0,0.5,0.6
Preprocessed,N,0.3137254901960784,0.23880597014925373,0.2528533801580334,20.73,0.6,0.01,4,100,0.3,0.1,5.0,0.5,0.7
Preprocessed,N,0.3333333333333333,0.2702020202020202,0.2828282828282829,20.9,0.6,0.01,4,100,0.3,0.1,5.0,0.5,0.8
Preprocessed,N,0.4117647058823529,0.2916666666666667,0.3088235294117647,20.5,0.6,0.01,4,100,0.3,1.0,1.0,0.5,0.6
Preprocessed,N,0.3333333333333333,0.25,0.2647058823529412,20.78,0.6,0.01,4,100,0.3,1.0,1.0,0.5,0.7
Preprocessed,N,0.3137254901960784,0.23880597014925373,0.2528533801580334,20.94,0.6,0.01,4,100,0.3,1.0,1.0,0.5,0.8
Preprocessed,N,0.4117647058823529,0.2916666666666667,0.3088235294117647,20.82,0.6,0.01,4,100,0.3,1.0,5.0,0.5,0.6
Preprocessed,N,0.39215686274509803,0.28169014084507044,0.2982601491300746,20.62,0.6,0.01,4,100,0.3,1.0,5.0,0.5,0.7
Preprocessed,N,0.35294117647058826,0.2608695652173913,0.2762148337595908,20.94,0.6,0.01,4,100,0.3,1.0,5.0,0.5,0.8
Preprocessed,N,0.37254901960784315,0.32894736842105265,0.3390092879256966,48.94,0.6,0.01,4,150,0.1,0.1,1.0,0.5,0.6
Preprocessed,N,0.39215686274509803,0.3565323565323565,0.3654384830855419,49.53,0.6,0.01,4,150,0.1,0.1,1.0,0.5,0.7
Preprocessed,N,0.49019607843137253,0.4804075235109718,0.4846026184768578,49.89,0.6,0.01,4,150,0.1,0.1,1.0,0.5,0.8
Preprocessed,N,0.37254901960784315,0.29411764705882354,0.3079584775086505,42.74,0.6,0.01,4,150,0.1,0.1,5.0,0.5,0.6
Preprocessed,N,0.35294117647058826,0.3002079002079002,0.31150788797847623,41.92,0.6,0.01,4,150,0.1,0.1,5.0,0.5,0.7
Preprocessed,N,0.4117647058823529,0.38306451612903225,0.39089184060721066,42.45,0.6,0.01,4,150,0.1,0.1,5.0,0.5,0.8
Preprocessed,N,0.37254901960784315,0.29411764705882354,0.3079584775086505,42.12,0.6,0.01,4,150,0.1,1.0,1.0,0.5,0.6
Preprocessed,N,0.3333333333333333,0.2702020202020202,0.2828282828282829,41.98,0.6,0.01,4,150,0.1,1.0,1.0,0.5,0.7
Preprocessed,N,0.35294117647058826,0.3002079002079002,0.31150788797847623,41.94,0.6,0.01,4,150,0.1,1.0,1.0,0.5,0.8
Preprocessed,N,0.39215686274509803,0.28169014084507044,0.2982601491300746,41.73,0.6,0.01,4,150,0.1,1.0,5.0,0.5,0.6
Preprocessed,N,0.3333333333333333,0.25,0.2647058823529412,41.76,0.6,0.01,4,150,0.1,1.0,5.0,0.5,0.7
Preprocessed,N,0.3333333333333333,0.2702020202020202,0.2828282828282829,42.27,0.6,0.01,4,150,0.1,1.0,5.0,0.5,0.8
Preprocessed,N,0.35294117647058826,0.3002079002079002,0.31150788797847623,37.41,0.6,0.01,4,150,0.3,0.1,1.0,0.5,0.6
Preprocessed,N,0.37254901960784315,0.32894736842105265,0.3390092879256966,38.01,0.6,0.01,4,150,0.3,0.1,1.0,0.5,0.7
Preprocessed,N,0.49019607843137253,0.4804075235109718,0.4846026184768578,37.82,0.6,0.01,4,150,0.3,0.1,1.0,0.5,0.8
Preprocessed,N,0.37254901960784315,0.29411764705882354,0.3079584775086505,37.73,0.6,0.01,4,150,0.3,0.1,5.0,0.5,0.6
Preprocessed,N,0.35294117647058826,0.3002079002079002,0.31150788797847623,37.97,0.6,0.01,4,150,0.3,0.1,5.0,0.5,0.7
Preprocessed,N,0.35294117647058826,0.3002079002079002,0.31150788797847623,37.82,0.6,0.01,4,150,0.3,0.1,5.0,0.5,0.8
Preprocessed,N,0.37254901960784315,0.29411764705882354,0.3079584775086505,37.65,0.6,0.01,4,150,0.3,1.0,1.0,0.5,0.6
Preprocessed,N,0.3333333333333333,0.2702020202020202,0.2828282828282829,37.61,0.6,0.01,4,150,0.3,1.0,1.0,0.5,0.7
Preprocessed,N,0.3333333333333333,0.2702020202020202,0.2828282828282829,38.45,0.6,0.01,4,150,0.3,1.0,1.0,0.5,0.8
Preprocessed,N,0.4117647058823529,0.2916666666666667,0.3088235294117647,37.17,0.6,0.01,4,150,0.3,1.0,5.0,0.5,0.6
Preprocessed,N,0.3333333333333333,0.25,0.2647058823529412,37.65,0.6,0.01,4,150,0.3,1.0,5.0,0.5,0.7
Preprocessed,N,0.3137254901960784,0.23880597014925373,0.2528533801580334,37.94,0.6,0.01,4,150,0.3,1.0,5.0,0.5,0.8
Preprocessed,N,0.39215686274509803,0.34261954261954264,0.3532346826464474,5.24,0.6,0.05,2,50,0.1,0.1,1.0,0.5,0.6
Preprocessed,N,0.47058823529411764,0.4494202319072371,0.4557706329233013,5.21,0.6,0.05,2,50,0.1,0.1,1.0,0.5,0.7
Preprocessed,N,0.5098039215686274,0.5029239766081871,0.5063639490884073,5.23,0.6,0.05,2,50,0.1,0.1,1.0,0.5,0.8
Preprocessed,N,0.35294117647058826,0.3002079002079002,0.31150788797847623,5.2,0.6,0.05,2,50,0.1,0.1,5.0,0.5,0.6
Preprocessed,N,0.4117647058823529,0.38306451612903225,0.39089184060721066,5.27,0.6,0.05,2,50,0.1,0.1,5.0,0.5,0.7
Preprocessed,N,0.5098039215686274,0.5029239766081871,0.5063639490884073,5.37,0.6,0.05,2,50,0.1,0.1,5.0,0.5,0.8
Preprocessed,N,0.37254901960784315,0.31313131313131315,0.3250148544266191,5.36,0.6,0.05,2,50,0.1,1.0,1.0,0.5,0.6
Preprocessed,N,0.4117647058823529,0.37088815789473684,0.3803212074303406,5.19,0.6,0.05,2,50,0.1,1.0,1.0,0.5,0.7
Preprocessed,N,0.47058823529411764,0.4572329523058731,0.46224118342646475,5.32,0.6,0.05,2,50,0.1,1.0,1.0,0.5,0.8
Preprocessed,N,0.3333333333333333,0.2702020202020202,0.2828282828282829,5.52,0.6,0.05,2,50,0.1,1.0,5.0,0.5,0.6
Preprocessed,N,0.35294117647058826,0.3002079002079002,0.31150788797847623,5.33,0.6,0.05,2,50,0.1,1.0,5.0,0.5,0.7
Preprocessed,N,0.45098039215686275,0.43333333333333335,0.4392156862745098,5.22,0.6,0.05,2,50,0.1,1.0,5.0,0.5,0.8
Preprocessed,N,0.39215686274509803,0.34261954261954264,0.3532346826464474,4.8,0.6,0.05,2,50,0.3,0.1,1.0,0.5,0.6
Preprocessed,N,0.45098039215686275,0.43333333333333335,0.4392156862745098,4.84,0.6,0.05,2,50,0.3,0.1,1.0,0.5,0.7
Preprocessed,N,0.5098039215686274,0.5029239766081871,0.5063639490884073,4.84,0.6,0.05,2,50,0.3,0.1,1.0,0.5,0.8
Preprocessed,N,0.3333333333333333,0.2702020202020202,0.2828282828282829,4.94,0.6,0.05,2,50,0.3,0.1,5.0,0.5,0.6
Preprocessed,N,0.4117647058823529,0.38306451612903225,0.39089184060721066,4.72,0.6,0.05,2,50,0.3,0.1,5.0,0.5,0.7
Preprocessed,N,0.5098039215686274,0.5029239766081871,0.5063639490884073,4.8,0.6,0.05,2,50,0.3,0.1,5.0,0.5,0.8
Preprocessed,N,0.37254901960784315,0.31313131313131315,0.3250148544266191,4.99,0.6,0.05,2,50,0.3,1.0,1.0,0.5,0.6
Preprocessed,N,0.4117647058823529,0.37088815789473684,0.3803212074303406,4.85,0.6,0.05,2,50,0.3,1.0,1.0,0.5,0.7
Preprocessed,N,0.47058823529411764,0.4572329523058731,0.46224118342646475,4.87,0.6,0.05,2,50,0.3,1.0,1.0,0.5,0.8
Preprocessed,N,0.35294117647058826,0.2823027718550107,0.29554747272043147,4.85,0.6,0.05,2,50,0.3,1.0,5.0,0.5,0.6
Preprocessed,N,0.3333333333333333,0.2702020202020202,0.2828282828282829,4.9,0.6,0.05,2,50,0.3,1.0,5.0,0.5,0.7
Preprocessed,N,0.43137254901960786,0.40863654538184724,0.41545734647317545,4.94,0.6,0.05,2,50,0.3,1.0,5.0,0.5,0.8
Preprocessed,N,0.43137254901960786,0.40863654538184724,0.41545734647317545,19.17,0.6,0.05,2,100,0.1,0.1,1.0,0.5,0.6
Preprocessed,N,0.49019607843137253,0.48524844720496896,0.48821702594081107,19.12,0.6,0.05,2,100,0.1,0.1,1.0,0.5,0.7
Preprocessed,N,0.5098039215686274,0.5067698259187621,0.5090453976561611,18.9,0.6,0.05,2,100,0.1,0.1,1.0,0.5,0.8
Preprocessed,N,0.39215686274509803,0.3565323565323565,0.3654384830855419,19.08,0.6,0.05,2,100,0.1,0.1,5.0,0.5,0.6
Preprocessed,N,0.47058823529411764,0.4572329523058731,0.46224118342646475,19.3,0.6,0.05,2,100,0.1,0.1,5.0,0.5,0.7
Preprocessed,N,0.49019607843137253,0.48524844720496896,0.48821702594081107,19.22,0.6,0.05,2,100,0.1,0.1,5.0,0.5,0.8
Preprocessed,N,0.39215686274509803,0.3565323565323565,0.3654384830855419,19.07,0.6,0.05,2,100,0.1,1.0,1.0,0.5,0.6
Preprocessed,N,0.47058823529411764,0.4572329523058731,0.46224118342646475,19.08,0.6,0.05,2,100,0.1,1.0,1.0,0.5,0.7
Preprocessed,N,0.49019607843137253,0.48524844720496896,0.48821702594081107,19.2,0.6,0.05,2,100,0.1,1.0,1.0,0.5,0.8
Preprocessed,N,0.39215686274509803,0.3565323565323565,0.3654384830855419,19.04,0.6,0.05,2,100,0.1,1.0,5.0,0.5,0.6
Preprocessed,N,0.43137254901960786,0.40863654538184724,0.41545734647317545,19.21,0.6,0.05,2,100,0.1,1.0,5.0,0.5,0.7
Preprocessed,N,0.5098039215686274,0.5067698259187621,0.5090453976561611,19.2,0.6,0.05,2,100,0.1,1.0,5.0,0.5,0.8
Preprocessed,N,0.43137254901960786,0.40863654538184724,0.41545734647317545,17.19,0.6,0.05,2,100,0.3,0.1,1.0,0.5,0.6
Preprocessed,N,0.47058823529411764,0.4631578947368421,0.46687306501547987,17.53,0.6,0.05,2,100,0.3,0.1,1.0,0.5,0.7
Preprocessed,N,0.5098039215686274,0.5029239766081871,0.5063639490884073,17.22,0.6,0.05,2,100,0.3,0.1,1.0,0.5,0.8
Preprocessed,N,0.39215686274509803,0.3565323565323565,0.3654384830855419,17.62,0.6,0.05,2,100,0.3,0.1,5.0,0.5,0.6
Preprocessed,N,0.47058823529411764,0.4572329523058731,0.46224118342646475,17.55,0.6,0.05,2,100,0.3,0.1,5.0,0.5,0.7
Preprocessed,N,0.5098039215686274,0.5067698259187621,0.5090453976561611,17.48,0.6,0.05,2,100,0.3,0.1,5.0,0.5,0.8
Preprocessed,N,0.39215686274509803,0.3565323565323565,0.3654384830855419,17.18,0.6,0.05,2,100,0.3,1.0,1.0,0.5,0.6
Preprocessed,N,0.47058823529411764,0.4572329523058731,0.46224118342646475,17.11,0.6,0.05,2,100,0.3,1.0,1.0,0.5,0.7
Preprocessed,N,0.5098039215686274,0.5029239766081871,0.5063639490884073,17.22,0.6,0.05,2,100,0.3,1.0,1.0,0.5,0.8
Preprocessed,N,0.39215686274509803,0.3565323565323565,0.3654384830855419,17.26,0.6,0.05,2,100,0.3,1.0,5.0,0.5,0.6
Preprocessed,N,0.43137254901960786,0.40863654538184724,0.41545734647317545,17.23,0.6,0.05,2,100,0.3,1.0,5.0,0.5,0.7
Preprocessed,N,0.5098039215686274,0.5067698259187621,0.5090453976561611,17.26,0.6,0.05,2,100,0.3,1.0,5.0,0.5,0.8
Preprocessed,N,0.5098039215686274,0.5029239766081871,0.5063639490884073,41.51,0.6,0.05,2,150,0.1,0.1,1.0,0.5,0.6
Preprocessed,N,0.47058823529411764,0.4631578947368421,0.46687306501547987,41.67,0.6,0.05,2,150,0.1,0.1,1.0,0.5,0.7
Preprocessed,N,0.5490196078431373,0.5483249903735079,0.5493669165779519,42.05,0.6,0.05,2,150,0.1,0.1,1.0,0.5,0.8
Preprocessed,N,0.4117647058823529,0.38306451612903225,0.39089184060721066,41.48,0.6,0.05,2,150,0.1,0.1,5.0,0.5,0.6
Preprocessed,N,0.47058823529411764,0.4572329523058731,0.46224118342646475,41.73,0.6,0.05,2,150,0.1,0.1,5.0,0.5,0.7
Preprocessed,N,0.49019607843137253,0.48524844720496896,0.48821702594081107,41.91,0.6,0.05,2,150,0.1,0.1,5.0,0.5,0.8
Preprocessed,N,0.4117647058823529,0.38306451612903225,0.39089184060721066,42.07,0.6,0.05,2,150,0.1,1.0,1.0,0.5,0.6
Preprocessed,N,0.47058823529411764,0.4572329523058731,0.46224118342646475,41.68,0.6,0.05,2,150,0.1,1.0,1.0,0.5,0.7
Preprocessed,N,0.47058823529411764,0.4631578947368421,0.46687306501547987,41.86,0.6,0.05,2,150,0.1,1.0,1.0,0.5,0.8
Preprocessed,N,0.39215686274509803,0.3565323565323565,0.3654384830855419,41.75,0.6,0.05,2,150,0.1,1.0,5.0,0.5,0.6
Preprocessed,N,0.45098039215686275,0.43333333333333335,0.4392156862745098,42.24,0.6,0.05,2,150,0.1,1.0,5.0,0.5,0.7
Preprocessed,N,0.49019607843137253,0.48524844720496896,0.48821702594081107,41.59,0.6,0.05,2,150,0.1,1.0,5.0,0.5,0.8
Preprocessed,N,0.47058823529411764,0.4572329523058731,0.46224118342646475,37.38,0.6,0.05,2,150,0.3,0.1,1.0,0.5,0.6
Preprocessed,N,0.45098039215686275,0.44043887147335425,0.44495666605200074,37.49,0.6,0.05,2,150,0.3,0.1,1.0,0.5,0.7
Preprocessed,N,0.5098039215686274,0.5029239766081871,0.5063639490884073,38.14,0.6,0.05,2,150,0.3,0.1,1.0,0.5,0.8
Preprocessed,N,0.39215686274509803,0.3565323565323565,0.3654384830855419,37.56,0.6,0.05,2,150,0.3,0.1,5.0,0.5,0.6
Preprocessed,N,0.47058823529411764,0.4572329523058731,0.46224118342646475,37.41,0.6,0.05,2,150,0.3,0.1,5.0,0.5,0.7
Preprocessed,N,0.5098039215686274,0.5067698259187621,0.5090453976561611,37.97,0.6,0.05,2,150,0.3,0.1,5.0,0.5,0.8
Preprocessed,N,0.39215686274509803,0.3565323565323565,0.3654384830855419,38.29,0.6,0.05,2,150,0.3,1.0,1.0,0.5,0.6
Preprocessed,N,0.47058823529411764,0.4572329523058731,0.46224118342646475,37.51,0.6,0.05,2,150,0.3,1.0,1.0,0.5,0.7
Preprocessed,N,0.47058823529411764,0.4631578947368421,0.46687306501547987,37.5,0.6,0.05,2,150,0.3,1.0,1.0,0.5,0.8
Preprocessed,N,0.39215686274509803,0.3565323565323565,0.3654384830855419,37.5,0.6,0.05,2,150,0.3,1.0,5.0,0.5,0.6
Preprocessed,N,0.45098039215686275,0.43333333333333335,0.4392156862745098,37.64,0.6,0.05,2,150,0.3,1.0,5.0,0.5,0.7
Preprocessed,N,0.47058823529411764,0.4631578947368421,0.46687306501547987,38.03,0.6,0.05,2,150,0.3,1.0,5.0,0.5,0.8
Preprocessed,N,0.39215686274509803,0.34261954261954264,0.3532346826464474,5.29,0.6,0.05,3,50,0.1,0.1,1.0,0.5,0.6
Preprocessed,N,0.47058823529411764,0.4494202319072371,0.4557706329233013,5.34,0.6,0.05,3,50,0.1,0.1,1.0,0.5,0.7
Preprocessed,N,0.5098039215686274,0.5029239766081871,0.5063639490884073,5.31,0.6,0.05,3,50,0.1,0.1,1.0,0.5,0.8
Preprocessed,N,0.35294117647058826,0.3002079002079002,0.31150788797847623,5.32,0.6,0.05,3,50,0.1,0.1,5.0,0.5,0.6
Preprocessed,N,0.4117647058823529,0.38306451612903225,0.39089184060721066,5.29,0.6,0.05,3,50,0.1,0.1,5.0,0.5,0.7
Preprocessed,N,0.5294117647058824,0.5248447204968945,0.5275849470222872,5.6,0.6,0.05,3,50,0.1,0.1,5.0,0.5,0.8
Preprocessed,N,0.37254901960784315,0.31313131313131315,0.3250148544266191,5.31,0.6,0.05,3,50,0.1,1.0,1.0,0.5,0.6
Preprocessed,N,0.4117647058823529,0.37088815789473684,0.3803212074303406,5.4,0.6,0.05,3,50,0.1,1.0,1.0,0.5,0.7
Preprocessed,N,0.47058823529411764,0.4572329523058731,0.46224118342646475,5.45,0.6,0.05,3,50,0.1,1.0,1.0,0.5,0.8
Preprocessed,N,0.3333333333333333,0.2702020202020202,0.2828282828282829,5.26,0.6,0.05,3,50,0.1,1.0,5.0,0.5,0.6
Preprocessed,N,0.35294117647058826,0.3002079002079002,0.31150788797847623,5.31,0.6,0.05,3,50,0.1,1.0,5.0,0.5,0.7
Preprocessed,N,0.45098039215686275,0.43333333333333335,0.4392156862745098,5.46,0.6,0.05,3,50,0.1,1.0,5.0,0.5,0.8
Preprocessed,N,0.39215686274509803,0.34261954261954264,0.3532346826464474,4.94,0.6,0.05,3,50,0.3,0.1,1.0,0.5,0.6
Preprocessed,N,0.45098039215686275,0.43333333333333335,0.4392156862745098,5.09,0.6,0.05,3,50,0.3,0.1,1.0,0.5,0.7
Preprocessed,N,0.5098039215686274,0.5029239766081871,0.5063639490884073,4.98,0.6,0.05,3,50,0.3,0.1,1.0,0.5,0.8
Preprocessed,N,0.3333333333333333,0.2702020202020202,0.2828282828282829,5.0,0.6,0.05,3,50,0.3,0.1,5.0,0.5,0.6
Preprocessed,N,0.4117647058823529,0.38306451612903225,0.39089184060721066,4.97,0.6,0.05,3,50,0.3,0.1,5.0,0.5,0.7
Preprocessed,N,0.5294117647058824,0.5248447204968945,0.5275849470222872,5.14,0.6,0.05,3,50,0.3,0.1,5.0,0.5,0.8
Preprocessed,N,0.37254901960784315,0.31313131313131315,0.3250148544266191,4.88,0.6,0.05,3,50,0.3,1.0,1.0,0.5,0.6
Preprocessed,N,0.4117647058823529,0.37088815789473684,0.3803212074303406,5.0,0.6,0.05,3,50,0.3,1.0,1.0,0.5,0.7
Preprocessed,N,0.49019607843137253,0.4804075235109718,0.4846026184768578,5.0,0.6,0.05,3,50,0.3,1.0,1.0,0.5,0.8
Preprocessed,N,0.35294117647058826,0.2823027718550107,0.29554747272043147,4.89,0.6,0.05,3,50,0.3,1.0,5.0,0.5,0.6
Preprocessed,N,0.3333333333333333,0.2702020202020202,0.2828282828282829,5.0,0.6,0.05,3,50,0.3,1.0,5.0,0.5,0.7
Preprocessed,N,0.43137254901960786,0.40863654538184724,0.41545734647317545,5.07,0.6,0.05,3,50,0.3,1.0,5.0,0.5,0.8
Preprocessed,N,0.43137254901960786,0.40863654538184724,0.41545734647317545,19.24,0.6,0.05,3,100,0.1,0.1,1.0,0.5,0.6
Preprocessed,N,0.49019607843137253,0.48524844720496896,0.48821702594081107,19.32,0.6,0.05,3,100,0.1,0.1,1.0,0.5,0.7
Preprocessed,N,0.49019607843137253,0.48524844720496896,0.48821702594081107,19.76,0.6,0.05,3,100,0.1,0.1,1.0,0.5,0.8
Preprocessed,N,0.39215686274509803,0.3565323565323565,0.3654384830855419,19.06,0.6,0.05,3,100,0.1,0.1,5.0,0.5,0.6
Preprocessed,N,0.47058823529411764,0.4572329523058731,0.46224118342646475,19.25,0.6,0.05,3,100,0.1,0.1,5.0,0.5,0.7
Preprocessed,N,0.49019607843137253,0.48524844720496896,0.48821702594081107,19.3,0.6,0.05,3,100,0.1,0.1,5.0,0.5,0.8
Preprocessed,N,0.39215686274509803,0.3565323565323565,0.3654384830855419,19.32,0.6,0.05,3,100,0.1,1.0,1.0,0.5,0.6
Preprocessed,N,0.47058823529411764,0.4572329523058731,0.46224118342646475,19.44,0.6,0.05,3,100,0.1,1.0,1.0,0.5,0.7
Preprocessed,N,0.49019607843137253,0.48524844720496896,0.48821702594081107,19.35,0.6,0.05,3,100,0.1,1.0,1.0,0.5,0.8
Preprocessed,N,0.39215686274509803,0.3565323565323565,0.3654384830855419,19.26,0.6,0.05,3,100,0.1,1.0,5.0,0.5,0.6
Preprocessed,N,0.43137254901960786,0.40863654538184724,0.41545734647317545,19.3,0.6,0.05,3,100,0.1,1.0,5.0,0.5,0.7
Preprocessed,N,0.49019607843137253,0.48524844720496896,0.48821702594081107,19.82,0.6,0.05,3,100,0.1,1.0,5.0,0.5,0.8
Preprocessed,N,0.43137254901960786,0.40863654538184724,0.41545734647317545,17.17,0.6,0.05,3,100,0.3,0.1,1.0,0.5,0.6
Preprocessed,N,0.47058823529411764,0.4631578947368421,0.46687306501547987,17.82,0.6,0.05,3,100,0.3,0.1,1.0,0.5,0.7
Preprocessed,N,0.5098039215686274,0.5029239766081871,0.5063639490884073,17.69,0.6,0.05,3,100,0.3,0.1,1.0,0.5,0.8
Preprocessed,N,0.39215686274509803,0.3565323565323565,0.3654384830855419,17.25,0.6,0.05,3,100,0.3,0.1,5.0,0.5,0.6
Preprocessed,N,0.47058823529411764,0.4572329523058731,0.46224118342646475,17.66,0.6,0.05,3,100,0.3,0.1,5.0,0.5,0.7
Preprocessed,N,0.5098039215686274,0.5067698259187621,0.5090453976561611,17.8,0.6,0.05,3,100,0.3,0.1,5.0,0.5,0.8
Preprocessed,N,0.39215686274509803,0.3565323565323565,0.3654384830855419,17.45,0.6,0.05,3,100,0.3,1.0,1.0,0.5,0.6
Preprocessed,N,0.47058823529411764,0.4572329523058731,0.46224118342646475,17.66,0.6,0.05,3,100,0.3,1.0,1.0,0.5,0.7
Preprocessed,N,0.5098039215686274,0.5029239766081871,0.5063639490884073,17.61,0.6,0.05,3,100,0.3,1.0,1.0,0.5,0.8
Preprocessed,N,0.39215686274509803,0.3565323565323565,0.3654384830855419,17.34,0.6,0.05,3,100,0.3,1.0,5.0,0.5,0.6
Preprocessed,N,0.43137254901960786,0.40863654538184724,0.41545734647317545,17.96,0.6,0.05,3,100,0.3,1.0,5.0,0.5,0.7
Preprocessed,N,0.5098039215686274,0.5067698259187621,0.5090453976561611,17.75,0.6,0.05,3,100,0.3,1.0,5.0,0.5,0.8
Preprocessed,N,0.5098039215686274,0.5029239766081871,0.5063639490884073,41.69,0.6,0.05,3,150,0.1,0.1,1.0,0.5,0.6
Preprocessed,N,0.47058823529411764,0.4631578947368421,0.46687306501547987,41.89,0.6,0.05,3,150,0.1,0.1,1.0,0.5,0.7
Preprocessed,N,0.5098039215686274,0.5067698259187621,0.5090453976561611,42.35,0.6,0.05,3,150,0.1,0.1,1.0,0.5,0.8
Preprocessed,N,0.4117647058823529,0.38306451612903225,0.39089184060721066,42.2,0.6,0.05,3,150,0.1,0.1,5.0,0.5,0.6
Preprocessed,N,0.47058823529411764,0.4572329523058731,0.46224118342646475,42.19,0.6,0.05,3,150,0.1,0.1,5.0,0.5,0.7
Preprocessed,N,0.49019607843137253,0.48524844720496896,0.48821702594081107,42.08,0.6,0.05,3,150,0.1,0.1,5.0,0.5,0.8
Preprocessed,N,0.4117647058823529,0.38306451612903225,0.39089184060721066,41.8,0.6,0.05,3,150,0.1,1.0,1.0,0.5,0.6
Preprocessed,N,0.47058823529411764,0.4572329523058731,0.46224118342646475,42.48,0.6,0.05,3,150,0.1,1.0,1.0,0.5,0.7
Preprocessed,N,0.47058823529411764,0.4631578947368421,0.46687306501547987,42.4,0.6,0.05,3,150,0.1,1.0,1.0,0.5,0.8
Preprocessed,N,0.39215686274509803,0.3565323565323565,0.3654384830855419,41.74,0.6,0.05,3,150,0.1,1.0,5.0,0.5,0.6
Preprocessed,N,0.45098039215686275,0.43333333333333335,0.4392156862745098,42.39,0.6,0.05,3,150,0.1,1.0,5.0,0.5,0.7
Preprocessed,N,0.49019607843137253,0.48524844720496896,0.48821702594081107,42.48,0.6,0.05,3,150,0.1,1.0,5.0,0.5,0.8
Preprocessed,N,0.47058823529411764,0.4572329523058731,0.46224118342646475,38.05,0.6,0.05,3,150,0.3,0.1,1.0,0.5,0.6
Preprocessed,N,0.45098039215686275,0.44043887147335425,0.44495666605200074,37.94,0.6,0.05,3,150,0.3,0.1,1.0,0.5,0.7
Preprocessed,N,0.5490196078431373,0.5426900584795321,0.5458548331613347,38.04,0.6,0.05,3,150,0.3,0.1,1.0,0.5,0.8
Preprocessed,N,0.39215686274509803,0.3565323565323565,0.3654384830855419,37.59,0.6,0.05,3,150,0.3,0.1,5.0,0.5,0.6
Preprocessed,N,0.47058823529411764,0.4572329523058731,0.46224118342646475,38.11,0.6,0.05,3,150,0.3,0.1,5.0,0.5,0.7
Preprocessed,N,0.5098039215686274,0.5067698259187621,0.5090453976561611,38.2,0.6,0.05,3,150,0.3,0.1,5.0,0.5,0.8
Preprocessed,N,0.39215686274509803,0.3565323565323565,0.3654384830855419,37.93,0.6,0.05,3,150,0.3,1.0,1.0,0.5,0.6
Preprocessed,N,0.47058823529411764,0.4572329523058731,0.46224118342646475,42.01,0.6,0.05,3,150,0.3,1.0,1.0,0.5,0.7
Preprocessed,N,0.47058823529411764,0.4631578947368421,0.46687306501547987,38.15,0.6,0.05,3,150,0.3,1.0,1.0,0.5,0.8
Preprocessed,N,0.39215686274509803,0.3565323565323565,0.3654384830855419,37.95,0.6,0.05,3,150,0.3,1.0,5.0,0.5,0.6
Preprocessed,N,0.45098039215686275,0.43333333333333335,0.4392156862745098,37.9,0.6,0.05,3,150,0.3,1.0,5.0,0.5,0.7
Preprocessed,N,0.47058823529411764,0.4631578947368421,0.46687306501547987,38.03,0.6,0.05,3,150,0.3,1.0,5.0,0.5,0.8
Preprocessed,N,0.39215686274509803,0.34261954261954264,0.3532346826464474,5.23,0.6,0.05,4,50,0.1,0.1,1.0,0.5,0.6
Preprocessed,N,0.47058823529411764,0.4494202319072371,0.4557706329233013,5.38,0.6,0.05,4,50,0.1,0.1,1.0,0.5,0.7
Preprocessed,N,0.5098039215686274,0.5029239766081871,0.5063639490884073,5.48,0.6,0.05,4,50,0.1,0.1,1.0,0.5,0.8
Preprocessed,N,0.35294117647058826,0.3002079002079002,0.31150788797847623,5.24,0.6,0.05,4,50,0.1,0.1,5.0,0.5,0.6
Preprocessed,N,0.4117647058823529,0.38306451612903225,0.39089184060721066,5.33,0.6,0.05,4,50,0.1,0.1,5.0,0.5,0.7
Preprocessed,N,0.5294117647058824,0.5248447204968945,0.5275849470222872,5.54,0.6,0.05,4,50,0.1,0.1,5.0,0.5,0.8
Preprocessed,N,0.37254901960784315,0.31313131313131315,0.3250148544266191,5.29,0.6,0.05,4,50,0.1,1.0,1.0,0.5,0.6
Preprocessed,N,0.4117647058823529,0.37088815789473684,0.3803212074303406,5.48,0.6,0.05,4,50,0.1,1.0,1.0,0.5,0.7
Preprocessed,N,0.47058823529411764,0.4572329523058731,0.46224118342646475,5.46,0.6,0.05,4,50,0.1,1.0,1.0,0.5,0.8
Preprocessed,N,0.3333333333333333,0.2702020202020202,0.2828282828282829,5.27,0.6,0.05,4,50,0.1,1.0,5.0,0.5,0.6
Preprocessed,N,0.35294117647058826,0.3002079002079002,0.31150788797847623,5.37,0.6,0.05,4,50,0.1,1.0,5.0,0.5,0.7
Preprocessed,N,0.45098039215686275,0.43333333333333335,0.4392156862745098,5.35,0.6,0.05,4,50,0.1,1.0,5.0,0.5,0.8
Preprocessed,N,0.39215686274509803,0.34261954261954264,0.3532346826464474,4.94,0.6,0.05,4,50,0.3,0.1,1.0,0.5,0.6
Preprocessed,N,0.45098039215686275,0.43333333333333335,0.4392156862745098,5.07,0.6,0.05,4,50,0.3,0.1,1.0,0.5,0.7
Preprocessed,N,0.5098039215686274,0.5029239766081871,0.5063639490884073,5.29,0.6,0.05,4,50,0.3,0.1,1.0,0.5,0.8
Preprocessed,N,0.3333333333333333,0.2702020202020202,0.2828282828282829,4.92,0.6,0.05,4,50,0.3,0.1,5.0,0.5,0.6
Preprocessed,N,0.4117647058823529,0.38306451612903225,0.39089184060721066,5.09,0.6,0.05,4,50,0.3,0.1,5.0,0.5,0.7
Preprocessed,N,0.5294117647058824,0.5248447204968945,0.5275849470222872,5.46,0.6,0.05,4,50,0.3,0.1,5.0,0.5,0.8
Preprocessed,N,0.37254901960784315,0.31313131313131315,0.3250148544266191,4.93,0.6,0.05,4,50,0.3,1.0,1.0,0.5,0.6
Preprocessed,N,0.4117647058823529,0.37088815789473684,0.3803212074303406,5.08,0.6,0.05,4,50,0.3,1.0,1.0,0.5,0.7
Preprocessed,N,0.49019607843137253,0.4804075235109718,0.4846026184768578,5.1,0.6,0.05,4,50,0.3,1.0,1.0,0.5,0.8
Preprocessed,N,0.35294117647058826,0.2823027718550107,0.29554747272043147,4.9,0.6,0.05,4,50,0.3,1.0,5.0,0.5,0.6
Preprocessed,N,0.3333333333333333,0.2702020202020202,0.2828282828282829,4.9,0.6,0.05,4,50,0.3,1.0,5.0,0.5,0.7
Preprocessed,N,0.43137254901960786,0.40863654538184724,0.41545734647317545,5.17,0.6,0.05,4,50,0.3,1.0,5.0,0.5,0.8
Preprocessed,N,0.43137254901960786,0.40863654538184724,0.41545734647317545,19.1,0.6,0.05,4,100,0.1,0.1,1.0,0.5,0.6
Preprocessed,N,0.49019607843137253,0.48524844720496896,0.48821702594081107,19.48,0.6,0.05,4,100,0.1,0.1,1.0,0.5,0.7
Preprocessed,N,0.49019607843137253,0.48524844720496896,0.48821702594081107,19.45,0.6,0.05,4,100,0.1,0.1,1.0,0.5,0.8
Preprocessed,N,0.39215686274509803,0.3565323565323565,0.3654384830855419,19.19,0.6,0.05,4,100,0.1,0.1,5.0,0.5,0.6
Preprocessed,N,0.47058823529411764,0.4572329523058731,0.46224118342646475,19.44,0.6,0.05,4,100,0.1,0.1,5.0,0.5,0.7
Preprocessed,N,0.49019607843137253,0.48524844720496896,0.48821702594081107,19.42,0.6,0.05,4,100,0.1,0.1,5.0,0.5,0.8
Preprocessed,N,0.39215686274509803,0.3565323565323565,0.3654384830855419,19.12,0.6,0.05,4,100,0.1,1.0,1.0,0.5,0.6
Preprocessed,N,0.47058823529411764,0.4572329523058731,0.46224118342646475,19.75,0.6,0.05,4,100,0.1,1.0,1.0,0.5,0.7
Preprocessed,N,0.49019607843137253,0.48524844720496896,0.48821702594081107,19.56,0.6,0.05,4,100,0.1,1.0,1.0,0.5,0.8
Preprocessed,N,0.39215686274509803,0.3565323565323565,0.3654384830855419,19.08,0.6,0.05,4,100,0.1,1.0,5.0,0.5,0.6
Preprocessed,N,0.43137254901960786,0.40863654538184724,0.41545734647317545,19.36,0.6,0.05,4,100,0.1,1.0,5.0,0.5,0.7
Preprocessed,N,0.49019607843137253,0.48524844720496896,0.48821702594081107,19.72,0.6,0.05,4,100,0.1,1.0,5.0,0.5,0.8
Preprocessed,N,0.43137254901960786,0.40863654538184724,0.41545734647317545,17.52,0.6,0.05,4,100,0.3,0.1,1.0,0.5,0.6
Preprocessed,N,0.47058823529411764,0.4631578947368421,0.46687306501547987,17.48,0.6,0.05,4,100,0.3,0.1,1.0,0.5,0.7
Preprocessed,N,0.5098039215686274,0.5029239766081871,0.5063639490884073,17.9,0.6,0.05,4,100,0.3,0.1,1.0,0.5,0.8
Preprocessed,N,0.39215686274509803,0.3565323565323565,0.3654384830855419,17.43,0.6,0.05,4,100,0.3,0.1,5.0,0.5,0.6
Preprocessed,N,0.47058823529411764,0.4572329523058731,0.46224118342646475,17.69,0.6,0.05,4,100,0.3,0.1,5.0,0.5,0.7
Preprocessed,N,0.5098039215686274,0.5067698259187621,0.5090453976561611,18.3,0.6,0.05,4,100,0.3,0.1,5.0,0.5,0.8
Preprocessed,N,0.39215686274509803,0.3565323565323565,0.3654384830855419,17.64,0.6,0.05,4,100,0.3,1.0,1.0,0.5,0.6
Preprocessed,N,0.47058823529411764,0.4572329523058731,0.46224118342646475,17.77,0.6,0.05,4,100,0.3,1.0,1.0,0.5,0.7
Preprocessed,N,0.5098039215686274,0.5029239766081871,0.5063639490884073,17.82,0.6,0.05,4,100,0.3,1.0,1.0,0.5,0.8
Preprocessed,N,0.39215686274509803,0.3565323565323565,0.3654384830855419,17.46,0.6,0.05,4,100,0.3,1.0,5.0,0.5,0.6
Preprocessed,N,0.43137254901960786,0.40863654538184724,0.41545734647317545,17.6,0.6,0.05,4,100,0.3,1.0,5.0,0.5,0.7
Preprocessed,N,0.5098039215686274,0.5067698259187621,0.5090453976561611,17.71,0.6,0.05,4,100,0.3,1.0,5.0,0.5,0.8
Preprocessed,N,0.5098039215686274,0.5029239766081871,0.5063639490884073,42.04,0.6,0.05,4,150,0.1,0.1,1.0,0.5,0.6
Preprocessed,N,0.47058823529411764,0.4631578947368421,0.46687306501547987,42.59,0.6,0.05,4,150,0.1,0.1,1.0,0.5,0.7
Preprocessed,N,0.5098039215686274,0.5067698259187621,0.5090453976561611,42.15,0.6,0.05,4,150,0.1,0.1,1.0,0.5,0.8
Preprocessed,N,0.4117647058823529,0.38306451612903225,0.39089184060721066,41.75,0.6,0.05,4,150,0.1,0.1,5.0,0.5,0.6
Preprocessed,N,0.47058823529411764,0.4572329523058731,0.46224118342646475,41.73,0.6,0.05,4,150,0.1,0.1,5.0,0.5,0.7
Preprocessed,N,0.49019607843137253,0.48524844720496896,0.48821702594081107,42.66,0.6,0.05,4,150,0.1,0.1,5.0,0.5,0.8
Preprocessed,N,0.4117647058823529,0.38306451612903225,0.39089184060721066,41.73,0.6,0.05,4,150,0.1,1.0,1.0,0.5,0.6
Preprocessed,N,0.47058823529411764,0.4572329523058731,0.46224118342646475,41.9,0.6,0.05,4,150,0.1,1.0,1.0,0.5,0.7
Preprocessed,N,0.47058823529411764,0.4631578947368421,0.46687306501547987,42.31,0.6,0.05,4,150,0.1,1.0,1.0,0.5,0.8
Preprocessed,N,0.39215686274509803,0.3565323565323565,0.3654384830855419,41.89,0.6,0.05,4,150,0.1,1.0,5.0,0.5,0.6
Preprocessed,N,0.45098039215686275,0.43333333333333335,0.4392156862745098,42.65,0.6,0.05,4,150,0.1,1.0,5.0,0.5,0.7
Preprocessed,N,0.49019607843137253,0.48524844720496896,0.48821702594081107,42.1,0.6,0.05,4,150,0.1,1.0,5.0,0.5,0.8
Preprocessed,N,0.47058823529411764,0.4572329523058731,0.46224118342646475,37.68,0.6,0.05,4,150,0.3,0.1,1.0,0.5,0.6
Preprocessed,N,0.45098039215686275,0.44043887147335425,0.44495666605200074,38.04,0.6,0.05,4,150,0.3,0.1,1.0,0.5,0.7
Preprocessed,N,0.5490196078431373,0.5426900584795321,0.5458548331613347,38.43,0.6,0.05,4,150,0.3,0.1,1.0,0.5,0.8
Preprocessed,N,0.39215686274509803,0.3565323565323565,0.3654384830855419,37.8,0.6,0.05,4,150,0.3,0.1,5.0,0.5,0.6
Preprocessed,N,0.47058823529411764,0.4572329523058731,0.46224118342646475,37.98,0.6,0.05,4,150,0.3,0.1,5.0,0.5,0.7
Preprocessed,N,0.5098039215686274,0.5067698259187621,0.5090453976561611,38.3,0.6,0.05,4,150,0.3,0.1,5.0,0.5,0.8
Preprocessed,N,0.39215686274509803,0.3565323565323565,0.3654384830855419,38.18,0.6,0.05,4,150,0.3,1.0,1.0,0.5,0.6
Preprocessed,N,0.47058823529411764,0.4572329523058731,0.46224118342646475,38.79,0.6,0.05,4,150,0.3,1.0,1.0,0.5,0.7
Preprocessed,N,0.47058823529411764,0.4631578947368421,0.46687306501547987,38.43,0.6,0.05,4,150,0.3,1.0,1.0,0.5,0.8
Preprocessed,N,0.39215686274509803,0.3565323565323565,0.3654384830855419,38.0,0.6,0.05,4,150,0.3,1.0,5.0,0.5,0.6
Preprocessed,N,0.45098039215686275,0.43333333333333335,0.4392156862745098,38.14,0.6,0.05,4,150,0.3,1.0,5.0,0.5,0.7
Preprocessed,N,0.47058823529411764,0.4631578947368421,0.46687306501547987,38.25,0.6,0.05,4,150,0.3,1.0,5.0,0.5,0.8
Preprocessed,N,0.49019607843137253,0.4738095238095238,0.4792717086834734,5.8,0.6,0.1,2,50,0.1,0.1,1.0,0.5,0.6
Preprocessed,N,0.5294117647058824,0.5248447204968945,0.5275849470222872,5.56,0.6,0.1,2,50,0.1,0.1,1.0,0.5,0.7
Preprocessed,N,0.5294117647058824,0.5248447204968945,0.5275849470222872,5.38,0.6,0.1,2,50,0.1,0.1,1.0,0.5,0.8
Preprocessed,N,0.39215686274509803,0.34261954261954264,0.3532346826464474,5.15,0.6,0.1,2,50,0.1,0.1,5.0,0.5,0.6
Preprocessed,N,0.47058823529411764,0.4572329523058731,0.46224118342646475,5.22,0.6,0.1,2,50,0.1,0.1,5.0,0.5,0.7
Preprocessed,N,0.49019607843137253,0.48524844720496896,0.48821702594081107,5.31,0.6,0.1,2,50,0.1,0.1,5.0,0.5,0.8
Preprocessed,N,0.43137254901960786,0.398046398046398,0.40637793578970044,5.24,0.6,0.1,2,50,0.1,1.0,1.0,0.5,0.6
Preprocessed,N,0.47058823529411764,0.4631578947368421,0.46687306501547987,5.21,0.6,0.1,2,50,0.1,1.0,1.0,0.5,0.7
Preprocessed,N,0.5098039215686274,0.5029239766081871,0.5063639490884073,5.36,0.6,0.1,2,50,0.1,1.0,1.0,0.5,0.8
Preprocessed,N,0.39215686274509803,0.34261954261954264,0.3532346826464474,5.46,0.6,0.1,2,50,0.1,1.0,5.0,0.5,0.6
Preprocessed,N,0.4117647058823529,0.38306451612903225,0.39089184060721066,5.3,0.6,0.1,2,50,0.1,1.0,5.0,0.5,0.7
Preprocessed,N,0.49019607843137253,0.4804075235109718,0.4846026184768578,5.45,0.6,0.1,2,50,0.1,1.0,5.0,0.5,0.8
Preprocessed,N,0.47058823529411764,0.4572329523058731,0.46224118342646475,4.79,0.6,0.1,2,50,0.3,0.1,1.0,0.5,0.6
Preprocessed,N,0.49019607843137253,0.4804075235109718,0.4846026184768578,4.96,0.6,0.1,2,50,0.3,0.1,1.0,0.5,0.7
Preprocessed,N,0.5098039215686274,0.5029239766081871,0.5063639490884073,5.08,0.6,0.1,2,50,0.3,0.1,1.0,0.5,0.8
Preprocessed,N,0.39215686274509803,0.34261954261954264,0.3532346826464474,4.95,0.6,0.1,2,50,0.3,0.1,5.0,0.5,0.6
Preprocessed,N,0.47058823529411764,0.4572329523058731,0.46224118342646475,5.01,0.6,0.1,2,50,0.3,0.1,5.0,0.5,0.7
Preprocessed,N,0.5098039215686274,0.5029239766081871,0.5063639490884073,4.87,0.6,0.1,2,50,0.3,0.1,5.0,0.5,0.8
Preprocessed,N,0.4117647058823529,0.37088815789473684,0.3803212074303406,4.93,0.6,0.1,2,50,0.3,1.0,1.0,0.5,0.6
Preprocessed,N,0.49019607843137253,0.4738095238095238,0.4792717086834734,4.9,0.6,0.1,2,50,0.3,1.0,1.0,0.5,0.7
Preprocessed,N,0.5098039215686274,0.5029239766081871,0.5063639490884073,4.92,0.6,0.1,2,50,0.3,1.0,1.0,0.5,0.8
Preprocessed,N,0.35294117647058826,0.3002079002079002,0.31150788797847623,4.87,0.6,0.1,2,50,0.3,1.0,5.0,0.5,0.6
Preprocessed,N,0.43137254901960786,0.398046398046398,0.40637793578970044,4.99,0.6,0.1,2,50,0.3,1.0,5.0,0.5,0.7
Preprocessed,N,0.5098039215686274,0.5029239766081871,0.5063639490884073,4.87,0.6,0.1,2,50,0.3,1.0,5.0,0.5,0.8
Preprocessed,N,0.47058823529411764,0.4572329523058731,0.46224118342646475,19.08,0.6,0.1,2,100,0.1,0.1,1.0,0.5,0.6
Preprocessed,N,0.49019607843137253,0.48524844720496896,0.48821702594081107,19.23,0.6,0.1,2,100,0.1,0.1,1.0,0.5,0.7
Preprocessed,N,0.5294117647058824,0.5277777777777778,0.5294117647058824,19.24,0.6,0.1,2,100,0.1,0.1,1.0,0.5,0.8
Preprocessed,N,0.45098039215686275,0.43333333333333335,0.4392156862745098,19.63,0.6,0.1,2,100,0.1,0.1,5.0,0.5,0.6
Preprocessed,N,0.45098039215686275,0.44043887147335425,0.44495666605200074,19.18,0.6,0.1,2,100,0.1,0.1,5.0,0.5,0.7
Preprocessed,N,0.5098039215686274,0.5067698259187621,0.5090453976561611,19.19,0.6,0.1,2,100,0.1,0.1,5.0,0.5,0.8
Preprocessed,N,0.49019607843137253,0.4804075235109718,0.4846026184768578,19.13,0.6,0.1,2,100,0.1,1.0,1.0,0.5,0.6
Preprocessed,N,0.5098039215686274,0.5067698259187621,0.5090453976561611,19.07,0.6,0.1,2,100,0.1,1.0,1.0,0.5,0.7
Preprocessed,N,0.5098039215686274,0.5067698259187621,0.5090453976561611,19.47,0.6,0.1,2,100,0.1,1.0,1.0,0.5,0.8
Preprocessed,N,0.39215686274509803,0.3565323565323565,0.3654384830855419,19.12,0.6,0.1,2,100,0.1,1.0,5.0,0.5,0.6
Preprocessed,N,0.45098039215686275,0.44043887147335425,0.44495666605200074,19.65,0.6,0.1,2,100,0.1,1.0,5.0,0.5,0.7
Preprocessed,N,0.49019607843137253,0.48524844720496896,0.48821702594081107,19.32,0.6,0.1,2,100,0.1,1.0,5.0,0.5,0.8
Preprocessed,N,0.49019607843137253,0.4804075235109718,0.4846026184768578,17.27,0.6,0.1,2,100,0.3,0.1,1.0,0.5,0.6
Preprocessed,N,0.47058823529411764,0.4631578947368421,0.46687306501547987,17.74,0.6,0.1,2,100,0.3,0.1,1.0,0.5,0.7
Preprocessed,N,0.5686274509803921,0.5684615384615385,0.5689592760180996,17.46,0.6,0.1,2,100,0.3,0.1,1.0,0.5,0.8
Preprocessed,N,0.45098039215686275,0.43333333333333335,0.4392156862745098,17.53,0.6,0.1,2,100,0.3,0.1,5.0,0.5,0.6
Preprocessed,N,0.45098039215686275,0.44043887147335425,0.44495666605200074,17.33,0.6,0.1,2,100,0.3,0.1,5.0,0.5,0.7
Preprocessed,N,0.5098039215686274,0.5067698259187621,0.5090453976561611,17.33,0.6,0.1,2,100,0.3,0.1,5.0,0.5,0.8
Preprocessed,N,0.5098039215686274,0.4974379188017344,0.5020751698393193,17.38,0.6,0.1,2,100,0.3,1.0,1.0,0.5,0.6
Preprocessed,N,0.47058823529411764,0.4631578947368421,0.46687306501547987,17.42,0.6,0.1,2,100,0.3,1.0,1.0,0.5,0.7
Preprocessed,N,0.5098039215686274,0.5090489025798999,0.5101814310629912,17.59,0.6,0.1,2,100,0.3,1.0,1.0,0.5,0.8
Preprocessed,N,0.37254901960784315,0.32894736842105265,0.3390092879256966,17.37,0.6,0.1,2,100,0.3,1.0,5.0,0.5,0.6
Preprocessed,N,0.45098039215686275,0.44043887147335425,0.44495666605200074,17.59,0.6,0.1,2,100,0.3,1.0,5.0,0.5,0.7
Preprocessed,N,0.49019607843137253,0.48524844720496896,0.48821702594081107,17.61,0.6,0.1,2,100,0.3,1.0,5.0,0.5,0.8
Preprocessed,N,0.49019607843137253,0.4804075235109718,0.4846026184768578,41.94,0.6,0.1,2,150,0.1,0.1,1.0,0.5,0.6
Preprocessed,N,0.47058823529411764,0.4572329523058731,0.46224118342646475,41.96,0.6,0.1,2,150,0.1,0.1,1.0,0.5,0.7
Preprocessed,N,0.5686274509803921,0.5671296296296295,0.5686274509803921,42.09,0.6,0.1,2,150,0.1,0.1,1.0,0.5,0.8
Preprocessed,N,0.49019607843137253,0.4804075235109718,0.4846026184768578,41.74,0.6,0.1,2,150,0.1,0.1,5.0,0.5,0.6
Preprocessed,N,0.45098039215686275,0.44043887147335425,0.44495666605200074,41.98,0.6,0.1,2,150,0.1,0.1,5.0,0.5,0.7
Preprocessed,N,0.5490196078431373,0.5462282398452611,0.5483217658436682,41.7,0.6,0.1,2,150,0.1,0.1,5.0,0.5,0.8
Preprocessed,N,0.5294117647058824,0.5248447204968945,0.5275849470222872,41.68,0.6,0.1,2,150,0.1,1.0,1.0,0.5,0.6
Preprocessed,N,0.45098039215686275,0.44043887147335425,0.44495666605200074,41.8,0.6,0.1,2,150,0.1,1.0,1.0,0.5,0.7
Preprocessed,N,0.5490196078431373,0.5462282398452611,0.5483217658436682,42.4,0.6,0.1,2,150,0.1,1.0,1.0,0.5,0.8
Preprocessed,N,0.47058823529411764,0.4572329523058731,0.46224118342646475,41.82,0.6,0.1,2,150,0.1,1.0,5.0,0.5,0.6
Preprocessed,N,0.47058823529411764,0.4572329523058731,0.46224118342646475,41.86,0.6,0.1,2,150,0.1,1.0,5.0,0.5,0.7
Preprocessed,N,0.5098039215686274,0.5029239766081871,0.5063639490884073,41.74,0.6,0.1,2,150,0.1,1.0,5.0,0.5,0.8
Preprocessed,N,0.49019607843137253,0.4804075235109718,0.4846026184768578,37.91,0.6,0.1,2,150,0.3,0.1,1.0,0.5,0.6
Preprocessed,N,0.47058823529411764,0.4572329523058731,0.46224118342646475,37.91,0.6,0.1,2,150,0.3,0.1,1.0,0.5,0.7
Preprocessed,N,0.6078431372549019,0.6076923076923078,0.6081447963800904,38.03,0.6,0.1,2,150,0.3,0.1,1.0,0.5,0.8
Preprocessed,N,0.5098039215686274,0.5029239766081871,0.5063639490884073,37.85,0.6,0.1,2,150,0.3,0.1,5.0,0.5,0.6
Preprocessed,N,0.45098039215686275,0.44043887147335425,0.44495666605200074,37.62,0.6,0.1,2,150,0.3,0.1,5.0,0.5,0.7
Preprocessed,N,0.5098039215686274,0.5067698259187621,0.5090453976561611,38.0,0.6,0.1,2,150,0.3,0.1,5.0,0.5,0.8
Preprocessed,N,0.5098039215686274,0.5029239766081871,0.5063639490884073,37.37,0.6,0.1,2,150,0.3,1.0,1.0,0.5,0.6
Preprocessed,N,0.43137254901960786,0.4170279858100118,0.42240719701361035,37.59,0.6,0.1,2,150,0.3,1.0,1.0,0.5,0.7
Preprocessed,N,0.5098039215686274,0.5067698259187621,0.5090453976561611,37.43,0.6,0.1,2,150,0.3,1.0,1.0,0.5,0.8
Preprocessed,N,0.45098039215686275,0.43333333333333335,0.4392156862745098,37.62,0.6,0.1,2,150,0.3,1.0,5.0,0.5,0.6
Preprocessed,N,0.47058823529411764,0.4572329523058731,0.46224118342646475,38.09,0.6,0.1,2,150,0.3,1.0,5.0,0.5,0.7
Preprocessed,N,0.47058823529411764,0.4631578947368421,0.46687306501547987,38.05,0.6,0.1,2,150,0.3,1.0,5.0,0.5,0.8
Preprocessed,N,0.49019607843137253,0.4738095238095238,0.4792717086834734,5.24,0.6,0.1,3,50,0.1,0.1,1.0,0.5,0.6
Preprocessed,N,0.5294117647058824,0.5248447204968945,0.5275849470222872,5.26,0.6,0.1,3,50,0.1,0.1,1.0,0.5,0.7
Preprocessed,N,0.5098039215686274,0.5029239766081871,0.5063639490884073,5.3,0.6,0.1,3,50,0.1,0.1,1.0,0.5,0.8
Preprocessed,N,0.39215686274509803,0.34261954261954264,0.3532346826464474,5.26,0.6,0.1,3,50,0.1,0.1,5.0,0.5,0.6
Preprocessed,N,0.47058823529411764,0.4572329523058731,0.46224118342646475,5.35,0.6,0.1,3,50,0.1,0.1,5.0,0.5,0.7
Preprocessed,N,0.49019607843137253,0.48524844720496896,0.48821702594081107,5.52,0.6,0.1,3,50,0.1,0.1,5.0,0.5,0.8
Preprocessed,N,0.43137254901960786,0.398046398046398,0.40637793578970044,5.21,0.6,0.1,3,50,0.1,1.0,1.0,0.5,0.6
Preprocessed,N,0.47058823529411764,0.4631578947368421,0.46687306501547987,5.54,0.6,0.1,3,50,0.1,1.0,1.0,0.5,0.7
Preprocessed,N,0.5098039215686274,0.5029239766081871,0.5063639490884073,5.35,0.6,0.1,3,50,0.1,1.0,1.0,0.5,0.8
Preprocessed,N,0.39215686274509803,0.34261954261954264,0.3532346826464474,5.34,0.6,0.1,3,50,0.1,1.0,5.0,0.5,0.6
Preprocessed,N,0.4117647058823529,0.38306451612903225,0.39089184060721066,5.28,0.6,0.1,3,50,0.1,1.0,5.0,0.5,0.7
Preprocessed,N,0.5098039215686274,0.5029239766081871,0.5063639490884073,5.47,0.6,0.1,3,50,0.1,1.0,5.0,0.5,0.8
Preprocessed,N,0.47058823529411764,0.4572329523058731,0.46224118342646475,4.85,0.6,0.1,3,50,0.3,0.1,1.0,0.5,0.6
Preprocessed,N,0.49019607843137253,0.4804075235109718,0.4846026184768578,5.08,0.6,0.1,3,50,0.3,0.1,1.0,0.5,0.7
Preprocessed,N,0.5098039215686274,0.5029239766081871,0.5063639490884073,5.03,0.6,0.1,3,50,0.3,0.1,1.0,0.5,0.8
Preprocessed,N,0.39215686274509803,0.34261954261954264,0.3532346826464474,4.92,0.6,0.1,3,50,0.3,0.1,5.0,0.5,0.6
Preprocessed,N,0.47058823529411764,0.4572329523058731,0.46224118342646475,4.98,0.6,0.1,3,50,0.3,0.1,5.0,0.5,0.7
Preprocessed,N,0.5098039215686274,0.5029239766081871,0.5063639490884073,5.06,0.6,0.1,3,50,0.3,0.1,5.0,0.5,0.8
Preprocessed,N,0.4117647058823529,0.37088815789473684,0.3803212074303406,4.91,0.6,0.1,3,50,0.3,1.0,1.0,0.5,0.6
Preprocessed,N,0.49019607843137253,0.4738095238095238,0.4792717086834734,4.99,0.6,0.1,3,50,0.3,1.0,1.0,0.5,0.7
Preprocessed,N,0.5098039215686274,0.5029239766081871,0.5063639490884073,5.16,0.6,0.1,3,50,0.3,1.0,1.0,0.5,0.8
Preprocessed,N,0.35294117647058826,0.3002079002079002,0.31150788797847623,4.78,0.6,0.1,3,50,0.3,1.0,5.0,0.5,0.6
Preprocessed,N,0.43137254901960786,0.398046398046398,0.40637793578970044,5.02,0.6,0.1,3,50,0.3,1.0,5.0,0.5,0.7
Preprocessed,N,0.5098039215686274,0.5029239766081871,0.5063639490884073,5.33,0.6,0.1,3,50,0.3,1.0,5.0,0.5,0.8
Preprocessed,N,0.47058823529411764,0.4572329523058731,0.46224118342646475,19.55,0.6,0.1,3,100,0.1,0.1,1.0,0.5,0.6
Preprocessed,N,0.49019607843137253,0.48524844720496896,0.48821702594081107,19.22,0.6,0.1,3,100,0.1,0.1,1.0,0.5,0.7
Preprocessed,N,0.5490196078431373,0.5483249903735079,0.5493669165779519,19.47,0.6,0.1,3,100,0.1,0.1,1.0,0.5,0.8
Preprocessed,N,0.45098039215686275,0.43333333333333335,0.4392156862745098,19.3,0.6,0.1,3,100,0.1,0.1,5.0,0.5,0.6
Preprocessed,N,0.45098039215686275,0.44043887147335425,0.44495666605200074,19.17,0.6,0.1,3,100,0.1,0.1,5.0,0.5,0.7
Preprocessed,N,0.5098039215686274,0.5067698259187621,0.5090453976561611,19.41,0.6,0.1,3,100,0.1,0.1,5.0,0.5,0.8
Preprocessed,N,0.49019607843137253,0.4804075235109718,0.4846026184768578,19.05,0.6,0.1,3,100,0.1,1.0,1.0,0.5,0.6
Preprocessed,N,0.5098039215686274,0.5067698259187621,0.5090453976561611,19.32,0.6,0.1,3,100,0.1,1.0,1.0,0.5,0.7
Preprocessed,N,0.5098039215686274,0.5067698259187621,0.5090453976561611,19.58,0.6,0.1,3,100,0.1,1.0,1.0,0.5,0.8
Preprocessed,N,0.39215686274509803,0.3565323565323565,0.3654384830855419,19.65,0.6,0.1,3,100,0.1,1.0,5.0,0.5,0.6
Preprocessed,N,0.45098039215686275,0.44043887147335425,0.44495666605200074,20.08,0.6,0.1,3,100,0.1,1.0,5.0,0.5,0.7
Preprocessed,N,0.49019607843137253,0.48524844720496896,0.48821702594081107,19.58,0.6,0.1,3,100,0.1,1.0,5.0,0.5,0.8
Preprocessed,N,0.49019607843137253,0.4804075235109718,0.4846026184768578,17.94,0.6,0.1,3,100,0.3,0.1,1.0,0.5,0.6
Preprocessed,N,0.47058823529411764,0.4631578947368421,0.46687306501547987,17.63,0.6,0.1,3,100,0.3,0.1,1.0,0.5,0.7
Preprocessed,N,0.5686274509803921,0.5684615384615385,0.5689592760180996,17.78,0.6,0.1,3,100,0.3,0.1,1.0,0.5,0.8
Preprocessed,N,0.45098039215686275,0.43333333333333335,0.4392156862745098,17.41,0.6,0.1,3,100,0.3,0.1,5.0,0.5,0.6
Preprocessed,N,0.45098039215686275,0.44043887147335425,0.44495666605200074,17.71,0.6,0.1,3,100,0.3,0.1,5.0,0.5,0.7
Preprocessed,N,0.49019607843137253,0.48842592592592593,0.49019607843137253,17.83,0.6,0.1,3,100,0.3,0.1,5.0,0.5,0.8
Preprocessed,N,0.5098039215686274,0.4974379188017344,0.5020751698393193,17.56,0.6,0.1,3,100,0.3,1.0,1.0,0.5,0.6
Preprocessed,N,0.47058823529411764,0.4631578947368421,0.46687306501547987,17.91,0.6,0.1,3,100,0.3,1.0,1.0,0.5,0.7
Preprocessed,N,0.49019607843137253,0.48524844720496896,0.48821702594081107,17.58,0.6,0.1,3,100,0.3,1.0,1.0,0.5,0.8
Preprocessed,N,0.37254901960784315,0.32894736842105265,0.3390092879256966,17.5,0.6,0.1,3,100,0.3,1.0,5.0,0.5,0.6
Preprocessed,N,0.45098039215686275,0.44043887147335425,0.44495666605200074,17.64,0.6,0.1,3,100,0.3,1.0,5.0,0.5,0.7
Preprocessed,N,0.49019607843137253,0.48524844720496896,0.48821702594081107,17.58,0.6,0.1,3,100,0.3,1.0,5.0,0.5,0.8
Preprocessed,N,0.49019607843137253,0.4804075235109718,0.4846026184768578,41.61,0.6,0.1,3,150,0.1,0.1,1.0,0.5,0.6
Preprocessed,N,0.47058823529411764,0.4572329523058731,0.46224118342646475,44.48,0.6,0.1,3,150,0.1,0.1,1.0,0.5,0.7
Preprocessed,N,0.5686274509803921,0.5671296296296295,0.5686274509803921,42.47,0.6,0.1,3,150,0.1,0.1,1.0,0.5,0.8
Preprocessed,N,0.49019607843137253,0.4804075235109718,0.4846026184768578,79.99,0.6,0.1,3,150,0.1,0.1,5.0,0.5,0.6
Preprocessed,N,0.45098039215686275,0.44043887147335425,0.44495666605200074,42.64,0.6,0.1,3,150,0.1,0.1,5.0,0.5,0.7
Preprocessed,N,0.5490196078431373,0.5462282398452611,0.5483217658436682,43.28,0.6,0.1,3,150,0.1,0.1,5.0,0.5,0.8
Preprocessed,N,0.5294117647058824,0.5248447204968945,0.5275849470222872,42.75,0.6,0.1,3,150,0.1,1.0,1.0,0.5,0.6
Preprocessed,N,0.45098039215686275,0.44043887147335425,0.44495666605200074,43.19,0.6,0.1,3,150,0.1,1.0,1.0,0.5,0.7
Preprocessed,N,0.5490196078431373,0.5462282398452611,0.5483217658436682,43.52,0.6,0.1,3,150,0.1,1.0,1.0,0.5,0.8
Preprocessed,N,0.47058823529411764,0.4572329523058731,0.46224118342646475,42.58,0.6,0.1,3,150,0.1,1.0,5.0,0.5,0.6
Preprocessed,N,0.47058823529411764,0.4572329523058731,0.46224118342646475,42.4,0.6,0.1,3,150,0.1,1.0,5.0,0.5,0.7
Preprocessed,N,0.49019607843137253,0.4804075235109718,0.4846026184768578,42.75,0.6,0.1,3,150,0.1,1.0,5.0,0.5,0.8
Preprocessed,N,0.49019607843137253,0.4804075235109718,0.4846026184768578,37.87,0.6,0.1,3,150,0.3,0.1,1.0,0.5,0.6
Preprocessed,N,0.47058823529411764,0.4572329523058731,0.46224118342646475,38.17,0.6,0.1,3,150,0.3,0.1,1.0,0.5,0.7
Preprocessed,N,0.5686274509803921,0.5684615384615385,0.5689592760180996,38.53,0.6,0.1,3,150,0.3,0.1,1.0,0.5,0.8
Preprocessed,N,0.5098039215686274,0.5029239766081871,0.5063639490884073,38.03,0.6,0.1,3,150,0.3,0.1,5.0,0.5,0.6
Preprocessed,N,0.45098039215686275,0.44043887147335425,0.44495666605200074,38.09,0.6,0.1,3,150,0.3,0.1,5.0,0.5,0.7
Preprocessed,N,0.5294117647058824,0.5277777777777778,0.5294117647058824,38.32,0.6,0.1,3,150,0.3,0.1,5.0,0.5,0.8
Preprocessed,N,0.5098039215686274,0.5029239766081871,0.5063639490884073,38.45,0.6,0.1,3,150,0.3,1.0,1.0,0.5,0.6
Preprocessed,N,0.43137254901960786,0.4170279858100118,0.42240719701361035,38.75,0.6,0.1,3,150,0.3,1.0,1.0,0.5,0.7
Preprocessed,N,0.5294117647058824,0.5277777777777778,0.5294117647058824,38.14,0.6,0.1,3,150,0.3,1.0,1.0,0.5,0.8
Preprocessed,N,0.45098039215686275,0.43333333333333335,0.4392156862745098,38.06,0.6,0.1,3,150,0.3,1.0,5.0,0.5,0.6
Preprocessed,N,0.47058823529411764,0.4572329523058731,0.46224118342646475,37.84,0.6,0.1,3,150,0.3,1.0,5.0,0.5,0.7
Preprocessed,N,0.47058823529411764,0.4631578947368421,0.46687306501547987,38.71,0.6,0.1,3,150,0.3,1.0,5.0,0.5,0.8
Preprocessed,N,0.49019607843137253,0.4738095238095238,0.4792717086834734,5.42,0.6,0.1,4,50,0.1,0.1,1.0,0.5,0.6
Preprocessed,N,0.5294117647058824,0.5248447204968945,0.5275849470222872,5.26,0.6,0.1,4,50,0.1,0.1,1.0,0.5,0.7
Preprocessed,N,0.5098039215686274,0.5029239766081871,0.5063639490884073,5.5,0.6,0.1,4,50,0.1,0.1,1.0,0.5,0.8
Preprocessed,N,0.39215686274509803,0.34261954261954264,0.3532346826464474,5.37,0.6,0.1,4,50,0.1,0.1,5.0,0.5,0.6
Preprocessed,N,0.47058823529411764,0.4572329523058731,0.46224118342646475,5.41,0.6,0.1,4,50,0.1,0.1,5.0,0.5,0.7
Preprocessed,N,0.49019607843137253,0.48524844720496896,0.48821702594081107,5.48,0.6,0.1,4,50,0.1,0.1,5.0,0.5,0.8
Preprocessed,N,0.43137254901960786,0.398046398046398,0.40637793578970044,5.45,0.6,0.1,4,50,0.1,1.0,1.0,0.5,0.6
Preprocessed,N,0.47058823529411764,0.4631578947368421,0.46687306501547987,5.35,0.6,0.1,4,50,0.1,1.0,1.0,0.5,0.7
Preprocessed,N,0.5098039215686274,0.5029239766081871,0.5063639490884073,5.61,0.6,0.1,4,50,0.1,1.0,1.0,0.5,0.8
Preprocessed,N,0.39215686274509803,0.34261954261954264,0.3532346826464474,5.36,0.6,0.1,4,50,0.1,1.0,5.0,0.5,0.6
Preprocessed,N,0.4117647058823529,0.38306451612903225,0.39089184060721066,5.48,0.6,0.1,4,50,0.1,1.0,5.0,0.5,0.7
Preprocessed,N,0.5098039215686274,0.5029239766081871,0.5063639490884073,5.49,0.6,0.1,4,50,0.1,1.0,5.0,0.5,0.8
Preprocessed,N,0.47058823529411764,0.4572329523058731,0.46224118342646475,5.04,0.6,0.1,4,50,0.3,0.1,1.0,0.5,0.6
Preprocessed,N,0.49019607843137253,0.4804075235109718,0.4846026184768578,5.04,0.6,0.1,4,50,0.3,0.1,1.0,0.5,0.7
Preprocessed,N,0.5098039215686274,0.5029239766081871,0.5063639490884073,5.2,0.6,0.1,4,50,0.3,0.1,1.0,0.5,0.8
Preprocessed,N,0.39215686274509803,0.34261954261954264,0.3532346826464474,4.94,0.6,0.1,4,50,0.3,0.1,5.0,0.5,0.6
Preprocessed,N,0.47058823529411764,0.4572329523058731,0.46224118342646475,5.18,0.6,0.1,4,50,0.3,0.1,5.0,0.5,0.7
Preprocessed,N,0.5098039215686274,0.5029239766081871,0.5063639490884073,5.1,0.6,0.1,4,50,0.3,0.1,5.0,0.5,0.8
Preprocessed,N,0.4117647058823529,0.37088815789473684,0.3803212074303406,5.02,0.6,0.1,4,50,0.3,1.0,1.0,0.5,0.6
Preprocessed,N,0.49019607843137253,0.4738095238095238,0.4792717086834734,5.0,0.6,0.1,4,50,0.3,1.0,1.0,0.5,0.7
Preprocessed,N,0.5098039215686274,0.5029239766081871,0.5063639490884073,5.17,0.6,0.1,4,50,0.3,1.0,1.0,0.5,0.8
Preprocessed,N,0.35294117647058826,0.3002079002079002,0.31150788797847623,4.97,0.6,0.1,4,50,0.3,1.0,5.0,0.5,0.6
Preprocessed,N,0.43137254901960786,0.398046398046398,0.40637793578970044,5.17,0.6,0.1,4,50,0.3,1.0,5.0,0.5,0.7
Preprocessed,N,0.5098039215686274,0.5029239766081871,0.5063639490884073,5.19,0.6,0.1,4,50,0.3,1.0,5.0,0.5,0.8
Preprocessed,N,0.47058823529411764,0.4572329523058731,0.46224118342646475,19.45,0.6,0.1,4,100,0.1,0.1,1.0,0.5,0.6
Preprocessed,N,0.49019607843137253,0.48524844720496896,0.48821702594081107,19.61,0.6,0.1,4,100,0.1,0.1,1.0,0.5,0.7
Preprocessed,N,0.5490196078431373,0.5483249903735079,0.5493669165779519,19.78,0.6,0.1,4,100,0.1,0.1,1.0,0.5,0.8
Preprocessed,N,0.45098039215686275,0.43333333333333335,0.4392156862745098,19.32,0.6,0.1,4,100,0.1,0.1,5.0,0.5,0.6
Preprocessed,N,0.45098039215686275,0.44043887147335425,0.44495666605200074,19.53,0.6,0.1,4,100,0.1,0.1,5.0,0.5,0.7
Preprocessed,N,0.5098039215686274,0.5067698259187621,0.5090453976561611,19.75,0.6,0.1,4,100,0.1,0.1,5.0,0.5,0.8
Preprocessed,N,0.49019607843137253,0.4804075235109718,0.4846026184768578,19.59,0.6,0.1,4,100,0.1,1.0,1.0,0.5,0.6
Preprocessed,N,0.5098039215686274,0.5067698259187621,0.5090453976561611,19.47,0.6,0.1,4,100,0.1,1.0,1.0,0.5,0.7
Preprocessed,N,0.5098039215686274,0.5067698259187621,0.5090453976561611,19.63,0.6,0.1,4,100,0.1,1.0,1.0,0.5,0.8
Preprocessed,N,0.39215686274509803,0.3565323565323565,0.3654384830855419,19.36,0.6,0.1,4,100,0.1,1.0,5.0,0.5,0.6
Preprocessed,N,0.45098039215686275,0.44043887147335425,0.44495666605200074,19.6,0.6,0.1,4,100,0.1,1.0,5.0,0.5,0.7
Preprocessed,N,0.49019607843137253,0.48524844720496896,0.48821702594081107,19.88,0.6,0.1,4,100,0.1,1.0,5.0,0.5,0.8
Preprocessed,N,0.49019607843137253,0.4804075235109718,0.4846026184768578,17.74,0.6,0.1,4,100,0.3,0.1,1.0,0.5,0.6
Preprocessed,N,0.47058823529411764,0.4631578947368421,0.46687306501547987,17.7,0.6,0.1,4,100,0.3,0.1,1.0,0.5,0.7
Preprocessed,N,0.5686274509803921,0.5684615384615385,0.5689592760180996,17.83,0.6,0.1,4,100,0.3,0.1,1.0,0.5,0.8
Preprocessed,N,0.45098039215686275,0.43333333333333335,0.4392156862745098,17.65,0.6,0.1,4,100,0.3,0.1,5.0,0.5,0.6
Preprocessed,N,0.45098039215686275,0.44043887147335425,0.44495666605200074,17.69,0.6,0.1,4,100,0.3,0.1,5.0,0.5,0.7
Preprocessed,N,0.49019607843137253,0.48842592592592593,0.49019607843137253,17.74,0.6,0.1,4,100,0.3,0.1,5.0,0.5,0.8
Preprocessed,N,0.5098039215686274,0.4974379188017344,0.5020751698393193,17.57,0.6,0.1,4,100,0.3,1.0,1.0,0.5,0.6
Preprocessed,N,0.47058823529411764,0.4631578947368421,0.46687306501547987,18.26,0.6,0.1,4,100,0.3,1.0,1.0,0.5,0.7
Preprocessed,N,0.49019607843137253,0.48524844720496896,0.48821702594081107,18.01,0.6,0.1,4,100,0.3,1.0,1.0,0.5,0.8
Preprocessed,N,0.37254901960784315,0.32894736842105265,0.3390092879256966,17.69,0.6,0.1,4,100,0.3,1.0,5.0,0.5,0.6
Preprocessed,N,0.45098039215686275,0.44043887147335425,0.44495666605200074,18.35,0.6,0.1,4,100,0.3,1.0,5.0,0.5,0.7
Preprocessed,N,0.49019607843137253,0.48524844720496896,0.48821702594081107,17.95,0.6,0.1,4,100,0.3,1.0,5.0,0.5,0.8
Preprocessed,N,0.49019607843137253,0.4804075235109718,0.4846026184768578,42.23,0.6,0.1,4,150,0.1,0.1,1.0,0.5,0.6
Preprocessed,N,0.47058823529411764,0.4572329523058731,0.46224118342646475,42.5,0.6,0.1,4,150,0.1,0.1,1.0,0.5,0.7
Preprocessed,N,0.5686274509803921,0.5671296296296295,0.5686274509803921,42.63,0.6,0.1,4,150,0.1,0.1,1.0,0.5,0.8
Preprocessed,N,0.49019607843137253,0.4804075235109718,0.4846026184768578,42.47,0.6,0.1,4,150,0.1,0.1,5.0,0.5,0.6
Preprocessed,N,0.45098039215686275,0.44043887147335425,0.44495666605200074,42.28,0.6,0.1,4,150,0.1,0.1,5.0,0.5,0.7
Preprocessed,N,0.5490196078431373,0.5462282398452611,0.5483217658436682,42.81,0.6,0.1,4,150,0.1,0.1,5.0,0.5,0.8
Preprocessed,N,0.5294117647058824,0.5248447204968945,0.5275849470222872,42.63,0.6,0.1,4,150,0.1,1.0,1.0,0.5,0.6
Preprocessed,N,0.45098039215686275,0.44043887147335425,0.44495666605200074,42.06,0.6,0.1,4,150,0.1,1.0,1.0,0.5,0.7
Preprocessed,N,0.5490196078431373,0.5462282398452611,0.5483217658436682,42.11,0.6,0.1,4,150,0.1,1.0,1.0,0.5,0.8
Preprocessed,N,0.47058823529411764,0.4572329523058731,0.46224118342646475,41.86,0.6,0.1,4,150,0.1,1.0,5.0,0.5,0.6
Preprocessed,N,0.47058823529411764,0.4572329523058731,0.46224118342646475,42.06,0.6,0.1,4,150,0.1,1.0,5.0,0.5,0.7
Preprocessed,N,0.49019607843137253,0.4804075235109718,0.4846026184768578,43.11,0.6,0.1,4,150,0.1,1.0,5.0,0.5,0.8
Preprocessed,N,0.49019607843137253,0.4804075235109718,0.4846026184768578,44.52,0.6,0.1,4,150,0.3,0.1,1.0,0.5,0.6
Preprocessed,N,0.47058823529411764,0.4572329523058731,0.46224118342646475,42.27,0.6,0.1,4,150,0.3,0.1,1.0,0.5,0.7
Preprocessed,N,0.5686274509803921,0.5684615384615385,0.5689592760180996,49.52,0.6,0.1,4,150,0.3,0.1,1.0,0.5,0.8
Preprocessed,N,0.5098039215686274,0.5029239766081871,0.5063639490884073,40.2,0.6,0.1,4,150,0.3,0.1,5.0,0.5,0.6
Preprocessed,N,0.45098039215686275,0.44043887147335425,0.44495666605200074,38.81,0.6,0.1,4,150,0.3,0.1,5.0,0.5,0.7
Preprocessed,N,0.5294117647058824,0.5277777777777778,0.5294117647058824,38.09,0.6,0.1,4,150,0.3,0.1,5.0,0.5,0.8
Preprocessed,N,0.5098039215686274,0.5029239766081871,0.5063639490884073,38.17,0.6,0.1,4,150,0.3,1.0,1.0,0.5,0.6
Preprocessed,N,0.43137254901960786,0.4170279858100118,0.42240719701361035,37.73,0.6,0.1,4,150,0.3,1.0,1.0,0.5,0.7
Preprocessed,N,0.5294117647058824,0.5277777777777778,0.5294117647058824,38.55,0.6,0.1,4,150,0.3,1.0,1.0,0.5,0.8
Preprocessed,N,0.45098039215686275,0.43333333333333335,0.4392156862745098,38.22,0.6,0.1,4,150,0.3,1.0,5.0,0.5,0.6
Preprocessed,N,0.47058823529411764,0.4572329523058731,0.46224118342646475,38.0,0.6,0.1,4,150,0.3,1.0,5.0,0.5,0.7
Preprocessed,N,0.47058823529411764,0.4631578947368421,0.46687306501547987,37.93,0.6,0.1,4,150,0.3,1.0,5.0,0.5,0.8
Preprocessed,N,0.3333333333333333,0.25,0.2647058823529412,5.29,0.7,0.01,2,50,0.1,0.1,1.0,0.5,0.6
Preprocessed,N,0.3333333333333333,0.25,0.2647058823529412,5.2,0.7,0.01,2,50,0.1,0.1,1.0,0.5,0.7
Preprocessed,N,0.3137254901960784,0.23880597014925373,0.2528533801580334,5.4,0.7,0.01,2,50,0.1,0.1,1.0,0.5,0.8
Preprocessed,N,0.45098039215686275,0.3108108108108108,0.32909379968203495,5.14,0.7,0.01,2,50,0.1,0.1,5.0,0.5,0.6
Preprocessed,N,0.39215686274509803,0.28169014084507044,0.2982601491300746,5.37,0.7,0.01,2,50,0.1,0.1,5.0,0.5,0.7
Preprocessed,N,0.3137254901960784,0.23880597014925373,0.2528533801580334,5.2,0.7,0.01,2,50,0.1,0.1,5.0,0.5,0.8
Preprocessed,N,0.43137254901960786,0.3013698630136986,0.31909750201450443,5.25,0.7,0.01,2,50,0.1,1.0,1.0,0.5,0.6
Preprocessed,N,0.4117647058823529,0.2916666666666667,0.3088235294117647,5.24,0.7,0.01,2,50,0.1,1.0,1.0,0.5,0.7
Preprocessed,N,0.35294117647058826,0.2608695652173913,0.2762148337595908,5.39,0.7,0.01,2,50,0.1,1.0,1.0,0.5,0.8
Preprocessed,N,0.49019607843137253,0.32894736842105265,0.34829721362229105,5.2,0.7,0.01,2,50,0.1,1.0,5.0,0.5,0.6
Preprocessed,N,0.47058823529411764,0.32,0.33882352941176475,5.38,0.7,0.01,2,50,0.1,1.0,5.0,0.5,0.7
Preprocessed,N,0.43137254901960786,0.3013698630136986,0.31909750201450443,5.44,0.7,0.01,2,50,0.1,1.0,5.0,0.5,0.8
Preprocessed,N,0.35294117647058826,0.2608695652173913,0.2762148337595908,5.31,0.7,0.01,2,50,0.3,0.1,1.0,0.5,0.6
Preprocessed,N,0.3137254901960784,0.23880597014925373,0.2528533801580334,5.0,0.7,0.01,2,50,0.3,0.1,1.0,0.5,0.7
Preprocessed,N,0.3137254901960784,0.23880597014925373,0.2528533801580334,5.05,0.7,0.01,2,50,0.3,0.1,1.0,0.5,0.8
Preprocessed,N,0.45098039215686275,0.3108108108108108,0.32909379968203495,4.76,0.7,0.01,2,50,0.3,0.1,5.0,0.5,0.6
Preprocessed,N,0.45098039215686275,0.3108108108108108,0.32909379968203495,4.97,0.7,0.01,2,50,0.3,0.1,5.0,0.5,0.7
Preprocessed,N,0.37254901960784315,0.2714285714285714,0.28739495798319326,5.07,0.7,0.01,2,50,0.3,0.1,5.0,0.5,0.8
Preprocessed,N,0.45098039215686275,0.3108108108108108,0.32909379968203495,5.03,0.7,0.01,2,50,0.3,1.0,1.0,0.5,0.6
Preprocessed,N,0.43137254901960786,0.3013698630136986,0.31909750201450443,4.87,0.7,0.01,2,50,0.3,1.0,1.0,0.5,0.7
Preprocessed,N,0.39215686274509803,0.28169014084507044,0.2982601491300746,5.0,0.7,0.01,2,50,0.3,1.0,1.0,0.5,0.8
Preprocessed,N,0.5294117647058824,0.34615384615384615,0.36651583710407243,4.93,0.7,0.01,2,50,0.3,1.0,5.0,0.5,0.6
Preprocessed,N,0.49019607843137253,0.32894736842105265,0.34829721362229105,5.0,0.7,0.01,2,50,0.3,1.0,5.0,0.5,0.7
Preprocessed,N,0.47058823529411764,0.32,0.33882352941176475,4.9,0.7,0.01,2,50,0.3,1.0,5.0,0.5,0.8
Preprocessed,N,0.3333333333333333,0.2702020202020202,0.2828282828282829,18.88,0.7,0.01,2,100,0.1,0.1,1.0,0.5,0.6
Preprocessed,N,0.35294117647058826,0.3002079002079002,0.31150788797847623,19.43,0.7,0.01,2,100,0.1,0.1,1.0,0.5,0.7
Preprocessed,N,0.45098039215686275,0.43333333333333335,0.4392156862745098,19.16,0.7,0.01,2,100,0.1,0.1,1.0,0.5,0.8
Preprocessed,N,0.39215686274509803,0.28169014084507044,0.2982601491300746,19.41,0.7,0.01,2,100,0.1,0.1,5.0,0.5,0.6
Preprocessed,N,0.3333333333333333,0.2702020202020202,0.2828282828282829,19.21,0.7,0.01,2,100,0.1,0.1,5.0,0.5,0.7
Preprocessed,N,0.3333333333333333,0.2702020202020202,0.2828282828282829,19.18,0.7,0.01,2,100,0.1,0.1,5.0,0.5,0.8
Preprocessed,N,0.37254901960784315,0.2714285714285714,0.28739495798319326,19.22,0.7,0.01,2,100,0.1,1.0,1.0,0.5,0.6
Preprocessed,N,0.3137254901960784,0.23880597014925373,0.2528533801580334,19.2,0.7,0.01,2,100,0.1,1.0,1.0,0.5,0.7
Preprocessed,N,0.3137254901960784,0.23880597014925373,0.2528533801580334,19.09,0.7,0.01,2,100,0.1,1.0,1.0,0.5,0.8
Preprocessed,N,0.4117647058823529,0.2916666666666667,0.3088235294117647,19.06,0.7,0.01,2,100,0.1,1.0,5.0,0.5,0.6
Preprocessed,N,0.37254901960784315,0.2714285714285714,0.28739495798319326,19.12,0.7,0.01,2,100,0.1,1.0,5.0,0.5,0.7
Preprocessed,N,0.3137254901960784,0.23880597014925373,0.2528533801580334,19.22,0.7,0.01,2,100,0.1,1.0,5.0,0.5,0.8
Preprocessed,N,0.3333333333333333,0.2702020202020202,0.2828282828282829,17.18,0.7,0.01,2,100,0.3,0.1,1.0,0.5,0.6
Preprocessed,N,0.3333333333333333,0.2702020202020202,0.2828282828282829,17.47,0.7,0.01,2,100,0.3,0.1,1.0,0.5,0.7
Preprocessed,N,0.43137254901960786,0.40863654538184724,0.41545734647317545,17.35,0.7,0.01,2,100,0.3,0.1,1.0,0.5,0.8
Preprocessed,N,0.4117647058823529,0.2916666666666667,0.3088235294117647,17.28,0.7,0.01,2,100,0.3,0.1,5.0,0.5,0.6
Preprocessed,N,0.3333333333333333,0.25,0.2647058823529412,17.53,0.7,0.01,2,100,0.3,0.1,5.0,0.5,0.7
Preprocessed,N,0.3333333333333333,0.2702020202020202,0.2828282828282829,17.45,0.7,0.01,2,100,0.3,0.1,5.0,0.5,0.8
Preprocessed,N,0.39215686274509803,0.28169014084507044,0.2982601491300746,17.39,0.7,0.01,2,100,0.3,1.0,1.0,0.5,0.6
Preprocessed,N,0.3333333333333333,0.25,0.2647058823529412,17.89,0.7,0.01,2,100,0.3,1.0,1.0,0.5,0.7
Preprocessed,N,0.3137254901960784,0.23880597014925373,0.2528533801580334,17.58,0.7,0.01,2,100,0.3,1.0,1.0,0.5,0.8
Preprocessed,N,0.4117647058823529,0.2916666666666667,0.3088235294117647,17.45,0.7,0.01,2,100,0.3,1.0,5.0,0.5,0.6
Preprocessed,N,0.4117647058823529,0.2916666666666667,0.3088235294117647,17.23,0.7,0.01,2,100,0.3,1.0,5.0,0.5,0.7
Preprocessed,N,0.3333333333333333,0.25,0.2647058823529412,17.72,0.7,0.01,2,100,0.3,1.0,5.0,0.5,0.8
Preprocessed,N,0.37254901960784315,0.32894736842105265,0.3390092879256966,41.73,0.7,0.01,2,150,0.1,0.1,1.0,0.5,0.6
Preprocessed,N,0.39215686274509803,0.3565323565323565,0.3654384830855419,42.19,0.7,0.01,2,150,0.1,0.1,1.0,0.5,0.7
Preprocessed,N,0.5098039215686274,0.5029239766081871,0.5063639490884073,41.71,0.7,0.01,2,150,0.1,0.1,1.0,0.5,0.8
Preprocessed,N,0.35294117647058826,0.2823027718550107,0.29554747272043147,41.64,0.7,0.01,2,150,0.1,0.1,5.0,0.5,0.6
Preprocessed,N,0.35294117647058826,0.3002079002079002,0.31150788797847623,41.85,0.7,0.01,2,150,0.1,0.1,5.0,0.5,0.7
Preprocessed,N,0.39215686274509803,0.3565323565323565,0.3654384830855419,42.06,0.7,0.01,2,150,0.1,0.1,5.0,0.5,0.8
Preprocessed,N,0.35294117647058826,0.2823027718550107,0.29554747272043147,42.04,0.7,0.01,2,150,0.1,1.0,1.0,0.5,0.6
Preprocessed,N,0.3333333333333333,0.2702020202020202,0.2828282828282829,41.85,0.7,0.01,2,150,0.1,1.0,1.0,0.5,0.7
Preprocessed,N,0.3333333333333333,0.2702020202020202,0.2828282828282829,41.93,0.7,0.01,2,150,0.1,1.0,1.0,0.5,0.8
Preprocessed,N,0.39215686274509803,0.28169014084507044,0.2982601491300746,41.98,0.7,0.01,2,150,0.1,1.0,5.0,0.5,0.6
Preprocessed,N,0.3333333333333333,0.25,0.2647058823529412,41.86,0.7,0.01,2,150,0.1,1.0,5.0,0.5,0.7
Preprocessed,N,0.3333333333333333,0.2702020202020202,0.2828282828282829,41.7,0.7,0.01,2,150,0.1,1.0,5.0,0.5,0.8
Preprocessed,N,0.35294117647058826,0.3002079002079002,0.31150788797847623,37.65,0.7,0.01,2,150,0.3,0.1,1.0,0.5,0.6
Preprocessed,N,0.37254901960784315,0.32894736842105265,0.3390092879256966,37.57,0.7,0.01,2,150,0.3,0.1,1.0,0.5,0.7
Preprocessed,N,0.49019607843137253,0.4804075235109718,0.4846026184768578,37.98,0.7,0.01,2,150,0.3,0.1,1.0,0.5,0.8
Preprocessed,N,0.4117647058823529,0.3169642857142857,0.3319327731092437,37.41,0.7,0.01,2,150,0.3,0.1,5.0,0.5,0.6
Preprocessed,N,0.3333333333333333,0.2702020202020202,0.2828282828282829,37.75,0.7,0.01,2,150,0.3,0.1,5.0,0.5,0.7
Preprocessed,N,0.35294117647058826,0.3002079002079002,0.31150788797847623,37.9,0.7,0.01,2,150,0.3,0.1,5.0,0.5,0.8
Preprocessed,N,0.37254901960784315,0.29411764705882354,0.3079584775086505,37.49,0.7,0.01,2,150,0.3,1.0,1.0,0.5,0.6
Preprocessed,N,0.3333333333333333,0.2702020202020202,0.2828282828282829,38.16,0.7,0.01,2,150,0.3,1.0,1.0,0.5,0.7
Preprocessed,N,0.3333333333333333,0.2702020202020202,0.2828282828282829,37.69,0.7,0.01,2,150,0.3,1.0,1.0,0.5,0.8
Preprocessed,N,0.4117647058823529,0.2916666666666667,0.3088235294117647,37.74,0.7,0.01,2,150,0.3,1.0,5.0,0.5,0.6
Preprocessed,N,0.3333333333333333,0.25,0.2647058823529412,37.57,0.7,0.01,2,150,0.3,1.0,5.0,0.5,0.7
Preprocessed,N,0.3333333333333333,0.2702020202020202,0.2828282828282829,37.65,0.7,0.01,2,150,0.3,1.0,5.0,0.5,0.8
Preprocessed,N,0.3333333333333333,0.25,0.2647058823529412,5.49,0.7,0.01,3,50,0.1,0.1,1.0,0.5,0.6
Preprocessed,N,0.3333333333333333,0.25,0.2647058823529412,5.39,0.7,0.01,3,50,0.1,0.1,1.0,0.5,0.7
Preprocessed,N,0.3137254901960784,0.23880597014925373,0.2528533801580334,5.53,0.7,0.01,3,50,0.1,0.1,1.0,0.5,0.8
Preprocessed,N,0.45098039215686275,0.3108108108108108,0.32909379968203495,5.25,0.7,0.01,3,50,0.1,0.1,5.0,0.5,0.6
Preprocessed,N,0.39215686274509803,0.28169014084507044,0.2982601491300746,5.37,0.7,0.01,3,50,0.1,0.1,5.0,0.5,0.7
Preprocessed,N,0.3137254901960784,0.23880597014925373,0.2528533801580334,5.52,0.7,0.01,3,50,0.1,0.1,5.0,0.5,0.8
Preprocessed,N,0.43137254901960786,0.3013698630136986,0.31909750201450443,5.19,0.7,0.01,3,50,0.1,1.0,1.0,0.5,0.6
Preprocessed,N,0.4117647058823529,0.2916666666666667,0.3088235294117647,5.39,0.7,0.01,3,50,0.1,1.0,1.0,0.5,0.7
Preprocessed,N,0.35294117647058826,0.2608695652173913,0.2762148337595908,5.42,0.7,0.01,3,50,0.1,1.0,1.0,0.5,0.8
Preprocessed,N,0.49019607843137253,0.32894736842105265,0.34829721362229105,5.25,0.7,0.01,3,50,0.1,1.0,5.0,0.5,0.6
Preprocessed,N,0.47058823529411764,0.32,0.33882352941176475,5.32,0.7,0.01,3,50,0.1,1.0,5.0,0.5,0.7
Preprocessed,N,0.43137254901960786,0.3013698630136986,0.31909750201450443,5.48,0.7,0.01,3,50,0.1,1.0,5.0,0.5,0.8
Preprocessed,N,0.35294117647058826,0.2608695652173913,0.2762148337595908,4.99,0.7,0.01,3,50,0.3,0.1,1.0,0.5,0.6
Preprocessed,N,0.3137254901960784,0.23880597014925373,0.2528533801580334,5.08,0.7,0.01,3,50,0.3,0.1,1.0,0.5,0.7
Preprocessed,N,0.3137254901960784,0.23880597014925373,0.2528533801580334,5.02,0.7,0.01,3,50,0.3,0.1,1.0,0.5,0.8
Preprocessed,N,0.45098039215686275,0.3108108108108108,0.32909379968203495,4.9,0.7,0.01,3,50,0.3,0.1,5.0,0.5,0.6
Preprocessed,N,0.45098039215686275,0.3108108108108108,0.32909379968203495,5.05,0.7,0.01,3,50,0.3,0.1,5.0,0.5,0.7
Preprocessed,N,0.37254901960784315,0.2714285714285714,0.28739495798319326,4.99,0.7,0.01,3,50,0.3,0.1,5.0,0.5,0.8
Preprocessed,N,0.45098039215686275,0.3108108108108108,0.32909379968203495,4.98,0.7,0.01,3,50,0.3,1.0,1.0,0.5,0.6
Preprocessed,N,0.43137254901960786,0.3013698630136986,0.31909750201450443,4.9,0.7,0.01,3,50,0.3,1.0,1.0,0.5,0.7
Preprocessed,N,0.37254901960784315,0.2714285714285714,0.28739495798319326,5.3,0.7,0.01,3,50,0.3,1.0,1.0,0.5,0.8
Preprocessed,N,0.5294117647058824,0.34615384615384615,0.36651583710407243,5.85,0.7,0.01,3,50,0.3,1.0,5.0,0.5,0.6
Preprocessed,N,0.49019607843137253,0.32894736842105265,0.34829721362229105,5.26,0.7,0.01,3,50,0.3,1.0,5.0,0.5,0.7
Preprocessed,N,0.47058823529411764,0.32,0.33882352941176475,5.16,0.7,0.01,3,50,0.3,1.0,5.0,0.5,0.8
Preprocessed,N,0.3333333333333333,0.2702020202020202,0.2828282828282829,19.62,0.7,0.01,3,100,0.1,0.1,1.0,0.5,0.6
Preprocessed,N,0.35294117647058826,0.3002079002079002,0.31150788797847623,19.93,0.7,0.01,3,100,0.1,0.1,1.0,0.5,0.7
Preprocessed,N,0.45098039215686275,0.43333333333333335,0.4392156862745098,19.84,0.7,0.01,3,100,0.1,0.1,1.0,0.5,0.8
Preprocessed,N,0.39215686274509803,0.28169014084507044,0.2982601491300746,19.61,0.7,0.01,3,100,0.1,0.1,5.0,0.5,0.6
Preprocessed,N,0.3333333333333333,0.2702020202020202,0.2828282828282829,19.7,0.7,0.01,3,100,0.1,0.1,5.0,0.5,0.7
Preprocessed,N,0.3333333333333333,0.2702020202020202,0.2828282828282829,19.86,0.7,0.01,3,100,0.1,0.1,5.0,0.5,0.8
Preprocessed,N,0.37254901960784315,0.2714285714285714,0.28739495798319326,19.72,0.7,0.01,3,100,0.1,1.0,1.0,0.5,0.6
Preprocessed,N,0.3137254901960784,0.23880597014925373,0.2528533801580334,19.52,0.7,0.01,3,100,0.1,1.0,1.0,0.5,0.7
Preprocessed,N,0.3333333333333333,0.2702020202020202,0.2828282828282829,19.59,0.7,0.01,3,100,0.1,1.0,1.0,0.5,0.8
Preprocessed,N,0.4117647058823529,0.2916666666666667,0.3088235294117647,19.54,0.7,0.01,3,100,0.1,1.0,5.0,0.5,0.6
Preprocessed,N,0.37254901960784315,0.2714285714285714,0.28739495798319326,19.69,0.7,0.01,3,100,0.1,1.0,5.0,0.5,0.7
Preprocessed,N,0.3137254901960784,0.23880597014925373,0.2528533801580334,19.9,0.7,0.01,3,100,0.1,1.0,5.0,0.5,0.8
Preprocessed,N,0.3333333333333333,0.2702020202020202,0.2828282828282829,18.23,0.7,0.01,3,100,0.3,0.1,1.0,0.5,0.6
Preprocessed,N,0.3333333333333333,0.2702020202020202,0.2828282828282829,18.06,0.7,0.01,3,100,0.3,0.1,1.0,0.5,0.7
Preprocessed,N,0.43137254901960786,0.40863654538184724,0.41545734647317545,18.03,0.7,0.01,3,100,0.3,0.1,1.0,0.5,0.8
Preprocessed,N,0.4117647058823529,0.2916666666666667,0.3088235294117647,17.56,0.7,0.01,3,100,0.3,0.1,5.0,0.5,0.6
Preprocessed,N,0.3333333333333333,0.25,0.2647058823529412,18.11,0.7,0.01,3,100,0.3,0.1,5.0,0.5,0.7
Preprocessed,N,0.3333333333333333,0.2702020202020202,0.2828282828282829,18.14,0.7,0.01,3,100,0.3,0.1,5.0,0.5,0.8
Preprocessed,N,0.39215686274509803,0.28169014084507044,0.2982601491300746,17.65,0.7,0.01,3,100,0.3,1.0,1.0,0.5,0.6
Preprocessed,N,0.3333333333333333,0.25,0.2647058823529412,17.83,0.7,0.01,3,100,0.3,1.0,1.0,0.5,0.7
Preprocessed,N,0.3137254901960784,0.23880597014925373,0.2528533801580334,18.15,0.7,0.01,3,100,0.3,1.0,1.0,0.5,0.8
Preprocessed,N,0.4117647058823529,0.2916666666666667,0.3088235294117647,17.63,0.7,0.01,3,100,0.3,1.0,5.0,0.5,0.6
Preprocessed,N,0.4117647058823529,0.2916666666666667,0.3088235294117647,18.14,0.7,0.01,3,100,0.3,1.0,5.0,0.5,0.7
Preprocessed,N,0.3333333333333333,0.25,0.2647058823529412,18.02,0.7,0.01,3,100,0.3,1.0,5.0,0.5,0.8
Preprocessed,N,0.37254901960784315,0.32894736842105265,0.3390092879256966,42.25,0.7,0.01,3,150,0.1,0.1,1.0,0.5,0.6
Preprocessed,N,0.39215686274509803,0.3565323565323565,0.3654384830855419,42.73,0.7,0.01,3,150,0.1,0.1,1.0,0.5,0.7
Preprocessed,N,0.5098039215686274,0.5029239766081871,0.5063639490884073,42.88,0.7,0.01,3,150,0.1,0.1,1.0,0.5,0.8
Preprocessed,N,0.35294117647058826,0.2823027718550107,0.29554747272043147,43.0,0.7,0.01,3,150,0.1,0.1,5.0,0.5,0.6
Preprocessed,N,0.35294117647058826,0.3002079002079002,0.31150788797847623,42.77,0.7,0.01,3,150,0.1,0.1,5.0,0.5,0.7
Preprocessed,N,0.39215686274509803,0.3565323565323565,0.3654384830855419,42.6,0.7,0.01,3,150,0.1,0.1,5.0,0.5,0.8
Preprocessed,N,0.35294117647058826,0.2823027718550107,0.29554747272043147,42.16,0.7,0.01,3,150,0.1,1.0,1.0,0.5,0.6
Preprocessed,N,0.3333333333333333,0.2702020202020202,0.2828282828282829,42.56,0.7,0.01,3,150,0.1,1.0,1.0,0.5,0.7
Preprocessed,N,0.3333333333333333,0.2702020202020202,0.2828282828282829,42.61,0.7,0.01,3,150,0.1,1.0,1.0,0.5,0.8
Preprocessed,N,0.39215686274509803,0.28169014084507044,0.2982601491300746,42.3,0.7,0.01,3,150,0.1,1.0,5.0,0.5,0.6
Preprocessed,N,0.3333333333333333,0.25,0.2647058823529412,42.88,0.7,0.01,3,150,0.1,1.0,5.0,0.5,0.7
Preprocessed,N,0.3333333333333333,0.2702020202020202,0.2828282828282829,43.02,0.7,0.01,3,150,0.1,1.0,5.0,0.5,0.8
Preprocessed,N,0.35294117647058826,0.3002079002079002,0.31150788797847623,38.49,0.7,0.01,3,150,0.3,0.1,1.0,0.5,0.6
Preprocessed,N,0.37254901960784315,0.32894736842105265,0.3390092879256966,38.43,0.7,0.01,3,150,0.3,0.1,1.0,0.5,0.7
Preprocessed,N,0.5098039215686274,0.5029239766081871,0.5063639490884073,38.72,0.7,0.01,3,150,0.3,0.1,1.0,0.5,0.8
Preprocessed,N,0.4117647058823529,0.3169642857142857,0.3319327731092437,37.67,0.7,0.01,3,150,0.3,0.1,5.0,0.5,0.6
Preprocessed,N,0.3333333333333333,0.2702020202020202,0.2828282828282829,39.48,0.7,0.01,3,150,0.3,0.1,5.0,0.5,0.7
Preprocessed,N,0.35294117647058826,0.3002079002079002,0.31150788797847623,38.68,0.7,0.01,3,150,0.3,0.1,5.0,0.5,0.8
Preprocessed,N,0.37254901960784315,0.29411764705882354,0.3079584775086505,38.29,0.7,0.01,3,150,0.3,1.0,1.0,0.5,0.6
Preprocessed,N,0.3333333333333333,0.2702020202020202,0.2828282828282829,38.55,0.7,0.01,3,150,0.3,1.0,1.0,0.5,0.7
Preprocessed,N,0.3333333333333333,0.2702020202020202,0.2828282828282829,38.82,0.7,0.01,3,150,0.3,1.0,1.0,0.5,0.8
Preprocessed,N,0.4117647058823529,0.2916666666666667,0.3088235294117647,38.43,0.7,0.01,3,150,0.3,1.0,5.0,0.5,0.6
Preprocessed,N,0.3333333333333333,0.25,0.2647058823529412,38.56,0.7,0.01,3,150,0.3,1.0,5.0,0.5,0.7
Preprocessed,N,0.3333333333333333,0.2702020202020202,0.2828282828282829,39.04,0.7,0.01,3,150,0.3,1.0,5.0,0.5,0.8
Preprocessed,N,0.3333333333333333,0.25,0.2647058823529412,5.35,0.7,0.01,4,50,0.1,0.1,1.0,0.5,0.6
Preprocessed,N,0.3333333333333333,0.25,0.2647058823529412,5.46,0.7,0.01,4,50,0.1,0.1,1.0,0.5,0.7
Preprocessed,N,0.3137254901960784,0.23880597014925373,0.2528533801580334,5.57,0.7,0.01,4,50,0.1,0.1,1.0,0.5,0.8
Preprocessed,N,0.45098039215686275,0.3108108108108108,0.32909379968203495,5.43,0.7,0.01,4,50,0.1,0.1,5.0,0.5,0.6
Preprocessed,N,0.39215686274509803,0.28169014084507044,0.2982601491300746,5.41,0.7,0.01,4,50,0.1,0.1,5.0,0.5,0.7
Preprocessed,N,0.3137254901960784,0.23880597014925373,0.2528533801580334,5.6,0.7,0.01,4,50,0.1,0.1,5.0,0.5,0.8
Preprocessed,N,0.43137254901960786,0.3013698630136986,0.31909750201450443,5.32,0.7,0.01,4,50,0.1,1.0,1.0,0.5,0.6
Preprocessed,N,0.4117647058823529,0.2916666666666667,0.3088235294117647,5.54,0.7,0.01,4,50,0.1,1.0,1.0,0.5,0.7
Preprocessed,N,0.35294117647058826,0.2608695652173913,0.2762148337595908,5.56,0.7,0.01,4,50,0.1,1.0,1.0,0.5,0.8
Preprocessed,N,0.49019607843137253,0.32894736842105265,0.34829721362229105,5.3,0.7,0.01,4,50,0.1,1.0,5.0,0.5,0.6
Preprocessed,N,0.47058823529411764,0.32,0.33882352941176475,5.39,0.7,0.01,4,50,0.1,1.0,5.0,0.5,0.7
Preprocessed,N,0.43137254901960786,0.3013698630136986,0.31909750201450443,5.56,0.7,0.01,4,50,0.1,1.0,5.0,0.5,0.8
Preprocessed,N,0.35294117647058826,0.2608695652173913,0.2762148337595908,4.94,0.7,0.01,4,50,0.3,0.1,1.0,0.5,0.6
Preprocessed,N,0.3137254901960784,0.23880597014925373,0.2528533801580334,5.18,0.7,0.01,4,50,0.3,0.1,1.0,0.5,0.7
Preprocessed,N,0.3137254901960784,0.23880597014925373,0.2528533801580334,5.13,0.7,0.01,4,50,0.3,0.1,1.0,0.5,0.8
Preprocessed,N,0.45098039215686275,0.3108108108108108,0.32909379968203495,4.89,0.7,0.01,4,50,0.3,0.1,5.0,0.5,0.6
Preprocessed,N,0.45098039215686275,0.3108108108108108,0.32909379968203495,5.45,0.7,0.01,4,50,0.3,0.1,5.0,0.5,0.7
Preprocessed,N,0.37254901960784315,0.2714285714285714,0.28739495798319326,5.19,0.7,0.01,4,50,0.3,0.1,5.0,0.5,0.8
Preprocessed,N,0.45098039215686275,0.3108108108108108,0.32909379968203495,4.87,0.7,0.01,4,50,0.3,1.0,1.0,0.5,0.6
Preprocessed,N,0.43137254901960786,0.3013698630136986,0.31909750201450443,5.2,0.7,0.01,4,50,0.3,1.0,1.0,0.5,0.7
Preprocessed,N,0.37254901960784315,0.2714285714285714,0.28739495798319326,5.19,0.7,0.01,4,50,0.3,1.0,1.0,0.5,0.8
Preprocessed,N,0.5294117647058824,0.34615384615384615,0.36651583710407243,4.97,0.7,0.01,4,50,0.3,1.0,5.0,0.5,0.6
Preprocessed,N,0.49019607843137253,0.32894736842105265,0.34829721362229105,5.16,0.7,0.01,4,50,0.3,1.0,5.0,0.5,0.7
Preprocessed,N,0.47058823529411764,0.32,0.33882352941176475,5.08,0.7,0.01,4,50,0.3,1.0,5.0,0.5,0.8
Preprocessed,N,0.3333333333333333,0.2702020202020202,0.2828282828282829,19.36,0.7,0.01,4,100,0.1,0.1,1.0,0.5,0.6
Preprocessed,N,0.35294117647058826,0.3002079002079002,0.31150788797847623,19.68,0.7,0.01,4,100,0.1,0.1,1.0,0.5,0.7
Preprocessed,N,0.45098039215686275,0.43333333333333335,0.4392156862745098,19.66,0.7,0.01,4,100,0.1,0.1,1.0,0.5,0.8
Preprocessed,N,0.39215686274509803,0.28169014084507044,0.2982601491300746,19.34,0.7,0.01,4,100,0.1,0.1,5.0,0.5,0.6
Preprocessed,N,0.3333333333333333,0.2702020202020202,0.2828282828282829,19.56,0.7,0.01,4,100,0.1,0.1,5.0,0.5,0.7
Preprocessed,N,0.3333333333333333,0.2702020202020202,0.2828282828282829,19.82,0.7,0.01,4,100,0.1,0.1,5.0,0.5,0.8
Preprocessed,N,0.37254901960784315,0.2714285714285714,0.28739495798319326,19.34,0.7,0.01,4,100,0.1,1.0,1.0,0.5,0.6
Preprocessed,N,0.3137254901960784,0.23880597014925373,0.2528533801580334,20.26,0.7,0.01,4,100,0.1,1.0,1.0,0.5,0.7
Preprocessed,N,0.3333333333333333,0.2702020202020202,0.2828282828282829,19.76,0.7,0.01,4,100,0.1,1.0,1.0,0.5,0.8
Preprocessed,N,0.4117647058823529,0.2916666666666667,0.3088235294117647,19.48,0.7,0.01,4,100,0.1,1.0,5.0,0.5,0.6
Preprocessed,N,0.37254901960784315,0.2714285714285714,0.28739495798319326,19.32,0.7,0.01,4,100,0.1,1.0,5.0,0.5,0.7
Preprocessed,N,0.3137254901960784,0.23880597014925373,0.2528533801580334,19.93,0.7,0.01,4,100,0.1,1.0,5.0,0.5,0.8
Preprocessed,N,0.3333333333333333,0.2702020202020202,0.2828282828282829,17.51,0.7,0.01,4,100,0.3,0.1,1.0,0.5,0.6
Preprocessed,N,0.3333333333333333,0.2702020202020202,0.2828282828282829,17.46,0.7,0.01,4,100,0.3,0.1,1.0,0.5,0.7
Preprocessed,N,0.43137254901960786,0.40863654538184724,0.41545734647317545,17.76,0.7,0.01,4,100,0.3,0.1,1.0,0.5,0.8
Preprocessed,N,0.4117647058823529,0.2916666666666667,0.3088235294117647,17.49,0.7,0.01,4,100,0.3,0.1,5.0,0.5,0.6
Preprocessed,N,0.3333333333333333,0.25,0.2647058823529412,17.7,0.7,0.01,4,100,0.3,0.1,5.0,0.5,0.7
Preprocessed,N,0.3333333333333333,0.2702020202020202,0.2828282828282829,18.08,0.7,0.01,4,100,0.3,0.1,5.0,0.5,0.8
Preprocessed,N,0.39215686274509803,0.28169014084507044,0.2982601491300746,17.4,0.7,0.01,4,100,0.3,1.0,1.0,0.5,0.6
Preprocessed,N,0.3333333333333333,0.25,0.2647058823529412,17.82,0.7,0.01,4,100,0.3,1.0,1.0,0.5,0.7
Preprocessed,N,0.3137254901960784,0.23880597014925373,0.2528533801580334,17.74,0.7,0.01,4,100,0.3,1.0,1.0,0.5,0.8
Preprocessed,N,0.4117647058823529,0.2916666666666667,0.3088235294117647,17.53,0.7,0.01,4,100,0.3,1.0,5.0,0.5,0.6
Preprocessed,N,0.4117647058823529,0.2916666666666667,0.3088235294117647,17.76,0.7,0.01,4,100,0.3,1.0,5.0,0.5,0.7
Preprocessed,N,0.3333333333333333,0.25,0.2647058823529412,17.77,0.7,0.01,4,100,0.3,1.0,5.0,0.5,0.8
Preprocessed,N,0.37254901960784315,0.32894736842105265,0.3390092879256966,42.37,0.7,0.01,4,150,0.1,0.1,1.0,0.5,0.6
Preprocessed,N,0.39215686274509803,0.3565323565323565,0.3654384830855419,42.5,0.7,0.01,4,150,0.1,0.1,1.0,0.5,0.7
Preprocessed,N,0.5098039215686274,0.5029239766081871,0.5063639490884073,42.41,0.7,0.01,4,150,0.1,0.1,1.0,0.5,0.8
Preprocessed,N,0.35294117647058826,0.2823027718550107,0.29554747272043147,42.08,0.7,0.01,4,150,0.1,0.1,5.0,0.5,0.6
Preprocessed,N,0.35294117647058826,0.3002079002079002,0.31150788797847623,42.34,0.7,0.01,4,150,0.1,0.1,5.0,0.5,0.7
Preprocessed,N,0.39215686274509803,0.3565323565323565,0.3654384830855419,43.25,0.7,0.01,4,150,0.1,0.1,5.0,0.5,0.8
Preprocessed,N,0.35294117647058826,0.2823027718550107,0.29554747272043147,42.2,0.7,0.01,4,150,0.1,1.0,1.0,0.5,0.6
Preprocessed,N,0.3333333333333333,0.2702020202020202,0.2828282828282829,42.4,0.7,0.01,4,150,0.1,1.0,1.0,0.5,0.7
Preprocessed,N,0.3333333333333333,0.2702020202020202,0.2828282828282829,42.5,0.7,0.01,4,150,0.1,1.0,1.0,0.5,0.8
Preprocessed,N,0.39215686274509803,0.28169014084507044,0.2982601491300746,42.06,0.7,0.01,4,150,0.1,1.0,5.0,0.5,0.6
Preprocessed,N,0.3333333333333333,0.25,0.2647058823529412,42.62,0.7,0.01,4,150,0.1,1.0,5.0,0.5,0.7
Preprocessed,N,0.3333333333333333,0.2702020202020202,0.2828282828282829,42.35,0.7,0.01,4,150,0.1,1.0,5.0,0.5,0.8
Preprocessed,N,0.35294117647058826,0.3002079002079002,0.31150788797847623,37.8,0.7,0.01,4,150,0.3,0.1,1.0,0.5,0.6
Preprocessed,N,0.37254901960784315,0.32894736842105265,0.3390092879256966,38.12,0.7,0.01,4,150,0.3,0.1,1.0,0.5,0.7
Preprocessed,N,0.5098039215686274,0.5029239766081871,0.5063639490884073,38.79,0.7,0.01,4,150,0.3,0.1,1.0,0.5,0.8
Preprocessed,N,0.4117647058823529,0.3169642857142857,0.3319327731092437,37.77,0.7,0.01,4,150,0.3,0.1,5.0,0.5,0.6
Preprocessed,N,0.3333333333333333,0.2702020202020202,0.2828282828282829,38.26,0.7,0.01,4,150,0.3,0.1,5.0,0.5,0.7
Preprocessed,N,0.35294117647058826,0.3002079002079002,0.31150788797847623,38.05,0.7,0.01,4,150,0.3,0.1,5.0,0.5,0.8
Preprocessed,N,0.37254901960784315,0.29411764705882354,0.3079584775086505,38.8,0.7,0.01,4,150,0.3,1.0,1.0,0.5,0.6
Preprocessed,N,0.3333333333333333,0.2702020202020202,0.2828282828282829,38.41,0.7,0.01,4,150,0.3,1.0,1.0,0.5,0.7
Preprocessed,N,0.3333333333333333,0.2702020202020202,0.2828282828282829,38.25,0.7,0.01,4,150,0.3,1.0,1.0,0.5,0.8
Preprocessed,N,0.4117647058823529,0.2916666666666667,0.3088235294117647,38.08,0.7,0.01,4,150,0.3,1.0,5.0,0.5,0.6
Preprocessed,N,0.3333333333333333,0.25,0.2647058823529412,38.0,0.7,0.01,4,150,0.3,1.0,5.0,0.5,0.7
Preprocessed,N,0.3333333333333333,0.2702020202020202,0.2828282828282829,38.25,0.7,0.01,4,150,0.3,1.0,5.0,0.5,0.8
Preprocessed,N,0.37254901960784315,0.32894736842105265,0.3390092879256966,5.66,0.7,0.05,2,50,0.1,0.1,1.0,0.5,0.6
Preprocessed,N,0.47058823529411764,0.4572329523058731,0.46224118342646475,5.24,0.7,0.05,2,50,0.1,0.1,1.0,0.5,0.7
Preprocessed,N,0.5686274509803921,0.5644409937888198,0.5669528681037632,5.36,0.7,0.05,2,50,0.1,0.1,1.0,0.5,0.8
Preprocessed,N,0.35294117647058826,0.3002079002079002,0.31150788797847623,5.23,0.7,0.05,2,50,0.1,0.1,5.0,0.5,0.6
Preprocessed,N,0.4117647058823529,0.38306451612903225,0.39089184060721066,5.3,0.7,0.05,2,50,0.1,0.1,5.0,0.5,0.7
Preprocessed,N,0.5294117647058824,0.5248447204968945,0.5275849470222872,5.29,0.7,0.05,2,50,0.1,0.1,5.0,0.5,0.8
Preprocessed,N,0.35294117647058826,0.3002079002079002,0.31150788797847623,5.53,0.7,0.05,2,50,0.1,1.0,1.0,0.5,0.6
Preprocessed,N,0.39215686274509803,0.3565323565323565,0.3654384830855419,5.18,0.7,0.05,2,50,0.1,1.0,1.0,0.5,0.7
Preprocessed,N,0.5098039215686274,0.4974379188017344,0.5020751698393193,5.43,0.7,0.05,2,50,0.1,1.0,1.0,0.5,0.8
Preprocessed,N,0.3333333333333333,0.2702020202020202,0.2828282828282829,5.19,0.7,0.05,2,50,0.1,1.0,5.0,0.5,0.6
Preprocessed,N,0.35294117647058826,0.3002079002079002,0.31150788797847623,5.46,0.7,0.05,2,50,0.1,1.0,5.0,0.5,0.7
Preprocessed,N,0.47058823529411764,0.4572329523058731,0.46224118342646475,5.37,0.7,0.05,2,50,0.1,1.0,5.0,0.5,0.8
Preprocessed,N,0.37254901960784315,0.32894736842105265,0.3390092879256966,5.02,0.7,0.05,2,50,0.3,0.1,1.0,0.5,0.6
Preprocessed,N,0.45098039215686275,0.43333333333333335,0.4392156862745098,4.86,0.7,0.05,2,50,0.3,0.1,1.0,0.5,0.7
Preprocessed,N,0.5686274509803921,0.5644409937888198,0.5669528681037632,5.1,0.7,0.05,2,50,0.3,0.1,1.0,0.5,0.8
Preprocessed,N,0.35294117647058826,0.3002079002079002,0.31150788797847623,4.79,0.7,0.05,2,50,0.3,0.1,5.0,0.5,0.6
Preprocessed,N,0.39215686274509803,0.3565323565323565,0.3654384830855419,4.99,0.7,0.05,2,50,0.3,0.1,5.0,0.5,0.7
Preprocessed,N,0.5294117647058824,0.5248447204968945,0.5275849470222872,4.99,0.7,0.05,2,50,0.3,0.1,5.0,0.5,0.8
Preprocessed,N,0.3333333333333333,0.2702020202020202,0.2828282828282829,5.01,0.7,0.05,2,50,0.3,1.0,1.0,0.5,0.6
Preprocessed,N,0.37254901960784315,0.32894736842105265,0.3390092879256966,4.91,0.7,0.05,2,50,0.3,1.0,1.0,0.5,0.7
Preprocessed,N,0.49019607843137253,0.4804075235109718,0.4846026184768578,4.98,0.7,0.05,2,50,0.3,1.0,1.0,0.5,0.8
Preprocessed,N,0.3333333333333333,0.2702020202020202,0.2828282828282829,4.84,0.7,0.05,2,50,0.3,1.0,5.0,0.5,0.6
Preprocessed,N,0.3333333333333333,0.2702020202020202,0.2828282828282829,4.92,0.7,0.05,2,50,0.3,1.0,5.0,0.5,0.7
Preprocessed,N,0.43137254901960786,0.40863654538184724,0.41545734647317545,4.98,0.7,0.05,2,50,0.3,1.0,5.0,0.5,0.8
Preprocessed,N,0.45098039215686275,0.43333333333333335,0.4392156862745098,19.25,0.7,0.05,2,100,0.1,0.1,1.0,0.5,0.6
Preprocessed,N,0.49019607843137253,0.4804075235109718,0.4846026184768578,19.29,0.7,0.05,2,100,0.1,0.1,1.0,0.5,0.7
Preprocessed,N,0.49019607843137253,0.48842592592592593,0.49019607843137253,19.24,0.7,0.05,2,100,0.1,0.1,1.0,0.5,0.8
Preprocessed,N,0.37254901960784315,0.32894736842105265,0.3390092879256966,19.5,0.7,0.05,2,100,0.1,0.1,5.0,0.5,0.6
Preprocessed,N,0.47058823529411764,0.4572329523058731,0.46224118342646475,19.15,0.7,0.05,2,100,0.1,0.1,5.0,0.5,0.7
Preprocessed,N,0.5098039215686274,0.5067698259187621,0.5090453976561611,19.07,0.7,0.05,2,100,0.1,0.1,5.0,0.5,0.8
Preprocessed,N,0.37254901960784315,0.32894736842105265,0.3390092879256966,19.18,0.7,0.05,2,100,0.1,1.0,1.0,0.5,0.6
Preprocessed,N,0.47058823529411764,0.4572329523058731,0.46224118342646475,19.42,0.7,0.05,2,100,0.1,1.0,1.0,0.5,0.7
Preprocessed,N,0.5098039215686274,0.5029239766081871,0.5063639490884073,19.37,0.7,0.05,2,100,0.1,1.0,1.0,0.5,0.8
Preprocessed,N,0.37254901960784315,0.32894736842105265,0.3390092879256966,19.23,0.7,0.05,2,100,0.1,1.0,5.0,0.5,0.6
Preprocessed,N,0.43137254901960786,0.40863654538184724,0.41545734647317545,19.17,0.7,0.05,2,100,0.1,1.0,5.0,0.5,0.7
Preprocessed,N,0.5098039215686274,0.5067698259187621,0.5090453976561611,19.28,0.7,0.05,2,100,0.1,1.0,5.0,0.5,0.8
Preprocessed,N,0.45098039215686275,0.43333333333333335,0.4392156862745098,17.71,0.7,0.05,2,100,0.3,0.1,1.0,0.5,0.6
Preprocessed,N,0.5098039215686274,0.5029239766081871,0.5063639490884073,17.52,0.7,0.05,2,100,0.3,0.1,1.0,0.5,0.7
Preprocessed,N,0.5490196078431373,0.5426900584795321,0.5458548331613347,17.89,0.7,0.05,2,100,0.3,0.1,1.0,0.5,0.8
Preprocessed,N,0.37254901960784315,0.32894736842105265,0.3390092879256966,17.25,0.7,0.05,2,100,0.3,0.1,5.0,0.5,0.6
Preprocessed,N,0.47058823529411764,0.4572329523058731,0.46224118342646475,17.52,0.7,0.05,2,100,0.3,0.1,5.0,0.5,0.7
Preprocessed,N,0.5098039215686274,0.5067698259187621,0.5090453976561611,17.8,0.7,0.05,2,100,0.3,0.1,5.0,0.5,0.8
Preprocessed,N,0.37254901960784315,0.32894736842105265,0.3390092879256966,17.32,0.7,0.05,2,100,0.3,1.0,1.0,0.5,0.6
Preprocessed,N,0.45098039215686275,0.43333333333333335,0.4392156862745098,17.51,0.7,0.05,2,100,0.3,1.0,1.0,0.5,0.7
Preprocessed,N,0.5294117647058824,0.5248447204968945,0.5275849470222872,17.42,0.7,0.05,2,100,0.3,1.0,1.0,0.5,0.8
Preprocessed,N,0.37254901960784315,0.32894736842105265,0.3390092879256966,17.39,0.7,0.05,2,100,0.3,1.0,5.0,0.5,0.6
Preprocessed,N,0.43137254901960786,0.40863654538184724,0.41545734647317545,18.0,0.7,0.05,2,100,0.3,1.0,5.0,0.5,0.7
Preprocessed,N,0.5098039215686274,0.5067698259187621,0.5090453976561611,17.49,0.7,0.05,2,100,0.3,1.0,5.0,0.5,0.8
Preprocessed,N,0.49019607843137253,0.4804075235109718,0.4846026184768578,41.94,0.7,0.05,2,150,0.1,0.1,1.0,0.5,0.6
Preprocessed,N,0.47058823529411764,0.4631578947368421,0.46687306501547987,42.1,0.7,0.05,2,150,0.1,0.1,1.0,0.5,0.7
Preprocessed,N,0.5098039215686274,0.5067698259187621,0.5090453976561611,41.99,0.7,0.05,2,150,0.1,0.1,1.0,0.5,0.8
Preprocessed,N,0.4117647058823529,0.38306451612903225,0.39089184060721066,42.36,0.7,0.05,2,150,0.1,0.1,5.0,0.5,0.6
Preprocessed,N,0.47058823529411764,0.4572329523058731,0.46224118342646475,41.97,0.7,0.05,2,150,0.1,0.1,5.0,0.5,0.7
Preprocessed,N,0.5294117647058824,0.5277777777777778,0.5294117647058824,42.51,0.7,0.05,2,150,0.1,0.1,5.0,0.5,0.8
Preprocessed,N,0.39215686274509803,0.3565323565323565,0.3654384830855419,41.89,0.7,0.05,2,150,0.1,1.0,1.0,0.5,0.6
Preprocessed,N,0.47058823529411764,0.4572329523058731,0.46224118342646475,42.1,0.7,0.05,2,150,0.1,1.0,1.0,0.5,0.7
Preprocessed,N,0.5294117647058824,0.5248447204968945,0.5275849470222872,42.33,0.7,0.05,2,150,0.1,1.0,1.0,0.5,0.8
Preprocessed,N,0.39215686274509803,0.3565323565323565,0.3654384830855419,42.21,0.7,0.05,2,150,0.1,1.0,5.0,0.5,0.6
Preprocessed,N,0.45098039215686275,0.43333333333333335,0.4392156862745098,42.44,0.7,0.05,2,150,0.1,1.0,5.0,0.5,0.7
Preprocessed,N,0.5098039215686274,0.5067698259187621,0.5090453976561611,42.41,0.7,0.05,2,150,0.1,1.0,5.0,0.5,0.8
Preprocessed,N,0.49019607843137253,0.4804075235109718,0.4846026184768578,38.36,0.7,0.05,2,150,0.3,0.1,1.0,0.5,0.6
Preprocessed,N,0.5294117647058824,0.5248447204968945,0.5275849470222872,38.17,0.7,0.05,2,150,0.3,0.1,1.0,0.5,0.7
Preprocessed,N,0.5294117647058824,0.5203761755485893,0.5242485709017148,38.17,0.7,0.05,2,150,0.3,0.1,1.0,0.5,0.8
Preprocessed,N,0.39215686274509803,0.3565323565323565,0.3654384830855419,39.71,0.7,0.05,2,150,0.3,0.1,5.0,0.5,0.6
Preprocessed,N,0.47058823529411764,0.4572329523058731,0.46224118342646475,46.11,0.7,0.05,2,150,0.3,0.1,5.0,0.5,0.7
Preprocessed,N,0.5490196078431373,0.5462282398452611,0.5483217658436682,38.71,0.7,0.05,2,150,0.3,0.1,5.0,0.5,0.8
Preprocessed,N,0.37254901960784315,0.32894736842105265,0.3390092879256966,37.72,0.7,0.05,2,150,0.3,1.0,1.0,0.5,0.6
Preprocessed,N,0.47058823529411764,0.4572329523058731,0.46224118342646475,38.08,0.7,0.05,2,150,0.3,1.0,1.0,0.5,0.7
Preprocessed,N,0.5098039215686274,0.5029239766081871,0.5063639490884073,38.18,0.7,0.05,2,150,0.3,1.0,1.0,0.5,0.8
Preprocessed,N,0.39215686274509803,0.3565323565323565,0.3654384830855419,38.27,0.7,0.05,2,150,0.3,1.0,5.0,0.5,0.6
Preprocessed,N,0.43137254901960786,0.40863654538184724,0.41545734647317545,38.08,0.7,0.05,2,150,0.3,1.0,5.0,0.5,0.7
Preprocessed,N,0.47058823529411764,0.4631578947368421,0.46687306501547987,38.67,0.7,0.05,2,150,0.3,1.0,5.0,0.5,0.8
Preprocessed,N,0.37254901960784315,0.32894736842105265,0.3390092879256966,5.4,0.7,0.05,3,50,0.1,0.1,1.0,0.5,0.6
Preprocessed,N,0.47058823529411764,0.4572329523058731,0.46224118342646475,5.31,0.7,0.05,3,50,0.1,0.1,1.0,0.5,0.7
Preprocessed,N,0.5294117647058824,0.5248447204968945,0.5275849470222872,5.58,0.7,0.05,3,50,0.1,0.1,1.0,0.5,0.8
Preprocessed,N,0.35294117647058826,0.3002079002079002,0.31150788797847623,5.24,0.7,0.05,3,50,0.1,0.1,5.0,0.5,0.6
Preprocessed,N,0.4117647058823529,0.38306451612903225,0.39089184060721066,5.52,0.7,0.05,3,50,0.1,0.1,5.0,0.5,0.7
Preprocessed,N,0.5294117647058824,0.5248447204968945,0.5275849470222872,5.39,0.7,0.05,3,50,0.1,0.1,5.0,0.5,0.8
Preprocessed,N,0.35294117647058826,0.3002079002079002,0.31150788797847623,5.39,0.7,0.05,3,50,0.1,1.0,1.0,0.5,0.6
Preprocessed,N,0.39215686274509803,0.3565323565323565,0.3654384830855419,5.35,0.7,0.05,3,50,0.1,1.0,1.0,0.5,0.7
Preprocessed,N,0.5294117647058824,0.5203761755485893,0.5242485709017148,5.66,0.7,0.05,3,50,0.1,1.0,1.0,0.5,0.8
Preprocessed,N,0.3333333333333333,0.2702020202020202,0.2828282828282829,5.23,0.7,0.05,3,50,0.1,1.0,5.0,0.5,0.6
Preprocessed,N,0.35294117647058826,0.3002079002079002,0.31150788797847623,5.48,0.7,0.05,3,50,0.1,1.0,5.0,0.5,0.7
Preprocessed,N,0.49019607843137253,0.4804075235109718,0.4846026184768578,5.49,0.7,0.05,3,50,0.1,1.0,5.0,0.5,0.8
Preprocessed,N,0.37254901960784315,0.32894736842105265,0.3390092879256966,4.79,0.7,0.05,3,50,0.3,0.1,1.0,0.5,0.6
Preprocessed,N,0.45098039215686275,0.43333333333333335,0.4392156862745098,5.11,0.7,0.05,3,50,0.3,0.1,1.0,0.5,0.7
Preprocessed,N,0.5490196078431373,0.5426900584795321,0.5458548331613347,5.08,0.7,0.05,3,50,0.3,0.1,1.0,0.5,0.8
Preprocessed,N,0.35294117647058826,0.3002079002079002,0.31150788797847623,4.88,0.7,0.05,3,50,0.3,0.1,5.0,0.5,0.6
Preprocessed,N,0.39215686274509803,0.3565323565323565,0.3654384830855419,5.01,0.7,0.05,3,50,0.3,0.1,5.0,0.5,0.7
Preprocessed,N,0.5294117647058824,0.5248447204968945,0.5275849470222872,5.08,0.7,0.05,3,50,0.3,0.1,5.0,0.5,0.8
Preprocessed,N,0.3333333333333333,0.2702020202020202,0.2828282828282829,5.13,0.7,0.05,3,50,0.3,1.0,1.0,0.5,0.6
Preprocessed,N,0.37254901960784315,0.32894736842105265,0.3390092879256966,5.1,0.7,0.05,3,50,0.3,1.0,1.0,0.5,0.7
Preprocessed,N,0.49019607843137253,0.4804075235109718,0.4846026184768578,5.1,0.7,0.05,3,50,0.3,1.0,1.0,0.5,0.8
Preprocessed,N,0.3333333333333333,0.2702020202020202,0.2828282828282829,4.95,0.7,0.05,3,50,0.3,1.0,5.0,0.5,0.6
Preprocessed,N,0.3333333333333333,0.2702020202020202,0.2828282828282829,5.07,0.7,0.05,3,50,0.3,1.0,5.0,0.5,0.7
Preprocessed,N,0.43137254901960786,0.40863654538184724,0.41545734647317545,5.17,0.7,0.05,3,50,0.3,1.0,5.0,0.5,0.8
Preprocessed,N,0.45098039215686275,0.43333333333333335,0.4392156862745098,19.21,0.7,0.05,3,100,0.1,0.1,1.0,0.5,0.6
Preprocessed,N,0.49019607843137253,0.4804075235109718,0.4846026184768578,19.33,0.7,0.05,3,100,0.1,0.1,1.0,0.5,0.7
Preprocessed,N,0.5098039215686274,0.5067698259187621,0.5090453976561611,19.51,0.7,0.05,3,100,0.1,0.1,1.0,0.5,0.8
Preprocessed,N,0.37254901960784315,0.32894736842105265,0.3390092879256966,19.38,0.7,0.05,3,100,0.1,0.1,5.0,0.5,0.6
Preprocessed,N,0.47058823529411764,0.4572329523058731,0.46224118342646475,19.43,0.7,0.05,3,100,0.1,0.1,5.0,0.5,0.7
Preprocessed,N,0.5294117647058824,0.5277777777777778,0.5294117647058824,20.01,0.7,0.05,3,100,0.1,0.1,5.0,0.5,0.8
Preprocessed,N,0.37254901960784315,0.32894736842105265,0.3390092879256966,19.36,0.7,0.05,3,100,0.1,1.0,1.0,0.5,0.6
Preprocessed,N,0.47058823529411764,0.4572329523058731,0.46224118342646475,19.66,0.7,0.05,3,100,0.1,1.0,1.0,0.5,0.7
Preprocessed,N,0.5098039215686274,0.5029239766081871,0.5063639490884073,19.85,0.7,0.05,3,100,0.1,1.0,1.0,0.5,0.8
Preprocessed,N,0.37254901960784315,0.32894736842105265,0.3390092879256966,19.6,0.7,0.05,3,100,0.1,1.0,5.0,0.5,0.6
Preprocessed,N,0.43137254901960786,0.40863654538184724,0.41545734647317545,19.65,0.7,0.05,3,100,0.1,1.0,5.0,0.5,0.7
Preprocessed,N,0.5098039215686274,0.5067698259187621,0.5090453976561611,19.6,0.7,0.05,3,100,0.1,1.0,5.0,0.5,0.8
Preprocessed,N,0.45098039215686275,0.43333333333333335,0.4392156862745098,17.9,0.7,0.05,3,100,0.3,0.1,1.0,0.5,0.6
Preprocessed,N,0.5098039215686274,0.5029239766081871,0.5063639490884073,17.63,0.7,0.05,3,100,0.3,0.1,1.0,0.5,0.7
Preprocessed,N,0.5490196078431373,0.5426900584795321,0.5458548331613347,17.72,0.7,0.05,3,100,0.3,0.1,1.0,0.5,0.8
Preprocessed,N,0.37254901960784315,0.32894736842105265,0.3390092879256966,18.55,0.7,0.05,3,100,0.3,0.1,5.0,0.5,0.6
Preprocessed,N,0.47058823529411764,0.4572329523058731,0.46224118342646475,17.82,0.7,0.05,3,100,0.3,0.1,5.0,0.5,0.7
Preprocessed,N,0.5098039215686274,0.5067698259187621,0.5090453976561611,18.5,0.7,0.05,3,100,0.3,0.1,5.0,0.5,0.8
Preprocessed,N,0.37254901960784315,0.32894736842105265,0.3390092879256966,17.78,0.7,0.05,3,100,0.3,1.0,1.0,0.5,0.6
Preprocessed,N,0.45098039215686275,0.43333333333333335,0.4392156862745098,17.83,0.7,0.05,3,100,0.3,1.0,1.0,0.5,0.7
Preprocessed,N,0.5294117647058824,0.5248447204968945,0.5275849470222872,18.05,0.7,0.05,3,100,0.3,1.0,1.0,0.5,0.8
Preprocessed,N,0.37254901960784315,0.32894736842105265,0.3390092879256966,17.62,0.7,0.05,3,100,0.3,1.0,5.0,0.5,0.6
Preprocessed,N,0.43137254901960786,0.40863654538184724,0.41545734647317545,17.81,0.7,0.05,3,100,0.3,1.0,5.0,0.5,0.7
Preprocessed,N,0.5098039215686274,0.5067698259187621,0.5090453976561611,18.17,0.7,0.05,3,100,0.3,1.0,5.0,0.5,0.8
Preprocessed,N,0.49019607843137253,0.4804075235109718,0.4846026184768578,42.2,0.7,0.05,3,150,0.1,0.1,1.0,0.5,0.6
Preprocessed,N,0.47058823529411764,0.4631578947368421,0.46687306501547987,43.11,0.7,0.05,3,150,0.1,0.1,1.0,0.5,0.7
Preprocessed,N,0.5098039215686274,0.5029239766081871,0.5063639490884073,42.77,0.7,0.05,3,150,0.1,0.1,1.0,0.5,0.8
Preprocessed,N,0.4117647058823529,0.38306451612903225,0.39089184060721066,42.29,0.7,0.05,3,150,0.1,0.1,5.0,0.5,0.6
Preprocessed,N,0.47058823529411764,0.4572329523058731,0.46224118342646475,42.41,0.7,0.05,3,150,0.1,0.1,5.0,0.5,0.7
Preprocessed,N,0.5294117647058824,0.5277777777777778,0.5294117647058824,42.94,0.7,0.05,3,150,0.1,0.1,5.0,0.5,0.8
Preprocessed,N,0.39215686274509803,0.3565323565323565,0.3654384830855419,42.6,0.7,0.05,3,150,0.1,1.0,1.0,0.5,0.6
Preprocessed,N,0.47058823529411764,0.4572329523058731,0.46224118342646475,42.92,0.7,0.05,3,150,0.1,1.0,1.0,0.5,0.7
Preprocessed,N,0.5294117647058824,0.5248447204968945,0.5275849470222872,42.94,0.7,0.05,3,150,0.1,1.0,1.0,0.5,0.8
Preprocessed,N,0.39215686274509803,0.3565323565323565,0.3654384830855419,42.42,0.7,0.05,3,150,0.1,1.0,5.0,0.5,0.6
Preprocessed,N,0.45098039215686275,0.43333333333333335,0.4392156862745098,42.67,0.7,0.05,3,150,0.1,1.0,5.0,0.5,0.7
Preprocessed,N,0.5098039215686274,0.5067698259187621,0.5090453976561611,42.93,0.7,0.05,3,150,0.1,1.0,5.0,0.5,0.8
Preprocessed,N,0.49019607843137253,0.4804075235109718,0.4846026184768578,38.39,0.7,0.05,3,150,0.3,0.1,1.0,0.5,0.6
Preprocessed,N,0.5294117647058824,0.5248447204968945,0.5275849470222872,38.52,0.7,0.05,3,150,0.3,0.1,1.0,0.5,0.7
Preprocessed,N,0.5294117647058824,0.5203761755485893,0.5242485709017148,38.87,0.7,0.05,3,150,0.3,0.1,1.0,0.5,0.8
Preprocessed,N,0.39215686274509803,0.3565323565323565,0.3654384830855419,38.13,0.7,0.05,3,150,0.3,0.1,5.0,0.5,0.6
Preprocessed,N,0.47058823529411764,0.4572329523058731,0.46224118342646475,38.69,0.7,0.05,3,150,0.3,0.1,5.0,0.5,0.7
Preprocessed,N,0.5490196078431373,0.5462282398452611,0.5483217658436682,38.57,0.7,0.05,3,150,0.3,0.1,5.0,0.5,0.8
Preprocessed,N,0.37254901960784315,0.32894736842105265,0.3390092879256966,37.98,0.7,0.05,3,150,0.3,1.0,1.0,0.5,0.6
Preprocessed,N,0.47058823529411764,0.4572329523058731,0.46224118342646475,38.63,0.7,0.05,3,150,0.3,1.0,1.0,0.5,0.7
Preprocessed,N,0.5294117647058824,0.5248447204968945,0.5275849470222872,38.73,0.7,0.05,3,150,0.3,1.0,1.0,0.5,0.8
Preprocessed,N,0.39215686274509803,0.3565323565323565,0.3654384830855419,38.23,0.7,0.05,3,150,0.3,1.0,5.0,0.5,0.6
Preprocessed,N,0.43137254901960786,0.40863654538184724,0.41545734647317545,38.79,0.7,0.05,3,150,0.3,1.0,5.0,0.5,0.7
Preprocessed,N,0.47058823529411764,0.4631578947368421,0.46687306501547987,39.07,0.7,0.05,3,150,0.3,1.0,5.0,0.5,0.8
Preprocessed,N,0.37254901960784315,0.32894736842105265,0.3390092879256966,5.33,0.7,0.05,4,50,0.1,0.1,1.0,0.5,0.6
Preprocessed,N,0.47058823529411764,0.4572329523058731,0.46224118342646475,5.59,0.7,0.05,4,50,0.1,0.1,1.0,0.5,0.7
Preprocessed,N,0.5294117647058824,0.5248447204968945,0.5275849470222872,5.74,0.7,0.05,4,50,0.1,0.1,1.0,0.5,0.8
Preprocessed,N,0.35294117647058826,0.3002079002079002,0.31150788797847623,5.39,0.7,0.05,4,50,0.1,0.1,5.0,0.5,0.6
Preprocessed,N,0.4117647058823529,0.38306451612903225,0.39089184060721066,5.44,0.7,0.05,4,50,0.1,0.1,5.0,0.5,0.7
Preprocessed,N,0.5294117647058824,0.5248447204968945,0.5275849470222872,5.53,0.7,0.05,4,50,0.1,0.1,5.0,0.5,0.8
Preprocessed,N,0.35294117647058826,0.3002079002079002,0.31150788797847623,5.48,0.7,0.05,4,50,0.1,1.0,1.0,0.5,0.6
Preprocessed,N,0.39215686274509803,0.3565323565323565,0.3654384830855419,5.53,0.7,0.05,4,50,0.1,1.0,1.0,0.5,0.7
Preprocessed,N,0.5294117647058824,0.5203761755485893,0.5242485709017148,5.6,0.7,0.05,4,50,0.1,1.0,1.0,0.5,0.8
Preprocessed,N,0.3333333333333333,0.2702020202020202,0.2828282828282829,5.37,0.7,0.05,4,50,0.1,1.0,5.0,0.5,0.6
Preprocessed,N,0.35294117647058826,0.3002079002079002,0.31150788797847623,5.62,0.7,0.05,4,50,0.1,1.0,5.0,0.5,0.7
Preprocessed,N,0.49019607843137253,0.4804075235109718,0.4846026184768578,5.61,0.7,0.05,4,50,0.1,1.0,5.0,0.5,0.8
Preprocessed,N,0.37254901960784315,0.32894736842105265,0.3390092879256966,4.97,0.7,0.05,4,50,0.3,0.1,1.0,0.5,0.6
Preprocessed,N,0.45098039215686275,0.43333333333333335,0.4392156862745098,5.13,0.7,0.05,4,50,0.3,0.1,1.0,0.5,0.7
Preprocessed,N,0.5490196078431373,0.5426900584795321,0.5458548331613347,5.22,0.7,0.05,4,50,0.3,0.1,1.0,0.5,0.8
Preprocessed,N,0.35294117647058826,0.3002079002079002,0.31150788797847623,5.0,0.7,0.05,4,50,0.3,0.1,5.0,0.5,0.6
Preprocessed,N,0.39215686274509803,0.3565323565323565,0.3654384830855419,5.08,0.7,0.05,4,50,0.3,0.1,5.0,0.5,0.7
Preprocessed,N,0.5294117647058824,0.5248447204968945,0.5275849470222872,5.24,0.7,0.05,4,50,0.3,0.1,5.0,0.5,0.8
Preprocessed,N,0.3333333333333333,0.2702020202020202,0.2828282828282829,5.04,0.7,0.05,4,50,0.3,1.0,1.0,0.5,0.6
Preprocessed,N,0.37254901960784315,0.32894736842105265,0.3390092879256966,5.09,0.7,0.05,4,50,0.3,1.0,1.0,0.5,0.7
Preprocessed,N,0.49019607843137253,0.4804075235109718,0.4846026184768578,5.27,0.7,0.05,4,50,0.3,1.0,1.0,0.5,0.8
Preprocessed,N,0.3333333333333333,0.2702020202020202,0.2828282828282829,5.04,0.7,0.05,4,50,0.3,1.0,5.0,0.5,0.6
Preprocessed,N,0.3333333333333333,0.2702020202020202,0.2828282828282829,5.2,0.7,0.05,4,50,0.3,1.0,5.0,0.5,0.7
Preprocessed,N,0.43137254901960786,0.40863654538184724,0.41545734647317545,5.15,0.7,0.05,4,50,0.3,1.0,5.0,0.5,0.8
Preprocessed,N,0.45098039215686275,0.43333333333333335,0.4392156862745098,19.73,0.7,0.05,4,100,0.1,0.1,1.0,0.5,0.6
Preprocessed,N,0.49019607843137253,0.4804075235109718,0.4846026184768578,19.58,0.7,0.05,4,100,0.1,0.1,1.0,0.5,0.7
Preprocessed,N,0.5098039215686274,0.5067698259187621,0.5090453976561611,19.81,0.7,0.05,4,100,0.1,0.1,1.0,0.5,0.8
Preprocessed,N,0.37254901960784315,0.32894736842105265,0.3390092879256966,19.81,0.7,0.05,4,100,0.1,0.1,5.0,0.5,0.6
Preprocessed,N,0.47058823529411764,0.4572329523058731,0.46224118342646475,19.5,0.7,0.05,4,100,0.1,0.1,5.0,0.5,0.7
Preprocessed,N,0.5294117647058824,0.5277777777777778,0.5294117647058824,19.53,0.7,0.05,4,100,0.1,0.1,5.0,0.5,0.8
Preprocessed,N,0.37254901960784315,0.32894736842105265,0.3390092879256966,19.39,0.7,0.05,4,100,0.1,1.0,1.0,0.5,0.6
Preprocessed,N,0.47058823529411764,0.4572329523058731,0.46224118342646475,19.45,0.7,0.05,4,100,0.1,1.0,1.0,0.5,0.7
Preprocessed,N,0.5098039215686274,0.5029239766081871,0.5063639490884073,19.52,0.7,0.05,4,100,0.1,1.0,1.0,0.5,0.8
Preprocessed,N,0.37254901960784315,0.32894736842105265,0.3390092879256966,19.28,0.7,0.05,4,100,0.1,1.0,5.0,0.5,0.6
Preprocessed,N,0.43137254901960786,0.40863654538184724,0.41545734647317545,19.42,0.7,0.05,4,100,0.1,1.0,5.0,0.5,0.7
Preprocessed,N,0.5098039215686274,0.5067698259187621,0.5090453976561611,19.48,0.7,0.05,4,100,0.1,1.0,5.0,0.5,0.8
Preprocessed,N,0.45098039215686275,0.43333333333333335,0.4392156862745098,17.83,0.7,0.05,4,100,0.3,0.1,1.0,0.5,0.6
Preprocessed,N,0.5098039215686274,0.5029239766081871,0.5063639490884073,17.77,0.7,0.05,4,100,0.3,0.1,1.0,0.5,0.7
Preprocessed,N,0.5490196078431373,0.5426900584795321,0.5458548331613347,17.68,0.7,0.05,4,100,0.3,0.1,1.0,0.5,0.8
Preprocessed,N,0.37254901960784315,0.32894736842105265,0.3390092879256966,17.52,0.7,0.05,4,100,0.3,0.1,5.0,0.5,0.6
Preprocessed,N,0.47058823529411764,0.4572329523058731,0.46224118342646475,17.89,0.7,0.05,4,100,0.3,0.1,5.0,0.5,0.7
Preprocessed,N,0.5098039215686274,0.5067698259187621,0.5090453976561611,17.98,0.7,0.05,4,100,0.3,0.1,5.0,0.5,0.8
Preprocessed,N,0.37254901960784315,0.32894736842105265,0.3390092879256966,17.46,0.7,0.05,4,100,0.3,1.0,1.0,0.5,0.6
Preprocessed,N,0.45098039215686275,0.43333333333333335,0.4392156862745098,18.06,0.7,0.05,4,100,0.3,1.0,1.0,0.5,0.7
Preprocessed,N,0.5294117647058824,0.5248447204968945,0.5275849470222872,18.02,0.7,0.05,4,100,0.3,1.0,1.0,0.5,0.8
Preprocessed,N,0.37254901960784315,0.32894736842105265,0.3390092879256966,17.48,0.7,0.05,4,100,0.3,1.0,5.0,0.5,0.6
Preprocessed,N,0.43137254901960786,0.40863654538184724,0.41545734647317545,18.06,0.7,0.05,4,100,0.3,1.0,5.0,0.5,0.7
Preprocessed,N,0.5098039215686274,0.5067698259187621,0.5090453976561611,18.39,0.7,0.05,4,100,0.3,1.0,5.0,0.5,0.8
Preprocessed,N,0.49019607843137253,0.4804075235109718,0.4846026184768578,42.1,0.7,0.05,4,150,0.1,0.1,1.0,0.5,0.6
Preprocessed,N,0.47058823529411764,0.4631578947368421,0.46687306501547987,42.08,0.7,0.05,4,150,0.1,0.1,1.0,0.5,0.7
Preprocessed,N,0.5098039215686274,0.5029239766081871,0.5063639490884073,42.48,0.7,0.05,4,150,0.1,0.1,1.0,0.5,0.8
Preprocessed,N,0.4117647058823529,0.38306451612903225,0.39089184060721066,42.27,0.7,0.05,4,150,0.1,0.1,5.0,0.5,0.6
Preprocessed,N,0.47058823529411764,0.4572329523058731,0.46224118342646475,42.52,0.7,0.05,4,150,0.1,0.1,5.0,0.5,0.7
Preprocessed,N,0.5294117647058824,0.5277777777777778,0.5294117647058824,42.4,0.7,0.05,4,150,0.1,0.1,5.0,0.5,0.8
Preprocessed,N,0.39215686274509803,0.3565323565323565,0.3654384830855419,41.95,0.7,0.05,4,150,0.1,1.0,1.0,0.5,0.6
Preprocessed,N,0.47058823529411764,0.4572329523058731,0.46224118342646475,42.39,0.7,0.05,4,150,0.1,1.0,1.0,0.5,0.7
Preprocessed,N,0.5294117647058824,0.5248447204968945,0.5275849470222872,42.9,0.7,0.05,4,150,0.1,1.0,1.0,0.5,0.8
Preprocessed,N,0.39215686274509803,0.3565323565323565,0.3654384830855419,41.94,0.7,0.05,4,150,0.1,1.0,5.0,0.5,0.6
Preprocessed,N,0.45098039215686275,0.43333333333333335,0.4392156862745098,42.17,0.7,0.05,4,150,0.1,1.0,5.0,0.5,0.7
Preprocessed,N,0.5098039215686274,0.5067698259187621,0.5090453976561611,42.33,0.7,0.05,4,150,0.1,1.0,5.0,0.5,0.8
Preprocessed,N,0.49019607843137253,0.4804075235109718,0.4846026184768578,38.18,0.7,0.05,4,150,0.3,0.1,1.0,0.5,0.6
Preprocessed,N,0.5294117647058824,0.5248447204968945,0.5275849470222872,38.21,0.7,0.05,4,150,0.3,0.1,1.0,0.5,0.7
Preprocessed,N,0.5294117647058824,0.5203761755485893,0.5242485709017148,38.08,0.7,0.05,4,150,0.3,0.1,1.0,0.5,0.8
Preprocessed,N,0.39215686274509803,0.3565323565323565,0.3654384830855419,37.92,0.7,0.05,4,150,0.3,0.1,5.0,0.5,0.6
Preprocessed,N,0.47058823529411764,0.4572329523058731,0.46224118342646475,37.82,0.7,0.05,4,150,0.3,0.1,5.0,0.5,0.7
Preprocessed,N,0.5490196078431373,0.5462282398452611,0.5483217658436682,38.3,0.7,0.05,4,150,0.3,0.1,5.0,0.5,0.8
Preprocessed,N,0.37254901960784315,0.32894736842105265,0.3390092879256966,37.75,0.7,0.05,4,150,0.3,1.0,1.0,0.5,0.6
Preprocessed,N,0.47058823529411764,0.4572329523058731,0.46224118342646475,38.31,0.7,0.05,4,150,0.3,1.0,1.0,0.5,0.7
Preprocessed,N,0.5294117647058824,0.5248447204968945,0.5275849470222872,38.16,0.7,0.05,4,150,0.3,1.0,1.0,0.5,0.8
Preprocessed,N,0.39215686274509803,0.3565323565323565,0.3654384830855419,37.84,0.7,0.05,4,150,0.3,1.0,5.0,0.5,0.6
Preprocessed,N,0.43137254901960786,0.40863654538184724,0.41545734647317545,38.25,0.7,0.05,4,150,0.3,1.0,5.0,0.5,0.7
Preprocessed,N,0.47058823529411764,0.4631578947368421,0.46687306501547987,38.62,0.7,0.05,4,150,0.3,1.0,5.0,0.5,0.8
Preprocessed,N,0.47058823529411764,0.4572329523058731,0.46224118342646475,5.48,0.7,0.1,2,50,0.1,0.1,1.0,0.5,0.6
Preprocessed,N,0.47058823529411764,0.4631578947368421,0.46687306501547987,5.27,0.7,0.1,2,50,0.1,0.1,1.0,0.5,0.7
Preprocessed,N,0.5098039215686274,0.5067698259187621,0.5090453976561611,5.35,0.7,0.1,2,50,0.1,0.1,1.0,0.5,0.8
Preprocessed,N,0.4117647058823529,0.38306451612903225,0.39089184060721066,5.15,0.7,0.1,2,50,0.1,0.1,5.0,0.5,0.6
Preprocessed,N,0.47058823529411764,0.4572329523058731,0.46224118342646475,5.38,0.7,0.1,2,50,0.1,0.1,5.0,0.5,0.7
Preprocessed,N,0.5294117647058824,0.5248447204968945,0.5275849470222872,5.2,0.7,0.1,2,50,0.1,0.1,5.0,0.5,0.8
Preprocessed,N,0.43137254901960786,0.40863654538184724,0.41545734647317545,5.31,0.7,0.1,2,50,0.1,1.0,1.0,0.5,0.6
Preprocessed,N,0.49019607843137253,0.4804075235109718,0.4846026184768578,5.32,0.7,0.1,2,50,0.1,1.0,1.0,0.5,0.7
Preprocessed,N,0.5294117647058824,0.5248447204968945,0.5275849470222872,5.46,0.7,0.1,2,50,0.1,1.0,1.0,0.5,0.8
Preprocessed,N,0.37254901960784315,0.32894736842105265,0.3390092879256966,5.24,0.7,0.1,2,50,0.1,1.0,5.0,0.5,0.6
Preprocessed,N,0.43137254901960786,0.40863654538184724,0.41545734647317545,5.34,0.7,0.1,2,50,0.1,1.0,5.0,0.5,0.7
Preprocessed,N,0.5294117647058824,0.5203761755485893,0.5242485709017148,5.18,0.7,0.1,2,50,0.1,1.0,5.0,0.5,0.8
Preprocessed,N,0.49019607843137253,0.4738095238095238,0.4792717086834734,5.03,0.7,0.1,2,50,0.3,0.1,1.0,0.5,0.6
Preprocessed,N,0.5294117647058824,0.5277777777777778,0.5294117647058824,4.89,0.7,0.1,2,50,0.3,0.1,1.0,0.5,0.7
Preprocessed,N,0.5294117647058824,0.5248447204968945,0.5275849470222872,5.08,0.7,0.1,2,50,0.3,0.1,1.0,0.5,0.8
Preprocessed,N,0.37254901960784315,0.3419354838709677,0.3502846299810247,4.91,0.7,0.1,2,50,0.3,0.1,5.0,0.5,0.6
Preprocessed,N,0.45098039215686275,0.44043887147335425,0.44495666605200074,4.95,0.7,0.1,2,50,0.3,0.1,5.0,0.5,0.7
Preprocessed,N,0.5490196078431373,0.5462282398452611,0.5483217658436682,4.93,0.7,0.1,2,50,0.3,0.1,5.0,0.5,0.8
Preprocessed,N,0.35294117647058826,0.315018315018315,0.3244990303813833,4.96,0.7,0.1,2,50,0.3,1.0,1.0,0.5,0.6
Preprocessed,N,0.49019607843137253,0.4804075235109718,0.4846026184768578,5.05,0.7,0.1,2,50,0.3,1.0,1.0,0.5,0.7
Preprocessed,N,0.5294117647058824,0.5203761755485893,0.5242485709017148,5.31,0.7,0.1,2,50,0.3,1.0,1.0,0.5,0.8
Preprocessed,N,0.37254901960784315,0.32894736842105265,0.3390092879256966,4.99,0.7,0.1,2,50,0.3,1.0,5.0,0.5,0.6
Preprocessed,N,0.4117647058823529,0.38306451612903225,0.39089184060721066,4.89,0.7,0.1,2,50,0.3,1.0,5.0,0.5,0.7
Preprocessed,N,0.5294117647058824,0.5203761755485893,0.5242485709017148,4.98,0.7,0.1,2,50,0.3,1.0,5.0,0.5,0.8
Preprocessed,N,0.5098039215686274,0.5029239766081871,0.5063639490884073,19.25,0.7,0.1,2,100,0.1,0.1,1.0,0.5,0.6
Preprocessed,N,0.49019607843137253,0.48524844720496896,0.48821702594081107,19.49,0.7,0.1,2,100,0.1,0.1,1.0,0.5,0.7
Preprocessed,N,0.5686274509803921,0.5671296296296295,0.5686274509803921,19.29,0.7,0.1,2,100,0.1,0.1,1.0,0.5,0.8
Preprocessed,N,0.49019607843137253,0.4804075235109718,0.4846026184768578,19.28,0.7,0.1,2,100,0.1,0.1,5.0,0.5,0.6
Preprocessed,N,0.5294117647058824,0.5248447204968945,0.5275849470222872,19.26,0.7,0.1,2,100,0.1,0.1,5.0,0.5,0.7
Preprocessed,N,0.5098039215686274,0.5090489025798999,0.5101814310629912,19.23,0.7,0.1,2,100,0.1,0.1,5.0,0.5,0.8
Preprocessed,N,0.49019607843137253,0.4804075235109718,0.4846026184768578,19.17,0.7,0.1,2,100,0.1,1.0,1.0,0.5,0.6
Preprocessed,N,0.5098039215686274,0.5067698259187621,0.5090453976561611,19.28,0.7,0.1,2,100,0.1,1.0,1.0,0.5,0.7
Preprocessed,N,0.5294117647058824,0.5277777777777778,0.5294117647058824,19.56,0.7,0.1,2,100,0.1,1.0,1.0,0.5,0.8
Preprocessed,N,0.39215686274509803,0.3565323565323565,0.3654384830855419,19.19,0.7,0.1,2,100,0.1,1.0,5.0,0.5,0.6
Preprocessed,N,0.45098039215686275,0.43333333333333335,0.4392156862745098,19.35,0.7,0.1,2,100,0.1,1.0,5.0,0.5,0.7
Preprocessed,N,0.5686274509803921,0.5671296296296295,0.5686274509803921,19.24,0.7,0.1,2,100,0.1,1.0,5.0,0.5,0.8
Preprocessed,N,0.5098039215686274,0.5029239766081871,0.5063639490884073,17.49,0.7,0.1,2,100,0.3,0.1,1.0,0.5,0.6
Preprocessed,N,0.49019607843137253,0.48524844720496896,0.48821702594081107,17.26,0.7,0.1,2,100,0.3,0.1,1.0,0.5,0.7
Preprocessed,N,0.5686274509803921,0.5671296296296295,0.5686274509803921,17.61,0.7,0.1,2,100,0.3,0.1,1.0,0.5,0.8
Preprocessed,N,0.5098039215686274,0.5029239766081871,0.5063639490884073,17.4,0.7,0.1,2,100,0.3,0.1,5.0,0.5,0.6
Preprocessed,N,0.49019607843137253,0.48524844720496896,0.48821702594081107,17.63,0.7,0.1,2,100,0.3,0.1,5.0,0.5,0.7
Preprocessed,N,0.5294117647058824,0.5248447204968945,0.5275849470222872,17.56,0.7,0.1,2,100,0.3,0.1,5.0,0.5,0.8
Preprocessed,N,0.45098039215686275,0.43333333333333335,0.4392156862745098,17.73,0.7,0.1,2,100,0.3,1.0,1.0,0.5,0.6
Preprocessed,N,0.49019607843137253,0.48524844720496896,0.48821702594081107,17.92,0.7,0.1,2,100,0.3,1.0,1.0,0.5,0.7
Preprocessed,N,0.5490196078431373,0.5462282398452611,0.5483217658436682,17.65,0.7,0.1,2,100,0.3,1.0,1.0,0.5,0.8
Preprocessed,N,0.37254901960784315,0.32894736842105265,0.3390092879256966,17.51,0.7,0.1,2,100,0.3,1.0,5.0,0.5,0.6
Preprocessed,N,0.47058823529411764,0.4572329523058731,0.46224118342646475,17.71,0.7,0.1,2,100,0.3,1.0,5.0,0.5,0.7
Preprocessed,N,0.5294117647058824,0.5248447204968945,0.5275849470222872,17.58,0.7,0.1,2,100,0.3,1.0,5.0,0.5,0.8
Preprocessed,N,0.49019607843137253,0.4804075235109718,0.4846026184768578,42.14,0.7,0.1,2,150,0.1,0.1,1.0,0.5,0.6
Preprocessed,N,0.49019607843137253,0.4804075235109718,0.4846026184768578,42.09,0.7,0.1,2,150,0.1,0.1,1.0,0.5,0.7
Preprocessed,N,0.49019607843137253,0.48524844720496896,0.48821702594081107,42.17,0.7,0.1,2,150,0.1,0.1,1.0,0.5,0.8
Preprocessed,N,0.49019607843137253,0.4804075235109718,0.4846026184768578,41.77,0.7,0.1,2,150,0.1,0.1,5.0,0.5,0.6
Preprocessed,N,0.47058823529411764,0.4631578947368421,0.46687306501547987,41.83,0.7,0.1,2,150,0.1,0.1,5.0,0.5,0.7
Preprocessed,N,0.5490196078431373,0.5462282398452611,0.5483217658436682,42.11,0.7,0.1,2,150,0.1,0.1,5.0,0.5,0.8
Preprocessed,N,0.5294117647058824,0.5248447204968945,0.5275849470222872,42.07,0.7,0.1,2,150,0.1,1.0,1.0,0.5,0.6
Preprocessed,N,0.47058823529411764,0.4631578947368421,0.46687306501547987,41.9,0.7,0.1,2,150,0.1,1.0,1.0,0.5,0.7
Preprocessed,N,0.5294117647058824,0.5277777777777778,0.5294117647058824,42.27,0.7,0.1,2,150,0.1,1.0,1.0,0.5,0.8
Preprocessed,N,0.49019607843137253,0.4804075235109718,0.4846026184768578,42.04,0.7,0.1,2,150,0.1,1.0,5.0,0.5,0.6
Preprocessed,N,0.45098039215686275,0.43333333333333335,0.4392156862745098,42.51,0.7,0.1,2,150,0.1,1.0,5.0,0.5,0.7
Preprocessed,N,0.49019607843137253,0.4804075235109718,0.4846026184768578,42.11,0.7,0.1,2,150,0.1,1.0,5.0,0.5,0.8
Preprocessed,N,0.49019607843137253,0.4804075235109718,0.4846026184768578,37.67,0.7,0.1,2,150,0.3,0.1,1.0,0.5,0.6
Preprocessed,N,0.49019607843137253,0.4804075235109718,0.4846026184768578,38.04,0.7,0.1,2,150,0.3,0.1,1.0,0.5,0.7
Preprocessed,N,0.5686274509803921,0.5671296296296295,0.5686274509803921,38.3,0.7,0.1,2,150,0.3,0.1,1.0,0.5,0.8
Preprocessed,N,0.45098039215686275,0.44043887147335425,0.44495666605200074,38.25,0.7,0.1,2,150,0.3,0.1,5.0,0.5,0.6
Preprocessed,N,0.47058823529411764,0.4631578947368421,0.46687306501547987,37.85,0.7,0.1,2,150,0.3,0.1,5.0,0.5,0.7
Preprocessed,N,0.5098039215686274,0.5029239766081871,0.5063639490884073,37.89,0.7,0.1,2,150,0.3,0.1,5.0,0.5,0.8
Preprocessed,N,0.5098039215686274,0.5067698259187621,0.5090453976561611,37.63,0.7,0.1,2,150,0.3,1.0,1.0,0.5,0.6
Preprocessed,N,0.45098039215686275,0.44043887147335425,0.44495666605200074,37.77,0.7,0.1,2,150,0.3,1.0,1.0,0.5,0.7
Preprocessed,N,0.5686274509803921,0.5644409937888198,0.5669528681037632,38.1,0.7,0.1,2,150,0.3,1.0,1.0,0.5,0.8
Preprocessed,N,0.47058823529411764,0.4572329523058731,0.46224118342646475,37.77,0.7,0.1,2,150,0.3,1.0,5.0,0.5,0.6
Preprocessed,N,0.47058823529411764,0.4572329523058731,0.46224118342646475,37.54,0.7,0.1,2,150,0.3,1.0,5.0,0.5,0.7
Preprocessed,N,0.5098039215686274,0.5029239766081871,0.5063639490884073,38.0,0.7,0.1,2,150,0.3,1.0,5.0,0.5,0.8
Preprocessed,N,0.47058823529411764,0.4572329523058731,0.46224118342646475,5.1,0.7,0.1,3,50,0.1,0.1,1.0,0.5,0.6
Preprocessed,N,0.47058823529411764,0.4631578947368421,0.46687306501547987,5.38,0.7,0.1,3,50,0.1,0.1,1.0,0.5,0.7
Preprocessed,N,0.5098039215686274,0.5067698259187621,0.5090453976561611,5.39,0.7,0.1,3,50,0.1,0.1,1.0,0.5,0.8
Preprocessed,N,0.4117647058823529,0.38306451612903225,0.39089184060721066,5.48,0.7,0.1,3,50,0.1,0.1,5.0,0.5,0.6
Preprocessed,N,0.47058823529411764,0.4572329523058731,0.46224118342646475,5.23,0.7,0.1,3,50,0.1,0.1,5.0,0.5,0.7
Preprocessed,N,0.5098039215686274,0.5029239766081871,0.5063639490884073,5.61,0.7,0.1,3,50,0.1,0.1,5.0,0.5,0.8
Preprocessed,N,0.43137254901960786,0.40863654538184724,0.41545734647317545,5.48,0.7,0.1,3,50,0.1,1.0,1.0,0.5,0.6
Preprocessed,N,0.49019607843137253,0.4804075235109718,0.4846026184768578,5.44,0.7,0.1,3,50,0.1,1.0,1.0,0.5,0.7
Preprocessed,N,0.5294117647058824,0.5248447204968945,0.5275849470222872,5.23,0.7,0.1,3,50,0.1,1.0,1.0,0.5,0.8
Preprocessed,N,0.37254901960784315,0.32894736842105265,0.3390092879256966,5.39,0.7,0.1,3,50,0.1,1.0,5.0,0.5,0.6
Preprocessed,N,0.43137254901960786,0.40863654538184724,0.41545734647317545,5.28,0.7,0.1,3,50,0.1,1.0,5.0,0.5,0.7
Preprocessed,N,0.5490196078431373,0.5426900584795321,0.5458548331613347,5.49,0.7,0.1,3,50,0.1,1.0,5.0,0.5,0.8
Preprocessed,N,0.49019607843137253,0.4738095238095238,0.4792717086834734,4.83,0.7,0.1,3,50,0.3,0.1,1.0,0.5,0.6
Preprocessed,N,0.5294117647058824,0.5277777777777778,0.5294117647058824,5.12,0.7,0.1,3,50,0.3,0.1,1.0,0.5,0.7
Preprocessed,N,0.5294117647058824,0.5248447204968945,0.5275849470222872,5.06,0.7,0.1,3,50,0.3,0.1,1.0,0.5,0.8
Preprocessed,N,0.37254901960784315,0.3419354838709677,0.3502846299810247,4.98,0.7,0.1,3,50,0.3,0.1,5.0,0.5,0.6
Preprocessed,N,0.45098039215686275,0.44043887147335425,0.44495666605200074,4.87,0.7,0.1,3,50,0.3,0.1,5.0,0.5,0.7
Preprocessed,N,0.5098039215686274,0.5067698259187621,0.5090453976561611,5.05,0.7,0.1,3,50,0.3,0.1,5.0,0.5,0.8
Preprocessed,N,0.35294117647058826,0.315018315018315,0.3244990303813833,4.91,0.7,0.1,3,50,0.3,1.0,1.0,0.5,0.6
Preprocessed,N,0.49019607843137253,0.4804075235109718,0.4846026184768578,5.03,0.7,0.1,3,50,0.3,1.0,1.0,0.5,0.7
Preprocessed,N,0.5294117647058824,0.5203761755485893,0.5242485709017148,5.08,0.7,0.1,3,50,0.3,1.0,1.0,0.5,0.8
Preprocessed,N,0.37254901960784315,0.32894736842105265,0.3390092879256966,5.06,0.7,0.1,3,50,0.3,1.0,5.0,0.5,0.6
Preprocessed,N,0.4117647058823529,0.38306451612903225,0.39089184060721066,5.06,0.7,0.1,3,50,0.3,1.0,5.0,0.5,0.7
Preprocessed,N,0.5294117647058824,0.5203761755485893,0.5242485709017148,5.12,0.7,0.1,3,50,0.3,1.0,5.0,0.5,0.8
Preprocessed,N,0.5098039215686274,0.5029239766081871,0.5063639490884073,19.51,0.7,0.1,3,100,0.1,0.1,1.0,0.5,0.6
Preprocessed,N,0.49019607843137253,0.48524844720496896,0.48821702594081107,19.5,0.7,0.1,3,100,0.1,0.1,1.0,0.5,0.7
Preprocessed,N,0.5490196078431373,0.5462282398452611,0.5483217658436682,19.58,0.7,0.1,3,100,0.1,0.1,1.0,0.5,0.8
Preprocessed,N,0.49019607843137253,0.4804075235109718,0.4846026184768578,19.34,0.7,0.1,3,100,0.1,0.1,5.0,0.5,0.6
Preprocessed,N,0.5294117647058824,0.5248447204968945,0.5275849470222872,19.67,0.7,0.1,3,100,0.1,0.1,5.0,0.5,0.7
Preprocessed,N,0.5098039215686274,0.5090489025798999,0.5101814310629912,19.61,0.7,0.1,3,100,0.1,0.1,5.0,0.5,0.8
Preprocessed,N,0.49019607843137253,0.4804075235109718,0.4846026184768578,19.2,0.7,0.1,3,100,0.1,1.0,1.0,0.5,0.6
Preprocessed,N,0.5098039215686274,0.5067698259187621,0.5090453976561611,19.44,0.7,0.1,3,100,0.1,1.0,1.0,0.5,0.7
Preprocessed,N,0.5490196078431373,0.5483249903735079,0.5493669165779519,19.47,0.7,0.1,3,100,0.1,1.0,1.0,0.5,0.8
Preprocessed,N,0.39215686274509803,0.3565323565323565,0.3654384830855419,19.36,0.7,0.1,3,100,0.1,1.0,5.0,0.5,0.6
Preprocessed,N,0.45098039215686275,0.43333333333333335,0.4392156862745098,19.35,0.7,0.1,3,100,0.1,1.0,5.0,0.5,0.7
Preprocessed,N,0.5490196078431373,0.5462282398452611,0.5483217658436682,19.5,0.7,0.1,3,100,0.1,1.0,5.0,0.5,0.8
Preprocessed,N,0.5098039215686274,0.5029239766081871,0.5063639490884073,17.53,0.7,0.1,3,100,0.3,0.1,1.0,0.5,0.6
Preprocessed,N,0.49019607843137253,0.48524844720496896,0.48821702594081107,17.76,0.7,0.1,3,100,0.3,0.1,1.0,0.5,0.7
Preprocessed,N,0.5686274509803921,0.5671296296296295,0.5686274509803921,17.82,0.7,0.1,3,100,0.3,0.1,1.0,0.5,0.8
Preprocessed,N,0.5098039215686274,0.5029239766081871,0.5063639490884073,17.51,0.7,0.1,3,100,0.3,0.1,5.0,0.5,0.6
Preprocessed,N,0.49019607843137253,0.48524844720496896,0.48821702594081107,17.95,0.7,0.1,3,100,0.3,0.1,5.0,0.5,0.7
Preprocessed,N,0.5490196078431373,0.5462282398452611,0.5483217658436682,17.91,0.7,0.1,3,100,0.3,0.1,5.0,0.5,0.8
Preprocessed,N,0.45098039215686275,0.43333333333333335,0.4392156862745098,17.41,0.7,0.1,3,100,0.3,1.0,1.0,0.5,0.6
Preprocessed,N,0.49019607843137253,0.48524844720496896,0.48821702594081107,17.6,0.7,0.1,3,100,0.3,1.0,1.0,0.5,0.7
Preprocessed,N,0.5490196078431373,0.5462282398452611,0.5483217658436682,17.88,0.7,0.1,3,100,0.3,1.0,1.0,0.5,0.8
Preprocessed,N,0.37254901960784315,0.32894736842105265,0.3390092879256966,17.45,0.7,0.1,3,100,0.3,1.0,5.0,0.5,0.6
Preprocessed,N,0.47058823529411764,0.4572329523058731,0.46224118342646475,17.7,0.7,0.1,3,100,0.3,1.0,5.0,0.5,0.7
Preprocessed,N,0.5490196078431373,0.5462282398452611,0.5483217658436682,17.82,0.7,0.1,3,100,0.3,1.0,5.0,0.5,0.8
Preprocessed,N,0.49019607843137253,0.4804075235109718,0.4846026184768578,42.04,0.7,0.1,3,150,0.1,0.1,1.0,0.5,0.6
Preprocessed,N,0.49019607843137253,0.4804075235109718,0.4846026184768578,42.15,0.7,0.1,3,150,0.1,0.1,1.0,0.5,0.7
Preprocessed,N,0.49019607843137253,0.48524844720496896,0.48821702594081107,42.39,0.7,0.1,3,150,0.1,0.1,1.0,0.5,0.8
Preprocessed,N,0.49019607843137253,0.4804075235109718,0.4846026184768578,41.82,0.7,0.1,3,150,0.1,0.1,5.0,0.5,0.6
Preprocessed,N,0.47058823529411764,0.4631578947368421,0.46687306501547987,42.52,0.7,0.1,3,150,0.1,0.1,5.0,0.5,0.7
Preprocessed,N,0.49019607843137253,0.48524844720496896,0.48821702594081107,42.17,0.7,0.1,3,150,0.1,0.1,5.0,0.5,0.8
Preprocessed,N,0.5294117647058824,0.5248447204968945,0.5275849470222872,41.78,0.7,0.1,3,150,0.1,1.0,1.0,0.5,0.6
Preprocessed,N,0.47058823529411764,0.4631578947368421,0.46687306501547987,42.1,0.7,0.1,3,150,0.1,1.0,1.0,0.5,0.7
Preprocessed,N,0.5490196078431373,0.5483249903735079,0.5493669165779519,42.67,0.7,0.1,3,150,0.1,1.0,1.0,0.5,0.8
Preprocessed,N,0.49019607843137253,0.4804075235109718,0.4846026184768578,42.1,0.7,0.1,3,150,0.1,1.0,5.0,0.5,0.6
Preprocessed,N,0.45098039215686275,0.43333333333333335,0.4392156862745098,42.42,0.7,0.1,3,150,0.1,1.0,5.0,0.5,0.7
Preprocessed,N,0.5098039215686274,0.5029239766081871,0.5063639490884073,42.31,0.7,0.1,3,150,0.1,1.0,5.0,0.5,0.8
Preprocessed,N,0.49019607843137253,0.4804075235109718,0.4846026184768578,37.8,0.7,0.1,3,150,0.3,0.1,1.0,0.5,0.6
Preprocessed,N,0.49019607843137253,0.4804075235109718,0.4846026184768578,38.61,0.7,0.1,3,150,0.3,0.1,1.0,0.5,0.7
Preprocessed,N,0.5882352941176471,0.5876010781671159,0.5885524020929126,38.24,0.7,0.1,3,150,0.3,0.1,1.0,0.5,0.8
Preprocessed,N,0.45098039215686275,0.44043887147335425,0.44495666605200074,37.69,0.7,0.1,3,150,0.3,0.1,5.0,0.5,0.6
Preprocessed,N,0.47058823529411764,0.4631578947368421,0.46687306501547987,38.09,0.7,0.1,3,150,0.3,0.1,5.0,0.5,0.7
Preprocessed,N,0.5294117647058824,0.5248447204968945,0.5275849470222872,38.47,0.7,0.1,3,150,0.3,0.1,5.0,0.5,0.8
Preprocessed,N,0.5098039215686274,0.5067698259187621,0.5090453976561611,37.8,0.7,0.1,3,150,0.3,1.0,1.0,0.5,0.6
Preprocessed,N,0.45098039215686275,0.44043887147335425,0.44495666605200074,37.84,0.7,0.1,3,150,0.3,1.0,1.0,0.5,0.7
Preprocessed,N,0.5686274509803921,0.5644409937888198,0.5669528681037632,38.33,0.7,0.1,3,150,0.3,1.0,1.0,0.5,0.8
Preprocessed,N,0.47058823529411764,0.4572329523058731,0.46224118342646475,38.38,0.7,0.1,3,150,0.3,1.0,5.0,0.5,0.6
Preprocessed,N,0.47058823529411764,0.4572329523058731,0.46224118342646475,38.39,0.7,0.1,3,150,0.3,1.0,5.0,0.5,0.7
Preprocessed,N,0.49019607843137253,0.4804075235109718,0.4846026184768578,38.47,0.7,0.1,3,150,0.3,1.0,5.0,0.5,0.8
Preprocessed,N,0.47058823529411764,0.4572329523058731,0.46224118342646475,5.31,0.7,0.1,4,50,0.1,0.1,1.0,0.5,0.6
Preprocessed,N,0.47058823529411764,0.4631578947368421,0.46687306501547987,5.38,0.7,0.1,4,50,0.1,0.1,1.0,0.5,0.7
Preprocessed,N,0.5098039215686274,0.5067698259187621,0.5090453976561611,5.53,0.7,0.1,4,50,0.1,0.1,1.0,0.5,0.8
Preprocessed,N,0.4117647058823529,0.38306451612903225,0.39089184060721066,5.35,0.7,0.1,4,50,0.1,0.1,5.0,0.5,0.6
Preprocessed,N,0.47058823529411764,0.4572329523058731,0.46224118342646475,5.32,0.7,0.1,4,50,0.1,0.1,5.0,0.5,0.7
Preprocessed,N,0.5098039215686274,0.5029239766081871,0.5063639490884073,5.51,0.7,0.1,4,50,0.1,0.1,5.0,0.5,0.8
Preprocessed,N,0.43137254901960786,0.40863654538184724,0.41545734647317545,5.25,0.7,0.1,4,50,0.1,1.0,1.0,0.5,0.6
Preprocessed,N,0.49019607843137253,0.4804075235109718,0.4846026184768578,5.38,0.7,0.1,4,50,0.1,1.0,1.0,0.5,0.7
Preprocessed,N,0.5294117647058824,0.5248447204968945,0.5275849470222872,5.47,0.7,0.1,4,50,0.1,1.0,1.0,0.5,0.8
Preprocessed,N,0.37254901960784315,0.32894736842105265,0.3390092879256966,5.26,0.7,0.1,4,50,0.1,1.0,5.0,0.5,0.6
Preprocessed,N,0.43137254901960786,0.40863654538184724,0.41545734647317545,5.36,0.7,0.1,4,50,0.1,1.0,5.0,0.5,0.7
Preprocessed,N,0.5490196078431373,0.5426900584795321,0.5458548331613347,5.56,0.7,0.1,4,50,0.1,1.0,5.0,0.5,0.8
Preprocessed,N,0.49019607843137253,0.4738095238095238,0.4792717086834734,4.89,0.7,0.1,4,50,0.3,0.1,1.0,0.5,0.6
Preprocessed,N,0.5294117647058824,0.5277777777777778,0.5294117647058824,5.13,0.7,0.1,4,50,0.3,0.1,1.0,0.5,0.7
Preprocessed,N,0.5294117647058824,0.5248447204968945,0.5275849470222872,5.19,0.7,0.1,4,50,0.3,0.1,1.0,0.5,0.8
Preprocessed,N,0.37254901960784315,0.3419354838709677,0.3502846299810247,4.97,0.7,0.1,4,50,0.3,0.1,5.0,0.5,0.6
Preprocessed,N,0.45098039215686275,0.44043887147335425,0.44495666605200074,5.0,0.7,0.1,4,50,0.3,0.1,5.0,0.5,0.7
Preprocessed,N,0.5098039215686274,0.5067698259187621,0.5090453976561611,4.99,0.7,0.1,4,50,0.3,0.1,5.0,0.5,0.8
Preprocessed,N,0.35294117647058826,0.315018315018315,0.3244990303813833,5.05,0.7,0.1,4,50,0.3,1.0,1.0,0.5,0.6
Preprocessed,N,0.49019607843137253,0.4804075235109718,0.4846026184768578,5.14,0.7,0.1,4,50,0.3,1.0,1.0,0.5,0.7
Preprocessed,N,0.5294117647058824,0.5203761755485893,0.5242485709017148,5.07,0.7,0.1,4,50,0.3,1.0,1.0,0.5,0.8
Preprocessed,N,0.37254901960784315,0.32894736842105265,0.3390092879256966,4.99,0.7,0.1,4,50,0.3,1.0,5.0,0.5,0.6
Preprocessed,N,0.4117647058823529,0.38306451612903225,0.39089184060721066,5.08,0.7,0.1,4,50,0.3,1.0,5.0,0.5,0.7
Preprocessed,N,0.5294117647058824,0.5203761755485893,0.5242485709017148,5.1,0.7,0.1,4,50,0.3,1.0,5.0,0.5,0.8
Preprocessed,N,0.5098039215686274,0.5029239766081871,0.5063639490884073,19.62,0.7,0.1,4,100,0.1,0.1,1.0,0.5,0.6
Preprocessed,N,0.49019607843137253,0.48524844720496896,0.48821702594081107,19.46,0.7,0.1,4,100,0.1,0.1,1.0,0.5,0.7
Preprocessed,N,0.5490196078431373,0.5462282398452611,0.5483217658436682,19.7,0.7,0.1,4,100,0.1,0.1,1.0,0.5,0.8
Preprocessed,N,0.49019607843137253,0.4804075235109718,0.4846026184768578,19.16,0.7,0.1,4,100,0.1,0.1,5.0,0.5,0.6
Preprocessed,N,0.5294117647058824,0.5248447204968945,0.5275849470222872,19.55,0.7,0.1,4,100,0.1,0.1,5.0,0.5,0.7
Preprocessed,N,0.5098039215686274,0.5090489025798999,0.5101814310629912,19.43,0.7,0.1,4,100,0.1,0.1,5.0,0.5,0.8
Preprocessed,N,0.49019607843137253,0.4804075235109718,0.4846026184768578,19.32,0.7,0.1,4,100,0.1,1.0,1.0,0.5,0.6
Preprocessed,N,0.5098039215686274,0.5067698259187621,0.5090453976561611,19.37,0.7,0.1,4,100,0.1,1.0,1.0,0.5,0.7
Preprocessed,N,0.5490196078431373,0.5483249903735079,0.5493669165779519,19.69,0.7,0.1,4,100,0.1,1.0,1.0,0.5,0.8
Preprocessed,N,0.39215686274509803,0.3565323565323565,0.3654384830855419,19.34,0.7,0.1,4,100,0.1,1.0,5.0,0.5,0.6
Preprocessed,N,0.45098039215686275,0.43333333333333335,0.4392156862745098,19.45,0.7,0.1,4,100,0.1,1.0,5.0,0.5,0.7
Preprocessed,N,0.5490196078431373,0.5462282398452611,0.5483217658436682,19.66,0.7,0.1,4,100,0.1,1.0,5.0,0.5,0.8
Preprocessed,N,0.5098039215686274,0.5029239766081871,0.5063639490884073,17.61,0.7,0.1,4,100,0.3,0.1,1.0,0.5,0.6
Preprocessed,N,0.49019607843137253,0.48524844720496896,0.48821702594081107,17.81,0.7,0.1,4,100,0.3,0.1,1.0,0.5,0.7
Preprocessed,N,0.5686274509803921,0.5671296296296295,0.5686274509803921,17.71,0.7,0.1,4,100,0.3,0.1,1.0,0.5,0.8
Preprocessed,N,0.5098039215686274,0.5029239766081871,0.5063639490884073,17.75,0.7,0.1,4,100,0.3,0.1,5.0,0.5,0.6
Preprocessed,N,0.49019607843137253,0.48524844720496896,0.48821702594081107,17.55,0.7,0.1,4,100,0.3,0.1,5.0,0.5,0.7
Preprocessed,N,0.5490196078431373,0.5462282398452611,0.5483217658436682,17.75,0.7,0.1,4,100,0.3,0.1,5.0,0.5,0.8
Preprocessed,N,0.45098039215686275,0.43333333333333335,0.4392156862745098,17.7,0.7,0.1,4,100,0.3,1.0,1.0,0.5,0.6
Preprocessed,N,0.49019607843137253,0.48524844720496896,0.48821702594081107,17.84,0.7,0.1,4,100,0.3,1.0,1.0,0.5,0.7
Preprocessed,N,0.5490196078431373,0.5462282398452611,0.5483217658436682,17.69,0.7,0.1,4,100,0.3,1.0,1.0,0.5,0.8
Preprocessed,N,0.37254901960784315,0.32894736842105265,0.3390092879256966,17.49,0.7,0.1,4,100,0.3,1.0,5.0,0.5,0.6
Preprocessed,N,0.47058823529411764,0.4572329523058731,0.46224118342646475,17.7,0.7,0.1,4,100,0.3,1.0,5.0,0.5,0.7
Preprocessed,N,0.5490196078431373,0.5462282398452611,0.5483217658436682,17.87,0.7,0.1,4,100,0.3,1.0,5.0,0.5,0.8
Preprocessed,N,0.49019607843137253,0.4804075235109718,0.4846026184768578,42.1,0.7,0.1,4,150,0.1,0.1,1.0,0.5,0.6
Preprocessed,N,0.49019607843137253,0.4804075235109718,0.4846026184768578,42.07,0.7,0.1,4,150,0.1,0.1,1.0,0.5,0.7
Preprocessed,N,0.49019607843137253,0.48524844720496896,0.48821702594081107,42.58,0.7,0.1,4,150,0.1,0.1,1.0,0.5,0.8
Preprocessed,N,0.49019607843137253,0.4804075235109718,0.4846026184768578,41.89,0.7,0.1,4,150,0.1,0.1,5.0,0.5,0.6
Preprocessed,N,0.47058823529411764,0.4631578947368421,0.46687306501547987,42.29,0.7,0.1,4,150,0.1,0.1,5.0,0.5,0.7
Preprocessed,N,0.49019607843137253,0.48524844720496896,0.48821702594081107,41.88,0.7,0.1,4,150,0.1,0.1,5.0,0.5,0.8
Preprocessed,N,0.5294117647058824,0.5248447204968945,0.5275849470222872,42.07,0.7,0.1,4,150,0.1,1.0,1.0,0.5,0.6
Preprocessed,N,0.47058823529411764,0.4631578947368421,0.46687306501547987,42.07,0.7,0.1,4,150,0.1,1.0,1.0,0.5,0.7
Preprocessed,N,0.5490196078431373,0.5483249903735079,0.5493669165779519,43.16,0.7,0.1,4,150,0.1,1.0,1.0,0.5,0.8
Preprocessed,N,0.49019607843137253,0.4804075235109718,0.4846026184768578,42.32,0.7,0.1,4,150,0.1,1.0,5.0,0.5,0.6
Preprocessed,N,0.45098039215686275,0.43333333333333335,0.4392156862745098,43.14,0.7,0.1,4,150,0.1,1.0,5.0,0.5,0.7
Preprocessed,N,0.5098039215686274,0.5029239766081871,0.5063639490884073,42.92,0.7,0.1,4,150,0.1,1.0,5.0,0.5,0.8
Preprocessed,N,0.49019607843137253,0.4804075235109718,0.4846026184768578,38.1,0.7,0.1,4,150,0.3,0.1,1.0,0.5,0.6
Preprocessed,N,0.49019607843137253,0.4804075235109718,0.4846026184768578,38.16,0.7,0.1,4,150,0.3,0.1,1.0,0.5,0.7
Preprocessed,N,0.5882352941176471,0.5876010781671159,0.5885524020929126,38.45,0.7,0.1,4,150,0.3,0.1,1.0,0.5,0.8
Preprocessed,N,0.45098039215686275,0.44043887147335425,0.44495666605200074,38.09,0.7,0.1,4,150,0.3,0.1,5.0,0.5,0.6
Preprocessed,N,0.47058823529411764,0.4631578947368421,0.46687306501547987,39.81,0.7,0.1,4,150,0.3,0.1,5.0,0.5,0.7
Preprocessed,N,0.5294117647058824,0.5248447204968945,0.5275849470222872,38.81,0.7,0.1,4,150,0.3,0.1,5.0,0.5,0.8
Preprocessed,N,0.5098039215686274,0.5067698259187621,0.5090453976561611,38.42,0.7,0.1,4,150,0.3,1.0,1.0,0.5,0.6
Preprocessed,N,0.45098039215686275,0.44043887147335425,0.44495666605200074,38.53,0.7,0.1,4,150,0.3,1.0,1.0,0.5,0.7
Preprocessed,N,0.5686274509803921,0.5644409937888198,0.5669528681037632,39.1,0.7,0.1,4,150,0.3,1.0,1.0,0.5,0.8
Preprocessed,N,0.47058823529411764,0.4572329523058731,0.46224118342646475,39.13,0.7,0.1,4,150,0.3,1.0,5.0,0.5,0.6
Preprocessed,N,0.47058823529411764,0.4572329523058731,0.46224118342646475,168.13,0.7,0.1,4,150,0.3,1.0,5.0,0.5,0.7
Preprocessed,N,0.49019607843137253,0.4804075235109718,0.4846026184768578,81.24,0.7,0.1,4,150,0.3,1.0,5.0,0.5,0.8
