pipeline,nutrient,accuracy,macro_f1,weighted_f1,duration_s,colsample_bytree,learning_rate,max_depth,n_estimators,rate_drop,reg_alpha,reg_lambda,skip_drop,subsample
RawPixels,N,0.5882352941176471,0.5296442687747036,0.5394094396651941,12.19,0.5,0.01,2,50,0.1,0.1,1.0,0.5,0.6
RawPixels,N,0.5686274509803921,0.5277777777777778,0.5359477124183007,11.34,0.5,0.01,2,50,0.1,0.1,1.0,0.5,0.7
RawPixels,N,0.5882352941176471,0.5546777546777547,0.5618686559863031,11.41,0.5,0.01,2,50,0.1,0.1,1.0,0.5,0.8
RawPixels,N,0.49019607843137253,0.32894736842105265,0.34829721362229105,11.59,0.5,0.01,2,50,0.1,0.1,5.0,0.5,0.6
RawPixels,N,0.49019607843137253,0.38611111111111107,0.4009803921568627,11.47,0.5,0.01,2,50,0.1,0.1,5.0,0.5,0.7
RawPixels,N,0.5294117647058824,0.43333333333333335,0.4470588235294118,11.69,0.5,0.01,2,50,0.1,0.1,5.0,0.5,0.8
RawPixels,N,0.49019607843137253,0.36003861003861004,0.37701567113331824,11.75,0.5,0.01,2,50,0.1,1.0,1.0,0.5,0.6
RawPixels,N,0.5098039215686274,0.4207178555202181,0.4340807654274795,11.89,0.5,0.01,2,50,0.1,1.0,1.0,0.5,0.7
RawPixels,N,0.5686274509803921,0.5147058823529412,0.5242214532871973,12.51,0.5,0.01,2,50,0.1,1.0,1.0,0.5,0.8
RawPixels,N,0.49019607843137253,0.32894736842105265,0.34829721362229105,12.53,0.5,0.01,2,50,0.1,1.0,5.0,0.5,0.6
RawPixels,N,0.47058823529411764,0.32,0.33882352941176475,12.49,0.5,0.01,2,50,0.1,1.0,5.0,0.5,0.7
RawPixels,N,0.5098039215686274,0.39773264052905055,0.4130150879435383,12.2,0.5,0.01,2,50,0.1,1.0,5.0,0.5,0.8
RawPixels,N,0.5294117647058824,0.43333333333333335,0.4470588235294118,11.97,0.5,0.01,2,50,0.3,0.1,1.0,0.5,0.6
RawPixels,N,0.5882352941176471,0.5432835820895523,0.55171202809482,12.26,0.5,0.01,2,50,0.3,0.1,1.0,0.5,0.7
RawPixels,N,0.6078431372549019,0.5588235294117647,0.5674740484429066,12.08,0.5,0.01,2,50,0.3,0.1,1.0,0.5,0.8
RawPixels,N,0.49019607843137253,0.32894736842105265,0.34829721362229105,12.2,0.5,0.01,2,50,0.3,0.1,5.0,0.5,0.6
RawPixels,N,0.45098039215686275,0.3108108108108108,0.32909379968203495,11.95,0.5,0.01,2,50,0.3,0.1,5.0,0.5,0.7
RawPixels,N,0.5294117647058824,0.43333333333333335,0.4470588235294118,12.02,0.5,0.01,2,50,0.3,0.1,5.0,0.5,0.8
RawPixels,N,0.49019607843137253,0.36003861003861004,0.37701567113331824,12.16,0.5,0.01,2,50,0.3,1.0,1.0,0.5,0.6
RawPixels,N,0.5098039215686274,0.4207178555202181,0.4340807654274795,12.21,0.5,0.01,2,50,0.3,1.0,1.0,0.5,0.7
RawPixels,N,0.5686274509803921,0.49910714285714286,0.5100840336134455,12.07,0.5,0.01,2,50,0.3,1.0,1.0,0.5,0.8
RawPixels,N,0.49019607843137253,0.32894736842105265,0.34829721362229105,12.09,0.5,0.01,2,50,0.3,1.0,5.0,0.5,0.6
RawPixels,N,0.49019607843137253,0.32894736842105265,0.34829721362229105,12.42,0.5,0.01,2,50,0.3,1.0,5.0,0.5,0.7
RawPixels,N,0.47058823529411764,0.32,0.33882352941176475,12.92,0.5,0.01,2,50,0.3,1.0,5.0,0.5,0.8
RawPixels,N,0.5882352941176471,0.5546777546777547,0.5618686559863031,27.54,0.5,0.01,2,100,0.1,0.1,1.0,0.5,0.6
RawPixels,N,0.6078431372549019,0.5887096774193548,0.5939278937381404,26.76,0.5,0.01,2,100,0.1,0.1,1.0,0.5,0.7
RawPixels,N,0.6078431372549019,0.5887096774193548,0.5939278937381404,27.82,0.5,0.01,2,100,0.1,0.1,1.0,0.5,0.8
RawPixels,N,0.5686274509803921,0.5277777777777778,0.5359477124183007,26.61,0.5,0.01,2,100,0.1,0.1,5.0,0.5,0.6
RawPixels,N,0.5882352941176471,0.5546777546777547,0.5618686559863031,27.38,0.5,0.01,2,100,0.1,0.1,5.0,0.5,0.7
RawPixels,N,0.6078431372549019,0.5805921052631579,0.5868808049535603,27.63,0.5,0.01,2,100,0.1,0.1,5.0,0.5,0.8
RawPixels,N,0.5686274509803921,0.5277777777777778,0.5359477124183007,27.02,0.5,0.01,2,100,0.1,1.0,1.0,0.5,0.6
RawPixels,N,0.5882352941176471,0.5546777546777547,0.5618686559863031,27.57,0.5,0.01,2,100,0.1,1.0,1.0,0.5,0.7
RawPixels,N,0.5882352941176471,0.5641025641025641,0.5701357466063348,27.73,0.5,0.01,2,100,0.1,1.0,1.0,0.5,0.8
RawPixels,N,0.5294117647058824,0.4092664092664092,0.42493754258460137,27.61,0.5,0.01,2,100,0.1,1.0,5.0,0.5,0.6
RawPixels,N,0.5686274509803921,0.5277777777777778,0.5359477124183007,27.87,0.5,0.01,2,100,0.1,1.0,5.0,0.5,0.7
RawPixels,N,0.6078431372549019,0.5805921052631579,0.5868808049535603,30.36,0.5,0.01,2,100,0.1,1.0,5.0,0.5,0.8
RawPixels,N,0.5882352941176471,0.5546777546777547,0.5618686559863031,28.05,0.5,0.01,2,100,0.3,0.1,1.0,0.5,0.6
RawPixels,N,0.6274509803921569,0.6056166056166056,0.6110751993104934,27.78,0.5,0.01,2,100,0.3,0.1,1.0,0.5,0.7
RawPixels,N,0.6274509803921569,0.6125549780087964,0.6170237787238047,27.28,0.5,0.01,2,100,0.3,0.1,1.0,0.5,0.8
RawPixels,N,0.5882352941176471,0.5432835820895523,0.55171202809482,27.58,0.5,0.01,2,100,0.3,0.1,5.0,0.5,0.6
RawPixels,N,0.5882352941176471,0.5546777546777547,0.5618686559863031,27.52,0.5,0.01,2,100,0.3,0.1,5.0,0.5,0.7
RawPixels,N,0.6078431372549019,0.5805921052631579,0.5868808049535603,26.57,0.5,0.01,2,100,0.3,0.1,5.0,0.5,0.8
RawPixels,N,0.5882352941176471,0.5432835820895523,0.55171202809482,26.48,0.5,0.01,2,100,0.3,1.0,1.0,0.5,0.6
RawPixels,N,0.6078431372549019,0.5805921052631579,0.5868808049535603,27.0,0.5,0.01,2,100,0.3,1.0,1.0,0.5,0.7
RawPixels,N,0.6078431372549019,0.5887096774193548,0.5939278937381404,26.76,0.5,0.01,2,100,0.3,1.0,1.0,0.5,0.8
RawPixels,N,0.5294117647058824,0.4092664092664092,0.42493754258460137,25.77,0.5,0.01,2,100,0.3,1.0,5.0,0.5,0.6
RawPixels,N,0.5882352941176471,0.5432835820895523,0.55171202809482,23.57,0.5,0.01,2,100,0.3,1.0,5.0,0.5,0.7
RawPixels,N,0.5686274509803921,0.5277777777777778,0.5359477124183007,23.54,0.5,0.01,2,100,0.3,1.0,5.0,0.5,0.8
RawPixels,N,0.6274509803921569,0.6056166056166056,0.6110751993104934,44.34,0.5,0.01,2,150,0.1,0.1,1.0,0.5,0.6
RawPixels,N,0.5882352941176471,0.5717712914834066,0.5767104922736788,44.31,0.5,0.01,2,150,0.1,0.1,1.0,0.5,0.7
RawPixels,N,0.6862745098039216,0.6802507836990596,0.6828323806011434,44.66,0.5,0.01,2,150,0.1,0.1,1.0,0.5,0.8
RawPixels,N,0.5882352941176471,0.5546777546777547,0.5618686559863031,44.08,0.5,0.01,2,150,0.1,0.1,5.0,0.5,0.6
RawPixels,N,0.6078431372549019,0.5887096774193548,0.5939278937381404,44.08,0.5,0.01,2,150,0.1,0.1,5.0,0.5,0.7
RawPixels,N,0.6078431372549019,0.5887096774193548,0.5939278937381404,44.63,0.5,0.01,2,150,0.1,0.1,5.0,0.5,0.8
RawPixels,N,0.5882352941176471,0.5546777546777547,0.5618686559863031,44.23,0.5,0.01,2,150,0.1,1.0,1.0,0.5,0.6
RawPixels,N,0.5882352941176471,0.5717712914834066,0.5767104922736788,44.81,0.5,0.01,2,150,0.1,1.0,1.0,0.5,0.7
RawPixels,N,0.6470588235294118,0.6357142857142857,0.6394957983193277,44.79,0.5,0.01,2,150,0.1,1.0,1.0,0.5,0.8
RawPixels,N,0.6078431372549019,0.5588235294117647,0.5674740484429066,44.24,0.5,0.01,2,150,0.1,1.0,5.0,0.5,0.6
RawPixels,N,0.6078431372549019,0.5805921052631579,0.5868808049535603,44.73,0.5,0.01,2,150,0.1,1.0,5.0,0.5,0.7
RawPixels,N,0.5882352941176471,0.5641025641025641,0.5701357466063348,44.81,0.5,0.01,2,150,0.1,1.0,5.0,0.5,0.8
RawPixels,N,0.6274509803921569,0.6056166056166056,0.6110751993104934,41.59,0.5,0.01,2,150,0.3,0.1,1.0,0.5,0.6
RawPixels,N,0.5882352941176471,0.5717712914834066,0.5767104922736788,41.6,0.5,0.01,2,150,0.3,0.1,1.0,0.5,0.7
RawPixels,N,0.6666666666666666,0.6582577847851794,0.6614111154907372,40.73,0.5,0.01,2,150,0.3,0.1,1.0,0.5,0.8
RawPixels,N,0.5686274509803921,0.5277777777777778,0.5359477124183007,40.62,0.5,0.01,2,150,0.3,0.1,5.0,0.5,0.6
RawPixels,N,0.6078431372549019,0.5887096774193548,0.5939278937381404,40.47,0.5,0.01,2,150,0.3,0.1,5.0,0.5,0.7
RawPixels,N,0.6078431372549019,0.5887096774193548,0.5939278937381404,40.21,0.5,0.01,2,150,0.3,0.1,5.0,0.5,0.8
RawPixels,N,0.5882352941176471,0.5546777546777547,0.5618686559863031,40.06,0.5,0.01,2,150,0.3,1.0,1.0,0.5,0.6
RawPixels,N,0.5882352941176471,0.5717712914834066,0.5767104922736788,40.92,0.5,0.01,2,150,0.3,1.0,1.0,0.5,0.7
RawPixels,N,0.6470588235294118,0.6357142857142857,0.6394957983193277,40.33,0.5,0.01,2,150,0.3,1.0,1.0,0.5,0.8
RawPixels,N,0.6078431372549019,0.5588235294117647,0.5674740484429066,40.53,0.5,0.01,2,150,0.3,1.0,5.0,0.5,0.6
RawPixels,N,0.6078431372549019,0.5805921052631579,0.5868808049535603,40.54,0.5,0.01,2,150,0.3,1.0,5.0,0.5,0.7
RawPixels,N,0.5882352941176471,0.5641025641025641,0.5701357466063348,40.57,0.5,0.01,2,150,0.3,1.0,5.0,0.5,0.8
RawPixels,N,0.5882352941176471,0.5296442687747036,0.5394094396651941,12.56,0.5,0.01,3,50,0.1,0.1,1.0,0.5,0.6
RawPixels,N,0.5686274509803921,0.5277777777777778,0.5359477124183007,12.89,0.5,0.01,3,50,0.1,0.1,1.0,0.5,0.7
RawPixels,N,0.5882352941176471,0.5546777546777547,0.5618686559863031,13.23,0.5,0.01,3,50,0.1,0.1,1.0,0.5,0.8
RawPixels,N,0.49019607843137253,0.32894736842105265,0.34829721362229105,13.53,0.5,0.01,3,50,0.1,0.1,5.0,0.5,0.6
RawPixels,N,0.49019607843137253,0.38611111111111107,0.4009803921568627,13.3,0.5,0.01,3,50,0.1,0.1,5.0,0.5,0.7
RawPixels,N,0.5294117647058824,0.43333333333333335,0.4470588235294118,13.82,0.5,0.01,3,50,0.1,0.1,5.0,0.5,0.8
RawPixels,N,0.49019607843137253,0.36003861003861004,0.37701567113331824,13.09,0.5,0.01,3,50,0.1,1.0,1.0,0.5,0.6
RawPixels,N,0.5098039215686274,0.4207178555202181,0.4340807654274795,13.9,0.5,0.01,3,50,0.1,1.0,1.0,0.5,0.7
RawPixels,N,0.5686274509803921,0.5147058823529412,0.5242214532871973,13.34,0.5,0.01,3,50,0.1,1.0,1.0,0.5,0.8
RawPixels,N,0.49019607843137253,0.32894736842105265,0.34829721362229105,13.77,0.5,0.01,3,50,0.1,1.0,5.0,0.5,0.6
RawPixels,N,0.47058823529411764,0.32,0.33882352941176475,13.44,0.5,0.01,3,50,0.1,1.0,5.0,0.5,0.7
RawPixels,N,0.5098039215686274,0.39773264052905055,0.4130150879435383,13.96,0.5,0.01,3,50,0.1,1.0,5.0,0.5,0.8
RawPixels,N,0.5294117647058824,0.43333333333333335,0.4470588235294118,12.43,0.5,0.01,3,50,0.3,0.1,1.0,0.5,0.6
RawPixels,N,0.5882352941176471,0.5432835820895523,0.55171202809482,12.21,0.5,0.01,3,50,0.3,0.1,1.0,0.5,0.7
RawPixels,N,0.6078431372549019,0.5588235294117647,0.5674740484429066,12.62,0.5,0.01,3,50,0.3,0.1,1.0,0.5,0.8
RawPixels,N,0.49019607843137253,0.32894736842105265,0.34829721362229105,12.41,0.5,0.01,3,50,0.3,0.1,5.0,0.5,0.6
RawPixels,N,0.45098039215686275,0.3108108108108108,0.32909379968203495,12.13,0.5,0.01,3,50,0.3,0.1,5.0,0.5,0.7
RawPixels,N,0.5294117647058824,0.43333333333333335,0.4470588235294118,12.76,0.5,0.01,3,50,0.3,0.1,5.0,0.5,0.8
RawPixels,N,0.49019607843137253,0.36003861003861004,0.37701567113331824,12.38,0.5,0.01,3,50,0.3,1.0,1.0,0.5,0.6
RawPixels,N,0.5098039215686274,0.4207178555202181,0.4340807654274795,12.31,0.5,0.01,3,50,0.3,1.0,1.0,0.5,0.7
RawPixels,N,0.5686274509803921,0.49910714285714286,0.5100840336134455,12.57,0.5,0.01,3,50,0.3,1.0,1.0,0.5,0.8
RawPixels,N,0.49019607843137253,0.32894736842105265,0.34829721362229105,12.36,0.5,0.01,3,50,0.3,1.0,5.0,0.5,0.6
RawPixels,N,0.49019607843137253,0.32894736842105265,0.34829721362229105,12.36,0.5,0.01,3,50,0.3,1.0,5.0,0.5,0.7
RawPixels,N,0.47058823529411764,0.32,0.33882352941176475,12.3,0.5,0.01,3,50,0.3,1.0,5.0,0.5,0.8
RawPixels,N,0.5882352941176471,0.5546777546777547,0.5618686559863031,24.32,0.5,0.01,3,100,0.1,0.1,1.0,0.5,0.6
RawPixels,N,0.6078431372549019,0.5887096774193548,0.5939278937381404,24.68,0.5,0.01,3,100,0.1,0.1,1.0,0.5,0.7
RawPixels,N,0.6078431372549019,0.5887096774193548,0.5939278937381404,24.95,0.5,0.01,3,100,0.1,0.1,1.0,0.5,0.8
RawPixels,N,0.5686274509803921,0.5277777777777778,0.5359477124183007,24.7,0.5,0.01,3,100,0.1,0.1,5.0,0.5,0.6
RawPixels,N,0.5882352941176471,0.5546777546777547,0.5618686559863031,24.65,0.5,0.01,3,100,0.1,0.1,5.0,0.5,0.7
RawPixels,N,0.6078431372549019,0.5805921052631579,0.5868808049535603,24.88,0.5,0.01,3,100,0.1,0.1,5.0,0.5,0.8
RawPixels,N,0.5686274509803921,0.5277777777777778,0.5359477124183007,24.57,0.5,0.01,3,100,0.1,1.0,1.0,0.5,0.6
RawPixels,N,0.5882352941176471,0.5546777546777547,0.5618686559863031,24.55,0.5,0.01,3,100,0.1,1.0,1.0,0.5,0.7
RawPixels,N,0.5882352941176471,0.5641025641025641,0.5701357466063348,25.34,0.5,0.01,3,100,0.1,1.0,1.0,0.5,0.8
RawPixels,N,0.5294117647058824,0.4092664092664092,0.42493754258460137,24.54,0.5,0.01,3,100,0.1,1.0,5.0,0.5,0.6
RawPixels,N,0.5686274509803921,0.5277777777777778,0.5359477124183007,24.61,0.5,0.01,3,100,0.1,1.0,5.0,0.5,0.7
RawPixels,N,0.6078431372549019,0.5805921052631579,0.5868808049535603,24.69,0.5,0.01,3,100,0.1,1.0,5.0,0.5,0.8
RawPixels,N,0.5882352941176471,0.5546777546777547,0.5618686559863031,23.07,0.5,0.01,3,100,0.3,0.1,1.0,0.5,0.6
RawPixels,N,0.6274509803921569,0.6056166056166056,0.6110751993104934,23.36,0.5,0.01,3,100,0.3,0.1,1.0,0.5,0.7
RawPixels,N,0.6274509803921569,0.6125549780087964,0.6170237787238047,23.78,0.5,0.01,3,100,0.3,0.1,1.0,0.5,0.8
RawPixels,N,0.5882352941176471,0.5432835820895523,0.55171202809482,23.23,0.5,0.01,3,100,0.3,0.1,5.0,0.5,0.6
RawPixels,N,0.5882352941176471,0.5546777546777547,0.5618686559863031,23.35,0.5,0.01,3,100,0.3,0.1,5.0,0.5,0.7
RawPixels,N,0.6078431372549019,0.5805921052631579,0.5868808049535603,23.59,0.5,0.01,3,100,0.3,0.1,5.0,0.5,0.8
RawPixels,N,0.5882352941176471,0.5432835820895523,0.55171202809482,23.32,0.5,0.01,3,100,0.3,1.0,1.0,0.5,0.6
RawPixels,N,0.6078431372549019,0.5805921052631579,0.5868808049535603,23.1,0.5,0.01,3,100,0.3,1.0,1.0,0.5,0.7
RawPixels,N,0.6078431372549019,0.5887096774193548,0.5939278937381404,23.49,0.5,0.01,3,100,0.3,1.0,1.0,0.5,0.8
RawPixels,N,0.5294117647058824,0.4092664092664092,0.42493754258460137,23.2,0.5,0.01,3,100,0.3,1.0,5.0,0.5,0.6
RawPixels,N,0.5882352941176471,0.5432835820895523,0.55171202809482,23.07,0.5,0.01,3,100,0.3,1.0,5.0,0.5,0.7
RawPixels,N,0.5686274509803921,0.5277777777777778,0.5359477124183007,23.03,0.5,0.01,3,100,0.3,1.0,5.0,0.5,0.8
RawPixels,N,0.6274509803921569,0.6056166056166056,0.6110751993104934,43.96,0.5,0.01,3,150,0.1,0.1,1.0,0.5,0.6
RawPixels,N,0.5882352941176471,0.5717712914834066,0.5767104922736788,43.75,0.5,0.01,3,150,0.1,0.1,1.0,0.5,0.7
RawPixels,N,0.6862745098039216,0.6802507836990596,0.6828323806011434,44.24,0.5,0.01,3,150,0.1,0.1,1.0,0.5,0.8
RawPixels,N,0.5882352941176471,0.5546777546777547,0.5618686559863031,43.7,0.5,0.01,3,150,0.1,0.1,5.0,0.5,0.6
RawPixels,N,0.6078431372549019,0.5887096774193548,0.5939278937381404,44.07,0.5,0.01,3,150,0.1,0.1,5.0,0.5,0.7
RawPixels,N,0.6078431372549019,0.5887096774193548,0.5939278937381404,44.7,0.5,0.01,3,150,0.1,0.1,5.0,0.5,0.8
RawPixels,N,0.5882352941176471,0.5546777546777547,0.5618686559863031,43.68,0.5,0.01,3,150,0.1,1.0,1.0,0.5,0.6
RawPixels,N,0.5882352941176471,0.5717712914834066,0.5767104922736788,43.96,0.5,0.01,3,150,0.1,1.0,1.0,0.5,0.7
RawPixels,N,0.6470588235294118,0.6357142857142857,0.6394957983193277,44.45,0.5,0.01,3,150,0.1,1.0,1.0,0.5,0.8
RawPixels,N,0.6078431372549019,0.5588235294117647,0.5674740484429066,44.53,0.5,0.01,3,150,0.1,1.0,5.0,0.5,0.6
RawPixels,N,0.6078431372549019,0.5805921052631579,0.5868808049535603,44.11,0.5,0.01,3,150,0.1,1.0,5.0,0.5,0.7
RawPixels,N,0.5882352941176471,0.5641025641025641,0.5701357466063348,44.35,0.5,0.01,3,150,0.1,1.0,5.0,0.5,0.8
RawPixels,N,0.6274509803921569,0.6056166056166056,0.6110751993104934,40.71,0.5,0.01,3,150,0.3,0.1,1.0,0.5,0.6
RawPixels,N,0.5882352941176471,0.5717712914834066,0.5767104922736788,40.56,0.5,0.01,3,150,0.3,0.1,1.0,0.5,0.7
RawPixels,N,0.6666666666666666,0.6582577847851794,0.6614111154907372,40.81,0.5,0.01,3,150,0.3,0.1,1.0,0.5,0.8
RawPixels,N,0.5686274509803921,0.5277777777777778,0.5359477124183007,40.04,0.5,0.01,3,150,0.3,0.1,5.0,0.5,0.6
RawPixels,N,0.6078431372549019,0.5887096774193548,0.5939278937381404,40.94,0.5,0.01,3,150,0.3,0.1,5.0,0.5,0.7
RawPixels,N,0.6078431372549019,0.5887096774193548,0.5939278937381404,41.1,0.5,0.01,3,150,0.3,0.1,5.0,0.5,0.8
RawPixels,N,0.5882352941176471,0.5546777546777547,0.5618686559863031,40.49,0.5,0.01,3,150,0.3,1.0,1.0,0.5,0.6
RawPixels,N,0.5882352941176471,0.5717712914834066,0.5767104922736788,40.13,0.5,0.01,3,150,0.3,1.0,1.0,0.5,0.7
RawPixels,N,0.6470588235294118,0.6357142857142857,0.6394957983193277,40.44,0.5,0.01,3,150,0.3,1.0,1.0,0.5,0.8
RawPixels,N,0.6078431372549019,0.5588235294117647,0.5674740484429066,40.18,0.5,0.01,3,150,0.3,1.0,5.0,0.5,0.6
RawPixels,N,0.6078431372549019,0.5805921052631579,0.5868808049535603,41.01,0.5,0.01,3,150,0.3,1.0,5.0,0.5,0.7
RawPixels,N,0.5882352941176471,0.5641025641025641,0.5701357466063348,40.64,0.5,0.01,3,150,0.3,1.0,5.0,0.5,0.8
RawPixels,N,0.5882352941176471,0.5296442687747036,0.5394094396651941,13.07,0.5,0.01,4,50,0.1,0.1,1.0,0.5,0.6
RawPixels,N,0.5686274509803921,0.5277777777777778,0.5359477124183007,12.97,0.5,0.01,4,50,0.1,0.1,1.0,0.5,0.7
RawPixels,N,0.5882352941176471,0.5546777546777547,0.5618686559863031,13.05,0.5,0.01,4,50,0.1,0.1,1.0,0.5,0.8
RawPixels,N,0.49019607843137253,0.32894736842105265,0.34829721362229105,13.06,0.5,0.01,4,50,0.1,0.1,5.0,0.5,0.6
RawPixels,N,0.49019607843137253,0.38611111111111107,0.4009803921568627,12.84,0.5,0.01,4,50,0.1,0.1,5.0,0.5,0.7
RawPixels,N,0.5294117647058824,0.43333333333333335,0.4470588235294118,12.94,0.5,0.01,4,50,0.1,0.1,5.0,0.5,0.8
RawPixels,N,0.49019607843137253,0.36003861003861004,0.37701567113331824,12.65,0.5,0.01,4,50,0.1,1.0,1.0,0.5,0.6
RawPixels,N,0.5098039215686274,0.4207178555202181,0.4340807654274795,13.04,0.5,0.01,4,50,0.1,1.0,1.0,0.5,0.7
RawPixels,N,0.5686274509803921,0.5147058823529412,0.5242214532871973,13.14,0.5,0.01,4,50,0.1,1.0,1.0,0.5,0.8
RawPixels,N,0.49019607843137253,0.32894736842105265,0.34829721362229105,13.01,0.5,0.01,4,50,0.1,1.0,5.0,0.5,0.6
RawPixels,N,0.47058823529411764,0.32,0.33882352941176475,13.18,0.5,0.01,4,50,0.1,1.0,5.0,0.5,0.7
RawPixels,N,0.5098039215686274,0.39773264052905055,0.4130150879435383,13.02,0.5,0.01,4,50,0.1,1.0,5.0,0.5,0.8
RawPixels,N,0.5294117647058824,0.43333333333333335,0.4470588235294118,12.54,0.5,0.01,4,50,0.3,0.1,1.0,0.5,0.6
RawPixels,N,0.5882352941176471,0.5432835820895523,0.55171202809482,12.71,0.5,0.01,4,50,0.3,0.1,1.0,0.5,0.7
RawPixels,N,0.6078431372549019,0.5588235294117647,0.5674740484429066,12.88,0.5,0.01,4,50,0.3,0.1,1.0,0.5,0.8
RawPixels,N,0.49019607843137253,0.32894736842105265,0.34829721362229105,12.5,0.5,0.01,4,50,0.3,0.1,5.0,0.5,0.6
RawPixels,N,0.45098039215686275,0.3108108108108108,0.32909379968203495,12.54,0.5,0.01,4,50,0.3,0.1,5.0,0.5,0.7
RawPixels,N,0.5294117647058824,0.43333333333333335,0.4470588235294118,12.47,0.5,0.01,4,50,0.3,0.1,5.0,0.5,0.8
RawPixels,N,0.49019607843137253,0.36003861003861004,0.37701567113331824,12.94,0.5,0.01,4,50,0.3,1.0,1.0,0.5,0.6
RawPixels,N,0.5098039215686274,0.4207178555202181,0.4340807654274795,12.91,0.5,0.01,4,50,0.3,1.0,1.0,0.5,0.7
RawPixels,N,0.5686274509803921,0.49910714285714286,0.5100840336134455,12.69,0.5,0.01,4,50,0.3,1.0,1.0,0.5,0.8
RawPixels,N,0.49019607843137253,0.32894736842105265,0.34829721362229105,12.92,0.5,0.01,4,50,0.3,1.0,5.0,0.5,0.6
RawPixels,N,0.49019607843137253,0.32894736842105265,0.34829721362229105,12.68,0.5,0.01,4,50,0.3,1.0,5.0,0.5,0.7
RawPixels,N,0.47058823529411764,0.32,0.33882352941176475,12.52,0.5,0.01,4,50,0.3,1.0,5.0,0.5,0.8
RawPixels,N,0.5882352941176471,0.5546777546777547,0.5618686559863031,24.93,0.5,0.01,4,100,0.1,0.1,1.0,0.5,0.6
RawPixels,N,0.6078431372549019,0.5887096774193548,0.5939278937381404,24.94,0.5,0.01,4,100,0.1,0.1,1.0,0.5,0.7
RawPixels,N,0.6078431372549019,0.5887096774193548,0.5939278937381404,25.19,0.5,0.01,4,100,0.1,0.1,1.0,0.5,0.8
RawPixels,N,0.5686274509803921,0.5277777777777778,0.5359477124183007,24.97,0.5,0.01,4,100,0.1,0.1,5.0,0.5,0.6
RawPixels,N,0.5882352941176471,0.5546777546777547,0.5618686559863031,24.77,0.5,0.01,4,100,0.1,0.1,5.0,0.5,0.7
RawPixels,N,0.6078431372549019,0.5805921052631579,0.5868808049535603,24.87,0.5,0.01,4,100,0.1,0.1,5.0,0.5,0.8
RawPixels,N,0.5686274509803921,0.5277777777777778,0.5359477124183007,25.01,0.5,0.01,4,100,0.1,1.0,1.0,0.5,0.6
RawPixels,N,0.5882352941176471,0.5546777546777547,0.5618686559863031,24.45,0.5,0.01,4,100,0.1,1.0,1.0,0.5,0.7
RawPixels,N,0.5882352941176471,0.5641025641025641,0.5701357466063348,24.74,0.5,0.01,4,100,0.1,1.0,1.0,0.5,0.8
RawPixels,N,0.5294117647058824,0.4092664092664092,0.42493754258460137,24.26,0.5,0.01,4,100,0.1,1.0,5.0,0.5,0.6
RawPixels,N,0.5686274509803921,0.5277777777777778,0.5359477124183007,24.54,0.5,0.01,4,100,0.1,1.0,5.0,0.5,0.7
RawPixels,N,0.6078431372549019,0.5805921052631579,0.5868808049535603,24.79,0.5,0.01,4,100,0.1,1.0,5.0,0.5,0.8
RawPixels,N,0.5882352941176471,0.5546777546777547,0.5618686559863031,22.82,0.5,0.01,4,100,0.3,0.1,1.0,0.5,0.6
RawPixels,N,0.6274509803921569,0.6056166056166056,0.6110751993104934,22.98,0.5,0.01,4,100,0.3,0.1,1.0,0.5,0.7
RawPixels,N,0.6274509803921569,0.6125549780087964,0.6170237787238047,23.41,0.5,0.01,4,100,0.3,0.1,1.0,0.5,0.8
RawPixels,N,0.5882352941176471,0.5432835820895523,0.55171202809482,22.9,0.5,0.01,4,100,0.3,0.1,5.0,0.5,0.6
RawPixels,N,0.5882352941176471,0.5546777546777547,0.5618686559863031,22.84,0.5,0.01,4,100,0.3,0.1,5.0,0.5,0.7
RawPixels,N,0.6078431372549019,0.5805921052631579,0.5868808049535603,23.37,0.5,0.01,4,100,0.3,0.1,5.0,0.5,0.8
RawPixels,N,0.5882352941176471,0.5432835820895523,0.55171202809482,23.35,0.5,0.01,4,100,0.3,1.0,1.0,0.5,0.6
RawPixels,N,0.6078431372549019,0.5805921052631579,0.5868808049535603,23.0,0.5,0.01,4,100,0.3,1.0,1.0,0.5,0.7
RawPixels,N,0.6078431372549019,0.5887096774193548,0.5939278937381404,23.2,0.5,0.01,4,100,0.3,1.0,1.0,0.5,0.8
RawPixels,N,0.5294117647058824,0.4092664092664092,0.42493754258460137,22.72,0.5,0.01,4,100,0.3,1.0,5.0,0.5,0.6
RawPixels,N,0.5882352941176471,0.5432835820895523,0.55171202809482,23.13,0.5,0.01,4,100,0.3,1.0,5.0,0.5,0.7
RawPixels,N,0.5686274509803921,0.5277777777777778,0.5359477124183007,22.97,0.5,0.01,4,100,0.3,1.0,5.0,0.5,0.8
RawPixels,N,0.6274509803921569,0.6056166056166056,0.6110751993104934,43.65,0.5,0.01,4,150,0.1,0.1,1.0,0.5,0.6
RawPixels,N,0.5882352941176471,0.5717712914834066,0.5767104922736788,43.96,0.5,0.01,4,150,0.1,0.1,1.0,0.5,0.7
RawPixels,N,0.6862745098039216,0.6802507836990596,0.6828323806011434,44.02,0.5,0.01,4,150,0.1,0.1,1.0,0.5,0.8
RawPixels,N,0.5882352941176471,0.5546777546777547,0.5618686559863031,43.84,0.5,0.01,4,150,0.1,0.1,5.0,0.5,0.6
RawPixels,N,0.6078431372549019,0.5887096774193548,0.5939278937381404,44.13,0.5,0.01,4,150,0.1,0.1,5.0,0.5,0.7
RawPixels,N,0.6078431372549019,0.5887096774193548,0.5939278937381404,44.11,0.5,0.01,4,150,0.1,0.1,5.0,0.5,0.8
RawPixels,N,0.5882352941176471,0.5546777546777547,0.5618686559863031,44.1,0.5,0.01,4,150,0.1,1.0,1.0,0.5,0.6
RawPixels,N,0.5882352941176471,0.5717712914834066,0.5767104922736788,44.37,0.5,0.01,4,150,0.1,1.0,1.0,0.5,0.7
RawPixels,N,0.6470588235294118,0.6357142857142857,0.6394957983193277,44.5,0.5,0.01,4,150,0.1,1.0,1.0,0.5,0.8
RawPixels,N,0.6078431372549019,0.5588235294117647,0.5674740484429066,43.6,0.5,0.01,4,150,0.1,1.0,5.0,0.5,0.6
RawPixels,N,0.6078431372549019,0.5805921052631579,0.5868808049535603,44.22,0.5,0.01,4,150,0.1,1.0,5.0,0.5,0.7
RawPixels,N,0.5882352941176471,0.5641025641025641,0.5701357466063348,44.49,0.5,0.01,4,150,0.1,1.0,5.0,0.5,0.8
RawPixels,N,0.6274509803921569,0.6056166056166056,0.6110751993104934,40.28,0.5,0.01,4,150,0.3,0.1,1.0,0.5,0.6
RawPixels,N,0.5882352941176471,0.5717712914834066,0.5767104922736788,40.66,0.5,0.01,4,150,0.3,0.1,1.0,0.5,0.7
RawPixels,N,0.6666666666666666,0.6582577847851794,0.6614111154907372,40.27,0.5,0.01,4,150,0.3,0.1,1.0,0.5,0.8
RawPixels,N,0.5686274509803921,0.5277777777777778,0.5359477124183007,40.06,0.5,0.01,4,150,0.3,0.1,5.0,0.5,0.6
RawPixels,N,0.6078431372549019,0.5887096774193548,0.5939278937381404,40.77,0.5,0.01,4,150,0.3,0.1,5.0,0.5,0.7
RawPixels,N,0.6078431372549019,0.5887096774193548,0.5939278937381404,40.91,0.5,0.01,4,150,0.3,0.1,5.0,0.5,0.8
RawPixels,N,0.5882352941176471,0.5546777546777547,0.5618686559863031,40.44,0.5,0.01,4,150,0.3,1.0,1.0,0.5,0.6
RawPixels,N,0.5882352941176471,0.5717712914834066,0.5767104922736788,40.82,0.5,0.01,4,150,0.3,1.0,1.0,0.5,0.7
RawPixels,N,0.6470588235294118,0.6357142857142857,0.6394957983193277,41.05,0.5,0.01,4,150,0.3,1.0,1.0,0.5,0.8
RawPixels,N,0.6078431372549019,0.5588235294117647,0.5674740484429066,40.24,0.5,0.01,4,150,0.3,1.0,5.0,0.5,0.6
RawPixels,N,0.6078431372549019,0.5805921052631579,0.5868808049535603,40.55,0.5,0.01,4,150,0.3,1.0,5.0,0.5,0.7
RawPixels,N,0.5882352941176471,0.5641025641025641,0.5701357466063348,40.87,0.5,0.01,4,150,0.3,1.0,5.0,0.5,0.8
RawPixels,N,0.6470588235294118,0.640282131661442,0.6431864281762862,12.93,0.5,0.05,2,50,0.1,0.1,1.0,0.5,0.6
RawPixels,N,0.6666666666666666,0.6619883040935672,0.664327485380117,12.9,0.5,0.05,2,50,0.1,0.1,1.0,0.5,0.7
RawPixels,N,0.6666666666666666,0.6646034816247582,0.6661508704061896,12.77,0.5,0.05,2,50,0.1,0.1,1.0,0.5,0.8
RawPixels,N,0.6274509803921569,0.6180528182893181,0.6215771290778827,12.96,0.5,0.05,2,50,0.1,0.1,5.0,0.5,0.6
RawPixels,N,0.6470588235294118,0.6436335403726708,0.6456887102667155,12.64,0.5,0.05,2,50,0.1,0.1,5.0,0.5,0.7
RawPixels,N,0.6666666666666666,0.6619883040935672,0.664327485380117,13.04,0.5,0.05,2,50,0.1,0.1,5.0,0.5,0.8
RawPixels,N,0.6470588235294118,0.640282131661442,0.6431864281762862,12.97,0.5,0.05,2,50,0.1,1.0,1.0,0.5,0.6
RawPixels,N,0.6666666666666666,0.6646034816247582,0.6661508704061896,13.02,0.5,0.05,2,50,0.1,1.0,1.0,0.5,0.7
RawPixels,N,0.7058823529411765,0.7040618955512572,0.7054272385936966,13.07,0.5,0.05,2,50,0.1,1.0,1.0,0.5,0.8
RawPixels,N,0.6078431372549019,0.5887096774193548,0.5939278937381404,12.91,0.5,0.05,2,50,0.1,1.0,5.0,0.5,0.6
RawPixels,N,0.6470588235294118,0.640282131661442,0.6431864281762862,12.8,0.5,0.05,2,50,0.1,1.0,5.0,0.5,0.7
RawPixels,N,0.6862745098039216,0.6832298136645962,0.6850566313481914,12.88,0.5,0.05,2,50,0.1,1.0,5.0,0.5,0.8
RawPixels,N,0.6862745098039216,0.6832298136645962,0.6850566313481914,12.4,0.5,0.05,2,50,0.3,0.1,1.0,0.5,0.6
RawPixels,N,0.6862745098039216,0.6851851851851851,0.6862745098039216,12.63,0.5,0.05,2,50,0.3,0.1,1.0,0.5,0.7
RawPixels,N,0.6862745098039216,0.6851851851851851,0.6862745098039216,12.61,0.5,0.05,2,50,0.3,0.1,1.0,0.5,0.8
RawPixels,N,0.6470588235294118,0.6357142857142857,0.6394957983193277,12.32,0.5,0.05,2,50,0.3,0.1,5.0,0.5,0.6
RawPixels,N,0.6666666666666666,0.6646034816247582,0.6661508704061896,12.68,0.5,0.05,2,50,0.3,0.1,5.0,0.5,0.7
RawPixels,N,0.6862745098039216,0.6832298136645962,0.6850566313481914,12.8,0.5,0.05,2,50,0.3,0.1,5.0,0.5,0.8
RawPixels,N,0.6274509803921569,0.6180528182893181,0.6215771290778827,12.75,0.5,0.05,2,50,0.3,1.0,1.0,0.5,0.6
RawPixels,N,0.6666666666666666,0.6646034816247582,0.6661508704061896,12.88,0.5,0.05,2,50,0.3,1.0,1.0,0.5,0.7
RawPixels,N,0.7058823529411765,0.7040618955512572,0.7054272385936966,12.6,0.5,0.05,2,50,0.3,1.0,1.0,0.5,0.8
RawPixels,N,0.5882352941176471,0.5641025641025641,0.5701357466063348,12.41,0.5,0.05,2,50,0.3,1.0,5.0,0.5,0.6
RawPixels,N,0.6470588235294118,0.6436335403726708,0.6456887102667155,12.26,0.5,0.05,2,50,0.3,1.0,5.0,0.5,0.7
RawPixels,N,0.6862745098039216,0.6832298136645962,0.6850566313481914,12.59,0.5,0.05,2,50,0.3,1.0,5.0,0.5,0.8
RawPixels,N,0.6862745098039216,0.6832298136645962,0.6850566313481914,24.52,0.5,0.05,2,100,0.1,0.1,1.0,0.5,0.6
RawPixels,N,0.7058823529411765,0.7017543859649122,0.7038183694530443,24.43,0.5,0.05,2,100,0.1,0.1,1.0,0.5,0.7
RawPixels,N,0.6666666666666666,0.6646034816247582,0.6661508704061896,24.78,0.5,0.05,2,100,0.1,0.1,1.0,0.5,0.8
RawPixels,N,0.7058823529411765,0.7017543859649122,0.7038183694530443,24.53,0.5,0.05,2,100,0.1,0.1,5.0,0.5,0.6
RawPixels,N,0.7058823529411765,0.7040618955512572,0.7054272385936966,24.76,0.5,0.05,2,100,0.1,0.1,5.0,0.5,0.7
RawPixels,N,0.6666666666666666,0.6619883040935672,0.664327485380117,25.0,0.5,0.05,2,100,0.1,0.1,5.0,0.5,0.8
RawPixels,N,0.7254901960784313,0.7202194357366771,0.7224783330260004,24.93,0.5,0.05,2,100,0.1,1.0,1.0,0.5,0.6
RawPixels,N,0.6666666666666666,0.6646034816247582,0.6661508704061896,24.74,0.5,0.05,2,100,0.1,1.0,1.0,0.5,0.7
RawPixels,N,0.6666666666666666,0.6646034816247582,0.6661508704061896,24.86,0.5,0.05,2,100,0.1,1.0,1.0,0.5,0.8
RawPixels,N,0.6274509803921569,0.6180528182893181,0.6215771290778827,24.76,0.5,0.05,2,100,0.1,1.0,5.0,0.5,0.6
RawPixels,N,0.7058823529411765,0.7040618955512572,0.7054272385936966,24.68,0.5,0.05,2,100,0.1,1.0,5.0,0.5,0.7
RawPixels,N,0.7058823529411765,0.7040618955512572,0.7054272385936966,24.55,0.5,0.05,2,100,0.1,1.0,5.0,0.5,0.8
RawPixels,N,0.6862745098039216,0.6802507836990596,0.6828323806011434,23.25,0.5,0.05,2,100,0.3,0.1,1.0,0.5,0.6
RawPixels,N,0.6862745098039216,0.6832298136645962,0.6850566313481914,23.31,0.5,0.05,2,100,0.3,0.1,1.0,0.5,0.7
RawPixels,N,0.6666666666666666,0.6646034816247582,0.6661508704061896,23.12,0.5,0.05,2,100,0.3,0.1,1.0,0.5,0.8
RawPixels,N,0.6666666666666666,0.6582577847851794,0.6614111154907372,22.86,0.5,0.05,2,100,0.3,0.1,5.0,0.5,0.6
RawPixels,N,0.7058823529411765,0.7040618955512572,0.7054272385936966,23.08,0.5,0.05,2,100,0.3,0.1,5.0,0.5,0.7
RawPixels,N,0.7058823529411765,0.7040618955512572,0.7054272385936966,23.06,0.5,0.05,2,100,0.3,0.1,5.0,0.5,0.8
RawPixels,N,0.6862745098039216,0.6802507836990596,0.6828323806011434,23.26,0.5,0.05,2,100,0.3,1.0,1.0,0.5,0.6
RawPixels,N,0.6862745098039216,0.6832298136645962,0.6850566313481914,22.99,0.5,0.05,2,100,0.3,1.0,1.0,0.5,0.7
RawPixels,N,0.6862745098039216,0.6851851851851851,0.6862745098039216,23.06,0.5,0.05,2,100,0.3,1.0,1.0,0.5,0.8
RawPixels,N,0.6470588235294118,0.6357142857142857,0.6394957983193277,23.43,0.5,0.05,2,100,0.3,1.0,5.0,0.5,0.6
RawPixels,N,0.7058823529411765,0.7040618955512572,0.7054272385936966,23.08,0.5,0.05,2,100,0.3,1.0,5.0,0.5,0.7
RawPixels,N,0.6862745098039216,0.6832298136645962,0.6850566313481914,23.14,0.5,0.05,2,100,0.3,1.0,5.0,0.5,0.8
RawPixels,N,0.6862745098039216,0.6832298136645962,0.6850566313481914,43.42,0.5,0.05,2,150,0.1,0.1,1.0,0.5,0.6
RawPixels,N,0.7254901960784313,0.7228260869565217,0.7244245524296676,43.91,0.5,0.05,2,150,0.1,0.1,1.0,0.5,0.7
RawPixels,N,0.7058823529411765,0.7040618955512572,0.7054272385936966,43.73,0.5,0.05,2,150,0.1,0.1,1.0,0.5,0.8
RawPixels,N,0.6666666666666666,0.6619883040935672,0.664327485380117,43.48,0.5,0.05,2,150,0.1,0.1,5.0,0.5,0.6
RawPixels,N,0.7058823529411765,0.7040618955512572,0.7054272385936966,43.94,0.5,0.05,2,150,0.1,0.1,5.0,0.5,0.7
RawPixels,N,0.6470588235294118,0.6436335403726708,0.6456887102667155,45.83,0.5,0.05,2,150,0.1,0.1,5.0,0.5,0.8
RawPixels,N,0.6862745098039216,0.6802507836990596,0.6828323806011434,44.05,0.5,0.05,2,150,0.1,1.0,1.0,0.5,0.6
RawPixels,N,0.7058823529411765,0.7040618955512572,0.7054272385936966,44.25,0.5,0.05,2,150,0.1,1.0,1.0,0.5,0.7
RawPixels,N,0.6470588235294118,0.6436335403726708,0.6456887102667155,43.95,0.5,0.05,2,150,0.1,1.0,1.0,0.5,0.8
RawPixels,N,0.6470588235294118,0.640282131661442,0.6431864281762862,43.72,0.5,0.05,2,150,0.1,1.0,5.0,0.5,0.6
RawPixels,N,0.6666666666666666,0.6646034816247582,0.6661508704061896,43.96,0.5,0.05,2,150,0.1,1.0,5.0,0.5,0.7
RawPixels,N,0.6666666666666666,0.6646034816247582,0.6661508704061896,44.36,0.5,0.05,2,150,0.1,1.0,5.0,0.5,0.8
RawPixels,N,0.6666666666666666,0.6619883040935672,0.664327485380117,41.03,0.5,0.05,2,150,0.3,0.1,1.0,0.5,0.6
RawPixels,N,0.7254901960784313,0.7228260869565217,0.7244245524296676,40.76,0.5,0.05,2,150,0.3,0.1,1.0,0.5,0.7
RawPixels,N,0.7058823529411765,0.7054293415479399,0.7061088586377948,40.75,0.5,0.05,2,150,0.3,0.1,1.0,0.5,0.8
RawPixels,N,0.6862745098039216,0.6802507836990596,0.6828323806011434,40.46,0.5,0.05,2,150,0.3,0.1,5.0,0.5,0.6
RawPixels,N,0.7058823529411765,0.7040618955512572,0.7054272385936966,40.66,0.5,0.05,2,150,0.3,0.1,5.0,0.5,0.7
RawPixels,N,0.6862745098039216,0.6832298136645962,0.6850566313481914,40.68,0.5,0.05,2,150,0.3,0.1,5.0,0.5,0.8
RawPixels,N,0.6862745098039216,0.6802507836990596,0.6828323806011434,40.62,0.5,0.05,2,150,0.3,1.0,1.0,0.5,0.6
RawPixels,N,0.7254901960784313,0.7228260869565217,0.7244245524296676,40.53,0.5,0.05,2,150,0.3,1.0,1.0,0.5,0.7
RawPixels,N,0.6666666666666666,0.6646034816247582,0.6661508704061896,40.64,0.5,0.05,2,150,0.3,1.0,1.0,0.5,0.8
RawPixels,N,0.6862745098039216,0.6761904761904762,0.6795518207282913,40.42,0.5,0.05,2,150,0.3,1.0,5.0,0.5,0.6
RawPixels,N,0.6862745098039216,0.6851851851851851,0.6862745098039216,40.24,0.5,0.05,2,150,0.3,1.0,5.0,0.5,0.7
RawPixels,N,0.6862745098039216,0.6832298136645962,0.6850566313481914,40.46,0.5,0.05,2,150,0.3,1.0,5.0,0.5,0.8
RawPixels,N,0.6470588235294118,0.640282131661442,0.6431864281762862,12.6,0.5,0.05,3,50,0.1,0.1,1.0,0.5,0.6
RawPixels,N,0.6666666666666666,0.6619883040935672,0.664327485380117,12.78,0.5,0.05,3,50,0.1,0.1,1.0,0.5,0.7
RawPixels,N,0.6666666666666666,0.6646034816247582,0.6661508704061896,12.9,0.5,0.05,3,50,0.1,0.1,1.0,0.5,0.8
RawPixels,N,0.6274509803921569,0.6180528182893181,0.6215771290778827,12.52,0.5,0.05,3,50,0.1,0.1,5.0,0.5,0.6
RawPixels,N,0.6470588235294118,0.6436335403726708,0.6456887102667155,12.75,0.5,0.05,3,50,0.1,0.1,5.0,0.5,0.7
RawPixels,N,0.6666666666666666,0.6619883040935672,0.664327485380117,12.78,0.5,0.05,3,50,0.1,0.1,5.0,0.5,0.8
RawPixels,N,0.6470588235294118,0.640282131661442,0.6431864281762862,12.44,0.5,0.05,3,50,0.1,1.0,1.0,0.5,0.6
RawPixels,N,0.6666666666666666,0.6646034816247582,0.6661508704061896,12.47,0.5,0.05,3,50,0.1,1.0,1.0,0.5,0.7
RawPixels,N,0.7058823529411765,0.7040618955512572,0.7054272385936966,12.76,0.5,0.05,3,50,0.1,1.0,1.0,0.5,0.8
RawPixels,N,0.6078431372549019,0.5887096774193548,0.5939278937381404,12.45,0.5,0.05,3,50,0.1,1.0,5.0,0.5,0.6
RawPixels,N,0.6470588235294118,0.640282131661442,0.6431864281762862,12.83,0.5,0.05,3,50,0.1,1.0,5.0,0.5,0.7
RawPixels,N,0.6862745098039216,0.6832298136645962,0.6850566313481914,12.86,0.5,0.05,3,50,0.1,1.0,5.0,0.5,0.8
RawPixels,N,0.6862745098039216,0.6832298136645962,0.6850566313481914,12.23,0.5,0.05,3,50,0.3,0.1,1.0,0.5,0.6
RawPixels,N,0.6862745098039216,0.6851851851851851,0.6862745098039216,12.42,0.5,0.05,3,50,0.3,0.1,1.0,0.5,0.7
RawPixels,N,0.6862745098039216,0.6851851851851851,0.6862745098039216,12.43,0.5,0.05,3,50,0.3,0.1,1.0,0.5,0.8
RawPixels,N,0.6470588235294118,0.6357142857142857,0.6394957983193277,12.03,0.5,0.05,3,50,0.3,0.1,5.0,0.5,0.6
RawPixels,N,0.6666666666666666,0.6646034816247582,0.6661508704061896,12.28,0.5,0.05,3,50,0.3,0.1,5.0,0.5,0.7
RawPixels,N,0.6862745098039216,0.6832298136645962,0.6850566313481914,12.52,0.5,0.05,3,50,0.3,0.1,5.0,0.5,0.8
RawPixels,N,0.6274509803921569,0.6180528182893181,0.6215771290778827,12.39,0.5,0.05,3,50,0.3,1.0,1.0,0.5,0.6
RawPixels,N,0.6666666666666666,0.6646034816247582,0.6661508704061896,12.38,0.5,0.05,3,50,0.3,1.0,1.0,0.5,0.7
RawPixels,N,0.7058823529411765,0.7040618955512572,0.7054272385936966,12.26,0.5,0.05,3,50,0.3,1.0,1.0,0.5,0.8
RawPixels,N,0.5882352941176471,0.5641025641025641,0.5701357466063348,12.3,0.5,0.05,3,50,0.3,1.0,5.0,0.5,0.6
RawPixels,N,0.6470588235294118,0.6436335403726708,0.6456887102667155,12.36,0.5,0.05,3,50,0.3,1.0,5.0,0.5,0.7
RawPixels,N,0.6862745098039216,0.6832298136645962,0.6850566313481914,12.51,0.5,0.05,3,50,0.3,1.0,5.0,0.5,0.8
RawPixels,N,0.6862745098039216,0.6832298136645962,0.6850566313481914,24.55,0.5,0.05,3,100,0.1,0.1,1.0,0.5,0.6
RawPixels,N,0.7058823529411765,0.7017543859649122,0.7038183694530443,24.65,0.5,0.05,3,100,0.1,0.1,1.0,0.5,0.7
RawPixels,N,0.6666666666666666,0.6646034816247582,0.6661508704061896,24.52,0.5,0.05,3,100,0.1,0.1,1.0,0.5,0.8
RawPixels,N,0.7058823529411765,0.7017543859649122,0.7038183694530443,24.54,0.5,0.05,3,100,0.1,0.1,5.0,0.5,0.6
RawPixels,N,0.7058823529411765,0.7040618955512572,0.7054272385936966,24.59,0.5,0.05,3,100,0.1,0.1,5.0,0.5,0.7
RawPixels,N,0.6666666666666666,0.6619883040935672,0.664327485380117,24.91,0.5,0.05,3,100,0.1,0.1,5.0,0.5,0.8
RawPixels,N,0.7254901960784313,0.7202194357366771,0.7224783330260004,24.54,0.5,0.05,3,100,0.1,1.0,1.0,0.5,0.6
RawPixels,N,0.6666666666666666,0.6646034816247582,0.6661508704061896,25.01,0.5,0.05,3,100,0.1,1.0,1.0,0.5,0.7
RawPixels,N,0.6666666666666666,0.6646034816247582,0.6661508704061896,24.86,0.5,0.05,3,100,0.1,1.0,1.0,0.5,0.8
RawPixels,N,0.6274509803921569,0.6180528182893181,0.6215771290778827,24.7,0.5,0.05,3,100,0.1,1.0,5.0,0.5,0.6
RawPixels,N,0.7058823529411765,0.7040618955512572,0.7054272385936966,24.66,0.5,0.05,3,100,0.1,1.0,5.0,0.5,0.7
RawPixels,N,0.7058823529411765,0.7040618955512572,0.7054272385936966,25.14,0.5,0.05,3,100,0.1,1.0,5.0,0.5,0.8
RawPixels,N,0.6862745098039216,0.6802507836990596,0.6828323806011434,23.22,0.5,0.05,3,100,0.3,0.1,1.0,0.5,0.6
RawPixels,N,0.6862745098039216,0.6832298136645962,0.6850566313481914,23.34,0.5,0.05,3,100,0.3,0.1,1.0,0.5,0.7
RawPixels,N,0.6666666666666666,0.6646034816247582,0.6661508704061896,23.35,0.5,0.05,3,100,0.3,0.1,1.0,0.5,0.8
RawPixels,N,0.6666666666666666,0.6582577847851794,0.6614111154907372,23.64,0.5,0.05,3,100,0.3,0.1,5.0,0.5,0.6
RawPixels,N,0.7058823529411765,0.7040618955512572,0.7054272385936966,23.47,0.5,0.05,3,100,0.3,0.1,5.0,0.5,0.7
RawPixels,N,0.7058823529411765,0.7040618955512572,0.7054272385936966,23.35,0.5,0.05,3,100,0.3,0.1,5.0,0.5,0.8
RawPixels,N,0.6862745098039216,0.6802507836990596,0.6828323806011434,23.35,0.5,0.05,3,100,0.3,1.0,1.0,0.5,0.6
RawPixels,N,0.6862745098039216,0.6832298136645962,0.6850566313481914,23.23,0.5,0.05,3,100,0.3,1.0,1.0,0.5,0.7
RawPixels,N,0.6862745098039216,0.6851851851851851,0.6862745098039216,23.37,0.5,0.05,3,100,0.3,1.0,1.0,0.5,0.8
RawPixels,N,0.6470588235294118,0.6357142857142857,0.6394957983193277,23.09,0.5,0.05,3,100,0.3,1.0,5.0,0.5,0.6
RawPixels,N,0.7058823529411765,0.7040618955512572,0.7054272385936966,23.17,0.5,0.05,3,100,0.3,1.0,5.0,0.5,0.7
RawPixels,N,0.6862745098039216,0.6832298136645962,0.6850566313481914,23.18,0.5,0.05,3,100,0.3,1.0,5.0,0.5,0.8
RawPixels,N,0.6862745098039216,0.6832298136645962,0.6850566313481914,43.56,0.5,0.05,3,150,0.1,0.1,1.0,0.5,0.6
RawPixels,N,0.7254901960784313,0.7228260869565217,0.7244245524296676,43.68,0.5,0.05,3,150,0.1,0.1,1.0,0.5,0.7
RawPixels,N,0.7058823529411765,0.7040618955512572,0.7054272385936966,43.8,0.5,0.05,3,150,0.1,0.1,1.0,0.5,0.8
RawPixels,N,0.6666666666666666,0.6619883040935672,0.664327485380117,43.81,0.5,0.05,3,150,0.1,0.1,5.0,0.5,0.6
RawPixels,N,0.7058823529411765,0.7040618955512572,0.7054272385936966,43.68,0.5,0.05,3,150,0.1,0.1,5.0,0.5,0.7
RawPixels,N,0.6470588235294118,0.6436335403726708,0.6456887102667155,44.32,0.5,0.05,3,150,0.1,0.1,5.0,0.5,0.8
RawPixels,N,0.6862745098039216,0.6802507836990596,0.6828323806011434,43.59,0.5,0.05,3,150,0.1,1.0,1.0,0.5,0.6
RawPixels,N,0.7058823529411765,0.7040618955512572,0.7054272385936966,44.27,0.5,0.05,3,150,0.1,1.0,1.0,0.5,0.7
RawPixels,N,0.6470588235294118,0.6436335403726708,0.6456887102667155,44.37,0.5,0.05,3,150,0.1,1.0,1.0,0.5,0.8
RawPixels,N,0.6470588235294118,0.640282131661442,0.6431864281762862,44.04,0.5,0.05,3,150,0.1,1.0,5.0,0.5,0.6
RawPixels,N,0.6666666666666666,0.6646034816247582,0.6661508704061896,43.9,0.5,0.05,3,150,0.1,1.0,5.0,0.5,0.7
RawPixels,N,0.6666666666666666,0.6646034816247582,0.6661508704061896,44.15,0.5,0.05,3,150,0.1,1.0,5.0,0.5,0.8
RawPixels,N,0.6666666666666666,0.6619883040935672,0.664327485380117,40.33,0.5,0.05,3,150,0.3,0.1,1.0,0.5,0.6
RawPixels,N,0.7254901960784313,0.7228260869565217,0.7244245524296676,40.69,0.5,0.05,3,150,0.3,0.1,1.0,0.5,0.7
RawPixels,N,0.7058823529411765,0.7054293415479399,0.7061088586377948,41.11,0.5,0.05,3,150,0.3,0.1,1.0,0.5,0.8
RawPixels,N,0.6862745098039216,0.6802507836990596,0.6828323806011434,40.28,0.5,0.05,3,150,0.3,0.1,5.0,0.5,0.6
RawPixels,N,0.7058823529411765,0.7040618955512572,0.7054272385936966,40.41,0.5,0.05,3,150,0.3,0.1,5.0,0.5,0.7
RawPixels,N,0.6862745098039216,0.6832298136645962,0.6850566313481914,40.41,0.5,0.05,3,150,0.3,0.1,5.0,0.5,0.8
RawPixels,N,0.6862745098039216,0.6802507836990596,0.6828323806011434,40.29,0.5,0.05,3,150,0.3,1.0,1.0,0.5,0.6
RawPixels,N,0.7254901960784313,0.7228260869565217,0.7244245524296676,40.26,0.5,0.05,3,150,0.3,1.0,1.0,0.5,0.7
RawPixels,N,0.6666666666666666,0.6646034816247582,0.6661508704061896,40.76,0.5,0.05,3,150,0.3,1.0,1.0,0.5,0.8
RawPixels,N,0.6862745098039216,0.6761904761904762,0.6795518207282913,40.58,0.5,0.05,3,150,0.3,1.0,5.0,0.5,0.6
RawPixels,N,0.6862745098039216,0.6851851851851851,0.6862745098039216,40.6,0.5,0.05,3,150,0.3,1.0,5.0,0.5,0.7
RawPixels,N,0.6862745098039216,0.6832298136645962,0.6850566313481914,40.0,0.5,0.05,3,150,0.3,1.0,5.0,0.5,0.8
RawPixels,N,0.6470588235294118,0.640282131661442,0.6431864281762862,12.41,0.5,0.05,4,50,0.1,0.1,1.0,0.5,0.6
RawPixels,N,0.6666666666666666,0.6619883040935672,0.664327485380117,12.58,0.5,0.05,4,50,0.1,0.1,1.0,0.5,0.7
RawPixels,N,0.6666666666666666,0.6646034816247582,0.6661508704061896,12.62,0.5,0.05,4,50,0.1,0.1,1.0,0.5,0.8
RawPixels,N,0.6274509803921569,0.6180528182893181,0.6215771290778827,12.65,0.5,0.05,4,50,0.1,0.1,5.0,0.5,0.6
RawPixels,N,0.6470588235294118,0.6436335403726708,0.6456887102667155,12.71,0.5,0.05,4,50,0.1,0.1,5.0,0.5,0.7
RawPixels,N,0.6666666666666666,0.6619883040935672,0.664327485380117,12.82,0.5,0.05,4,50,0.1,0.1,5.0,0.5,0.8
RawPixels,N,0.6470588235294118,0.640282131661442,0.6431864281762862,12.65,0.5,0.05,4,50,0.1,1.0,1.0,0.5,0.6
RawPixels,N,0.6666666666666666,0.6646034816247582,0.6661508704061896,12.3,0.5,0.05,4,50,0.1,1.0,1.0,0.5,0.7
RawPixels,N,0.7058823529411765,0.7040618955512572,0.7054272385936966,12.55,0.5,0.05,4,50,0.1,1.0,1.0,0.5,0.8
RawPixels,N,0.6078431372549019,0.5887096774193548,0.5939278937381404,12.55,0.5,0.05,4,50,0.1,1.0,5.0,0.5,0.6
RawPixels,N,0.6470588235294118,0.640282131661442,0.6431864281762862,12.63,0.5,0.05,4,50,0.1,1.0,5.0,0.5,0.7
RawPixels,N,0.6862745098039216,0.6832298136645962,0.6850566313481914,12.78,0.5,0.05,4,50,0.1,1.0,5.0,0.5,0.8
RawPixels,N,0.6862745098039216,0.6832298136645962,0.6850566313481914,12.27,0.5,0.05,4,50,0.3,0.1,1.0,0.5,0.6
RawPixels,N,0.6862745098039216,0.6851851851851851,0.6862745098039216,12.17,0.5,0.05,4,50,0.3,0.1,1.0,0.5,0.7
RawPixels,N,0.6862745098039216,0.6851851851851851,0.6862745098039216,12.24,0.5,0.05,4,50,0.3,0.1,1.0,0.5,0.8
RawPixels,N,0.6470588235294118,0.6357142857142857,0.6394957983193277,12.34,0.5,0.05,4,50,0.3,0.1,5.0,0.5,0.6
RawPixels,N,0.6666666666666666,0.6646034816247582,0.6661508704061896,12.23,0.5,0.05,4,50,0.3,0.1,5.0,0.5,0.7
RawPixels,N,0.6862745098039216,0.6832298136645962,0.6850566313481914,12.27,0.5,0.05,4,50,0.3,0.1,5.0,0.5,0.8
RawPixels,N,0.6274509803921569,0.6180528182893181,0.6215771290778827,12.57,0.5,0.05,4,50,0.3,1.0,1.0,0.5,0.6
RawPixels,N,0.6666666666666666,0.6646034816247582,0.6661508704061896,12.21,0.5,0.05,4,50,0.3,1.0,1.0,0.5,0.7
RawPixels,N,0.7058823529411765,0.7040618955512572,0.7054272385936966,12.36,0.5,0.05,4,50,0.3,1.0,1.0,0.5,0.8
RawPixels,N,0.5882352941176471,0.5641025641025641,0.5701357466063348,12.27,0.5,0.05,4,50,0.3,1.0,5.0,0.5,0.6
RawPixels,N,0.6470588235294118,0.6436335403726708,0.6456887102667155,12.07,0.5,0.05,4,50,0.3,1.0,5.0,0.5,0.7
RawPixels,N,0.6862745098039216,0.6832298136645962,0.6850566313481914,12.02,0.5,0.05,4,50,0.3,1.0,5.0,0.5,0.8
RawPixels,N,0.6862745098039216,0.6832298136645962,0.6850566313481914,24.29,0.5,0.05,4,100,0.1,0.1,1.0,0.5,0.6
RawPixels,N,0.7058823529411765,0.7017543859649122,0.7038183694530443,24.78,0.5,0.05,4,100,0.1,0.1,1.0,0.5,0.7
RawPixels,N,0.6666666666666666,0.6646034816247582,0.6661508704061896,24.69,0.5,0.05,4,100,0.1,0.1,1.0,0.5,0.8
RawPixels,N,0.7058823529411765,0.7017543859649122,0.7038183694530443,24.41,0.5,0.05,4,100,0.1,0.1,5.0,0.5,0.6
RawPixels,N,0.7058823529411765,0.7040618955512572,0.7054272385936966,24.86,0.5,0.05,4,100,0.1,0.1,5.0,0.5,0.7
RawPixels,N,0.6666666666666666,0.6619883040935672,0.664327485380117,24.44,0.5,0.05,4,100,0.1,0.1,5.0,0.5,0.8
RawPixels,N,0.7254901960784313,0.7202194357366771,0.7224783330260004,24.57,0.5,0.05,4,100,0.1,1.0,1.0,0.5,0.6
RawPixels,N,0.6666666666666666,0.6646034816247582,0.6661508704061896,24.3,0.5,0.05,4,100,0.1,1.0,1.0,0.5,0.7
RawPixels,N,0.6666666666666666,0.6646034816247582,0.6661508704061896,24.47,0.5,0.05,4,100,0.1,1.0,1.0,0.5,0.8
RawPixels,N,0.6274509803921569,0.6180528182893181,0.6215771290778827,24.34,0.5,0.05,4,100,0.1,1.0,5.0,0.5,0.6
RawPixels,N,0.7058823529411765,0.7040618955512572,0.7054272385936966,24.23,0.5,0.05,4,100,0.1,1.0,5.0,0.5,0.7
RawPixels,N,0.7058823529411765,0.7040618955512572,0.7054272385936966,24.48,0.5,0.05,4,100,0.1,1.0,5.0,0.5,0.8
RawPixels,N,0.6862745098039216,0.6802507836990596,0.6828323806011434,22.85,0.5,0.05,4,100,0.3,0.1,1.0,0.5,0.6
RawPixels,N,0.6862745098039216,0.6832298136645962,0.6850566313481914,23.09,0.5,0.05,4,100,0.3,0.1,1.0,0.5,0.7
RawPixels,N,0.6666666666666666,0.6646034816247582,0.6661508704061896,22.97,0.5,0.05,4,100,0.3,0.1,1.0,0.5,0.8
RawPixels,N,0.6666666666666666,0.6582577847851794,0.6614111154907372,22.77,0.5,0.05,4,100,0.3,0.1,5.0,0.5,0.6
RawPixels,N,0.7058823529411765,0.7040618955512572,0.7054272385936966,22.56,0.5,0.05,4,100,0.3,0.1,5.0,0.5,0.7
RawPixels,N,0.7058823529411765,0.7040618955512572,0.7054272385936966,22.87,0.5,0.05,4,100,0.3,0.1,5.0,0.5,0.8
RawPixels,N,0.6862745098039216,0.6802507836990596,0.6828323806011434,22.75,0.5,0.05,4,100,0.3,1.0,1.0,0.5,0.6
RawPixels,N,0.6862745098039216,0.6832298136645962,0.6850566313481914,22.89,0.5,0.05,4,100,0.3,1.0,1.0,0.5,0.7
RawPixels,N,0.6862745098039216,0.6851851851851851,0.6862745098039216,23.05,0.5,0.05,4,100,0.3,1.0,1.0,0.5,0.8
RawPixels,N,0.6470588235294118,0.6357142857142857,0.6394957983193277,22.5,0.5,0.05,4,100,0.3,1.0,5.0,0.5,0.6
RawPixels,N,0.7058823529411765,0.7040618955512572,0.7054272385936966,22.98,0.5,0.05,4,100,0.3,1.0,5.0,0.5,0.7
RawPixels,N,0.6862745098039216,0.6832298136645962,0.6850566313481914,23.04,0.5,0.05,4,100,0.3,1.0,5.0,0.5,0.8
RawPixels,N,0.6862745098039216,0.6832298136645962,0.6850566313481914,43.35,0.5,0.05,4,150,0.1,0.1,1.0,0.5,0.6
RawPixels,N,0.7254901960784313,0.7228260869565217,0.7244245524296676,43.72,0.5,0.05,4,150,0.1,0.1,1.0,0.5,0.7
RawPixels,N,0.7058823529411765,0.7040618955512572,0.7054272385936966,43.86,0.5,0.05,4,150,0.1,0.1,1.0,0.5,0.8
RawPixels,N,0.6666666666666666,0.6619883040935672,0.664327485380117,43.7,0.5,0.05,4,150,0.1,0.1,5.0,0.5,0.6
RawPixels,N,0.7058823529411765,0.7040618955512572,0.7054272385936966,43.9,0.5,0.05,4,150,0.1,0.1,5.0,0.5,0.7
RawPixels,N,0.6470588235294118,0.6436335403726708,0.6456887102667155,43.69,0.5,0.05,4,150,0.1,0.1,5.0,0.5,0.8
RawPixels,N,0.6862745098039216,0.6802507836990596,0.6828323806011434,43.26,0.5,0.05,4,150,0.1,1.0,1.0,0.5,0.6
RawPixels,N,0.7058823529411765,0.7040618955512572,0.7054272385936966,44.92,0.5,0.05,4,150,0.1,1.0,1.0,0.5,0.7
RawPixels,N,0.6470588235294118,0.6436335403726708,0.6456887102667155,43.98,0.5,0.05,4,150,0.1,1.0,1.0,0.5,0.8
RawPixels,N,0.6470588235294118,0.640282131661442,0.6431864281762862,43.84,0.5,0.05,4,150,0.1,1.0,5.0,0.5,0.6
RawPixels,N,0.6666666666666666,0.6646034816247582,0.6661508704061896,43.46,0.5,0.05,4,150,0.1,1.0,5.0,0.5,0.7
RawPixels,N,0.6666666666666666,0.6646034816247582,0.6661508704061896,43.76,0.5,0.05,4,150,0.1,1.0,5.0,0.5,0.8
RawPixels,N,0.6666666666666666,0.6619883040935672,0.664327485380117,40.07,0.5,0.05,4,150,0.3,0.1,1.0,0.5,0.6
RawPixels,N,0.7254901960784313,0.7228260869565217,0.7244245524296676,39.94,0.5,0.05,4,150,0.3,0.1,1.0,0.5,0.7
RawPixels,N,0.7058823529411765,0.7054293415479399,0.7061088586377948,40.28,0.5,0.05,4,150,0.3,0.1,1.0,0.5,0.8
RawPixels,N,0.6862745098039216,0.6802507836990596,0.6828323806011434,39.91,0.5,0.05,4,150,0.3,0.1,5.0,0.5,0.6
RawPixels,N,0.7058823529411765,0.7040618955512572,0.7054272385936966,40.17,0.5,0.05,4,150,0.3,0.1,5.0,0.5,0.7
RawPixels,N,0.6862745098039216,0.6832298136645962,0.6850566313481914,40.25,0.5,0.05,4,150,0.3,0.1,5.0,0.5,0.8
RawPixels,N,0.6862745098039216,0.6802507836990596,0.6828323806011434,39.9,0.5,0.05,4,150,0.3,1.0,1.0,0.5,0.6
RawPixels,N,0.7254901960784313,0.7228260869565217,0.7244245524296676,40.47,0.5,0.05,4,150,0.3,1.0,1.0,0.5,0.7
RawPixels,N,0.6666666666666666,0.6646034816247582,0.6661508704061896,40.26,0.5,0.05,4,150,0.3,1.0,1.0,0.5,0.8
RawPixels,N,0.6862745098039216,0.6761904761904762,0.6795518207282913,40.14,0.5,0.05,4,150,0.3,1.0,5.0,0.5,0.6
RawPixels,N,0.6862745098039216,0.6851851851851851,0.6862745098039216,40.42,0.5,0.05,4,150,0.3,1.0,5.0,0.5,0.7
RawPixels,N,0.6862745098039216,0.6832298136645962,0.6850566313481914,40.22,0.5,0.05,4,150,0.3,1.0,5.0,0.5,0.8
RawPixels,N,0.6274509803921569,0.626877165960724,0.6277378876078734,12.57,0.5,0.1,2,50,0.1,0.1,1.0,0.5,0.6
RawPixels,N,0.7254901960784313,0.7228260869565217,0.7244245524296676,12.63,0.5,0.1,2,50,0.1,0.1,1.0,0.5,0.7
RawPixels,N,0.6862745098039216,0.6861538461538461,0.6865158371040724,12.95,0.5,0.1,2,50,0.1,0.1,1.0,0.5,0.8
RawPixels,N,0.6078431372549019,0.6040372670807453,0.6063207891852394,12.88,0.5,0.1,2,50,0.1,0.1,5.0,0.5,0.6
RawPixels,N,0.6862745098039216,0.6832298136645962,0.6850566313481914,12.78,0.5,0.1,2,50,0.1,0.1,5.0,0.5,0.7
RawPixels,N,0.6862745098039216,0.6861538461538461,0.6865158371040724,12.57,0.5,0.1,2,50,0.1,0.1,5.0,0.5,0.8
RawPixels,N,0.6470588235294118,0.6458333333333333,0.6470588235294118,12.52,0.5,0.1,2,50,0.1,1.0,1.0,0.5,0.6
RawPixels,N,0.7254901960784313,0.7228260869565217,0.7244245524296676,12.44,0.5,0.1,2,50,0.1,1.0,1.0,0.5,0.7
RawPixels,N,0.6862745098039216,0.6851851851851851,0.6862745098039216,12.52,0.5,0.1,2,50,0.1,1.0,1.0,0.5,0.8
RawPixels,N,0.6078431372549019,0.6040372670807453,0.6063207891852394,12.59,0.5,0.1,2,50,0.1,1.0,5.0,0.5,0.6
RawPixels,N,0.6862745098039216,0.6851851851851851,0.6862745098039216,12.59,0.5,0.1,2,50,0.1,1.0,5.0,0.5,0.7
RawPixels,N,0.6666666666666666,0.6661532537543319,0.666923373122834,12.66,0.5,0.1,2,50,0.1,1.0,5.0,0.5,0.8
RawPixels,N,0.6274509803921569,0.626877165960724,0.6277378876078734,12.2,0.5,0.1,2,50,0.3,0.1,1.0,0.5,0.6
RawPixels,N,0.7058823529411765,0.7040618955512572,0.7054272385936966,12.39,0.5,0.1,2,50,0.3,0.1,1.0,0.5,0.7
RawPixels,N,0.7058823529411765,0.7054293415479399,0.7061088586377948,12.43,0.5,0.1,2,50,0.3,0.1,1.0,0.5,0.8
RawPixels,N,0.6470588235294118,0.6436335403726708,0.6456887102667155,12.01,0.5,0.1,2,50,0.3,0.1,5.0,0.5,0.6
RawPixels,N,0.6862745098039216,0.6851851851851851,0.6862745098039216,12.32,0.5,0.1,2,50,0.3,0.1,5.0,0.5,0.7
RawPixels,N,0.6470588235294118,0.6458333333333333,0.6470588235294118,12.37,0.5,0.1,2,50,0.3,0.1,5.0,0.5,0.8
RawPixels,N,0.6862745098039216,0.6832298136645962,0.6850566313481914,12.41,0.5,0.1,2,50,0.3,1.0,1.0,0.5,0.6
RawPixels,N,0.7058823529411765,0.7040618955512572,0.7054272385936966,12.26,0.5,0.1,2,50,0.3,1.0,1.0,0.5,0.7
RawPixels,N,0.7058823529411765,0.7054293415479399,0.7061088586377948,12.41,0.5,0.1,2,50,0.3,1.0,1.0,0.5,0.8
RawPixels,N,0.6470588235294118,0.640282131661442,0.6431864281762862,12.38,0.5,0.1,2,50,0.3,1.0,5.0,0.5,0.6
RawPixels,N,0.7058823529411765,0.7040618955512572,0.7054272385936966,12.34,0.5,0.1,2,50,0.3,1.0,5.0,0.5,0.7
RawPixels,N,0.7058823529411765,0.7040618955512572,0.7054272385936966,12.41,0.5,0.1,2,50,0.3,1.0,5.0,0.5,0.8
RawPixels,N,0.6274509803921569,0.6251450676982592,0.6268745022186825,24.44,0.5,0.1,2,100,0.1,0.1,1.0,0.5,0.6
RawPixels,N,0.6862745098039216,0.6832298136645962,0.6850566313481914,24.57,0.5,0.1,2,100,0.1,0.1,1.0,0.5,0.7
RawPixels,N,0.6666666666666666,0.6661532537543319,0.666923373122834,25.22,0.5,0.1,2,100,0.1,0.1,1.0,0.5,0.8
RawPixels,N,0.6666666666666666,0.6619883040935672,0.664327485380117,24.5,0.5,0.1,2,100,0.1,0.1,5.0,0.5,0.6
RawPixels,N,0.6862745098039216,0.6832298136645962,0.6850566313481914,24.65,0.5,0.1,2,100,0.1,0.1,5.0,0.5,0.7
RawPixels,N,0.6862745098039216,0.6851851851851851,0.6862745098039216,24.6,0.5,0.1,2,100,0.1,0.1,5.0,0.5,0.8
RawPixels,N,0.6470588235294118,0.6436335403726708,0.6456887102667155,24.66,0.5,0.1,2,100,0.1,1.0,1.0,0.5,0.6
RawPixels,N,0.7254901960784313,0.7228260869565217,0.7244245524296676,24.4,0.5,0.1,2,100,0.1,1.0,1.0,0.5,0.7
RawPixels,N,0.6862745098039216,0.6851851851851851,0.6862745098039216,24.34,0.5,0.1,2,100,0.1,1.0,1.0,0.5,0.8
RawPixels,N,0.6666666666666666,0.6619883040935672,0.664327485380117,24.64,0.5,0.1,2,100,0.1,1.0,5.0,0.5,0.6
RawPixels,N,0.6862745098039216,0.6851851851851851,0.6862745098039216,24.53,0.5,0.1,2,100,0.1,1.0,5.0,0.5,0.7
RawPixels,N,0.6666666666666666,0.6661532537543319,0.666923373122834,24.79,0.5,0.1,2,100,0.1,1.0,5.0,0.5,0.8
RawPixels,N,0.6666666666666666,0.6619883040935672,0.664327485380117,23.17,0.5,0.1,2,100,0.3,0.1,1.0,0.5,0.6
RawPixels,N,0.6862745098039216,0.6832298136645962,0.6850566313481914,23.03,0.5,0.1,2,100,0.3,0.1,1.0,0.5,0.7
RawPixels,N,0.6666666666666666,0.6661532537543319,0.666923373122834,23.16,0.5,0.1,2,100,0.3,0.1,1.0,0.5,0.8
RawPixels,N,0.6862745098039216,0.6832298136645962,0.6850566313481914,23.25,0.5,0.1,2,100,0.3,0.1,5.0,0.5,0.6
RawPixels,N,0.6862745098039216,0.6832298136645962,0.6850566313481914,23.12,0.5,0.1,2,100,0.3,0.1,5.0,0.5,0.7
RawPixels,N,0.6862745098039216,0.6851851851851851,0.6862745098039216,23.4,0.5,0.1,2,100,0.3,0.1,5.0,0.5,0.8
RawPixels,N,0.6470588235294118,0.640282131661442,0.6431864281762862,23.41,0.5,0.1,2,100,0.3,1.0,1.0,0.5,0.6
RawPixels,N,0.6666666666666666,0.6646034816247582,0.6661508704061896,23.22,0.5,0.1,2,100,0.3,1.0,1.0,0.5,0.7
RawPixels,N,0.6666666666666666,0.6661532537543319,0.666923373122834,23.12,0.5,0.1,2,100,0.3,1.0,1.0,0.5,0.8
RawPixels,N,0.7254901960784313,0.7202194357366771,0.7224783330260004,23.11,0.5,0.1,2,100,0.3,1.0,5.0,0.5,0.6
RawPixels,N,0.6862745098039216,0.6851851851851851,0.6862745098039216,22.99,0.5,0.1,2,100,0.3,1.0,5.0,0.5,0.7
RawPixels,N,0.6666666666666666,0.6646034816247582,0.6661508704061896,23.22,0.5,0.1,2,100,0.3,1.0,5.0,0.5,0.8
RawPixels,N,0.6470588235294118,0.6458333333333333,0.6470588235294118,43.59,0.5,0.1,2,150,0.1,0.1,1.0,0.5,0.6
RawPixels,N,0.6666666666666666,0.6661532537543319,0.666923373122834,43.17,0.5,0.1,2,150,0.1,0.1,1.0,0.5,0.7
RawPixels,N,0.6862745098039216,0.6861538461538461,0.6865158371040724,43.79,0.5,0.1,2,150,0.1,0.1,1.0,0.5,0.8
RawPixels,N,0.6666666666666666,0.6619883040935672,0.664327485380117,43.01,0.5,0.1,2,150,0.1,0.1,5.0,0.5,0.6
RawPixels,N,0.7058823529411765,0.7017543859649122,0.7038183694530443,43.43,0.5,0.1,2,150,0.1,0.1,5.0,0.5,0.7
RawPixels,N,0.6862745098039216,0.6851851851851851,0.6862745098039216,43.45,0.5,0.1,2,150,0.1,0.1,5.0,0.5,0.8
RawPixels,N,0.6666666666666666,0.6646034816247582,0.6661508704061896,43.18,0.5,0.1,2,150,0.1,1.0,1.0,0.5,0.6
RawPixels,N,0.7254901960784313,0.7228260869565217,0.7244245524296676,43.57,0.5,0.1,2,150,0.1,1.0,1.0,0.5,0.7
RawPixels,N,0.6862745098039216,0.6851851851851851,0.6862745098039216,43.76,0.5,0.1,2,150,0.1,1.0,1.0,0.5,0.8
RawPixels,N,0.6666666666666666,0.6619883040935672,0.664327485380117,42.98,0.5,0.1,2,150,0.1,1.0,5.0,0.5,0.6
RawPixels,N,0.6862745098039216,0.6851851851851851,0.6862745098039216,43.21,0.5,0.1,2,150,0.1,1.0,5.0,0.5,0.7
RawPixels,N,0.7058823529411765,0.7040618955512572,0.7054272385936966,43.76,0.5,0.1,2,150,0.1,1.0,5.0,0.5,0.8
RawPixels,N,0.6470588235294118,0.6436335403726708,0.6456887102667155,39.56,0.5,0.1,2,150,0.3,0.1,1.0,0.5,0.6
RawPixels,N,0.6862745098039216,0.6851851851851851,0.6862745098039216,40.05,0.5,0.1,2,150,0.3,0.1,1.0,0.5,0.7
RawPixels,N,0.6470588235294118,0.6469230769230769,0.6473303167420814,40.31,0.5,0.1,2,150,0.3,0.1,1.0,0.5,0.8
RawPixels,N,0.6470588235294118,0.6436335403726708,0.6456887102667155,39.99,0.5,0.1,2,150,0.3,0.1,5.0,0.5,0.6
RawPixels,N,0.7058823529411765,0.7040618955512572,0.7054272385936966,40.39,0.5,0.1,2,150,0.3,0.1,5.0,0.5,0.7
RawPixels,N,0.6666666666666666,0.6661532537543319,0.666923373122834,40.47,0.5,0.1,2,150,0.3,0.1,5.0,0.5,0.8
RawPixels,N,0.6666666666666666,0.6646034816247582,0.6661508704061896,40.11,0.5,0.1,2,150,0.3,1.0,1.0,0.5,0.6
RawPixels,N,0.7254901960784313,0.7228260869565217,0.7244245524296676,40.29,0.5,0.1,2,150,0.3,1.0,1.0,0.5,0.7
RawPixels,N,0.6666666666666666,0.6661532537543319,0.666923373122834,40.48,0.5,0.1,2,150,0.3,1.0,1.0,0.5,0.8
RawPixels,N,0.6666666666666666,0.6619883040935672,0.664327485380117,40.27,0.5,0.1,2,150,0.3,1.0,5.0,0.5,0.6
RawPixels,N,0.7058823529411765,0.7040618955512572,0.7054272385936966,40.53,0.5,0.1,2,150,0.3,1.0,5.0,0.5,0.7
RawPixels,N,0.6862745098039216,0.6832298136645962,0.6850566313481914,40.28,0.5,0.1,2,150,0.3,1.0,5.0,0.5,0.8
RawPixels,N,0.6274509803921569,0.626877165960724,0.6277378876078734,12.54,0.5,0.1,3,50,0.1,0.1,1.0,0.5,0.6
RawPixels,N,0.7254901960784313,0.7228260869565217,0.7244245524296676,12.58,0.5,0.1,3,50,0.1,0.1,1.0,0.5,0.7
RawPixels,N,0.6862745098039216,0.6861538461538461,0.6865158371040724,12.62,0.5,0.1,3,50,0.1,0.1,1.0,0.5,0.8
RawPixels,N,0.6078431372549019,0.6040372670807453,0.6063207891852394,12.77,0.5,0.1,3,50,0.1,0.1,5.0,0.5,0.6
RawPixels,N,0.6862745098039216,0.6832298136645962,0.6850566313481914,12.85,0.5,0.1,3,50,0.1,0.1,5.0,0.5,0.7
RawPixels,N,0.6862745098039216,0.6861538461538461,0.6865158371040724,12.71,0.5,0.1,3,50,0.1,0.1,5.0,0.5,0.8
RawPixels,N,0.6470588235294118,0.6458333333333333,0.6470588235294118,12.9,0.5,0.1,3,50,0.1,1.0,1.0,0.5,0.6
RawPixels,N,0.7254901960784313,0.7228260869565217,0.7244245524296676,12.9,0.5,0.1,3,50,0.1,1.0,1.0,0.5,0.7
RawPixels,N,0.6862745098039216,0.6851851851851851,0.6862745098039216,13.18,0.5,0.1,3,50,0.1,1.0,1.0,0.5,0.8
RawPixels,N,0.6078431372549019,0.6040372670807453,0.6063207891852394,12.74,0.5,0.1,3,50,0.1,1.0,5.0,0.5,0.6
RawPixels,N,0.6862745098039216,0.6851851851851851,0.6862745098039216,12.85,0.5,0.1,3,50,0.1,1.0,5.0,0.5,0.7
RawPixels,N,0.6666666666666666,0.6661532537543319,0.666923373122834,13.09,0.5,0.1,3,50,0.1,1.0,5.0,0.5,0.8
RawPixels,N,0.6274509803921569,0.626877165960724,0.6277378876078734,12.46,0.5,0.1,3,50,0.3,0.1,1.0,0.5,0.6
RawPixels,N,0.7058823529411765,0.7040618955512572,0.7054272385936966,12.56,0.5,0.1,3,50,0.3,0.1,1.0,0.5,0.7
RawPixels,N,0.7058823529411765,0.7054293415479399,0.7061088586377948,12.48,0.5,0.1,3,50,0.3,0.1,1.0,0.5,0.8
RawPixels,N,0.6470588235294118,0.6436335403726708,0.6456887102667155,12.51,0.5,0.1,3,50,0.3,0.1,5.0,0.5,0.6
RawPixels,N,0.6862745098039216,0.6851851851851851,0.6862745098039216,12.53,0.5,0.1,3,50,0.3,0.1,5.0,0.5,0.7
RawPixels,N,0.6470588235294118,0.6458333333333333,0.6470588235294118,12.79,0.5,0.1,3,50,0.3,0.1,5.0,0.5,0.8
RawPixels,N,0.6862745098039216,0.6832298136645962,0.6850566313481914,12.35,0.5,0.1,3,50,0.3,1.0,1.0,0.5,0.6
RawPixels,N,0.7058823529411765,0.7040618955512572,0.7054272385936966,12.44,0.5,0.1,3,50,0.3,1.0,1.0,0.5,0.7
RawPixels,N,0.6862745098039216,0.6861538461538461,0.6865158371040724,12.65,0.5,0.1,3,50,0.3,1.0,1.0,0.5,0.8
RawPixels,N,0.6470588235294118,0.640282131661442,0.6431864281762862,12.71,0.5,0.1,3,50,0.3,1.0,5.0,0.5,0.6
RawPixels,N,0.7058823529411765,0.7040618955512572,0.7054272385936966,12.76,0.5,0.1,3,50,0.3,1.0,5.0,0.5,0.7
RawPixels,N,0.7058823529411765,0.7040618955512572,0.7054272385936966,12.87,0.5,0.1,3,50,0.3,1.0,5.0,0.5,0.8
RawPixels,N,0.6274509803921569,0.6251450676982592,0.6268745022186825,24.45,0.5,0.1,3,100,0.1,0.1,1.0,0.5,0.6
RawPixels,N,0.6862745098039216,0.6832298136645962,0.6850566313481914,26.45,0.5,0.1,3,100,0.1,0.1,1.0,0.5,0.7
RawPixels,N,0.6666666666666666,0.6661532537543319,0.666923373122834,25.03,0.5,0.1,3,100,0.1,0.1,1.0,0.5,0.8
RawPixels,N,0.6666666666666666,0.6619883040935672,0.664327485380117,24.46,0.5,0.1,3,100,0.1,0.1,5.0,0.5,0.6
RawPixels,N,0.6862745098039216,0.6832298136645962,0.6850566313481914,24.52,0.5,0.1,3,100,0.1,0.1,5.0,0.5,0.7
RawPixels,N,0.6862745098039216,0.6851851851851851,0.6862745098039216,24.91,0.5,0.1,3,100,0.1,0.1,5.0,0.5,0.8
RawPixels,N,0.6470588235294118,0.6436335403726708,0.6456887102667155,24.69,0.5,0.1,3,100,0.1,1.0,1.0,0.5,0.6
RawPixels,N,0.7254901960784313,0.7228260869565217,0.7244245524296676,25.24,0.5,0.1,3,100,0.1,1.0,1.0,0.5,0.7
RawPixels,N,0.6862745098039216,0.6851851851851851,0.6862745098039216,24.65,0.5,0.1,3,100,0.1,1.0,1.0,0.5,0.8
RawPixels,N,0.6666666666666666,0.6619883040935672,0.664327485380117,24.43,0.5,0.1,3,100,0.1,1.0,5.0,0.5,0.6
RawPixels,N,0.6862745098039216,0.6851851851851851,0.6862745098039216,24.62,0.5,0.1,3,100,0.1,1.0,5.0,0.5,0.7
RawPixels,N,0.6666666666666666,0.6661532537543319,0.666923373122834,25.26,0.5,0.1,3,100,0.1,1.0,5.0,0.5,0.8
RawPixels,N,0.6666666666666666,0.6619883040935672,0.664327485380117,23.03,0.5,0.1,3,100,0.3,0.1,1.0,0.5,0.6
RawPixels,N,0.6862745098039216,0.6832298136645962,0.6850566313481914,23.04,0.5,0.1,3,100,0.3,0.1,1.0,0.5,0.7
RawPixels,N,0.6666666666666666,0.6661532537543319,0.666923373122834,23.59,0.5,0.1,3,100,0.3,0.1,1.0,0.5,0.8
RawPixels,N,0.6862745098039216,0.6832298136645962,0.6850566313481914,23.2,0.5,0.1,3,100,0.3,0.1,5.0,0.5,0.6
RawPixels,N,0.6862745098039216,0.6832298136645962,0.6850566313481914,23.32,0.5,0.1,3,100,0.3,0.1,5.0,0.5,0.7
RawPixels,N,0.6862745098039216,0.6851851851851851,0.6862745098039216,23.45,0.5,0.1,3,100,0.3,0.1,5.0,0.5,0.8
RawPixels,N,0.6470588235294118,0.640282131661442,0.6431864281762862,23.03,0.5,0.1,3,100,0.3,1.0,1.0,0.5,0.6
RawPixels,N,0.6666666666666666,0.6646034816247582,0.6661508704061896,23.24,0.5,0.1,3,100,0.3,1.0,1.0,0.5,0.7
RawPixels,N,0.6666666666666666,0.6661532537543319,0.666923373122834,23.52,0.5,0.1,3,100,0.3,1.0,1.0,0.5,0.8
RawPixels,N,0.7254901960784313,0.7202194357366771,0.7224783330260004,23.67,0.5,0.1,3,100,0.3,1.0,5.0,0.5,0.6
RawPixels,N,0.6862745098039216,0.6851851851851851,0.6862745098039216,23.62,0.5,0.1,3,100,0.3,1.0,5.0,0.5,0.7
RawPixels,N,0.6666666666666666,0.6646034816247582,0.6661508704061896,23.57,0.5,0.1,3,100,0.3,1.0,5.0,0.5,0.8
RawPixels,N,0.6470588235294118,0.6458333333333333,0.6470588235294118,44.17,0.5,0.1,3,150,0.1,0.1,1.0,0.5,0.6
RawPixels,N,0.6666666666666666,0.6661532537543319,0.666923373122834,44.32,0.5,0.1,3,150,0.1,0.1,1.0,0.5,0.7
RawPixels,N,0.6862745098039216,0.6861538461538461,0.6865158371040724,44.69,0.5,0.1,3,150,0.1,0.1,1.0,0.5,0.8
RawPixels,N,0.6666666666666666,0.6619883040935672,0.664327485380117,44.22,0.5,0.1,3,150,0.1,0.1,5.0,0.5,0.6
RawPixels,N,0.7058823529411765,0.7017543859649122,0.7038183694530443,43.79,0.5,0.1,3,150,0.1,0.1,5.0,0.5,0.7
RawPixels,N,0.6862745098039216,0.6851851851851851,0.6862745098039216,44.26,0.5,0.1,3,150,0.1,0.1,5.0,0.5,0.8
RawPixels,N,0.6666666666666666,0.6646034816247582,0.6661508704061896,43.82,0.5,0.1,3,150,0.1,1.0,1.0,0.5,0.6
RawPixels,N,0.7254901960784313,0.7228260869565217,0.7244245524296676,44.42,0.5,0.1,3,150,0.1,1.0,1.0,0.5,0.7
RawPixels,N,0.6862745098039216,0.6851851851851851,0.6862745098039216,44.46,0.5,0.1,3,150,0.1,1.0,1.0,0.5,0.8
RawPixels,N,0.6666666666666666,0.6619883040935672,0.664327485380117,43.75,0.5,0.1,3,150,0.1,1.0,5.0,0.5,0.6
RawPixels,N,0.6862745098039216,0.6851851851851851,0.6862745098039216,43.81,0.5,0.1,3,150,0.1,1.0,5.0,0.5,0.7
RawPixels,N,0.7058823529411765,0.7040618955512572,0.7054272385936966,44.75,0.5,0.1,3,150,0.1,1.0,5.0,0.5,0.8
RawPixels,N,0.6470588235294118,0.6436335403726708,0.6456887102667155,40.52,0.5,0.1,3,150,0.3,0.1,1.0,0.5,0.6
RawPixels,N,0.6862745098039216,0.6851851851851851,0.6862745098039216,40.86,0.5,0.1,3,150,0.3,0.1,1.0,0.5,0.7
RawPixels,N,0.6470588235294118,0.6469230769230769,0.6473303167420814,40.93,0.5,0.1,3,150,0.3,0.1,1.0,0.5,0.8
RawPixels,N,0.6470588235294118,0.6436335403726708,0.6456887102667155,41.03,0.5,0.1,3,150,0.3,0.1,5.0,0.5,0.6
RawPixels,N,0.7058823529411765,0.7040618955512572,0.7054272385936966,41.02,0.5,0.1,3,150,0.3,0.1,5.0,0.5,0.7
RawPixels,N,0.6666666666666666,0.6661532537543319,0.666923373122834,40.49,0.5,0.1,3,150,0.3,0.1,5.0,0.5,0.8
RawPixels,N,0.6666666666666666,0.6646034816247582,0.6661508704061896,40.68,0.5,0.1,3,150,0.3,1.0,1.0,0.5,0.6
RawPixels,N,0.7254901960784313,0.7228260869565217,0.7244245524296676,40.4,0.5,0.1,3,150,0.3,1.0,1.0,0.5,0.7
RawPixels,N,0.6666666666666666,0.6661532537543319,0.666923373122834,40.66,0.5,0.1,3,150,0.3,1.0,1.0,0.5,0.8
RawPixels,N,0.6666666666666666,0.6619883040935672,0.664327485380117,40.67,0.5,0.1,3,150,0.3,1.0,5.0,0.5,0.6
RawPixels,N,0.7058823529411765,0.7040618955512572,0.7054272385936966,40.43,0.5,0.1,3,150,0.3,1.0,5.0,0.5,0.7
RawPixels,N,0.6862745098039216,0.6832298136645962,0.6850566313481914,40.69,0.5,0.1,3,150,0.3,1.0,5.0,0.5,0.8
RawPixels,N,0.6274509803921569,0.626877165960724,0.6277378876078734,12.85,0.5,0.1,4,50,0.1,0.1,1.0,0.5,0.6
RawPixels,N,0.7254901960784313,0.7228260869565217,0.7244245524296676,13.0,0.5,0.1,4,50,0.1,0.1,1.0,0.5,0.7
RawPixels,N,0.6862745098039216,0.6861538461538461,0.6865158371040724,12.81,0.5,0.1,4,50,0.1,0.1,1.0,0.5,0.8
RawPixels,N,0.6078431372549019,0.6040372670807453,0.6063207891852394,12.71,0.5,0.1,4,50,0.1,0.1,5.0,0.5,0.6
RawPixels,N,0.6862745098039216,0.6832298136645962,0.6850566313481914,12.9,0.5,0.1,4,50,0.1,0.1,5.0,0.5,0.7
RawPixels,N,0.6862745098039216,0.6861538461538461,0.6865158371040724,12.65,0.5,0.1,4,50,0.1,0.1,5.0,0.5,0.8
RawPixels,N,0.6470588235294118,0.6458333333333333,0.6470588235294118,12.8,0.5,0.1,4,50,0.1,1.0,1.0,0.5,0.6
RawPixels,N,0.7254901960784313,0.7228260869565217,0.7244245524296676,12.89,0.5,0.1,4,50,0.1,1.0,1.0,0.5,0.7
RawPixels,N,0.6862745098039216,0.6851851851851851,0.6862745098039216,12.76,0.5,0.1,4,50,0.1,1.0,1.0,0.5,0.8
RawPixels,N,0.6078431372549019,0.6040372670807453,0.6063207891852394,12.86,0.5,0.1,4,50,0.1,1.0,5.0,0.5,0.6
RawPixels,N,0.6862745098039216,0.6851851851851851,0.6862745098039216,12.82,0.5,0.1,4,50,0.1,1.0,5.0,0.5,0.7
RawPixels,N,0.6666666666666666,0.6661532537543319,0.666923373122834,12.8,0.5,0.1,4,50,0.1,1.0,5.0,0.5,0.8
RawPixels,N,0.6274509803921569,0.626877165960724,0.6277378876078734,12.74,0.5,0.1,4,50,0.3,0.1,1.0,0.5,0.6
RawPixels,N,0.7058823529411765,0.7040618955512572,0.7054272385936966,12.79,0.5,0.1,4,50,0.3,0.1,1.0,0.5,0.7
RawPixels,N,0.7058823529411765,0.7054293415479399,0.7061088586377948,12.7,0.5,0.1,4,50,0.3,0.1,1.0,0.5,0.8
RawPixels,N,0.6470588235294118,0.6436335403726708,0.6456887102667155,12.73,0.5,0.1,4,50,0.3,0.1,5.0,0.5,0.6
RawPixels,N,0.6862745098039216,0.6851851851851851,0.6862745098039216,12.34,0.5,0.1,4,50,0.3,0.1,5.0,0.5,0.7
RawPixels,N,0.6470588235294118,0.6458333333333333,0.6470588235294118,12.62,0.5,0.1,4,50,0.3,0.1,5.0,0.5,0.8
RawPixels,N,0.6862745098039216,0.6832298136645962,0.6850566313481914,12.84,0.5,0.1,4,50,0.3,1.0,1.0,0.5,0.6
RawPixels,N,0.7058823529411765,0.7040618955512572,0.7054272385936966,12.68,0.5,0.1,4,50,0.3,1.0,1.0,0.5,0.7
RawPixels,N,0.6862745098039216,0.6861538461538461,0.6865158371040724,12.84,0.5,0.1,4,50,0.3,1.0,1.0,0.5,0.8
RawPixels,N,0.6470588235294118,0.640282131661442,0.6431864281762862,12.54,0.5,0.1,4,50,0.3,1.0,5.0,0.5,0.6
RawPixels,N,0.7058823529411765,0.7040618955512572,0.7054272385936966,12.4,0.5,0.1,4,50,0.3,1.0,5.0,0.5,0.7
RawPixels,N,0.7058823529411765,0.7040618955512572,0.7054272385936966,12.69,0.5,0.1,4,50,0.3,1.0,5.0,0.5,0.8
RawPixels,N,0.6274509803921569,0.6251450676982592,0.6268745022186825,24.94,0.5,0.1,4,100,0.1,0.1,1.0,0.5,0.6
RawPixels,N,0.6862745098039216,0.6832298136645962,0.6850566313481914,24.28,0.5,0.1,4,100,0.1,0.1,1.0,0.5,0.7
RawPixels,N,0.6666666666666666,0.6661532537543319,0.666923373122834,24.85,0.5,0.1,4,100,0.1,0.1,1.0,0.5,0.8
RawPixels,N,0.6666666666666666,0.6619883040935672,0.664327485380117,24.56,0.5,0.1,4,100,0.1,0.1,5.0,0.5,0.6
RawPixels,N,0.6862745098039216,0.6832298136645962,0.6850566313481914,25.1,0.5,0.1,4,100,0.1,0.1,5.0,0.5,0.7
RawPixels,N,0.6862745098039216,0.6851851851851851,0.6862745098039216,24.49,0.5,0.1,4,100,0.1,0.1,5.0,0.5,0.8
RawPixels,N,0.6470588235294118,0.6436335403726708,0.6456887102667155,24.33,0.5,0.1,4,100,0.1,1.0,1.0,0.5,0.6
RawPixels,N,0.7254901960784313,0.7228260869565217,0.7244245524296676,24.5,0.5,0.1,4,100,0.1,1.0,1.0,0.5,0.7
RawPixels,N,0.6862745098039216,0.6851851851851851,0.6862745098039216,24.56,0.5,0.1,4,100,0.1,1.0,1.0,0.5,0.8
RawPixels,N,0.6666666666666666,0.6619883040935672,0.664327485380117,24.42,0.5,0.1,4,100,0.1,1.0,5.0,0.5,0.6
RawPixels,N,0.6862745098039216,0.6851851851851851,0.6862745098039216,24.67,0.5,0.1,4,100,0.1,1.0,5.0,0.5,0.7
RawPixels,N,0.6666666666666666,0.6661532537543319,0.666923373122834,24.62,0.5,0.1,4,100,0.1,1.0,5.0,0.5,0.8
RawPixels,N,0.6666666666666666,0.6619883040935672,0.664327485380117,23.05,0.5,0.1,4,100,0.3,0.1,1.0,0.5,0.6
RawPixels,N,0.6862745098039216,0.6832298136645962,0.6850566313481914,23.01,0.5,0.1,4,100,0.3,0.1,1.0,0.5,0.7
RawPixels,N,0.6666666666666666,0.6661532537543319,0.666923373122834,23.13,0.5,0.1,4,100,0.3,0.1,1.0,0.5,0.8
RawPixels,N,0.6862745098039216,0.6832298136645962,0.6850566313481914,23.13,0.5,0.1,4,100,0.3,0.1,5.0,0.5,0.6
RawPixels,N,0.6862745098039216,0.6832298136645962,0.6850566313481914,23.2,0.5,0.1,4,100,0.3,0.1,5.0,0.5,0.7
RawPixels,N,0.6862745098039216,0.6851851851851851,0.6862745098039216,22.96,0.5,0.1,4,100,0.3,0.1,5.0,0.5,0.8
RawPixels,N,0.6470588235294118,0.640282131661442,0.6431864281762862,23.03,0.5,0.1,4,100,0.3,1.0,1.0,0.5,0.6
RawPixels,N,0.6666666666666666,0.6646034816247582,0.6661508704061896,23.02,0.5,0.1,4,100,0.3,1.0,1.0,0.5,0.7
RawPixels,N,0.6666666666666666,0.6661532537543319,0.666923373122834,23.1,0.5,0.1,4,100,0.3,1.0,1.0,0.5,0.8
RawPixels,N,0.7254901960784313,0.7202194357366771,0.7224783330260004,23.05,0.5,0.1,4,100,0.3,1.0,5.0,0.5,0.6
RawPixels,N,0.6862745098039216,0.6851851851851851,0.6862745098039216,23.08,0.5,0.1,4,100,0.3,1.0,5.0,0.5,0.7
RawPixels,N,0.6666666666666666,0.6646034816247582,0.6661508704061896,23.05,0.5,0.1,4,100,0.3,1.0,5.0,0.5,0.8
RawPixels,N,0.6470588235294118,0.6458333333333333,0.6470588235294118,43.76,0.5,0.1,4,150,0.1,0.1,1.0,0.5,0.6
RawPixels,N,0.6666666666666666,0.6661532537543319,0.666923373122834,44.38,0.5,0.1,4,150,0.1,0.1,1.0,0.5,0.7
RawPixels,N,0.6862745098039216,0.6861538461538461,0.6865158371040724,44.18,0.5,0.1,4,150,0.1,0.1,1.0,0.5,0.8
RawPixels,N,0.6666666666666666,0.6619883040935672,0.664327485380117,43.93,0.5,0.1,4,150,0.1,0.1,5.0,0.5,0.6
RawPixels,N,0.7058823529411765,0.7017543859649122,0.7038183694530443,44.45,0.5,0.1,4,150,0.1,0.1,5.0,0.5,0.7
RawPixels,N,0.6862745098039216,0.6851851851851851,0.6862745098039216,44.58,0.5,0.1,4,150,0.1,0.1,5.0,0.5,0.8
RawPixels,N,0.6666666666666666,0.6646034816247582,0.6661508704061896,44.5,0.5,0.1,4,150,0.1,1.0,1.0,0.5,0.6
RawPixels,N,0.7254901960784313,0.7228260869565217,0.7244245524296676,44.44,0.5,0.1,4,150,0.1,1.0,1.0,0.5,0.7
RawPixels,N,0.6862745098039216,0.6851851851851851,0.6862745098039216,44.37,0.5,0.1,4,150,0.1,1.0,1.0,0.5,0.8
RawPixels,N,0.6666666666666666,0.6619883040935672,0.664327485380117,44.54,0.5,0.1,4,150,0.1,1.0,5.0,0.5,0.6
RawPixels,N,0.6862745098039216,0.6851851851851851,0.6862745098039216,44.55,0.5,0.1,4,150,0.1,1.0,5.0,0.5,0.7
RawPixels,N,0.7058823529411765,0.7040618955512572,0.7054272385936966,44.71,0.5,0.1,4,150,0.1,1.0,5.0,0.5,0.8
RawPixels,N,0.6470588235294118,0.6436335403726708,0.6456887102667155,40.94,0.5,0.1,4,150,0.3,0.1,1.0,0.5,0.6
RawPixels,N,0.6862745098039216,0.6851851851851851,0.6862745098039216,41.04,0.5,0.1,4,150,0.3,0.1,1.0,0.5,0.7
RawPixels,N,0.6470588235294118,0.6469230769230769,0.6473303167420814,40.99,0.5,0.1,4,150,0.3,0.1,1.0,0.5,0.8
RawPixels,N,0.6470588235294118,0.6436335403726708,0.6456887102667155,40.71,0.5,0.1,4,150,0.3,0.1,5.0,0.5,0.6
RawPixels,N,0.7058823529411765,0.7040618955512572,0.7054272385936966,40.64,0.5,0.1,4,150,0.3,0.1,5.0,0.5,0.7
RawPixels,N,0.6666666666666666,0.6661532537543319,0.666923373122834,40.95,0.5,0.1,4,150,0.3,0.1,5.0,0.5,0.8
RawPixels,N,0.6666666666666666,0.6646034816247582,0.6661508704061896,40.61,0.5,0.1,4,150,0.3,1.0,1.0,0.5,0.6
RawPixels,N,0.7254901960784313,0.7228260869565217,0.7244245524296676,40.8,0.5,0.1,4,150,0.3,1.0,1.0,0.5,0.7
RawPixels,N,0.6666666666666666,0.6661532537543319,0.666923373122834,40.31,0.5,0.1,4,150,0.3,1.0,1.0,0.5,0.8
RawPixels,N,0.6666666666666666,0.6619883040935672,0.664327485380117,40.36,0.5,0.1,4,150,0.3,1.0,5.0,0.5,0.6
RawPixels,N,0.7058823529411765,0.7040618955512572,0.7054272385936966,40.44,0.5,0.1,4,150,0.3,1.0,5.0,0.5,0.7
RawPixels,N,0.6862745098039216,0.6832298136645962,0.6850566313481914,40.67,0.5,0.1,4,150,0.3,1.0,5.0,0.5,0.8
RawPixels,N,0.5882352941176471,0.5296442687747036,0.5394094396651941,12.86,0.6,0.01,2,50,0.1,0.1,1.0,0.5,0.6
RawPixels,N,0.5686274509803921,0.5277777777777778,0.5359477124183007,12.96,0.6,0.01,2,50,0.1,0.1,1.0,0.5,0.7
RawPixels,N,0.6078431372549019,0.5805921052631579,0.5868808049535603,12.8,0.6,0.01,2,50,0.1,0.1,1.0,0.5,0.8
RawPixels,N,0.47058823529411764,0.32,0.33882352941176475,12.71,0.6,0.01,2,50,0.1,0.1,5.0,0.5,0.6
RawPixels,N,0.47058823529411764,0.3743752839618355,0.38880722666167783,12.86,0.6,0.01,2,50,0.1,0.1,5.0,0.5,0.7
RawPixels,N,0.5294117647058824,0.45357142857142857,0.46554621848739497,12.86,0.6,0.01,2,50,0.1,0.1,5.0,0.5,0.8
RawPixels,N,0.49019607843137253,0.36003861003861004,0.37701567113331824,13.01,0.6,0.01,2,50,0.1,1.0,1.0,0.5,0.6
RawPixels,N,0.5294117647058824,0.47058823529411764,0.48096885813148793,12.79,0.6,0.01,2,50,0.1,1.0,1.0,0.5,0.7
RawPixels,N,0.5490196078431373,0.4997867803837953,0.5090179355324219,13.07,0.6,0.01,2,50,0.1,1.0,1.0,0.5,0.8
RawPixels,N,0.49019607843137253,0.32894736842105265,0.34829721362229105,12.74,0.6,0.01,2,50,0.1,1.0,5.0,0.5,0.6
RawPixels,N,0.47058823529411764,0.32,0.33882352941176475,12.86,0.6,0.01,2,50,0.1,1.0,5.0,0.5,0.7
RawPixels,N,0.49019607843137253,0.38611111111111107,0.4009803921568627,13.02,0.6,0.01,2,50,0.1,1.0,5.0,0.5,0.8
RawPixels,N,0.5490196078431373,0.4670604270786006,0.4793543041932811,12.6,0.6,0.01,2,50,0.3,0.1,1.0,0.5,0.6
RawPixels,N,0.5686274509803921,0.5277777777777778,0.5359477124183007,12.85,0.6,0.01,2,50,0.3,0.1,1.0,0.5,0.7
RawPixels,N,0.5882352941176471,0.5546777546777547,0.5618686559863031,12.8,0.6,0.01,2,50,0.3,0.1,1.0,0.5,0.8
RawPixels,N,0.47058823529411764,0.32,0.33882352941176475,12.63,0.6,0.01,2,50,0.3,0.1,5.0,0.5,0.6
RawPixels,N,0.47058823529411764,0.32,0.33882352941176475,12.43,0.6,0.01,2,50,0.3,0.1,5.0,0.5,0.7
RawPixels,N,0.5098039215686274,0.4207178555202181,0.4340807654274795,12.63,0.6,0.01,2,50,0.3,0.1,5.0,0.5,0.8
RawPixels,N,0.49019607843137253,0.36003861003861004,0.37701567113331824,12.51,0.6,0.01,2,50,0.3,1.0,1.0,0.5,0.6
RawPixels,N,0.49019607843137253,0.4080357142857143,0.42100840336134454,12.45,0.6,0.01,2,50,0.3,1.0,1.0,0.5,0.7
RawPixels,N,0.5294117647058824,0.47058823529411764,0.48096885813148793,12.7,0.6,0.01,2,50,0.3,1.0,1.0,0.5,0.8
RawPixels,N,0.49019607843137253,0.32894736842105265,0.34829721362229105,12.66,0.6,0.01,2,50,0.3,1.0,5.0,0.5,0.6
RawPixels,N,0.47058823529411764,0.32,0.33882352941176475,12.63,0.6,0.01,2,50,0.3,1.0,5.0,0.5,0.7
RawPixels,N,0.49019607843137253,0.36003861003861004,0.37701567113331824,12.55,0.6,0.01,2,50,0.3,1.0,5.0,0.5,0.8
RawPixels,N,0.6078431372549019,0.5707070707070707,0.5781342840166369,24.74,0.6,0.01,2,100,0.1,0.1,1.0,0.5,0.6
RawPixels,N,0.6274509803921569,0.6056166056166056,0.6110751993104934,24.78,0.6,0.01,2,100,0.1,0.1,1.0,0.5,0.7
RawPixels,N,0.6470588235294118,0.6357142857142857,0.6394957983193277,24.82,0.6,0.01,2,100,0.1,0.1,1.0,0.5,0.8
RawPixels,N,0.6078431372549019,0.5588235294117647,0.5674740484429066,24.31,0.6,0.01,2,100,0.1,0.1,5.0,0.5,0.6
RawPixels,N,0.6078431372549019,0.5805921052631579,0.5868808049535603,24.57,0.6,0.01,2,100,0.1,0.1,5.0,0.5,0.7
RawPixels,N,0.6274509803921569,0.6056166056166056,0.6110751993104934,25.11,0.6,0.01,2,100,0.1,0.1,5.0,0.5,0.8
RawPixels,N,0.5882352941176471,0.5432835820895523,0.55171202809482,25.02,0.6,0.01,2,100,0.1,1.0,1.0,0.5,0.6
RawPixels,N,0.6078431372549019,0.5805921052631579,0.5868808049535603,24.69,0.6,0.01,2,100,0.1,1.0,1.0,0.5,0.7
RawPixels,N,0.6470588235294118,0.6298387096774194,0.6345351043643265,24.74,0.6,0.01,2,100,0.1,1.0,1.0,0.5,0.8
RawPixels,N,0.5686274509803921,0.49910714285714286,0.5100840336134455,24.57,0.6,0.01,2,100,0.1,1.0,5.0,0.5,0.6
RawPixels,N,0.5686274509803921,0.5277777777777778,0.5359477124183007,24.66,0.6,0.01,2,100,0.1,1.0,5.0,0.5,0.7
RawPixels,N,0.6078431372549019,0.5805921052631579,0.5868808049535603,24.92,0.6,0.01,2,100,0.1,1.0,5.0,0.5,0.8
RawPixels,N,0.6078431372549019,0.5707070707070707,0.5781342840166369,23.52,0.6,0.01,2,100,0.3,0.1,1.0,0.5,0.6
RawPixels,N,0.6274509803921569,0.6056166056166056,0.6110751993104934,23.02,0.6,0.01,2,100,0.3,0.1,1.0,0.5,0.7
RawPixels,N,0.6666666666666666,0.6533386645341863,0.6573370651739304,23.37,0.6,0.01,2,100,0.3,0.1,1.0,0.5,0.8
RawPixels,N,0.6078431372549019,0.5588235294117647,0.5674740484429066,22.97,0.6,0.01,2,100,0.3,0.1,5.0,0.5,0.6
RawPixels,N,0.5882352941176471,0.5546777546777547,0.5618686559863031,23.07,0.6,0.01,2,100,0.3,0.1,5.0,0.5,0.7
RawPixels,N,0.6078431372549019,0.5805921052631579,0.5868808049535603,23.2,0.6,0.01,2,100,0.3,0.1,5.0,0.5,0.8
RawPixels,N,0.6078431372549019,0.5588235294117647,0.5674740484429066,22.87,0.6,0.01,2,100,0.3,1.0,1.0,0.5,0.6
RawPixels,N,0.6078431372549019,0.5805921052631579,0.5868808049535603,22.98,0.6,0.01,2,100,0.3,1.0,1.0,0.5,0.7
RawPixels,N,0.6274509803921569,0.6056166056166056,0.6110751993104934,22.98,0.6,0.01,2,100,0.3,1.0,1.0,0.5,0.8
RawPixels,N,0.5294117647058824,0.43333333333333335,0.4470588235294118,22.89,0.6,0.01,2,100,0.3,1.0,5.0,0.5,0.6
RawPixels,N,0.5490196078431373,0.4997867803837953,0.5090179355324219,23.48,0.6,0.01,2,100,0.3,1.0,5.0,0.5,0.7
RawPixels,N,0.5882352941176471,0.5546777546777547,0.5618686559863031,23.12,0.6,0.01,2,100,0.3,1.0,5.0,0.5,0.8
RawPixels,N,0.6470588235294118,0.6298387096774194,0.6345351043643265,44.33,0.6,0.01,2,150,0.1,0.1,1.0,0.5,0.6
RawPixels,N,0.6470588235294118,0.640282131661442,0.6431864281762862,43.8,0.6,0.01,2,150,0.1,0.1,1.0,0.5,0.7
RawPixels,N,0.6666666666666666,0.6582577847851794,0.6614111154907372,43.95,0.6,0.01,2,150,0.1,0.1,1.0,0.5,0.8
RawPixels,N,0.6078431372549019,0.5707070707070707,0.5781342840166369,44.51,0.6,0.01,2,150,0.1,0.1,5.0,0.5,0.6
RawPixels,N,0.6470588235294118,0.6298387096774194,0.6345351043643265,44.47,0.6,0.01,2,150,0.1,0.1,5.0,0.5,0.7
RawPixels,N,0.6666666666666666,0.6582577847851794,0.6614111154907372,44.2,0.6,0.01,2,150,0.1,0.1,5.0,0.5,0.8
RawPixels,N,0.5882352941176471,0.5546777546777547,0.5618686559863031,44.23,0.6,0.01,2,150,0.1,1.0,1.0,0.5,0.6
RawPixels,N,0.6470588235294118,0.6357142857142857,0.6394957983193277,44.17,0.6,0.01,2,150,0.1,1.0,1.0,0.5,0.7
RawPixels,N,0.6666666666666666,0.6582577847851794,0.6614111154907372,44.07,0.6,0.01,2,150,0.1,1.0,1.0,0.5,0.8
RawPixels,N,0.6078431372549019,0.5588235294117647,0.5674740484429066,43.78,0.6,0.01,2,150,0.1,1.0,5.0,0.5,0.6
RawPixels,N,0.6274509803921569,0.6056166056166056,0.6110751993104934,44.27,0.6,0.01,2,150,0.1,1.0,5.0,0.5,0.7
RawPixels,N,0.6078431372549019,0.5887096774193548,0.5939278937381404,44.18,0.6,0.01,2,150,0.1,1.0,5.0,0.5,0.8
RawPixels,N,0.6470588235294118,0.6298387096774194,0.6345351043643265,40.52,0.6,0.01,2,150,0.3,0.1,1.0,0.5,0.6
RawPixels,N,0.6470588235294118,0.640282131661442,0.6431864281762862,40.89,0.6,0.01,2,150,0.3,0.1,1.0,0.5,0.7
RawPixels,N,0.6666666666666666,0.6582577847851794,0.6614111154907372,40.99,0.6,0.01,2,150,0.3,0.1,1.0,0.5,0.8
RawPixels,N,0.6274509803921569,0.5867803837953092,0.5944061206572181,40.46,0.6,0.01,2,150,0.3,0.1,5.0,0.5,0.6
RawPixels,N,0.6470588235294118,0.6298387096774194,0.6345351043643265,40.74,0.6,0.01,2,150,0.3,0.1,5.0,0.5,0.7
RawPixels,N,0.6274509803921569,0.6125549780087964,0.6170237787238047,40.99,0.6,0.01,2,150,0.3,0.1,5.0,0.5,0.8
RawPixels,N,0.6078431372549019,0.5707070707070707,0.5781342840166369,39.87,0.6,0.01,2,150,0.3,1.0,1.0,0.5,0.6
RawPixels,N,0.6470588235294118,0.6357142857142857,0.6394957983193277,39.94,0.6,0.01,2,150,0.3,1.0,1.0,0.5,0.7
RawPixels,N,0.6666666666666666,0.6582577847851794,0.6614111154907372,40.61,0.6,0.01,2,150,0.3,1.0,1.0,0.5,0.8
RawPixels,N,0.6078431372549019,0.5588235294117647,0.5674740484429066,39.85,0.6,0.01,2,150,0.3,1.0,5.0,0.5,0.6
RawPixels,N,0.6078431372549019,0.5805921052631579,0.5868808049535603,39.82,0.6,0.01,2,150,0.3,1.0,5.0,0.5,0.7
RawPixels,N,0.6274509803921569,0.6056166056166056,0.6110751993104934,40.38,0.6,0.01,2,150,0.3,1.0,5.0,0.5,0.8
RawPixels,N,0.5882352941176471,0.5296442687747036,0.5394094396651941,12.7,0.6,0.01,3,50,0.1,0.1,1.0,0.5,0.6
RawPixels,N,0.5686274509803921,0.5277777777777778,0.5359477124183007,12.9,0.6,0.01,3,50,0.1,0.1,1.0,0.5,0.7
RawPixels,N,0.6078431372549019,0.5805921052631579,0.5868808049535603,13.01,0.6,0.01,3,50,0.1,0.1,1.0,0.5,0.8
RawPixels,N,0.47058823529411764,0.32,0.33882352941176475,12.75,0.6,0.01,3,50,0.1,0.1,5.0,0.5,0.6
RawPixels,N,0.47058823529411764,0.3743752839618355,0.38880722666167783,12.88,0.6,0.01,3,50,0.1,0.1,5.0,0.5,0.7
RawPixels,N,0.5294117647058824,0.45357142857142857,0.46554621848739497,12.74,0.6,0.01,3,50,0.1,0.1,5.0,0.5,0.8
RawPixels,N,0.49019607843137253,0.36003861003861004,0.37701567113331824,12.78,0.6,0.01,3,50,0.1,1.0,1.0,0.5,0.6
RawPixels,N,0.5294117647058824,0.47058823529411764,0.48096885813148793,12.84,0.6,0.01,3,50,0.1,1.0,1.0,0.5,0.7
RawPixels,N,0.5490196078431373,0.4997867803837953,0.5090179355324219,12.73,0.6,0.01,3,50,0.1,1.0,1.0,0.5,0.8
RawPixels,N,0.49019607843137253,0.32894736842105265,0.34829721362229105,12.81,0.6,0.01,3,50,0.1,1.0,5.0,0.5,0.6
RawPixels,N,0.47058823529411764,0.32,0.33882352941176475,12.74,0.6,0.01,3,50,0.1,1.0,5.0,0.5,0.7
RawPixels,N,0.49019607843137253,0.38611111111111107,0.4009803921568627,13.13,0.6,0.01,3,50,0.1,1.0,5.0,0.5,0.8
RawPixels,N,0.5490196078431373,0.4670604270786006,0.4793543041932811,12.62,0.6,0.01,3,50,0.3,0.1,1.0,0.5,0.6
RawPixels,N,0.5686274509803921,0.5277777777777778,0.5359477124183007,12.55,0.6,0.01,3,50,0.3,0.1,1.0,0.5,0.7
RawPixels,N,0.5882352941176471,0.5546777546777547,0.5618686559863031,12.65,0.6,0.01,3,50,0.3,0.1,1.0,0.5,0.8
RawPixels,N,0.47058823529411764,0.32,0.33882352941176475,12.55,0.6,0.01,3,50,0.3,0.1,5.0,0.5,0.6
RawPixels,N,0.47058823529411764,0.32,0.33882352941176475,12.59,0.6,0.01,3,50,0.3,0.1,5.0,0.5,0.7
RawPixels,N,0.5098039215686274,0.4207178555202181,0.4340807654274795,12.68,0.6,0.01,3,50,0.3,0.1,5.0,0.5,0.8
RawPixels,N,0.49019607843137253,0.36003861003861004,0.37701567113331824,12.67,0.6,0.01,3,50,0.3,1.0,1.0,0.5,0.6
RawPixels,N,0.49019607843137253,0.4080357142857143,0.42100840336134454,12.44,0.6,0.01,3,50,0.3,1.0,1.0,0.5,0.7
RawPixels,N,0.5294117647058824,0.47058823529411764,0.48096885813148793,12.63,0.6,0.01,3,50,0.3,1.0,1.0,0.5,0.8
RawPixels,N,0.49019607843137253,0.32894736842105265,0.34829721362229105,12.4,0.6,0.01,3,50,0.3,1.0,5.0,0.5,0.6
RawPixels,N,0.47058823529411764,0.32,0.33882352941176475,12.92,0.6,0.01,3,50,0.3,1.0,5.0,0.5,0.7
RawPixels,N,0.49019607843137253,0.36003861003861004,0.37701567113331824,12.57,0.6,0.01,3,50,0.3,1.0,5.0,0.5,0.8
RawPixels,N,0.6078431372549019,0.5707070707070707,0.5781342840166369,24.27,0.6,0.01,3,100,0.1,0.1,1.0,0.5,0.6
RawPixels,N,0.6274509803921569,0.6056166056166056,0.6110751993104934,24.86,0.6,0.01,3,100,0.1,0.1,1.0,0.5,0.7
RawPixels,N,0.6470588235294118,0.6357142857142857,0.6394957983193277,24.92,0.6,0.01,3,100,0.1,0.1,1.0,0.5,0.8
RawPixels,N,0.6078431372549019,0.5588235294117647,0.5674740484429066,24.76,0.6,0.01,3,100,0.1,0.1,5.0,0.5,0.6
RawPixels,N,0.6078431372549019,0.5805921052631579,0.5868808049535603,24.52,0.6,0.01,3,100,0.1,0.1,5.0,0.5,0.7
RawPixels,N,0.6274509803921569,0.6056166056166056,0.6110751993104934,24.75,0.6,0.01,3,100,0.1,0.1,5.0,0.5,0.8
RawPixels,N,0.5882352941176471,0.5432835820895523,0.55171202809482,24.4,0.6,0.01,3,100,0.1,1.0,1.0,0.5,0.6
RawPixels,N,0.6078431372549019,0.5805921052631579,0.5868808049535603,24.51,0.6,0.01,3,100,0.1,1.0,1.0,0.5,0.7
RawPixels,N,0.6470588235294118,0.6298387096774194,0.6345351043643265,24.77,0.6,0.01,3,100,0.1,1.0,1.0,0.5,0.8
RawPixels,N,0.5686274509803921,0.49910714285714286,0.5100840336134455,24.54,0.6,0.01,3,100,0.1,1.0,5.0,0.5,0.6
RawPixels,N,0.5686274509803921,0.5277777777777778,0.5359477124183007,24.56,0.6,0.01,3,100,0.1,1.0,5.0,0.5,0.7
RawPixels,N,0.6078431372549019,0.5805921052631579,0.5868808049535603,24.95,0.6,0.01,3,100,0.1,1.0,5.0,0.5,0.8
RawPixels,N,0.6078431372549019,0.5707070707070707,0.5781342840166369,22.86,0.6,0.01,3,100,0.3,0.1,1.0,0.5,0.6
RawPixels,N,0.6274509803921569,0.6056166056166056,0.6110751993104934,23.0,0.6,0.01,3,100,0.3,0.1,1.0,0.5,0.7
RawPixels,N,0.6666666666666666,0.6533386645341863,0.6573370651739304,23.23,0.6,0.01,3,100,0.3,0.1,1.0,0.5,0.8
RawPixels,N,0.6078431372549019,0.5588235294117647,0.5674740484429066,23.05,0.6,0.01,3,100,0.3,0.1,5.0,0.5,0.6
RawPixels,N,0.5882352941176471,0.5546777546777547,0.5618686559863031,23.09,0.6,0.01,3,100,0.3,0.1,5.0,0.5,0.7
RawPixels,N,0.6078431372549019,0.5805921052631579,0.5868808049535603,23.17,0.6,0.01,3,100,0.3,0.1,5.0,0.5,0.8
RawPixels,N,0.6078431372549019,0.5588235294117647,0.5674740484429066,23.15,0.6,0.01,3,100,0.3,1.0,1.0,0.5,0.6
RawPixels,N,0.6078431372549019,0.5805921052631579,0.5868808049535603,23.03,0.6,0.01,3,100,0.3,1.0,1.0,0.5,0.7
RawPixels,N,0.6274509803921569,0.6056166056166056,0.6110751993104934,23.12,0.6,0.01,3,100,0.3,1.0,1.0,0.5,0.8
RawPixels,N,0.5294117647058824,0.43333333333333335,0.4470588235294118,22.77,0.6,0.01,3,100,0.3,1.0,5.0,0.5,0.6
RawPixels,N,0.5490196078431373,0.4997867803837953,0.5090179355324219,23.32,0.6,0.01,3,100,0.3,1.0,5.0,0.5,0.7
RawPixels,N,0.5882352941176471,0.5546777546777547,0.5618686559863031,23.42,0.6,0.01,3,100,0.3,1.0,5.0,0.5,0.8
RawPixels,N,0.6470588235294118,0.6298387096774194,0.6345351043643265,44.04,0.6,0.01,3,150,0.1,0.1,1.0,0.5,0.6
RawPixels,N,0.6470588235294118,0.640282131661442,0.6431864281762862,44.02,0.6,0.01,3,150,0.1,0.1,1.0,0.5,0.7
RawPixels,N,0.6666666666666666,0.6582577847851794,0.6614111154907372,44.52,0.6,0.01,3,150,0.1,0.1,1.0,0.5,0.8
RawPixels,N,0.6078431372549019,0.5707070707070707,0.5781342840166369,43.69,0.6,0.01,3,150,0.1,0.1,5.0,0.5,0.6
RawPixels,N,0.6470588235294118,0.6298387096774194,0.6345351043643265,44.01,0.6,0.01,3,150,0.1,0.1,5.0,0.5,0.7
RawPixels,N,0.6666666666666666,0.6582577847851794,0.6614111154907372,44.66,0.6,0.01,3,150,0.1,0.1,5.0,0.5,0.8
RawPixels,N,0.5882352941176471,0.5546777546777547,0.5618686559863031,44.19,0.6,0.01,3,150,0.1,1.0,1.0,0.5,0.6
RawPixels,N,0.6470588235294118,0.6357142857142857,0.6394957983193277,43.86,0.6,0.01,3,150,0.1,1.0,1.0,0.5,0.7
RawPixels,N,0.6666666666666666,0.6582577847851794,0.6614111154907372,44.19,0.6,0.01,3,150,0.1,1.0,1.0,0.5,0.8
RawPixels,N,0.6078431372549019,0.5588235294117647,0.5674740484429066,44.0,0.6,0.01,3,150,0.1,1.0,5.0,0.5,0.6
RawPixels,N,0.6274509803921569,0.6056166056166056,0.6110751993104934,43.88,0.6,0.01,3,150,0.1,1.0,5.0,0.5,0.7
RawPixels,N,0.6078431372549019,0.5887096774193548,0.5939278937381404,44.7,0.6,0.01,3,150,0.1,1.0,5.0,0.5,0.8
RawPixels,N,0.6470588235294118,0.6298387096774194,0.6345351043643265,40.86,0.6,0.01,3,150,0.3,0.1,1.0,0.5,0.6
RawPixels,N,0.6470588235294118,0.640282131661442,0.6431864281762862,40.97,0.6,0.01,3,150,0.3,0.1,1.0,0.5,0.7
RawPixels,N,0.6666666666666666,0.6582577847851794,0.6614111154907372,41.03,0.6,0.01,3,150,0.3,0.1,1.0,0.5,0.8
RawPixels,N,0.6274509803921569,0.5867803837953092,0.5944061206572181,40.34,0.6,0.01,3,150,0.3,0.1,5.0,0.5,0.6
RawPixels,N,0.6470588235294118,0.6298387096774194,0.6345351043643265,40.64,0.6,0.01,3,150,0.3,0.1,5.0,0.5,0.7
RawPixels,N,0.6274509803921569,0.6125549780087964,0.6170237787238047,41.03,0.6,0.01,3,150,0.3,0.1,5.0,0.5,0.8
RawPixels,N,0.6078431372549019,0.5707070707070707,0.5781342840166369,40.19,0.6,0.01,3,150,0.3,1.0,1.0,0.5,0.6
RawPixels,N,0.6470588235294118,0.6357142857142857,0.6394957983193277,40.62,0.6,0.01,3,150,0.3,1.0,1.0,0.5,0.7
RawPixels,N,0.6666666666666666,0.6582577847851794,0.6614111154907372,40.98,0.6,0.01,3,150,0.3,1.0,1.0,0.5,0.8
RawPixels,N,0.6078431372549019,0.5588235294117647,0.5674740484429066,40.51,0.6,0.01,3,150,0.3,1.0,5.0,0.5,0.6
RawPixels,N,0.6078431372549019,0.5805921052631579,0.5868808049535603,40.79,0.6,0.01,3,150,0.3,1.0,5.0,0.5,0.7
RawPixels,N,0.6274509803921569,0.6056166056166056,0.6110751993104934,41.18,0.6,0.01,3,150,0.3,1.0,5.0,0.5,0.8
RawPixels,N,0.5882352941176471,0.5296442687747036,0.5394094396651941,12.6,0.6,0.01,4,50,0.1,0.1,1.0,0.5,0.6
RawPixels,N,0.5686274509803921,0.5277777777777778,0.5359477124183007,12.55,0.6,0.01,4,50,0.1,0.1,1.0,0.5,0.7
RawPixels,N,0.6078431372549019,0.5805921052631579,0.5868808049535603,12.61,0.6,0.01,4,50,0.1,0.1,1.0,0.5,0.8
RawPixels,N,0.47058823529411764,0.32,0.33882352941176475,12.35,0.6,0.01,4,50,0.1,0.1,5.0,0.5,0.6
RawPixels,N,0.47058823529411764,0.3743752839618355,0.38880722666167783,12.45,0.6,0.01,4,50,0.1,0.1,5.0,0.5,0.7
RawPixels,N,0.5294117647058824,0.45357142857142857,0.46554621848739497,12.57,0.6,0.01,4,50,0.1,0.1,5.0,0.5,0.8
RawPixels,N,0.49019607843137253,0.36003861003861004,0.37701567113331824,12.22,0.6,0.01,4,50,0.1,1.0,1.0,0.5,0.6
RawPixels,N,0.5294117647058824,0.47058823529411764,0.48096885813148793,12.49,0.6,0.01,4,50,0.1,1.0,1.0,0.5,0.7
RawPixels,N,0.5490196078431373,0.4997867803837953,0.5090179355324219,12.64,0.6,0.01,4,50,0.1,1.0,1.0,0.5,0.8
RawPixels,N,0.49019607843137253,0.32894736842105265,0.34829721362229105,12.54,0.6,0.01,4,50,0.1,1.0,5.0,0.5,0.6
RawPixels,N,0.47058823529411764,0.32,0.33882352941176475,12.89,0.6,0.01,4,50,0.1,1.0,5.0,0.5,0.7
RawPixels,N,0.49019607843137253,0.38611111111111107,0.4009803921568627,12.7,0.6,0.01,4,50,0.1,1.0,5.0,0.5,0.8
RawPixels,N,0.5490196078431373,0.4670604270786006,0.4793543041932811,12.17,0.6,0.01,4,50,0.3,0.1,1.0,0.5,0.6
RawPixels,N,0.5686274509803921,0.5277777777777778,0.5359477124183007,12.07,0.6,0.01,4,50,0.3,0.1,1.0,0.5,0.7
RawPixels,N,0.5882352941176471,0.5546777546777547,0.5618686559863031,12.3,0.6,0.01,4,50,0.3,0.1,1.0,0.5,0.8
RawPixels,N,0.47058823529411764,0.32,0.33882352941176475,12.32,0.6,0.01,4,50,0.3,0.1,5.0,0.5,0.6
RawPixels,N,0.47058823529411764,0.32,0.33882352941176475,12.31,0.6,0.01,4,50,0.3,0.1,5.0,0.5,0.7
RawPixels,N,0.5098039215686274,0.4207178555202181,0.4340807654274795,12.19,0.6,0.01,4,50,0.3,0.1,5.0,0.5,0.8
RawPixels,N,0.49019607843137253,0.36003861003861004,0.37701567113331824,12.26,0.6,0.01,4,50,0.3,1.0,1.0,0.5,0.6
RawPixels,N,0.49019607843137253,0.4080357142857143,0.42100840336134454,12.2,0.6,0.01,4,50,0.3,1.0,1.0,0.5,0.7
RawPixels,N,0.5294117647058824,0.47058823529411764,0.48096885813148793,12.2,0.6,0.01,4,50,0.3,1.0,1.0,0.5,0.8
RawPixels,N,0.49019607843137253,0.32894736842105265,0.34829721362229105,12.3,0.6,0.01,4,50,0.3,1.0,5.0,0.5,0.6
RawPixels,N,0.47058823529411764,0.32,0.33882352941176475,12.17,0.6,0.01,4,50,0.3,1.0,5.0,0.5,0.7
RawPixels,N,0.49019607843137253,0.36003861003861004,0.37701567113331824,12.24,0.6,0.01,4,50,0.3,1.0,5.0,0.5,0.8
RawPixels,N,0.6078431372549019,0.5707070707070707,0.5781342840166369,24.0,0.6,0.01,4,100,0.1,0.1,1.0,0.5,0.6
RawPixels,N,0.6274509803921569,0.6056166056166056,0.6110751993104934,24.23,0.6,0.01,4,100,0.1,0.1,1.0,0.5,0.7
RawPixels,N,0.6470588235294118,0.6357142857142857,0.6394957983193277,24.63,0.6,0.01,4,100,0.1,0.1,1.0,0.5,0.8
RawPixels,N,0.6078431372549019,0.5588235294117647,0.5674740484429066,24.26,0.6,0.01,4,100,0.1,0.1,5.0,0.5,0.6
RawPixels,N,0.6078431372549019,0.5805921052631579,0.5868808049535603,24.18,0.6,0.01,4,100,0.1,0.1,5.0,0.5,0.7
RawPixels,N,0.6274509803921569,0.6056166056166056,0.6110751993104934,24.99,0.6,0.01,4,100,0.1,0.1,5.0,0.5,0.8
RawPixels,N,0.5882352941176471,0.5432835820895523,0.55171202809482,24.25,0.6,0.01,4,100,0.1,1.0,1.0,0.5,0.6
RawPixels,N,0.6078431372549019,0.5805921052631579,0.5868808049535603,24.68,0.6,0.01,4,100,0.1,1.0,1.0,0.5,0.7
RawPixels,N,0.6470588235294118,0.6298387096774194,0.6345351043643265,24.94,0.6,0.01,4,100,0.1,1.0,1.0,0.5,0.8
RawPixels,N,0.5686274509803921,0.49910714285714286,0.5100840336134455,24.58,0.6,0.01,4,100,0.1,1.0,5.0,0.5,0.6
RawPixels,N,0.5686274509803921,0.5277777777777778,0.5359477124183007,24.51,0.6,0.01,4,100,0.1,1.0,5.0,0.5,0.7
RawPixels,N,0.6078431372549019,0.5805921052631579,0.5868808049535603,24.88,0.6,0.01,4,100,0.1,1.0,5.0,0.5,0.8
RawPixels,N,0.6078431372549019,0.5707070707070707,0.5781342840166369,23.06,0.6,0.01,4,100,0.3,0.1,1.0,0.5,0.6
RawPixels,N,0.6274509803921569,0.6056166056166056,0.6110751993104934,23.17,0.6,0.01,4,100,0.3,0.1,1.0,0.5,0.7
RawPixels,N,0.6666666666666666,0.6533386645341863,0.6573370651739304,23.73,0.6,0.01,4,100,0.3,0.1,1.0,0.5,0.8
RawPixels,N,0.6078431372549019,0.5588235294117647,0.5674740484429066,22.9,0.6,0.01,4,100,0.3,0.1,5.0,0.5,0.6
RawPixels,N,0.5882352941176471,0.5546777546777547,0.5618686559863031,23.29,0.6,0.01,4,100,0.3,0.1,5.0,0.5,0.7
RawPixels,N,0.6078431372549019,0.5805921052631579,0.5868808049535603,23.27,0.6,0.01,4,100,0.3,0.1,5.0,0.5,0.8
RawPixels,N,0.6078431372549019,0.5588235294117647,0.5674740484429066,23.03,0.6,0.01,4,100,0.3,1.0,1.0,0.5,0.6
RawPixels,N,0.6078431372549019,0.5805921052631579,0.5868808049535603,23.13,0.6,0.01,4,100,0.3,1.0,1.0,0.5,0.7
RawPixels,N,0.6274509803921569,0.6056166056166056,0.6110751993104934,23.23,0.6,0.01,4,100,0.3,1.0,1.0,0.5,0.8
RawPixels,N,0.5294117647058824,0.43333333333333335,0.4470588235294118,22.85,0.6,0.01,4,100,0.3,1.0,5.0,0.5,0.6
RawPixels,N,0.5490196078431373,0.4997867803837953,0.5090179355324219,23.1,0.6,0.01,4,100,0.3,1.0,5.0,0.5,0.7
RawPixels,N,0.5882352941176471,0.5546777546777547,0.5618686559863031,23.45,0.6,0.01,4,100,0.3,1.0,5.0,0.5,0.8
RawPixels,N,0.6470588235294118,0.6298387096774194,0.6345351043643265,43.6,0.6,0.01,4,150,0.1,0.1,1.0,0.5,0.6
RawPixels,N,0.6470588235294118,0.640282131661442,0.6431864281762862,44.18,0.6,0.01,4,150,0.1,0.1,1.0,0.5,0.7
RawPixels,N,0.6666666666666666,0.6582577847851794,0.6614111154907372,43.95,0.6,0.01,4,150,0.1,0.1,1.0,0.5,0.8
RawPixels,N,0.6078431372549019,0.5707070707070707,0.5781342840166369,44.18,0.6,0.01,4,150,0.1,0.1,5.0,0.5,0.6
RawPixels,N,0.6470588235294118,0.6298387096774194,0.6345351043643265,43.98,0.6,0.01,4,150,0.1,0.1,5.0,0.5,0.7
RawPixels,N,0.6666666666666666,0.6582577847851794,0.6614111154907372,44.55,0.6,0.01,4,150,0.1,0.1,5.0,0.5,0.8
RawPixels,N,0.5882352941176471,0.5546777546777547,0.5618686559863031,43.84,0.6,0.01,4,150,0.1,1.0,1.0,0.5,0.6
RawPixels,N,0.6470588235294118,0.6357142857142857,0.6394957983193277,44.19,0.6,0.01,4,150,0.1,1.0,1.0,0.5,0.7
RawPixels,N,0.6666666666666666,0.6582577847851794,0.6614111154907372,44.62,0.6,0.01,4,150,0.1,1.0,1.0,0.5,0.8
RawPixels,N,0.6078431372549019,0.5588235294117647,0.5674740484429066,44.15,0.6,0.01,4,150,0.1,1.0,5.0,0.5,0.6
RawPixels,N,0.6274509803921569,0.6056166056166056,0.6110751993104934,44.32,0.6,0.01,4,150,0.1,1.0,5.0,0.5,0.7
RawPixels,N,0.6078431372549019,0.5887096774193548,0.5939278937381404,44.3,0.6,0.01,4,150,0.1,1.0,5.0,0.5,0.8
RawPixels,N,0.6470588235294118,0.6298387096774194,0.6345351043643265,40.47,0.6,0.01,4,150,0.3,0.1,1.0,0.5,0.6
RawPixels,N,0.6470588235294118,0.640282131661442,0.6431864281762862,40.56,0.6,0.01,4,150,0.3,0.1,1.0,0.5,0.7
RawPixels,N,0.6666666666666666,0.6582577847851794,0.6614111154907372,41.11,0.6,0.01,4,150,0.3,0.1,1.0,0.5,0.8
RawPixels,N,0.6274509803921569,0.5867803837953092,0.5944061206572181,40.36,0.6,0.01,4,150,0.3,0.1,5.0,0.5,0.6
RawPixels,N,0.6470588235294118,0.6298387096774194,0.6345351043643265,41.04,0.6,0.01,4,150,0.3,0.1,5.0,0.5,0.7
RawPixels,N,0.6274509803921569,0.6125549780087964,0.6170237787238047,40.63,0.6,0.01,4,150,0.3,0.1,5.0,0.5,0.8
RawPixels,N,0.6078431372549019,0.5707070707070707,0.5781342840166369,40.53,0.6,0.01,4,150,0.3,1.0,1.0,0.5,0.6
RawPixels,N,0.6470588235294118,0.6357142857142857,0.6394957983193277,40.17,0.6,0.01,4,150,0.3,1.0,1.0,0.5,0.7
RawPixels,N,0.6666666666666666,0.6582577847851794,0.6614111154907372,40.67,0.6,0.01,4,150,0.3,1.0,1.0,0.5,0.8
RawPixels,N,0.6078431372549019,0.5588235294117647,0.5674740484429066,40.13,0.6,0.01,4,150,0.3,1.0,5.0,0.5,0.6
RawPixels,N,0.6078431372549019,0.5805921052631579,0.5868808049535603,40.32,0.6,0.01,4,150,0.3,1.0,5.0,0.5,0.7
RawPixels,N,0.6274509803921569,0.6056166056166056,0.6110751993104934,40.86,0.6,0.01,4,150,0.3,1.0,5.0,0.5,0.8
RawPixels,N,0.6470588235294118,0.640282131661442,0.6431864281762862,12.59,0.6,0.05,2,50,0.1,0.1,1.0,0.5,0.6
RawPixels,N,0.7058823529411765,0.7040618955512572,0.7054272385936966,12.76,0.6,0.05,2,50,0.1,0.1,1.0,0.5,0.7
RawPixels,N,0.6470588235294118,0.6458333333333333,0.6470588235294118,12.83,0.6,0.05,2,50,0.1,0.1,1.0,0.5,0.8
RawPixels,N,0.6470588235294118,0.640282131661442,0.6431864281762862,12.48,0.6,0.05,2,50,0.1,0.1,5.0,0.5,0.6
RawPixels,N,0.6666666666666666,0.6582577847851794,0.6614111154907372,12.62,0.6,0.05,2,50,0.1,0.1,5.0,0.5,0.7
RawPixels,N,0.6666666666666666,0.6646034816247582,0.6661508704061896,12.43,0.6,0.05,2,50,0.1,0.1,5.0,0.5,0.8
RawPixels,N,0.6470588235294118,0.640282131661442,0.6431864281762862,12.55,0.6,0.05,2,50,0.1,1.0,1.0,0.5,0.6
RawPixels,N,0.6666666666666666,0.6619883040935672,0.664327485380117,12.52,0.6,0.05,2,50,0.1,1.0,1.0,0.5,0.7
RawPixels,N,0.6666666666666666,0.6646034816247582,0.6661508704061896,12.43,0.6,0.05,2,50,0.1,1.0,1.0,0.5,0.8
RawPixels,N,0.6470588235294118,0.640282131661442,0.6431864281762862,12.42,0.6,0.05,2,50,0.1,1.0,5.0,0.5,0.6
RawPixels,N,0.6666666666666666,0.6582577847851794,0.6614111154907372,12.4,0.6,0.05,2,50,0.1,1.0,5.0,0.5,0.7
RawPixels,N,0.6862745098039216,0.6832298136645962,0.6850566313481914,12.64,0.6,0.05,2,50,0.1,1.0,5.0,0.5,0.8
RawPixels,N,0.6470588235294118,0.640282131661442,0.6431864281762862,12.24,0.6,0.05,2,50,0.3,0.1,1.0,0.5,0.6
RawPixels,N,0.7058823529411765,0.7040618955512572,0.7054272385936966,12.41,0.6,0.05,2,50,0.3,0.1,1.0,0.5,0.7
RawPixels,N,0.6862745098039216,0.6832298136645962,0.6850566313481914,12.22,0.6,0.05,2,50,0.3,0.1,1.0,0.5,0.8
RawPixels,N,0.6470588235294118,0.640282131661442,0.6431864281762862,12.33,0.6,0.05,2,50,0.3,0.1,5.0,0.5,0.6
RawPixels,N,0.7058823529411765,0.7017543859649122,0.7038183694530443,12.15,0.6,0.05,2,50,0.3,0.1,5.0,0.5,0.7
RawPixels,N,0.6862745098039216,0.6832298136645962,0.6850566313481914,12.31,0.6,0.05,2,50,0.3,0.1,5.0,0.5,0.8
RawPixels,N,0.6470588235294118,0.640282131661442,0.6431864281762862,12.16,0.6,0.05,2,50,0.3,1.0,1.0,0.5,0.6
RawPixels,N,0.7058823529411765,0.7040618955512572,0.7054272385936966,12.32,0.6,0.05,2,50,0.3,1.0,1.0,0.5,0.7
RawPixels,N,0.6862745098039216,0.6832298136645962,0.6850566313481914,12.01,0.6,0.05,2,50,0.3,1.0,1.0,0.5,0.8
RawPixels,N,0.6274509803921569,0.6125549780087964,0.6170237787238047,12.01,0.6,0.05,2,50,0.3,1.0,5.0,0.5,0.6
RawPixels,N,0.6666666666666666,0.6582577847851794,0.6614111154907372,12.28,0.6,0.05,2,50,0.3,1.0,5.0,0.5,0.7
RawPixels,N,0.6470588235294118,0.640282131661442,0.6431864281762862,12.13,0.6,0.05,2,50,0.3,1.0,5.0,0.5,0.8
RawPixels,N,0.6862745098039216,0.6832298136645962,0.6850566313481914,24.5,0.6,0.05,2,100,0.1,0.1,1.0,0.5,0.6
RawPixels,N,0.6470588235294118,0.6458333333333333,0.6470588235294118,24.59,0.6,0.05,2,100,0.1,0.1,1.0,0.5,0.7
RawPixels,N,0.6862745098039216,0.6851851851851851,0.6862745098039216,25.13,0.6,0.05,2,100,0.1,0.1,1.0,0.5,0.8
RawPixels,N,0.6666666666666666,0.6619883040935672,0.664327485380117,24.46,0.6,0.05,2,100,0.1,0.1,5.0,0.5,0.6
RawPixels,N,0.6862745098039216,0.6851851851851851,0.6862745098039216,24.55,0.6,0.05,2,100,0.1,0.1,5.0,0.5,0.7
RawPixels,N,0.6666666666666666,0.6646034816247582,0.6661508704061896,24.7,0.6,0.05,2,100,0.1,0.1,5.0,0.5,0.8
RawPixels,N,0.6666666666666666,0.6619883040935672,0.664327485380117,24.59,0.6,0.05,2,100,0.1,1.0,1.0,0.5,0.6
RawPixels,N,0.7058823529411765,0.7040618955512572,0.7054272385936966,24.8,0.6,0.05,2,100,0.1,1.0,1.0,0.5,0.7
RawPixels,N,0.6470588235294118,0.6458333333333333,0.6470588235294118,24.48,0.6,0.05,2,100,0.1,1.0,1.0,0.5,0.8
RawPixels,N,0.6666666666666666,0.6619883040935672,0.664327485380117,24.32,0.6,0.05,2,100,0.1,1.0,5.0,0.5,0.6
RawPixels,N,0.7058823529411765,0.7040618955512572,0.7054272385936966,24.6,0.6,0.05,2,100,0.1,1.0,5.0,0.5,0.7
RawPixels,N,0.6862745098039216,0.6832298136645962,0.6850566313481914,24.82,0.6,0.05,2,100,0.1,1.0,5.0,0.5,0.8
RawPixels,N,0.6862745098039216,0.6802507836990596,0.6828323806011434,23.02,0.6,0.05,2,100,0.3,0.1,1.0,0.5,0.6
RawPixels,N,0.7058823529411765,0.7040618955512572,0.7054272385936966,22.95,0.6,0.05,2,100,0.3,0.1,1.0,0.5,0.7
RawPixels,N,0.6470588235294118,0.6458333333333333,0.6470588235294118,23.12,0.6,0.05,2,100,0.3,0.1,1.0,0.5,0.8
RawPixels,N,0.6862745098039216,0.6802507836990596,0.6828323806011434,22.91,0.6,0.05,2,100,0.3,0.1,5.0,0.5,0.6
RawPixels,N,0.7058823529411765,0.7040618955512572,0.7054272385936966,22.89,0.6,0.05,2,100,0.3,0.1,5.0,0.5,0.7
RawPixels,N,0.6862745098039216,0.6832298136645962,0.6850566313481914,22.94,0.6,0.05,2,100,0.3,0.1,5.0,0.5,0.8
RawPixels,N,0.6470588235294118,0.640282131661442,0.6431864281762862,23.0,0.6,0.05,2,100,0.3,1.0,1.0,0.5,0.6
RawPixels,N,0.7058823529411765,0.7040618955512572,0.7054272385936966,22.95,0.6,0.05,2,100,0.3,1.0,1.0,0.5,0.7
RawPixels,N,0.6666666666666666,0.6646034816247582,0.6661508704061896,23.14,0.6,0.05,2,100,0.3,1.0,1.0,0.5,0.8
RawPixels,N,0.6470588235294118,0.640282131661442,0.6431864281762862,23.07,0.6,0.05,2,100,0.3,1.0,5.0,0.5,0.6
RawPixels,N,0.6862745098039216,0.6851851851851851,0.6862745098039216,23.14,0.6,0.05,2,100,0.3,1.0,5.0,0.5,0.7
RawPixels,N,0.7058823529411765,0.7040618955512572,0.7054272385936966,23.04,0.6,0.05,2,100,0.3,1.0,5.0,0.5,0.8
RawPixels,N,0.7058823529411765,0.7040618955512572,0.7054272385936966,43.53,0.6,0.05,2,150,0.1,0.1,1.0,0.5,0.6
RawPixels,N,0.7058823529411765,0.7017543859649122,0.7038183694530443,43.95,0.6,0.05,2,150,0.1,0.1,1.0,0.5,0.7
RawPixels,N,0.6862745098039216,0.6851851851851851,0.6862745098039216,43.62,0.6,0.05,2,150,0.1,0.1,1.0,0.5,0.8
RawPixels,N,0.6862745098039216,0.6832298136645962,0.6850566313481914,43.49,0.6,0.05,2,150,0.1,0.1,5.0,0.5,0.6
RawPixels,N,0.7058823529411765,0.7040618955512572,0.7054272385936966,43.8,0.6,0.05,2,150,0.1,0.1,5.0,0.5,0.7
RawPixels,N,0.6470588235294118,0.6436335403726708,0.6456887102667155,44.09,0.6,0.05,2,150,0.1,0.1,5.0,0.5,0.8
RawPixels,N,0.6862745098039216,0.6851851851851851,0.6862745098039216,44.28,0.6,0.05,2,150,0.1,1.0,1.0,0.5,0.6
RawPixels,N,0.7254901960784313,0.7228260869565217,0.7244245524296676,43.98,0.6,0.05,2,150,0.1,1.0,1.0,0.5,0.7
RawPixels,N,0.6666666666666666,0.6661532537543319,0.666923373122834,43.96,0.6,0.05,2,150,0.1,1.0,1.0,0.5,0.8
RawPixels,N,0.6862745098039216,0.6802507836990596,0.6828323806011434,44.1,0.6,0.05,2,150,0.1,1.0,5.0,0.5,0.6
RawPixels,N,0.7058823529411765,0.7040618955512572,0.7054272385936966,43.88,0.6,0.05,2,150,0.1,1.0,5.0,0.5,0.7
RawPixels,N,0.7254901960784313,0.724537037037037,0.7254901960784313,43.77,0.6,0.05,2,150,0.1,1.0,5.0,0.5,0.8
RawPixels,N,0.6666666666666666,0.6619883040935672,0.664327485380117,40.45,0.6,0.05,2,150,0.3,0.1,1.0,0.5,0.6
RawPixels,N,0.7254901960784313,0.7228260869565217,0.7244245524296676,40.5,0.6,0.05,2,150,0.3,0.1,1.0,0.5,0.7
RawPixels,N,0.6666666666666666,0.6646034816247582,0.6661508704061896,40.88,0.6,0.05,2,150,0.3,0.1,1.0,0.5,0.8
RawPixels,N,0.6666666666666666,0.6646034816247582,0.6661508704061896,40.29,0.6,0.05,2,150,0.3,0.1,5.0,0.5,0.6
RawPixels,N,0.7450980392156863,0.7435203094777563,0.7447036067812038,40.43,0.6,0.05,2,150,0.3,0.1,5.0,0.5,0.7
RawPixels,N,0.6666666666666666,0.6646034816247582,0.6661508704061896,40.72,0.6,0.05,2,150,0.3,0.1,5.0,0.5,0.8
RawPixels,N,0.6666666666666666,0.6646034816247582,0.6661508704061896,40.15,0.6,0.05,2,150,0.3,1.0,1.0,0.5,0.6
RawPixels,N,0.7254901960784313,0.7228260869565217,0.7244245524296676,40.49,0.6,0.05,2,150,0.3,1.0,1.0,0.5,0.7
RawPixels,N,0.6666666666666666,0.6646034816247582,0.6661508704061896,40.72,0.6,0.05,2,150,0.3,1.0,1.0,0.5,0.8
RawPixels,N,0.6862745098039216,0.6802507836990596,0.6828323806011434,40.51,0.6,0.05,2,150,0.3,1.0,5.0,0.5,0.6
RawPixels,N,0.7058823529411765,0.7040618955512572,0.7054272385936966,40.4,0.6,0.05,2,150,0.3,1.0,5.0,0.5,0.7
RawPixels,N,0.6862745098039216,0.6832298136645962,0.6850566313481914,40.42,0.6,0.05,2,150,0.3,1.0,5.0,0.5,0.8
RawPixels,N,0.6470588235294118,0.640282131661442,0.6431864281762862,12.34,0.6,0.05,3,50,0.1,0.1,1.0,0.5,0.6
RawPixels,N,0.7058823529411765,0.7040618955512572,0.7054272385936966,12.58,0.6,0.05,3,50,0.1,0.1,1.0,0.5,0.7
RawPixels,N,0.6470588235294118,0.6458333333333333,0.6470588235294118,12.65,0.6,0.05,3,50,0.1,0.1,1.0,0.5,0.8
RawPixels,N,0.6470588235294118,0.640282131661442,0.6431864281762862,12.42,0.6,0.05,3,50,0.1,0.1,5.0,0.5,0.6
RawPixels,N,0.6666666666666666,0.6582577847851794,0.6614111154907372,12.41,0.6,0.05,3,50,0.1,0.1,5.0,0.5,0.7
RawPixels,N,0.6666666666666666,0.6646034816247582,0.6661508704061896,12.64,0.6,0.05,3,50,0.1,0.1,5.0,0.5,0.8
RawPixels,N,0.6470588235294118,0.640282131661442,0.6431864281762862,12.69,0.6,0.05,3,50,0.1,1.0,1.0,0.5,0.6
RawPixels,N,0.6666666666666666,0.6619883040935672,0.664327485380117,12.59,0.6,0.05,3,50,0.1,1.0,1.0,0.5,0.7
RawPixels,N,0.6666666666666666,0.6646034816247582,0.6661508704061896,12.67,0.6,0.05,3,50,0.1,1.0,1.0,0.5,0.8
RawPixels,N,0.6470588235294118,0.640282131661442,0.6431864281762862,12.82,0.6,0.05,3,50,0.1,1.0,5.0,0.5,0.6
RawPixels,N,0.6666666666666666,0.6582577847851794,0.6614111154907372,12.63,0.6,0.05,3,50,0.1,1.0,5.0,0.5,0.7
RawPixels,N,0.6862745098039216,0.6832298136645962,0.6850566313481914,12.61,0.6,0.05,3,50,0.1,1.0,5.0,0.5,0.8
RawPixels,N,0.6470588235294118,0.640282131661442,0.6431864281762862,12.19,0.6,0.05,3,50,0.3,0.1,1.0,0.5,0.6
RawPixels,N,0.7058823529411765,0.7040618955512572,0.7054272385936966,12.4,0.6,0.05,3,50,0.3,0.1,1.0,0.5,0.7
RawPixels,N,0.6862745098039216,0.6832298136645962,0.6850566313481914,12.43,0.6,0.05,3,50,0.3,0.1,1.0,0.5,0.8
RawPixels,N,0.6470588235294118,0.640282131661442,0.6431864281762862,12.24,0.6,0.05,3,50,0.3,0.1,5.0,0.5,0.6
RawPixels,N,0.7058823529411765,0.7017543859649122,0.7038183694530443,12.28,0.6,0.05,3,50,0.3,0.1,5.0,0.5,0.7
RawPixels,N,0.6862745098039216,0.6832298136645962,0.6850566313481914,12.34,0.6,0.05,3,50,0.3,0.1,5.0,0.5,0.8
RawPixels,N,0.6470588235294118,0.640282131661442,0.6431864281762862,12.29,0.6,0.05,3,50,0.3,1.0,1.0,0.5,0.6
RawPixels,N,0.7058823529411765,0.7040618955512572,0.7054272385936966,12.31,0.6,0.05,3,50,0.3,1.0,1.0,0.5,0.7
RawPixels,N,0.6862745098039216,0.6832298136645962,0.6850566313481914,12.35,0.6,0.05,3,50,0.3,1.0,1.0,0.5,0.8
RawPixels,N,0.6274509803921569,0.6125549780087964,0.6170237787238047,12.19,0.6,0.05,3,50,0.3,1.0,5.0,0.5,0.6
RawPixels,N,0.6666666666666666,0.6582577847851794,0.6614111154907372,12.28,0.6,0.05,3,50,0.3,1.0,5.0,0.5,0.7
RawPixels,N,0.6470588235294118,0.640282131661442,0.6431864281762862,12.21,0.6,0.05,3,50,0.3,1.0,5.0,0.5,0.8
RawPixels,N,0.6862745098039216,0.6832298136645962,0.6850566313481914,24.77,0.6,0.05,3,100,0.1,0.1,1.0,0.5,0.6
RawPixels,N,0.6470588235294118,0.6458333333333333,0.6470588235294118,24.76,0.6,0.05,3,100,0.1,0.1,1.0,0.5,0.7
RawPixels,N,0.6862745098039216,0.6851851851851851,0.6862745098039216,24.81,0.6,0.05,3,100,0.1,0.1,1.0,0.5,0.8
RawPixels,N,0.6666666666666666,0.6619883040935672,0.664327485380117,24.25,0.6,0.05,3,100,0.1,0.1,5.0,0.5,0.6
RawPixels,N,0.6862745098039216,0.6851851851851851,0.6862745098039216,24.12,0.6,0.05,3,100,0.1,0.1,5.0,0.5,0.7
RawPixels,N,0.6666666666666666,0.6646034816247582,0.6661508704061896,24.4,0.6,0.05,3,100,0.1,0.1,5.0,0.5,0.8
RawPixels,N,0.6666666666666666,0.6619883040935672,0.664327485380117,24.23,0.6,0.05,3,100,0.1,1.0,1.0,0.5,0.6
RawPixels,N,0.7058823529411765,0.7040618955512572,0.7054272385936966,24.6,0.6,0.05,3,100,0.1,1.0,1.0,0.5,0.7
RawPixels,N,0.6470588235294118,0.6458333333333333,0.6470588235294118,24.34,0.6,0.05,3,100,0.1,1.0,1.0,0.5,0.8
RawPixels,N,0.6666666666666666,0.6619883040935672,0.664327485380117,24.19,0.6,0.05,3,100,0.1,1.0,5.0,0.5,0.6
RawPixels,N,0.7058823529411765,0.7040618955512572,0.7054272385936966,24.03,0.6,0.05,3,100,0.1,1.0,5.0,0.5,0.7
RawPixels,N,0.6862745098039216,0.6832298136645962,0.6850566313481914,24.34,0.6,0.05,3,100,0.1,1.0,5.0,0.5,0.8
RawPixels,N,0.6862745098039216,0.6802507836990596,0.6828323806011434,22.89,0.6,0.05,3,100,0.3,0.1,1.0,0.5,0.6
RawPixels,N,0.7058823529411765,0.7040618955512572,0.7054272385936966,22.85,0.6,0.05,3,100,0.3,0.1,1.0,0.5,0.7
RawPixels,N,0.6470588235294118,0.6458333333333333,0.6470588235294118,22.86,0.6,0.05,3,100,0.3,0.1,1.0,0.5,0.8
RawPixels,N,0.6862745098039216,0.6802507836990596,0.6828323806011434,22.86,0.6,0.05,3,100,0.3,0.1,5.0,0.5,0.6
RawPixels,N,0.7058823529411765,0.7040618955512572,0.7054272385936966,23.19,0.6,0.05,3,100,0.3,0.1,5.0,0.5,0.7
RawPixels,N,0.6862745098039216,0.6832298136645962,0.6850566313481914,23.16,0.6,0.05,3,100,0.3,0.1,5.0,0.5,0.8
RawPixels,N,0.6470588235294118,0.640282131661442,0.6431864281762862,22.96,0.6,0.05,3,100,0.3,1.0,1.0,0.5,0.6
RawPixels,N,0.7058823529411765,0.7040618955512572,0.7054272385936966,22.92,0.6,0.05,3,100,0.3,1.0,1.0,0.5,0.7
RawPixels,N,0.6666666666666666,0.6646034816247582,0.6661508704061896,23.11,0.6,0.05,3,100,0.3,1.0,1.0,0.5,0.8
RawPixels,N,0.6470588235294118,0.640282131661442,0.6431864281762862,22.99,0.6,0.05,3,100,0.3,1.0,5.0,0.5,0.6
RawPixels,N,0.6862745098039216,0.6851851851851851,0.6862745098039216,23.11,0.6,0.05,3,100,0.3,1.0,5.0,0.5,0.7
RawPixels,N,0.7058823529411765,0.7040618955512572,0.7054272385936966,23.23,0.6,0.05,3,100,0.3,1.0,5.0,0.5,0.8
RawPixels,N,0.7058823529411765,0.7040618955512572,0.7054272385936966,43.78,0.6,0.05,3,150,0.1,0.1,1.0,0.5,0.6
RawPixels,N,0.7058823529411765,0.7017543859649122,0.7038183694530443,44.69,0.6,0.05,3,150,0.1,0.1,1.0,0.5,0.7
RawPixels,N,0.6862745098039216,0.6851851851851851,0.6862745098039216,44.34,0.6,0.05,3,150,0.1,0.1,1.0,0.5,0.8
RawPixels,N,0.6862745098039216,0.6832298136645962,0.6850566313481914,43.84,0.6,0.05,3,150,0.1,0.1,5.0,0.5,0.6
RawPixels,N,0.7058823529411765,0.7040618955512572,0.7054272385936966,43.8,0.6,0.05,3,150,0.1,0.1,5.0,0.5,0.7
RawPixels,N,0.6470588235294118,0.6436335403726708,0.6456887102667155,44.27,0.6,0.05,3,150,0.1,0.1,5.0,0.5,0.8
RawPixels,N,0.6862745098039216,0.6851851851851851,0.6862745098039216,44.16,0.6,0.05,3,150,0.1,1.0,1.0,0.5,0.6
RawPixels,N,0.7254901960784313,0.7228260869565217,0.7244245524296676,44.04,0.6,0.05,3,150,0.1,1.0,1.0,0.5,0.7
RawPixels,N,0.6666666666666666,0.6661532537543319,0.666923373122834,44.43,0.6,0.05,3,150,0.1,1.0,1.0,0.5,0.8
RawPixels,N,0.6862745098039216,0.6802507836990596,0.6828323806011434,43.71,0.6,0.05,3,150,0.1,1.0,5.0,0.5,0.6
RawPixels,N,0.7058823529411765,0.7040618955512572,0.7054272385936966,44.1,0.6,0.05,3,150,0.1,1.0,5.0,0.5,0.7
RawPixels,N,0.7254901960784313,0.724537037037037,0.7254901960784313,44.02,0.6,0.05,3,150,0.1,1.0,5.0,0.5,0.8
RawPixels,N,0.6666666666666666,0.6619883040935672,0.664327485380117,40.44,0.6,0.05,3,150,0.3,0.1,1.0,0.5,0.6
RawPixels,N,0.7254901960784313,0.7228260869565217,0.7244245524296676,40.67,0.6,0.05,3,150,0.3,0.1,1.0,0.5,0.7
RawPixels,N,0.6666666666666666,0.6646034816247582,0.6661508704061896,40.53,0.6,0.05,3,150,0.3,0.1,1.0,0.5,0.8
RawPixels,N,0.6666666666666666,0.6646034816247582,0.6661508704061896,40.57,0.6,0.05,3,150,0.3,0.1,5.0,0.5,0.6
RawPixels,N,0.7450980392156863,0.7435203094777563,0.7447036067812038,40.3,0.6,0.05,3,150,0.3,0.1,5.0,0.5,0.7
RawPixels,N,0.6666666666666666,0.6646034816247582,0.6661508704061896,41.18,0.6,0.05,3,150,0.3,0.1,5.0,0.5,0.8
RawPixels,N,0.6666666666666666,0.6646034816247582,0.6661508704061896,40.27,0.6,0.05,3,150,0.3,1.0,1.0,0.5,0.6
RawPixels,N,0.7254901960784313,0.7228260869565217,0.7244245524296676,40.67,0.6,0.05,3,150,0.3,1.0,1.0,0.5,0.7
RawPixels,N,0.6666666666666666,0.6646034816247582,0.6661508704061896,40.78,0.6,0.05,3,150,0.3,1.0,1.0,0.5,0.8
RawPixels,N,0.6862745098039216,0.6802507836990596,0.6828323806011434,40.53,0.6,0.05,3,150,0.3,1.0,5.0,0.5,0.6
RawPixels,N,0.7058823529411765,0.7040618955512572,0.7054272385936966,40.6,0.6,0.05,3,150,0.3,1.0,5.0,0.5,0.7
RawPixels,N,0.6862745098039216,0.6832298136645962,0.6850566313481914,40.67,0.6,0.05,3,150,0.3,1.0,5.0,0.5,0.8
RawPixels,N,0.6470588235294118,0.640282131661442,0.6431864281762862,12.45,0.6,0.05,4,50,0.1,0.1,1.0,0.5,0.6
RawPixels,N,0.7058823529411765,0.7040618955512572,0.7054272385936966,12.62,0.6,0.05,4,50,0.1,0.1,1.0,0.5,0.7
RawPixels,N,0.6470588235294118,0.6458333333333333,0.6470588235294118,12.65,0.6,0.05,4,50,0.1,0.1,1.0,0.5,0.8
RawPixels,N,0.6470588235294118,0.640282131661442,0.6431864281762862,12.42,0.6,0.05,4,50,0.1,0.1,5.0,0.5,0.6
RawPixels,N,0.6666666666666666,0.6582577847851794,0.6614111154907372,12.63,0.6,0.05,4,50,0.1,0.1,5.0,0.5,0.7
RawPixels,N,0.6666666666666666,0.6646034816247582,0.6661508704061896,12.66,0.6,0.05,4,50,0.1,0.1,5.0,0.5,0.8
RawPixels,N,0.6470588235294118,0.640282131661442,0.6431864281762862,12.88,0.6,0.05,4,50,0.1,1.0,1.0,0.5,0.6
RawPixels,N,0.6666666666666666,0.6619883040935672,0.664327485380117,12.54,0.6,0.05,4,50,0.1,1.0,1.0,0.5,0.7
RawPixels,N,0.6666666666666666,0.6646034816247582,0.6661508704061896,12.88,0.6,0.05,4,50,0.1,1.0,1.0,0.5,0.8
RawPixels,N,0.6470588235294118,0.640282131661442,0.6431864281762862,12.51,0.6,0.05,4,50,0.1,1.0,5.0,0.5,0.6
RawPixels,N,0.6666666666666666,0.6582577847851794,0.6614111154907372,12.61,0.6,0.05,4,50,0.1,1.0,5.0,0.5,0.7
RawPixels,N,0.6862745098039216,0.6832298136645962,0.6850566313481914,12.78,0.6,0.05,4,50,0.1,1.0,5.0,0.5,0.8
RawPixels,N,0.6470588235294118,0.640282131661442,0.6431864281762862,12.22,0.6,0.05,4,50,0.3,0.1,1.0,0.5,0.6
RawPixels,N,0.7058823529411765,0.7040618955512572,0.7054272385936966,12.4,0.6,0.05,4,50,0.3,0.1,1.0,0.5,0.7
RawPixels,N,0.6862745098039216,0.6832298136645962,0.6850566313481914,12.54,0.6,0.05,4,50,0.3,0.1,1.0,0.5,0.8
RawPixels,N,0.6470588235294118,0.640282131661442,0.6431864281762862,12.21,0.6,0.05,4,50,0.3,0.1,5.0,0.5,0.6
RawPixels,N,0.7058823529411765,0.7017543859649122,0.7038183694530443,12.27,0.6,0.05,4,50,0.3,0.1,5.0,0.5,0.7
RawPixels,N,0.6862745098039216,0.6832298136645962,0.6850566313481914,12.26,0.6,0.05,4,50,0.3,0.1,5.0,0.5,0.8
RawPixels,N,0.6470588235294118,0.640282131661442,0.6431864281762862,12.31,0.6,0.05,4,50,0.3,1.0,1.0,0.5,0.6
RawPixels,N,0.7058823529411765,0.7040618955512572,0.7054272385936966,12.29,0.6,0.05,4,50,0.3,1.0,1.0,0.5,0.7
RawPixels,N,0.6862745098039216,0.6832298136645962,0.6850566313481914,12.38,0.6,0.05,4,50,0.3,1.0,1.0,0.5,0.8
RawPixels,N,0.6274509803921569,0.6125549780087964,0.6170237787238047,12.31,0.6,0.05,4,50,0.3,1.0,5.0,0.5,0.6
RawPixels,N,0.6666666666666666,0.6582577847851794,0.6614111154907372,12.32,0.6,0.05,4,50,0.3,1.0,5.0,0.5,0.7
RawPixels,N,0.6470588235294118,0.640282131661442,0.6431864281762862,12.37,0.6,0.05,4,50,0.3,1.0,5.0,0.5,0.8
RawPixels,N,0.6862745098039216,0.6832298136645962,0.6850566313481914,24.36,0.6,0.05,4,100,0.1,0.1,1.0,0.5,0.6
RawPixels,N,0.6470588235294118,0.6458333333333333,0.6470588235294118,24.36,0.6,0.05,4,100,0.1,0.1,1.0,0.5,0.7
RawPixels,N,0.6862745098039216,0.6851851851851851,0.6862745098039216,24.64,0.6,0.05,4,100,0.1,0.1,1.0,0.5,0.8
RawPixels,N,0.6666666666666666,0.6619883040935672,0.664327485380117,24.28,0.6,0.05,4,100,0.1,0.1,5.0,0.5,0.6
RawPixels,N,0.6862745098039216,0.6851851851851851,0.6862745098039216,24.81,0.6,0.05,4,100,0.1,0.1,5.0,0.5,0.7
RawPixels,N,0.6666666666666666,0.6646034816247582,0.6661508704061896,24.47,0.6,0.05,4,100,0.1,0.1,5.0,0.5,0.8
RawPixels,N,0.6666666666666666,0.6619883040935672,0.664327485380117,24.53,0.6,0.05,4,100,0.1,1.0,1.0,0.5,0.6
RawPixels,N,0.7058823529411765,0.7040618955512572,0.7054272385936966,24.73,0.6,0.05,4,100,0.1,1.0,1.0,0.5,0.7
RawPixels,N,0.6470588235294118,0.6458333333333333,0.6470588235294118,24.94,0.6,0.05,4,100,0.1,1.0,1.0,0.5,0.8
RawPixels,N,0.6666666666666666,0.6619883040935672,0.664327485380117,24.6,0.6,0.05,4,100,0.1,1.0,5.0,0.5,0.6
RawPixels,N,0.7058823529411765,0.7040618955512572,0.7054272385936966,24.61,0.6,0.05,4,100,0.1,1.0,5.0,0.5,0.7
RawPixels,N,0.6862745098039216,0.6832298136645962,0.6850566313481914,24.67,0.6,0.05,4,100,0.1,1.0,5.0,0.5,0.8
RawPixels,N,0.6862745098039216,0.6802507836990596,0.6828323806011434,23.04,0.6,0.05,4,100,0.3,0.1,1.0,0.5,0.6
RawPixels,N,0.7058823529411765,0.7040618955512572,0.7054272385936966,23.01,0.6,0.05,4,100,0.3,0.1,1.0,0.5,0.7
RawPixels,N,0.6470588235294118,0.6458333333333333,0.6470588235294118,23.38,0.6,0.05,4,100,0.3,0.1,1.0,0.5,0.8
RawPixels,N,0.6862745098039216,0.6802507836990596,0.6828323806011434,23.02,0.6,0.05,4,100,0.3,0.1,5.0,0.5,0.6
RawPixels,N,0.7058823529411765,0.7040618955512572,0.7054272385936966,23.03,0.6,0.05,4,100,0.3,0.1,5.0,0.5,0.7
RawPixels,N,0.6862745098039216,0.6832298136645962,0.6850566313481914,23.05,0.6,0.05,4,100,0.3,0.1,5.0,0.5,0.8
RawPixels,N,0.6470588235294118,0.640282131661442,0.6431864281762862,23.05,0.6,0.05,4,100,0.3,1.0,1.0,0.5,0.6
RawPixels,N,0.7058823529411765,0.7040618955512572,0.7054272385936966,23.07,0.6,0.05,4,100,0.3,1.0,1.0,0.5,0.7
RawPixels,N,0.6666666666666666,0.6646034816247582,0.6661508704061896,23.29,0.6,0.05,4,100,0.3,1.0,1.0,0.5,0.8
RawPixels,N,0.6470588235294118,0.640282131661442,0.6431864281762862,22.87,0.6,0.05,4,100,0.3,1.0,5.0,0.5,0.6
RawPixels,N,0.6862745098039216,0.6851851851851851,0.6862745098039216,23.18,0.6,0.05,4,100,0.3,1.0,5.0,0.5,0.7
RawPixels,N,0.7058823529411765,0.7040618955512572,0.7054272385936966,23.36,0.6,0.05,4,100,0.3,1.0,5.0,0.5,0.8
RawPixels,N,0.7058823529411765,0.7040618955512572,0.7054272385936966,44.0,0.6,0.05,4,150,0.1,0.1,1.0,0.5,0.6
RawPixels,N,0.7058823529411765,0.7017543859649122,0.7038183694530443,44.02,0.6,0.05,4,150,0.1,0.1,1.0,0.5,0.7
RawPixels,N,0.6862745098039216,0.6851851851851851,0.6862745098039216,43.98,0.6,0.05,4,150,0.1,0.1,1.0,0.5,0.8
RawPixels,N,0.6862745098039216,0.6832298136645962,0.6850566313481914,44.06,0.6,0.05,4,150,0.1,0.1,5.0,0.5,0.6
RawPixels,N,0.7058823529411765,0.7040618955512572,0.7054272385936966,44.62,0.6,0.05,4,150,0.1,0.1,5.0,0.5,0.7
RawPixels,N,0.6470588235294118,0.6436335403726708,0.6456887102667155,44.39,0.6,0.05,4,150,0.1,0.1,5.0,0.5,0.8
RawPixels,N,0.6862745098039216,0.6851851851851851,0.6862745098039216,43.88,0.6,0.05,4,150,0.1,1.0,1.0,0.5,0.6
RawPixels,N,0.7254901960784313,0.7228260869565217,0.7244245524296676,44.45,0.6,0.05,4,150,0.1,1.0,1.0,0.5,0.7
RawPixels,N,0.6666666666666666,0.6661532537543319,0.666923373122834,44.12,0.6,0.05,4,150,0.1,1.0,1.0,0.5,0.8
RawPixels,N,0.6862745098039216,0.6802507836990596,0.6828323806011434,43.73,0.6,0.05,4,150,0.1,1.0,5.0,0.5,0.6
RawPixels,N,0.7058823529411765,0.7040618955512572,0.7054272385936966,44.61,0.6,0.05,4,150,0.1,1.0,5.0,0.5,0.7
RawPixels,N,0.7254901960784313,0.724537037037037,0.7254901960784313,44.44,0.6,0.05,4,150,0.1,1.0,5.0,0.5,0.8
RawPixels,N,0.6666666666666666,0.6619883040935672,0.664327485380117,40.61,0.6,0.05,4,150,0.3,0.1,1.0,0.5,0.6
RawPixels,N,0.7254901960784313,0.7228260869565217,0.7244245524296676,40.96,0.6,0.05,4,150,0.3,0.1,1.0,0.5,0.7
RawPixels,N,0.6666666666666666,0.6646034816247582,0.6661508704061896,41.06,0.6,0.05,4,150,0.3,0.1,1.0,0.5,0.8
RawPixels,N,0.6666666666666666,0.6646034816247582,0.6661508704061896,41.01,0.6,0.05,4,150,0.3,0.1,5.0,0.5,0.6
RawPixels,N,0.7450980392156863,0.7435203094777563,0.7447036067812038,40.77,0.6,0.05,4,150,0.3,0.1,5.0,0.5,0.7
RawPixels,N,0.6666666666666666,0.6646034816247582,0.6661508704061896,40.95,0.6,0.05,4,150,0.3,0.1,5.0,0.5,0.8
RawPixels,N,0.6666666666666666,0.6646034816247582,0.6661508704061896,40.77,0.6,0.05,4,150,0.3,1.0,1.0,0.5,0.6
RawPixels,N,0.7254901960784313,0.7228260869565217,0.7244245524296676,40.65,0.6,0.05,4,150,0.3,1.0,1.0,0.5,0.7
RawPixels,N,0.6666666666666666,0.6646034816247582,0.6661508704061896,40.96,0.6,0.05,4,150,0.3,1.0,1.0,0.5,0.8
RawPixels,N,0.6862745098039216,0.6802507836990596,0.6828323806011434,40.41,0.6,0.05,4,150,0.3,1.0,5.0,0.5,0.6
RawPixels,N,0.7058823529411765,0.7040618955512572,0.7054272385936966,40.68,0.6,0.05,4,150,0.3,1.0,5.0,0.5,0.7
RawPixels,N,0.6862745098039216,0.6832298136645962,0.6850566313481914,41.04,0.6,0.05,4,150,0.3,1.0,5.0,0.5,0.8
RawPixels,N,0.6274509803921569,0.6251450676982592,0.6268745022186825,12.69,0.6,0.1,2,50,0.1,0.1,1.0,0.5,0.6
RawPixels,N,0.7058823529411765,0.7017543859649122,0.7038183694530443,12.92,0.6,0.1,2,50,0.1,0.1,1.0,0.5,0.7
RawPixels,N,0.6274509803921569,0.6251450676982592,0.6268745022186825,12.82,0.6,0.1,2,50,0.1,0.1,1.0,0.5,0.8
RawPixels,N,0.6470588235294118,0.6436335403726708,0.6456887102667155,12.62,0.6,0.1,2,50,0.1,0.1,5.0,0.5,0.6
RawPixels,N,0.7058823529411765,0.7017543859649122,0.7038183694530443,12.5,0.6,0.1,2,50,0.1,0.1,5.0,0.5,0.7
RawPixels,N,0.6666666666666666,0.6661532537543319,0.666923373122834,12.63,0.6,0.1,2,50,0.1,0.1,5.0,0.5,0.8
RawPixels,N,0.6470588235294118,0.6436335403726708,0.6456887102667155,12.84,0.6,0.1,2,50,0.1,1.0,1.0,0.5,0.6
RawPixels,N,0.7058823529411765,0.7017543859649122,0.7038183694530443,12.67,0.6,0.1,2,50,0.1,1.0,1.0,0.5,0.7
RawPixels,N,0.6666666666666666,0.6661532537543319,0.666923373122834,12.54,0.6,0.1,2,50,0.1,1.0,1.0,0.5,0.8
RawPixels,N,0.6666666666666666,0.6619883040935672,0.664327485380117,12.58,0.6,0.1,2,50,0.1,1.0,5.0,0.5,0.6
RawPixels,N,0.6862745098039216,0.6832298136645962,0.6850566313481914,12.58,0.6,0.1,2,50,0.1,1.0,5.0,0.5,0.7
RawPixels,N,0.7058823529411765,0.7040618955512572,0.7054272385936966,12.41,0.6,0.1,2,50,0.1,1.0,5.0,0.5,0.8
RawPixels,N,0.6666666666666666,0.6646034816247582,0.6661508704061896,12.16,0.6,0.1,2,50,0.3,0.1,1.0,0.5,0.6
RawPixels,N,0.7058823529411765,0.7040618955512572,0.7054272385936966,12.3,0.6,0.1,2,50,0.3,0.1,1.0,0.5,0.7
RawPixels,N,0.6862745098039216,0.6861538461538461,0.6865158371040724,12.41,0.6,0.1,2,50,0.3,0.1,1.0,0.5,0.8
RawPixels,N,0.6666666666666666,0.6619883040935672,0.664327485380117,12.26,0.6,0.1,2,50,0.3,0.1,5.0,0.5,0.6
RawPixels,N,0.7058823529411765,0.7017543859649122,0.7038183694530443,12.41,0.6,0.1,2,50,0.3,0.1,5.0,0.5,0.7
RawPixels,N,0.6862745098039216,0.6851851851851851,0.6862745098039216,12.26,0.6,0.1,2,50,0.3,0.1,5.0,0.5,0.8
RawPixels,N,0.6666666666666666,0.6619883040935672,0.664327485380117,12.28,0.6,0.1,2,50,0.3,1.0,1.0,0.5,0.6
RawPixels,N,0.7254901960784313,0.7228260869565217,0.7244245524296676,12.27,0.6,0.1,2,50,0.3,1.0,1.0,0.5,0.7
RawPixels,N,0.7058823529411765,0.7054293415479399,0.7061088586377948,12.22,0.6,0.1,2,50,0.3,1.0,1.0,0.5,0.8
RawPixels,N,0.6470588235294118,0.640282131661442,0.6431864281762862,12.19,0.6,0.1,2,50,0.3,1.0,5.0,0.5,0.6
RawPixels,N,0.7254901960784313,0.7228260869565217,0.7244245524296676,12.31,0.6,0.1,2,50,0.3,1.0,5.0,0.5,0.7
RawPixels,N,0.7058823529411765,0.7040618955512572,0.7054272385936966,12.29,0.6,0.1,2,50,0.3,1.0,5.0,0.5,0.8
RawPixels,N,0.6470588235294118,0.6436335403726708,0.6456887102667155,24.79,0.6,0.1,2,100,0.1,0.1,1.0,0.5,0.6
RawPixels,N,0.6666666666666666,0.6646034816247582,0.6661508704061896,24.56,0.6,0.1,2,100,0.1,0.1,1.0,0.5,0.7
RawPixels,N,0.6862745098039216,0.6851851851851851,0.6862745098039216,24.39,0.6,0.1,2,100,0.1,0.1,1.0,0.5,0.8
RawPixels,N,0.6862745098039216,0.6832298136645962,0.6850566313481914,24.63,0.6,0.1,2,100,0.1,0.1,5.0,0.5,0.6
RawPixels,N,0.6666666666666666,0.6661532537543319,0.666923373122834,24.61,0.6,0.1,2,100,0.1,0.1,5.0,0.5,0.7
RawPixels,N,0.6470588235294118,0.6436335403726708,0.6456887102667155,24.54,0.6,0.1,2,100,0.1,0.1,5.0,0.5,0.8
RawPixels,N,0.6862745098039216,0.6832298136645962,0.6850566313481914,24.46,0.6,0.1,2,100,0.1,1.0,1.0,0.5,0.6
RawPixels,N,0.7254901960784313,0.7228260869565217,0.7244245524296676,24.5,0.6,0.1,2,100,0.1,1.0,1.0,0.5,0.7
RawPixels,N,0.6862745098039216,0.6851851851851851,0.6862745098039216,24.34,0.6,0.1,2,100,0.1,1.0,1.0,0.5,0.8
RawPixels,N,0.6862745098039216,0.6802507836990596,0.6828323806011434,24.43,0.6,0.1,2,100,0.1,1.0,5.0,0.5,0.6
RawPixels,N,0.6666666666666666,0.6661532537543319,0.666923373122834,24.49,0.6,0.1,2,100,0.1,1.0,5.0,0.5,0.7
RawPixels,N,0.6470588235294118,0.6458333333333333,0.6470588235294118,24.97,0.6,0.1,2,100,0.1,1.0,5.0,0.5,0.8
RawPixels,N,0.6666666666666666,0.6661532537543319,0.666923373122834,23.08,0.6,0.1,2,100,0.3,0.1,1.0,0.5,0.6
RawPixels,N,0.6666666666666666,0.6661532537543319,0.666923373122834,22.86,0.6,0.1,2,100,0.3,0.1,1.0,0.5,0.7
RawPixels,N,0.6862745098039216,0.6851851851851851,0.6862745098039216,23.18,0.6,0.1,2,100,0.3,0.1,1.0,0.5,0.8
RawPixels,N,0.7058823529411765,0.7017543859649122,0.7038183694530443,22.99,0.6,0.1,2,100,0.3,0.1,5.0,0.5,0.6
RawPixels,N,0.7058823529411765,0.7040618955512572,0.7054272385936966,22.91,0.6,0.1,2,100,0.3,0.1,5.0,0.5,0.7
RawPixels,N,0.6862745098039216,0.6851851851851851,0.6862745098039216,22.89,0.6,0.1,2,100,0.3,0.1,5.0,0.5,0.8
RawPixels,N,0.7058823529411765,0.7017543859649122,0.7038183694530443,23.12,0.6,0.1,2,100,0.3,1.0,1.0,0.5,0.6
RawPixels,N,0.6666666666666666,0.6646034816247582,0.6661508704061896,23.02,0.6,0.1,2,100,0.3,1.0,1.0,0.5,0.7
RawPixels,N,0.6862745098039216,0.6851851851851851,0.6862745098039216,22.89,0.6,0.1,2,100,0.3,1.0,1.0,0.5,0.8
RawPixels,N,0.6862745098039216,0.6802507836990596,0.6828323806011434,23.14,0.6,0.1,2,100,0.3,1.0,5.0,0.5,0.6
RawPixels,N,0.7058823529411765,0.7040618955512572,0.7054272385936966,23.07,0.6,0.1,2,100,0.3,1.0,5.0,0.5,0.7
RawPixels,N,0.6470588235294118,0.6436335403726708,0.6456887102667155,23.15,0.6,0.1,2,100,0.3,1.0,5.0,0.5,0.8
RawPixels,N,0.6274509803921569,0.626877165960724,0.6277378876078734,43.77,0.6,0.1,2,150,0.1,0.1,1.0,0.5,0.6
RawPixels,N,0.6666666666666666,0.6666666666666666,0.6666666666666666,44.02,0.6,0.1,2,150,0.1,0.1,1.0,0.5,0.7
RawPixels,N,0.6470588235294118,0.6469230769230769,0.6473303167420814,43.82,0.6,0.1,2,150,0.1,0.1,1.0,0.5,0.8
RawPixels,N,0.6862745098039216,0.6832298136645962,0.6850566313481914,43.96,0.6,0.1,2,150,0.1,0.1,5.0,0.5,0.6
RawPixels,N,0.7058823529411765,0.7040618955512572,0.7054272385936966,43.93,0.6,0.1,2,150,0.1,0.1,5.0,0.5,0.7
RawPixels,N,0.6470588235294118,0.6458333333333333,0.6470588235294118,44.04,0.6,0.1,2,150,0.1,0.1,5.0,0.5,0.8
RawPixels,N,0.6862745098039216,0.6832298136645962,0.6850566313481914,43.94,0.6,0.1,2,150,0.1,1.0,1.0,0.5,0.6
RawPixels,N,0.7058823529411765,0.7040618955512572,0.7054272385936966,43.66,0.6,0.1,2,150,0.1,1.0,1.0,0.5,0.7
RawPixels,N,0.6862745098039216,0.6851851851851851,0.6862745098039216,44.19,0.6,0.1,2,150,0.1,1.0,1.0,0.5,0.8
RawPixels,N,0.6862745098039216,0.6832298136645962,0.6850566313481914,44.52,0.6,0.1,2,150,0.1,1.0,5.0,0.5,0.6
RawPixels,N,0.7058823529411765,0.7040618955512572,0.7054272385936966,43.75,0.6,0.1,2,150,0.1,1.0,5.0,0.5,0.7
RawPixels,N,0.6862745098039216,0.6832298136645962,0.6850566313481914,44.03,0.6,0.1,2,150,0.1,1.0,5.0,0.5,0.8
RawPixels,N,0.6470588235294118,0.6469230769230769,0.6473303167420814,40.12,0.6,0.1,2,150,0.3,0.1,1.0,0.5,0.6
RawPixels,N,0.6862745098039216,0.6861538461538461,0.6865158371040724,40.33,0.6,0.1,2,150,0.3,0.1,1.0,0.5,0.7
RawPixels,N,0.6862745098039216,0.6861538461538461,0.6865158371040724,40.09,0.6,0.1,2,150,0.3,0.1,1.0,0.5,0.8
RawPixels,N,0.7058823529411765,0.7040618955512572,0.7054272385936966,39.97,0.6,0.1,2,150,0.3,0.1,5.0,0.5,0.6
RawPixels,N,0.6862745098039216,0.6851851851851851,0.6862745098039216,40.35,0.6,0.1,2,150,0.3,0.1,5.0,0.5,0.7
RawPixels,N,0.6666666666666666,0.6661532537543319,0.666923373122834,40.63,0.6,0.1,2,150,0.3,0.1,5.0,0.5,0.8
RawPixels,N,0.6862745098039216,0.6832298136645962,0.6850566313481914,40.56,0.6,0.1,2,150,0.3,1.0,1.0,0.5,0.6
RawPixels,N,0.6862745098039216,0.6832298136645962,0.6850566313481914,40.13,0.6,0.1,2,150,0.3,1.0,1.0,0.5,0.7
RawPixels,N,0.6666666666666666,0.6661532537543319,0.666923373122834,40.67,0.6,0.1,2,150,0.3,1.0,1.0,0.5,0.8
RawPixels,N,0.6862745098039216,0.6832298136645962,0.6850566313481914,40.34,0.6,0.1,2,150,0.3,1.0,5.0,0.5,0.6
RawPixels,N,0.7058823529411765,0.7040618955512572,0.7054272385936966,40.54,0.6,0.1,2,150,0.3,1.0,5.0,0.5,0.7
RawPixels,N,0.6862745098039216,0.6832298136645962,0.6850566313481914,40.15,0.6,0.1,2,150,0.3,1.0,5.0,0.5,0.8
RawPixels,N,0.6274509803921569,0.6251450676982592,0.6268745022186825,12.85,0.6,0.1,3,50,0.1,0.1,1.0,0.5,0.6
RawPixels,N,0.7058823529411765,0.7017543859649122,0.7038183694530443,12.56,0.6,0.1,3,50,0.1,0.1,1.0,0.5,0.7
RawPixels,N,0.6274509803921569,0.6251450676982592,0.6268745022186825,12.62,0.6,0.1,3,50,0.1,0.1,1.0,0.5,0.8
RawPixels,N,0.6470588235294118,0.6436335403726708,0.6456887102667155,12.7,0.6,0.1,3,50,0.1,0.1,5.0,0.5,0.6
RawPixels,N,0.7058823529411765,0.7017543859649122,0.7038183694530443,12.66,0.6,0.1,3,50,0.1,0.1,5.0,0.5,0.7
RawPixels,N,0.6666666666666666,0.6661532537543319,0.666923373122834,12.47,0.6,0.1,3,50,0.1,0.1,5.0,0.5,0.8
RawPixels,N,0.6470588235294118,0.6436335403726708,0.6456887102667155,12.46,0.6,0.1,3,50,0.1,1.0,1.0,0.5,0.6
RawPixels,N,0.7058823529411765,0.7017543859649122,0.7038183694530443,12.77,0.6,0.1,3,50,0.1,1.0,1.0,0.5,0.7
RawPixels,N,0.6666666666666666,0.6661532537543319,0.666923373122834,12.81,0.6,0.1,3,50,0.1,1.0,1.0,0.5,0.8
RawPixels,N,0.6666666666666666,0.6619883040935672,0.664327485380117,12.75,0.6,0.1,3,50,0.1,1.0,5.0,0.5,0.6
RawPixels,N,0.6862745098039216,0.6832298136645962,0.6850566313481914,12.71,0.6,0.1,3,50,0.1,1.0,5.0,0.5,0.7
RawPixels,N,0.7058823529411765,0.7040618955512572,0.7054272385936966,12.53,0.6,0.1,3,50,0.1,1.0,5.0,0.5,0.8
RawPixels,N,0.6666666666666666,0.6646034816247582,0.6661508704061896,12.27,0.6,0.1,3,50,0.3,0.1,1.0,0.5,0.6
RawPixels,N,0.7058823529411765,0.7040618955512572,0.7054272385936966,12.33,0.6,0.1,3,50,0.3,0.1,1.0,0.5,0.7
RawPixels,N,0.6862745098039216,0.6861538461538461,0.6865158371040724,12.33,0.6,0.1,3,50,0.3,0.1,1.0,0.5,0.8
RawPixels,N,0.6666666666666666,0.6619883040935672,0.664327485380117,12.21,0.6,0.1,3,50,0.3,0.1,5.0,0.5,0.6
RawPixels,N,0.7058823529411765,0.7017543859649122,0.7038183694530443,12.21,0.6,0.1,3,50,0.3,0.1,5.0,0.5,0.7
RawPixels,N,0.6862745098039216,0.6851851851851851,0.6862745098039216,12.22,0.6,0.1,3,50,0.3,0.1,5.0,0.5,0.8
RawPixels,N,0.6666666666666666,0.6619883040935672,0.664327485380117,12.3,0.6,0.1,3,50,0.3,1.0,1.0,0.5,0.6
RawPixels,N,0.7254901960784313,0.7228260869565217,0.7244245524296676,12.26,0.6,0.1,3,50,0.3,1.0,1.0,0.5,0.7
RawPixels,N,0.7058823529411765,0.7054293415479399,0.7061088586377948,12.25,0.6,0.1,3,50,0.3,1.0,1.0,0.5,0.8
RawPixels,N,0.6470588235294118,0.640282131661442,0.6431864281762862,12.16,0.6,0.1,3,50,0.3,1.0,5.0,0.5,0.6
RawPixels,N,0.7254901960784313,0.7228260869565217,0.7244245524296676,12.27,0.6,0.1,3,50,0.3,1.0,5.0,0.5,0.7
RawPixels,N,0.7058823529411765,0.7040618955512572,0.7054272385936966,12.4,0.6,0.1,3,50,0.3,1.0,5.0,0.5,0.8
RawPixels,N,0.6470588235294118,0.6436335403726708,0.6456887102667155,24.49,0.6,0.1,3,100,0.1,0.1,1.0,0.5,0.6
RawPixels,N,0.6666666666666666,0.6646034816247582,0.6661508704061896,24.59,0.6,0.1,3,100,0.1,0.1,1.0,0.5,0.7
RawPixels,N,0.6862745098039216,0.6851851851851851,0.6862745098039216,24.47,0.6,0.1,3,100,0.1,0.1,1.0,0.5,0.8
RawPixels,N,0.6862745098039216,0.6832298136645962,0.6850566313481914,24.09,0.6,0.1,3,100,0.1,0.1,5.0,0.5,0.6
RawPixels,N,0.6666666666666666,0.6661532537543319,0.666923373122834,24.58,0.6,0.1,3,100,0.1,0.1,5.0,0.5,0.7
RawPixels,N,0.6470588235294118,0.6436335403726708,0.6456887102667155,24.67,0.6,0.1,3,100,0.1,0.1,5.0,0.5,0.8
RawPixels,N,0.6862745098039216,0.6832298136645962,0.6850566313481914,24.09,0.6,0.1,3,100,0.1,1.0,1.0,0.5,0.6
RawPixels,N,0.7254901960784313,0.7228260869565217,0.7244245524296676,24.48,0.6,0.1,3,100,0.1,1.0,1.0,0.5,0.7
RawPixels,N,0.6862745098039216,0.6851851851851851,0.6862745098039216,24.68,0.6,0.1,3,100,0.1,1.0,1.0,0.5,0.8
RawPixels,N,0.6862745098039216,0.6802507836990596,0.6828323806011434,24.38,0.6,0.1,3,100,0.1,1.0,5.0,0.5,0.6
RawPixels,N,0.6666666666666666,0.6661532537543319,0.666923373122834,24.67,0.6,0.1,3,100,0.1,1.0,5.0,0.5,0.7
RawPixels,N,0.6470588235294118,0.6458333333333333,0.6470588235294118,24.69,0.6,0.1,3,100,0.1,1.0,5.0,0.5,0.8
RawPixels,N,0.6666666666666666,0.6661532537543319,0.666923373122834,23.18,0.6,0.1,3,100,0.3,0.1,1.0,0.5,0.6
RawPixels,N,0.6666666666666666,0.6661532537543319,0.666923373122834,23.0,0.6,0.1,3,100,0.3,0.1,1.0,0.5,0.7
RawPixels,N,0.6862745098039216,0.6851851851851851,0.6862745098039216,22.92,0.6,0.1,3,100,0.3,0.1,1.0,0.5,0.8
RawPixels,N,0.7058823529411765,0.7017543859649122,0.7038183694530443,23.23,0.6,0.1,3,100,0.3,0.1,5.0,0.5,0.6
RawPixels,N,0.7058823529411765,0.7040618955512572,0.7054272385936966,23.03,0.6,0.1,3,100,0.3,0.1,5.0,0.5,0.7
RawPixels,N,0.6862745098039216,0.6851851851851851,0.6862745098039216,23.07,0.6,0.1,3,100,0.3,0.1,5.0,0.5,0.8
RawPixels,N,0.7058823529411765,0.7017543859649122,0.7038183694530443,22.75,0.6,0.1,3,100,0.3,1.0,1.0,0.5,0.6
RawPixels,N,0.6666666666666666,0.6646034816247582,0.6661508704061896,22.95,0.6,0.1,3,100,0.3,1.0,1.0,0.5,0.7
RawPixels,N,0.6862745098039216,0.6851851851851851,0.6862745098039216,23.0,0.6,0.1,3,100,0.3,1.0,1.0,0.5,0.8
RawPixels,N,0.6862745098039216,0.6802507836990596,0.6828323806011434,23.09,0.6,0.1,3,100,0.3,1.0,5.0,0.5,0.6
RawPixels,N,0.7058823529411765,0.7040618955512572,0.7054272385936966,23.16,0.6,0.1,3,100,0.3,1.0,5.0,0.5,0.7
RawPixels,N,0.6470588235294118,0.6436335403726708,0.6456887102667155,23.09,0.6,0.1,3,100,0.3,1.0,5.0,0.5,0.8
RawPixels,N,0.6274509803921569,0.626877165960724,0.6277378876078734,43.97,0.6,0.1,3,150,0.1,0.1,1.0,0.5,0.6
RawPixels,N,0.6666666666666666,0.6666666666666666,0.6666666666666666,43.78,0.6,0.1,3,150,0.1,0.1,1.0,0.5,0.7
RawPixels,N,0.6470588235294118,0.6469230769230769,0.6473303167420814,44.13,0.6,0.1,3,150,0.1,0.1,1.0,0.5,0.8
RawPixels,N,0.6862745098039216,0.6832298136645962,0.6850566313481914,43.8,0.6,0.1,3,150,0.1,0.1,5.0,0.5,0.6
RawPixels,N,0.7058823529411765,0.7040618955512572,0.7054272385936966,44.11,0.6,0.1,3,150,0.1,0.1,5.0,0.5,0.7
RawPixels,N,0.6470588235294118,0.6458333333333333,0.6470588235294118,44.27,0.6,0.1,3,150,0.1,0.1,5.0,0.5,0.8
RawPixels,N,0.6862745098039216,0.6832298136645962,0.6850566313481914,43.93,0.6,0.1,3,150,0.1,1.0,1.0,0.5,0.6
RawPixels,N,0.7058823529411765,0.7040618955512572,0.7054272385936966,44.63,0.6,0.1,3,150,0.1,1.0,1.0,0.5,0.7
RawPixels,N,0.6862745098039216,0.6851851851851851,0.6862745098039216,44.74,0.6,0.1,3,150,0.1,1.0,1.0,0.5,0.8
RawPixels,N,0.6862745098039216,0.6832298136645962,0.6850566313481914,44.03,0.6,0.1,3,150,0.1,1.0,5.0,0.5,0.6
RawPixels,N,0.7058823529411765,0.7040618955512572,0.7054272385936966,44.22,0.6,0.1,3,150,0.1,1.0,5.0,0.5,0.7
RawPixels,N,0.6862745098039216,0.6832298136645962,0.6850566313481914,44.4,0.6,0.1,3,150,0.1,1.0,5.0,0.5,0.8
RawPixels,N,0.6470588235294118,0.6469230769230769,0.6473303167420814,40.83,0.6,0.1,3,150,0.3,0.1,1.0,0.5,0.6
RawPixels,N,0.6862745098039216,0.6861538461538461,0.6865158371040724,40.51,0.6,0.1,3,150,0.3,0.1,1.0,0.5,0.7
RawPixels,N,0.6862745098039216,0.6861538461538461,0.6865158371040724,40.82,0.6,0.1,3,150,0.3,0.1,1.0,0.5,0.8
RawPixels,N,0.7058823529411765,0.7040618955512572,0.7054272385936966,40.56,0.6,0.1,3,150,0.3,0.1,5.0,0.5,0.6
RawPixels,N,0.6862745098039216,0.6851851851851851,0.6862745098039216,40.62,0.6,0.1,3,150,0.3,0.1,5.0,0.5,0.7
RawPixels,N,0.6666666666666666,0.6661532537543319,0.666923373122834,40.87,0.6,0.1,3,150,0.3,0.1,5.0,0.5,0.8
RawPixels,N,0.6862745098039216,0.6832298136645962,0.6850566313481914,40.7,0.6,0.1,3,150,0.3,1.0,1.0,0.5,0.6
RawPixels,N,0.6862745098039216,0.6832298136645962,0.6850566313481914,40.24,0.6,0.1,3,150,0.3,1.0,1.0,0.5,0.7
RawPixels,N,0.6666666666666666,0.6661532537543319,0.666923373122834,40.75,0.6,0.1,3,150,0.3,1.0,1.0,0.5,0.8
RawPixels,N,0.6862745098039216,0.6832298136645962,0.6850566313481914,45.12,0.6,0.1,3,150,0.3,1.0,5.0,0.5,0.6
RawPixels,N,0.7058823529411765,0.7040618955512572,0.7054272385936966,46.37,0.6,0.1,3,150,0.3,1.0,5.0,0.5,0.7
RawPixels,N,0.6862745098039216,0.6832298136645962,0.6850566313481914,41.25,0.6,0.1,3,150,0.3,1.0,5.0,0.5,0.8
RawPixels,N,0.6274509803921569,0.6251450676982592,0.6268745022186825,12.83,0.6,0.1,4,50,0.1,0.1,1.0,0.5,0.6
RawPixels,N,0.7058823529411765,0.7017543859649122,0.7038183694530443,13.06,0.6,0.1,4,50,0.1,0.1,1.0,0.5,0.7
RawPixels,N,0.6274509803921569,0.6251450676982592,0.6268745022186825,12.99,0.6,0.1,4,50,0.1,0.1,1.0,0.5,0.8
RawPixels,N,0.6470588235294118,0.6436335403726708,0.6456887102667155,12.8,0.6,0.1,4,50,0.1,0.1,5.0,0.5,0.6
RawPixels,N,0.7058823529411765,0.7017543859649122,0.7038183694530443,12.97,0.6,0.1,4,50,0.1,0.1,5.0,0.5,0.7
RawPixels,N,0.6666666666666666,0.6661532537543319,0.666923373122834,12.92,0.6,0.1,4,50,0.1,0.1,5.0,0.5,0.8
RawPixels,N,0.6470588235294118,0.6436335403726708,0.6456887102667155,12.67,0.6,0.1,4,50,0.1,1.0,1.0,0.5,0.6
RawPixels,N,0.7058823529411765,0.7017543859649122,0.7038183694530443,13.0,0.6,0.1,4,50,0.1,1.0,1.0,0.5,0.7
RawPixels,N,0.6666666666666666,0.6661532537543319,0.666923373122834,13.07,0.6,0.1,4,50,0.1,1.0,1.0,0.5,0.8
RawPixels,N,0.6666666666666666,0.6619883040935672,0.664327485380117,13.07,0.6,0.1,4,50,0.1,1.0,5.0,0.5,0.6
RawPixels,N,0.6862745098039216,0.6832298136645962,0.6850566313481914,13.06,0.6,0.1,4,50,0.1,1.0,5.0,0.5,0.7
RawPixels,N,0.7058823529411765,0.7040618955512572,0.7054272385936966,12.9,0.6,0.1,4,50,0.1,1.0,5.0,0.5,0.8
RawPixels,N,0.6666666666666666,0.6646034816247582,0.6661508704061896,12.43,0.6,0.1,4,50,0.3,0.1,1.0,0.5,0.6
RawPixels,N,0.7058823529411765,0.7040618955512572,0.7054272385936966,12.86,0.6,0.1,4,50,0.3,0.1,1.0,0.5,0.7
RawPixels,N,0.6862745098039216,0.6861538461538461,0.6865158371040724,12.56,0.6,0.1,4,50,0.3,0.1,1.0,0.5,0.8
RawPixels,N,0.6666666666666666,0.6619883040935672,0.664327485380117,12.72,0.6,0.1,4,50,0.3,0.1,5.0,0.5,0.6
RawPixels,N,0.7058823529411765,0.7017543859649122,0.7038183694530443,12.71,0.6,0.1,4,50,0.3,0.1,5.0,0.5,0.7
RawPixels,N,0.6862745098039216,0.6851851851851851,0.6862745098039216,12.9,0.6,0.1,4,50,0.3,0.1,5.0,0.5,0.8
RawPixels,N,0.6666666666666666,0.6619883040935672,0.664327485380117,12.67,0.6,0.1,4,50,0.3,1.0,1.0,0.5,0.6
RawPixels,N,0.7254901960784313,0.7228260869565217,0.7244245524296676,12.94,0.6,0.1,4,50,0.3,1.0,1.0,0.5,0.7
RawPixels,N,0.7058823529411765,0.7054293415479399,0.7061088586377948,12.72,0.6,0.1,4,50,0.3,1.0,1.0,0.5,0.8
RawPixels,N,0.6470588235294118,0.640282131661442,0.6431864281762862,12.64,0.6,0.1,4,50,0.3,1.0,5.0,0.5,0.6
RawPixels,N,0.7254901960784313,0.7228260869565217,0.7244245524296676,12.57,0.6,0.1,4,50,0.3,1.0,5.0,0.5,0.7
RawPixels,N,0.7058823529411765,0.7040618955512572,0.7054272385936966,12.65,0.6,0.1,4,50,0.3,1.0,5.0,0.5,0.8
RawPixels,N,0.6470588235294118,0.6436335403726708,0.6456887102667155,24.55,0.6,0.1,4,100,0.1,0.1,1.0,0.5,0.6
RawPixels,N,0.6666666666666666,0.6646034816247582,0.6661508704061896,24.97,0.6,0.1,4,100,0.1,0.1,1.0,0.5,0.7
RawPixels,N,0.6862745098039216,0.6851851851851851,0.6862745098039216,24.83,0.6,0.1,4,100,0.1,0.1,1.0,0.5,0.8
RawPixels,N,0.6862745098039216,0.6832298136645962,0.6850566313481914,24.42,0.6,0.1,4,100,0.1,0.1,5.0,0.5,0.6
RawPixels,N,0.6666666666666666,0.6661532537543319,0.666923373122834,25.05,0.6,0.1,4,100,0.1,0.1,5.0,0.5,0.7
RawPixels,N,0.6470588235294118,0.6436335403726708,0.6456887102667155,25.05,0.6,0.1,4,100,0.1,0.1,5.0,0.5,0.8
RawPixels,N,0.6862745098039216,0.6832298136645962,0.6850566313481914,24.78,0.6,0.1,4,100,0.1,1.0,1.0,0.5,0.6
RawPixels,N,0.7254901960784313,0.7228260869565217,0.7244245524296676,25.0,0.6,0.1,4,100,0.1,1.0,1.0,0.5,0.7
RawPixels,N,0.6862745098039216,0.6851851851851851,0.6862745098039216,24.93,0.6,0.1,4,100,0.1,1.0,1.0,0.5,0.8
RawPixels,N,0.6862745098039216,0.6802507836990596,0.6828323806011434,24.64,0.6,0.1,4,100,0.1,1.0,5.0,0.5,0.6
RawPixels,N,0.6666666666666666,0.6661532537543319,0.666923373122834,24.39,0.6,0.1,4,100,0.1,1.0,5.0,0.5,0.7
RawPixels,N,0.6470588235294118,0.6458333333333333,0.6470588235294118,24.87,0.6,0.1,4,100,0.1,1.0,5.0,0.5,0.8
RawPixels,N,0.6666666666666666,0.6661532537543319,0.666923373122834,23.03,0.6,0.1,4,100,0.3,0.1,1.0,0.5,0.6
RawPixels,N,0.6666666666666666,0.6661532537543319,0.666923373122834,22.97,0.6,0.1,4,100,0.3,0.1,1.0,0.5,0.7
RawPixels,N,0.6862745098039216,0.6851851851851851,0.6862745098039216,23.26,0.6,0.1,4,100,0.3,0.1,1.0,0.5,0.8
RawPixels,N,0.7058823529411765,0.7017543859649122,0.7038183694530443,23.21,0.6,0.1,4,100,0.3,0.1,5.0,0.5,0.6
RawPixels,N,0.7058823529411765,0.7040618955512572,0.7054272385936966,22.84,0.6,0.1,4,100,0.3,0.1,5.0,0.5,0.7
RawPixels,N,0.6862745098039216,0.6851851851851851,0.6862745098039216,23.13,0.6,0.1,4,100,0.3,0.1,5.0,0.5,0.8
RawPixels,N,0.7058823529411765,0.7017543859649122,0.7038183694530443,22.82,0.6,0.1,4,100,0.3,1.0,1.0,0.5,0.6
RawPixels,N,0.6666666666666666,0.6646034816247582,0.6661508704061896,23.07,0.6,0.1,4,100,0.3,1.0,1.0,0.5,0.7
RawPixels,N,0.6862745098039216,0.6851851851851851,0.6862745098039216,23.25,0.6,0.1,4,100,0.3,1.0,1.0,0.5,0.8
RawPixels,N,0.6862745098039216,0.6802507836990596,0.6828323806011434,22.85,0.6,0.1,4,100,0.3,1.0,5.0,0.5,0.6
RawPixels,N,0.7058823529411765,0.7040618955512572,0.7054272385936966,23.15,0.6,0.1,4,100,0.3,1.0,5.0,0.5,0.7
RawPixels,N,0.6470588235294118,0.6436335403726708,0.6456887102667155,23.18,0.6,0.1,4,100,0.3,1.0,5.0,0.5,0.8
RawPixels,N,0.6274509803921569,0.626877165960724,0.6277378876078734,43.9,0.6,0.1,4,150,0.1,0.1,1.0,0.5,0.6
RawPixels,N,0.6666666666666666,0.6666666666666666,0.6666666666666666,44.01,0.6,0.1,4,150,0.1,0.1,1.0,0.5,0.7
RawPixels,N,0.6470588235294118,0.6469230769230769,0.6473303167420814,44.17,0.6,0.1,4,150,0.1,0.1,1.0,0.5,0.8
RawPixels,N,0.6862745098039216,0.6832298136645962,0.6850566313481914,43.89,0.6,0.1,4,150,0.1,0.1,5.0,0.5,0.6
RawPixels,N,0.7058823529411765,0.7040618955512572,0.7054272385936966,43.83,0.6,0.1,4,150,0.1,0.1,5.0,0.5,0.7
RawPixels,N,0.6470588235294118,0.6458333333333333,0.6470588235294118,44.42,0.6,0.1,4,150,0.1,0.1,5.0,0.5,0.8
RawPixels,N,0.6862745098039216,0.6832298136645962,0.6850566313481914,43.72,0.6,0.1,4,150,0.1,1.0,1.0,0.5,0.6
RawPixels,N,0.7058823529411765,0.7040618955512572,0.7054272385936966,44.3,0.6,0.1,4,150,0.1,1.0,1.0,0.5,0.7
RawPixels,N,0.6862745098039216,0.6851851851851851,0.6862745098039216,43.67,0.6,0.1,4,150,0.1,1.0,1.0,0.5,0.8
RawPixels,N,0.6862745098039216,0.6832298136645962,0.6850566313481914,44.24,0.6,0.1,4,150,0.1,1.0,5.0,0.5,0.6
RawPixels,N,0.7058823529411765,0.7040618955512572,0.7054272385936966,44.45,0.6,0.1,4,150,0.1,1.0,5.0,0.5,0.7
RawPixels,N,0.6862745098039216,0.6832298136645962,0.6850566313481914,44.44,0.6,0.1,4,150,0.1,1.0,5.0,0.5,0.8
RawPixels,N,0.6470588235294118,0.6469230769230769,0.6473303167420814,40.36,0.6,0.1,4,150,0.3,0.1,1.0,0.5,0.6
RawPixels,N,0.6862745098039216,0.6861538461538461,0.6865158371040724,40.41,0.6,0.1,4,150,0.3,0.1,1.0,0.5,0.7
RawPixels,N,0.6862745098039216,0.6861538461538461,0.6865158371040724,40.6,0.6,0.1,4,150,0.3,0.1,1.0,0.5,0.8
RawPixels,N,0.7058823529411765,0.7040618955512572,0.7054272385936966,40.76,0.6,0.1,4,150,0.3,0.1,5.0,0.5,0.6
RawPixels,N,0.6862745098039216,0.6851851851851851,0.6862745098039216,40.24,0.6,0.1,4,150,0.3,0.1,5.0,0.5,0.7
RawPixels,N,0.6666666666666666,0.6661532537543319,0.666923373122834,40.61,0.6,0.1,4,150,0.3,0.1,5.0,0.5,0.8
RawPixels,N,0.6862745098039216,0.6832298136645962,0.6850566313481914,40.43,0.6,0.1,4,150,0.3,1.0,1.0,0.5,0.6
RawPixels,N,0.6862745098039216,0.6832298136645962,0.6850566313481914,40.71,0.6,0.1,4,150,0.3,1.0,1.0,0.5,0.7
RawPixels,N,0.6666666666666666,0.6661532537543319,0.666923373122834,40.49,0.6,0.1,4,150,0.3,1.0,1.0,0.5,0.8
RawPixels,N,0.6862745098039216,0.6832298136645962,0.6850566313481914,40.31,0.6,0.1,4,150,0.3,1.0,5.0,0.5,0.6
RawPixels,N,0.7058823529411765,0.7040618955512572,0.7054272385936966,40.33,0.6,0.1,4,150,0.3,1.0,5.0,0.5,0.7
RawPixels,N,0.6862745098039216,0.6832298136645962,0.6850566313481914,40.99,0.6,0.1,4,150,0.3,1.0,5.0,0.5,0.8
RawPixels,N,0.6078431372549019,0.5588235294117647,0.5674740484429066,12.63,0.7,0.01,2,50,0.1,0.1,1.0,0.5,0.6
RawPixels,N,0.5882352941176471,0.5546777546777547,0.5618686559863031,12.66,0.7,0.01,2,50,0.1,0.1,1.0,0.5,0.7
RawPixels,N,0.6078431372549019,0.5805921052631579,0.5868808049535603,12.54,0.7,0.01,2,50,0.1,0.1,1.0,0.5,0.8
RawPixels,N,0.49019607843137253,0.36003861003861004,0.37701567113331824,12.55,0.7,0.01,2,50,0.1,0.1,5.0,0.5,0.6
RawPixels,N,0.5098039215686274,0.4207178555202181,0.4340807654274795,12.55,0.7,0.01,2,50,0.1,0.1,5.0,0.5,0.7
RawPixels,N,0.5490196078431373,0.48484848484848486,0.49554367201426025,12.86,0.7,0.01,2,50,0.1,0.1,5.0,0.5,0.8
RawPixels,N,0.5098039215686274,0.39773264052905055,0.4130150879435383,12.79,0.7,0.01,2,50,0.1,1.0,1.0,0.5,0.6
RawPixels,N,0.5294117647058824,0.47058823529411764,0.48096885813148793,12.7,0.7,0.01,2,50,0.1,1.0,1.0,0.5,0.7
RawPixels,N,0.5882352941176471,0.5546777546777547,0.5618686559863031,12.66,0.7,0.01,2,50,0.1,1.0,1.0,0.5,0.8
RawPixels,N,0.49019607843137253,0.32894736842105265,0.34829721362229105,12.64,0.7,0.01,2,50,0.1,1.0,5.0,0.5,0.6
RawPixels,N,0.47058823529411764,0.32,0.33882352941176475,12.43,0.7,0.01,2,50,0.1,1.0,5.0,0.5,0.7
RawPixels,N,0.49019607843137253,0.38611111111111107,0.4009803921568627,12.93,0.7,0.01,2,50,0.1,1.0,5.0,0.5,0.8
RawPixels,N,0.5490196078431373,0.4670604270786006,0.4793543041932811,12.47,0.7,0.01,2,50,0.3,0.1,1.0,0.5,0.6
RawPixels,N,0.5686274509803921,0.5277777777777778,0.5359477124183007,12.21,0.7,0.01,2,50,0.3,0.1,1.0,0.5,0.7
RawPixels,N,0.6078431372549019,0.5805921052631579,0.5868808049535603,12.71,0.7,0.01,2,50,0.3,0.1,1.0,0.5,0.8
RawPixels,N,0.47058823529411764,0.32,0.33882352941176475,12.27,0.7,0.01,2,50,0.3,0.1,5.0,0.5,0.6
RawPixels,N,0.47058823529411764,0.32,0.33882352941176475,12.43,0.7,0.01,2,50,0.3,0.1,5.0,0.5,0.7
RawPixels,N,0.5294117647058824,0.43333333333333335,0.4470588235294118,12.4,0.7,0.01,2,50,0.3,0.1,5.0,0.5,0.8
RawPixels,N,0.49019607843137253,0.36003861003861004,0.37701567113331824,12.21,0.7,0.01,2,50,0.3,1.0,1.0,0.5,0.6
RawPixels,N,0.5294117647058824,0.45357142857142857,0.46554621848739497,12.33,0.7,0.01,2,50,0.3,1.0,1.0,0.5,0.7
RawPixels,N,0.5294117647058824,0.47058823529411764,0.48096885813148793,12.27,0.7,0.01,2,50,0.3,1.0,1.0,0.5,0.8
RawPixels,N,0.49019607843137253,0.32894736842105265,0.34829721362229105,12.38,0.7,0.01,2,50,0.3,1.0,5.0,0.5,0.6
RawPixels,N,0.47058823529411764,0.32,0.33882352941176475,12.35,0.7,0.01,2,50,0.3,1.0,5.0,0.5,0.7
RawPixels,N,0.5294117647058824,0.4092664092664092,0.42493754258460137,12.3,0.7,0.01,2,50,0.3,1.0,5.0,0.5,0.8
RawPixels,N,0.5882352941176471,0.5641025641025641,0.5701357466063348,24.64,0.7,0.01,2,100,0.1,0.1,1.0,0.5,0.6
RawPixels,N,0.6666666666666666,0.6533386645341863,0.6573370651739304,24.94,0.7,0.01,2,100,0.1,0.1,1.0,0.5,0.7
RawPixels,N,0.6666666666666666,0.6533386645341863,0.6573370651739304,24.56,0.7,0.01,2,100,0.1,0.1,1.0,0.5,0.8
RawPixels,N,0.5882352941176471,0.5432835820895523,0.55171202809482,24.44,0.7,0.01,2,100,0.1,0.1,5.0,0.5,0.6
RawPixels,N,0.6274509803921569,0.6056166056166056,0.6110751993104934,24.4,0.7,0.01,2,100,0.1,0.1,5.0,0.5,0.7
RawPixels,N,0.6274509803921569,0.6056166056166056,0.6110751993104934,24.59,0.7,0.01,2,100,0.1,0.1,5.0,0.5,0.8
RawPixels,N,0.6078431372549019,0.5805921052631579,0.5868808049535603,24.45,0.7,0.01,2,100,0.1,1.0,1.0,0.5,0.6
RawPixels,N,0.6470588235294118,0.6298387096774194,0.6345351043643265,24.61,0.7,0.01,2,100,0.1,1.0,1.0,0.5,0.7
RawPixels,N,0.6470588235294118,0.6298387096774194,0.6345351043643265,24.81,0.7,0.01,2,100,0.1,1.0,1.0,0.5,0.8
RawPixels,N,0.5882352941176471,0.5296442687747036,0.5394094396651941,24.22,0.7,0.01,2,100,0.1,1.0,5.0,0.5,0.6
RawPixels,N,0.6078431372549019,0.5805921052631579,0.5868808049535603,24.68,0.7,0.01,2,100,0.1,1.0,5.0,0.5,0.7
RawPixels,N,0.6078431372549019,0.5805921052631579,0.5868808049535603,24.82,0.7,0.01,2,100,0.1,1.0,5.0,0.5,0.8
RawPixels,N,0.5882352941176471,0.5641025641025641,0.5701357466063348,23.07,0.7,0.01,2,100,0.3,0.1,1.0,0.5,0.6
RawPixels,N,0.6666666666666666,0.6533386645341863,0.6573370651739304,22.91,0.7,0.01,2,100,0.3,0.1,1.0,0.5,0.7
RawPixels,N,0.6470588235294118,0.6298387096774194,0.6345351043643265,23.1,0.7,0.01,2,100,0.3,0.1,1.0,0.5,0.8
RawPixels,N,0.6078431372549019,0.5588235294117647,0.5674740484429066,22.99,0.7,0.01,2,100,0.3,0.1,5.0,0.5,0.6
RawPixels,N,0.6078431372549019,0.5805921052631579,0.5868808049535603,23.32,0.7,0.01,2,100,0.3,0.1,5.0,0.5,0.7
RawPixels,N,0.6274509803921569,0.6056166056166056,0.6110751993104934,23.12,0.7,0.01,2,100,0.3,0.1,5.0,0.5,0.8
RawPixels,N,0.6078431372549019,0.5588235294117647,0.5674740484429066,22.91,0.7,0.01,2,100,0.3,1.0,1.0,0.5,0.6
RawPixels,N,0.6666666666666666,0.6533386645341863,0.6573370651739304,23.13,0.7,0.01,2,100,0.3,1.0,1.0,0.5,0.7
RawPixels,N,0.6470588235294118,0.6298387096774194,0.6345351043643265,22.69,0.7,0.01,2,100,0.3,1.0,1.0,0.5,0.8
RawPixels,N,0.5686274509803921,0.49910714285714286,0.5100840336134455,23.01,0.7,0.01,2,100,0.3,1.0,5.0,0.5,0.6
RawPixels,N,0.5686274509803921,0.5277777777777778,0.5359477124183007,22.91,0.7,0.01,2,100,0.3,1.0,5.0,0.5,0.7
RawPixels,N,0.6078431372549019,0.5805921052631579,0.5868808049535603,23.05,0.7,0.01,2,100,0.3,1.0,5.0,0.5,0.8
RawPixels,N,0.6078431372549019,0.5805921052631579,0.5868808049535603,43.83,0.7,0.01,2,150,0.1,0.1,1.0,0.5,0.6
RawPixels,N,0.6470588235294118,0.640282131661442,0.6431864281762862,44.31,0.7,0.01,2,150,0.1,0.1,1.0,0.5,0.7
RawPixels,N,0.6666666666666666,0.6582577847851794,0.6614111154907372,43.99,0.7,0.01,2,150,0.1,0.1,1.0,0.5,0.8
RawPixels,N,0.6078431372549019,0.5805921052631579,0.5868808049535603,44.12,0.7,0.01,2,150,0.1,0.1,5.0,0.5,0.6
RawPixels,N,0.6666666666666666,0.6533386645341863,0.6573370651739304,44.26,0.7,0.01,2,150,0.1,0.1,5.0,0.5,0.7
RawPixels,N,0.6666666666666666,0.6582577847851794,0.6614111154907372,44.5,0.7,0.01,2,150,0.1,0.1,5.0,0.5,0.8
RawPixels,N,0.6078431372549019,0.5805921052631579,0.5868808049535603,44.02,0.7,0.01,2,150,0.1,1.0,1.0,0.5,0.6
RawPixels,N,0.6666666666666666,0.6582577847851794,0.6614111154907372,44.0,0.7,0.01,2,150,0.1,1.0,1.0,0.5,0.7
RawPixels,N,0.6666666666666666,0.6582577847851794,0.6614111154907372,44.43,0.7,0.01,2,150,0.1,1.0,1.0,0.5,0.8
RawPixels,N,0.5882352941176471,0.5432835820895523,0.55171202809482,43.78,0.7,0.01,2,150,0.1,1.0,5.0,0.5,0.6
RawPixels,N,0.6274509803921569,0.6056166056166056,0.6110751993104934,44.07,0.7,0.01,2,150,0.1,1.0,5.0,0.5,0.7
RawPixels,N,0.6470588235294118,0.6298387096774194,0.6345351043643265,44.14,0.7,0.01,2,150,0.1,1.0,5.0,0.5,0.8
RawPixels,N,0.6078431372549019,0.5805921052631579,0.5868808049535603,40.75,0.7,0.01,2,150,0.3,0.1,1.0,0.5,0.6
RawPixels,N,0.6470588235294118,0.640282131661442,0.6431864281762862,40.51,0.7,0.01,2,150,0.3,0.1,1.0,0.5,0.7
RawPixels,N,0.6666666666666666,0.6582577847851794,0.6614111154907372,40.54,0.7,0.01,2,150,0.3,0.1,1.0,0.5,0.8
RawPixels,N,0.6274509803921569,0.5970893970893971,0.6035954506542742,40.1,0.7,0.01,2,150,0.3,0.1,5.0,0.5,0.6
RawPixels,N,0.6470588235294118,0.6298387096774194,0.6345351043643265,40.54,0.7,0.01,2,150,0.3,0.1,5.0,0.5,0.7
RawPixels,N,0.6470588235294118,0.6357142857142857,0.6394957983193277,40.52,0.7,0.01,2,150,0.3,0.1,5.0,0.5,0.8
RawPixels,N,0.6078431372549019,0.5805921052631579,0.5868808049535603,40.52,0.7,0.01,2,150,0.3,1.0,1.0,0.5,0.6
RawPixels,N,0.6666666666666666,0.6582577847851794,0.6614111154907372,40.49,0.7,0.01,2,150,0.3,1.0,1.0,0.5,0.7
RawPixels,N,0.6666666666666666,0.6582577847851794,0.6614111154907372,40.34,0.7,0.01,2,150,0.3,1.0,1.0,0.5,0.8
RawPixels,N,0.5882352941176471,0.5432835820895523,0.55171202809482,40.29,0.7,0.01,2,150,0.3,1.0,5.0,0.5,0.6
RawPixels,N,0.6274509803921569,0.6056166056166056,0.6110751993104934,40.34,0.7,0.01,2,150,0.3,1.0,5.0,0.5,0.7
RawPixels,N,0.6470588235294118,0.6298387096774194,0.6345351043643265,40.64,0.7,0.01,2,150,0.3,1.0,5.0,0.5,0.8
RawPixels,N,0.6078431372549019,0.5588235294117647,0.5674740484429066,12.55,0.7,0.01,3,50,0.1,0.1,1.0,0.5,0.6
RawPixels,N,0.5882352941176471,0.5546777546777547,0.5618686559863031,12.82,0.7,0.01,3,50,0.1,0.1,1.0,0.5,0.7
RawPixels,N,0.6078431372549019,0.5805921052631579,0.5868808049535603,12.92,0.7,0.01,3,50,0.1,0.1,1.0,0.5,0.8
RawPixels,N,0.49019607843137253,0.36003861003861004,0.37701567113331824,12.7,0.7,0.01,3,50,0.1,0.1,5.0,0.5,0.6
RawPixels,N,0.5098039215686274,0.4207178555202181,0.4340807654274795,12.79,0.7,0.01,3,50,0.1,0.1,5.0,0.5,0.7
RawPixels,N,0.5490196078431373,0.48484848484848486,0.49554367201426025,12.85,0.7,0.01,3,50,0.1,0.1,5.0,0.5,0.8
RawPixels,N,0.5098039215686274,0.39773264052905055,0.4130150879435383,12.53,0.7,0.01,3,50,0.1,1.0,1.0,0.5,0.6
RawPixels,N,0.5294117647058824,0.47058823529411764,0.48096885813148793,12.77,0.7,0.01,3,50,0.1,1.0,1.0,0.5,0.7
RawPixels,N,0.5882352941176471,0.5546777546777547,0.5618686559863031,12.71,0.7,0.01,3,50,0.1,1.0,1.0,0.5,0.8
RawPixels,N,0.49019607843137253,0.32894736842105265,0.34829721362229105,12.59,0.7,0.01,3,50,0.1,1.0,5.0,0.5,0.6
RawPixels,N,0.47058823529411764,0.32,0.33882352941176475,12.92,0.7,0.01,3,50,0.1,1.0,5.0,0.5,0.7
RawPixels,N,0.49019607843137253,0.38611111111111107,0.4009803921568627,12.97,0.7,0.01,3,50,0.1,1.0,5.0,0.5,0.8
RawPixels,N,0.5490196078431373,0.4670604270786006,0.4793543041932811,12.4,0.7,0.01,3,50,0.3,0.1,1.0,0.5,0.6
RawPixels,N,0.5686274509803921,0.5277777777777778,0.5359477124183007,12.23,0.7,0.01,3,50,0.3,0.1,1.0,0.5,0.7
RawPixels,N,0.6078431372549019,0.5805921052631579,0.5868808049535603,12.35,0.7,0.01,3,50,0.3,0.1,1.0,0.5,0.8
RawPixels,N,0.47058823529411764,0.32,0.33882352941176475,12.4,0.7,0.01,3,50,0.3,0.1,5.0,0.5,0.6
RawPixels,N,0.47058823529411764,0.32,0.33882352941176475,12.19,0.7,0.01,3,50,0.3,0.1,5.0,0.5,0.7
RawPixels,N,0.5294117647058824,0.43333333333333335,0.4470588235294118,12.55,0.7,0.01,3,50,0.3,0.1,5.0,0.5,0.8
RawPixels,N,0.49019607843137253,0.36003861003861004,0.37701567113331824,12.35,0.7,0.01,3,50,0.3,1.0,1.0,0.5,0.6
RawPixels,N,0.5294117647058824,0.45357142857142857,0.46554621848739497,12.37,0.7,0.01,3,50,0.3,1.0,1.0,0.5,0.7
RawPixels,N,0.5294117647058824,0.47058823529411764,0.48096885813148793,12.4,0.7,0.01,3,50,0.3,1.0,1.0,0.5,0.8
RawPixels,N,0.49019607843137253,0.32894736842105265,0.34829721362229105,11.99,0.7,0.01,3,50,0.3,1.0,5.0,0.5,0.6
RawPixels,N,0.47058823529411764,0.32,0.33882352941176475,12.33,0.7,0.01,3,50,0.3,1.0,5.0,0.5,0.7
RawPixels,N,0.5294117647058824,0.4092664092664092,0.42493754258460137,12.41,0.7,0.01,3,50,0.3,1.0,5.0,0.5,0.8
RawPixels,N,0.5882352941176471,0.5641025641025641,0.5701357466063348,24.5,0.7,0.01,3,100,0.1,0.1,1.0,0.5,0.6
RawPixels,N,0.6666666666666666,0.6533386645341863,0.6573370651739304,24.58,0.7,0.01,3,100,0.1,0.1,1.0,0.5,0.7
RawPixels,N,0.6666666666666666,0.6533386645341863,0.6573370651739304,24.64,0.7,0.01,3,100,0.1,0.1,1.0,0.5,0.8
RawPixels,N,0.5882352941176471,0.5432835820895523,0.55171202809482,24.47,0.7,0.01,3,100,0.1,0.1,5.0,0.5,0.6
RawPixels,N,0.6274509803921569,0.6056166056166056,0.6110751993104934,24.46,0.7,0.01,3,100,0.1,0.1,5.0,0.5,0.7
RawPixels,N,0.6274509803921569,0.6056166056166056,0.6110751993104934,24.96,0.7,0.01,3,100,0.1,0.1,5.0,0.5,0.8
RawPixels,N,0.6078431372549019,0.5805921052631579,0.5868808049535603,24.32,0.7,0.01,3,100,0.1,1.0,1.0,0.5,0.6
RawPixels,N,0.6470588235294118,0.6298387096774194,0.6345351043643265,24.58,0.7,0.01,3,100,0.1,1.0,1.0,0.5,0.7
RawPixels,N,0.6470588235294118,0.6298387096774194,0.6345351043643265,24.6,0.7,0.01,3,100,0.1,1.0,1.0,0.5,0.8
RawPixels,N,0.5882352941176471,0.5296442687747036,0.5394094396651941,23.7,0.7,0.01,3,100,0.1,1.0,5.0,0.5,0.6
RawPixels,N,0.6078431372549019,0.5805921052631579,0.5868808049535603,24.34,0.7,0.01,3,100,0.1,1.0,5.0,0.5,0.7
RawPixels,N,0.6078431372549019,0.5805921052631579,0.5868808049535603,24.79,0.7,0.01,3,100,0.1,1.0,5.0,0.5,0.8
RawPixels,N,0.5882352941176471,0.5641025641025641,0.5701357466063348,22.96,0.7,0.01,3,100,0.3,0.1,1.0,0.5,0.6
RawPixels,N,0.6666666666666666,0.6533386645341863,0.6573370651739304,23.22,0.7,0.01,3,100,0.3,0.1,1.0,0.5,0.7
RawPixels,N,0.6470588235294118,0.6298387096774194,0.6345351043643265,23.27,0.7,0.01,3,100,0.3,0.1,1.0,0.5,0.8
RawPixels,N,0.6078431372549019,0.5588235294117647,0.5674740484429066,23.11,0.7,0.01,3,100,0.3,0.1,5.0,0.5,0.6
RawPixels,N,0.6078431372549019,0.5805921052631579,0.5868808049535603,23.06,0.7,0.01,3,100,0.3,0.1,5.0,0.5,0.7
RawPixels,N,0.6274509803921569,0.6056166056166056,0.6110751993104934,23.1,0.7,0.01,3,100,0.3,0.1,5.0,0.5,0.8
RawPixels,N,0.6078431372549019,0.5588235294117647,0.5674740484429066,22.99,0.7,0.01,3,100,0.3,1.0,1.0,0.5,0.6
RawPixels,N,0.6666666666666666,0.6533386645341863,0.6573370651739304,23.04,0.7,0.01,3,100,0.3,1.0,1.0,0.5,0.7
RawPixels,N,0.6470588235294118,0.6298387096774194,0.6345351043643265,23.53,0.7,0.01,3,100,0.3,1.0,1.0,0.5,0.8
RawPixels,N,0.5686274509803921,0.49910714285714286,0.5100840336134455,22.95,0.7,0.01,3,100,0.3,1.0,5.0,0.5,0.6
RawPixels,N,0.5686274509803921,0.5277777777777778,0.5359477124183007,23.1,0.7,0.01,3,100,0.3,1.0,5.0,0.5,0.7
RawPixels,N,0.6078431372549019,0.5805921052631579,0.5868808049535603,23.34,0.7,0.01,3,100,0.3,1.0,5.0,0.5,0.8
RawPixels,N,0.6078431372549019,0.5805921052631579,0.5868808049535603,44.28,0.7,0.01,3,150,0.1,0.1,1.0,0.5,0.6
RawPixels,N,0.6470588235294118,0.640282131661442,0.6431864281762862,43.95,0.7,0.01,3,150,0.1,0.1,1.0,0.5,0.7
RawPixels,N,0.6666666666666666,0.6582577847851794,0.6614111154907372,44.53,0.7,0.01,3,150,0.1,0.1,1.0,0.5,0.8
RawPixels,N,0.6078431372549019,0.5805921052631579,0.5868808049535603,43.83,0.7,0.01,3,150,0.1,0.1,5.0,0.5,0.6
RawPixels,N,0.6666666666666666,0.6533386645341863,0.6573370651739304,43.66,0.7,0.01,3,150,0.1,0.1,5.0,0.5,0.7
RawPixels,N,0.6666666666666666,0.6582577847851794,0.6614111154907372,44.31,0.7,0.01,3,150,0.1,0.1,5.0,0.5,0.8
RawPixels,N,0.6078431372549019,0.5805921052631579,0.5868808049535603,44.05,0.7,0.01,3,150,0.1,1.0,1.0,0.5,0.6
RawPixels,N,0.6666666666666666,0.6582577847851794,0.6614111154907372,44.27,0.7,0.01,3,150,0.1,1.0,1.0,0.5,0.7
RawPixels,N,0.6666666666666666,0.6582577847851794,0.6614111154907372,44.14,0.7,0.01,3,150,0.1,1.0,1.0,0.5,0.8
RawPixels,N,0.5882352941176471,0.5432835820895523,0.55171202809482,43.28,0.7,0.01,3,150,0.1,1.0,5.0,0.5,0.6
RawPixels,N,0.6274509803921569,0.6056166056166056,0.6110751993104934,44.28,0.7,0.01,3,150,0.1,1.0,5.0,0.5,0.7
RawPixels,N,0.6470588235294118,0.6298387096774194,0.6345351043643265,43.93,0.7,0.01,3,150,0.1,1.0,5.0,0.5,0.8
RawPixels,N,0.6078431372549019,0.5805921052631579,0.5868808049535603,40.58,0.7,0.01,3,150,0.3,0.1,1.0,0.5,0.6
RawPixels,N,0.6470588235294118,0.640282131661442,0.6431864281762862,40.95,0.7,0.01,3,150,0.3,0.1,1.0,0.5,0.7
RawPixels,N,0.6666666666666666,0.6582577847851794,0.6614111154907372,41.15,0.7,0.01,3,150,0.3,0.1,1.0,0.5,0.8
RawPixels,N,0.6274509803921569,0.5970893970893971,0.6035954506542742,40.5,0.7,0.01,3,150,0.3,0.1,5.0,0.5,0.6
RawPixels,N,0.6470588235294118,0.6298387096774194,0.6345351043643265,40.43,0.7,0.01,3,150,0.3,0.1,5.0,0.5,0.7
RawPixels,N,0.6470588235294118,0.6357142857142857,0.6394957983193277,40.82,0.7,0.01,3,150,0.3,0.1,5.0,0.5,0.8
RawPixels,N,0.6078431372549019,0.5805921052631579,0.5868808049535603,40.79,0.7,0.01,3,150,0.3,1.0,1.0,0.5,0.6
RawPixels,N,0.6666666666666666,0.6582577847851794,0.6614111154907372,40.59,0.7,0.01,3,150,0.3,1.0,1.0,0.5,0.7
RawPixels,N,0.6666666666666666,0.6582577847851794,0.6614111154907372,40.82,0.7,0.01,3,150,0.3,1.0,1.0,0.5,0.8
RawPixels,N,0.5882352941176471,0.5432835820895523,0.55171202809482,40.33,0.7,0.01,3,150,0.3,1.0,5.0,0.5,0.6
RawPixels,N,0.6274509803921569,0.6056166056166056,0.6110751993104934,40.52,0.7,0.01,3,150,0.3,1.0,5.0,0.5,0.7
RawPixels,N,0.6470588235294118,0.6298387096774194,0.6345351043643265,41.07,0.7,0.01,3,150,0.3,1.0,5.0,0.5,0.8
RawPixels,N,0.6078431372549019,0.5588235294117647,0.5674740484429066,12.82,0.7,0.01,4,50,0.1,0.1,1.0,0.5,0.6
RawPixels,N,0.5882352941176471,0.5546777546777547,0.5618686559863031,12.78,0.7,0.01,4,50,0.1,0.1,1.0,0.5,0.7
RawPixels,N,0.6078431372549019,0.5805921052631579,0.5868808049535603,12.91,0.7,0.01,4,50,0.1,0.1,1.0,0.5,0.8
RawPixels,N,0.49019607843137253,0.36003861003861004,0.37701567113331824,12.94,0.7,0.01,4,50,0.1,0.1,5.0,0.5,0.6
RawPixels,N,0.5098039215686274,0.4207178555202181,0.4340807654274795,12.66,0.7,0.01,4,50,0.1,0.1,5.0,0.5,0.7
RawPixels,N,0.5490196078431373,0.48484848484848486,0.49554367201426025,12.98,0.7,0.01,4,50,0.1,0.1,5.0,0.5,0.8
RawPixels,N,0.5098039215686274,0.39773264052905055,0.4130150879435383,12.82,0.7,0.01,4,50,0.1,1.0,1.0,0.5,0.6
RawPixels,N,0.5294117647058824,0.47058823529411764,0.48096885813148793,12.82,0.7,0.01,4,50,0.1,1.0,1.0,0.5,0.7
RawPixels,N,0.5882352941176471,0.5546777546777547,0.5618686559863031,12.92,0.7,0.01,4,50,0.1,1.0,1.0,0.5,0.8
RawPixels,N,0.49019607843137253,0.32894736842105265,0.34829721362229105,12.52,0.7,0.01,4,50,0.1,1.0,5.0,0.5,0.6
RawPixels,N,0.47058823529411764,0.32,0.33882352941176475,12.77,0.7,0.01,4,50,0.1,1.0,5.0,0.5,0.7
RawPixels,N,0.49019607843137253,0.38611111111111107,0.4009803921568627,12.96,0.7,0.01,4,50,0.1,1.0,5.0,0.5,0.8
RawPixels,N,0.5490196078431373,0.4670604270786006,0.4793543041932811,12.58,0.7,0.01,4,50,0.3,0.1,1.0,0.5,0.6
RawPixels,N,0.5686274509803921,0.5277777777777778,0.5359477124183007,12.53,0.7,0.01,4,50,0.3,0.1,1.0,0.5,0.7
RawPixels,N,0.6078431372549019,0.5805921052631579,0.5868808049535603,12.85,0.7,0.01,4,50,0.3,0.1,1.0,0.5,0.8
RawPixels,N,0.47058823529411764,0.32,0.33882352941176475,12.75,0.7,0.01,4,50,0.3,0.1,5.0,0.5,0.6
RawPixels,N,0.47058823529411764,0.32,0.33882352941176475,12.55,0.7,0.01,4,50,0.3,0.1,5.0,0.5,0.7
RawPixels,N,0.5294117647058824,0.43333333333333335,0.4470588235294118,12.81,0.7,0.01,4,50,0.3,0.1,5.0,0.5,0.8
RawPixels,N,0.49019607843137253,0.36003861003861004,0.37701567113331824,12.47,0.7,0.01,4,50,0.3,1.0,1.0,0.5,0.6
RawPixels,N,0.5294117647058824,0.45357142857142857,0.46554621848739497,12.51,0.7,0.01,4,50,0.3,1.0,1.0,0.5,0.7
RawPixels,N,0.5294117647058824,0.47058823529411764,0.48096885813148793,12.53,0.7,0.01,4,50,0.3,1.0,1.0,0.5,0.8
RawPixels,N,0.49019607843137253,0.32894736842105265,0.34829721362229105,12.52,0.7,0.01,4,50,0.3,1.0,5.0,0.5,0.6
RawPixels,N,0.47058823529411764,0.32,0.33882352941176475,12.5,0.7,0.01,4,50,0.3,1.0,5.0,0.5,0.7
RawPixels,N,0.5294117647058824,0.4092664092664092,0.42493754258460137,12.44,0.7,0.01,4,50,0.3,1.0,5.0,0.5,0.8
RawPixels,N,0.5882352941176471,0.5641025641025641,0.5701357466063348,24.59,0.7,0.01,4,100,0.1,0.1,1.0,0.5,0.6
RawPixels,N,0.6666666666666666,0.6533386645341863,0.6573370651739304,24.8,0.7,0.01,4,100,0.1,0.1,1.0,0.5,0.7
RawPixels,N,0.6666666666666666,0.6533386645341863,0.6573370651739304,25.15,0.7,0.01,4,100,0.1,0.1,1.0,0.5,0.8
RawPixels,N,0.5882352941176471,0.5432835820895523,0.55171202809482,24.44,0.7,0.01,4,100,0.1,0.1,5.0,0.5,0.6
RawPixels,N,0.6274509803921569,0.6056166056166056,0.6110751993104934,24.79,0.7,0.01,4,100,0.1,0.1,5.0,0.5,0.7
RawPixels,N,0.6274509803921569,0.6056166056166056,0.6110751993104934,24.9,0.7,0.01,4,100,0.1,0.1,5.0,0.5,0.8
RawPixels,N,0.6078431372549019,0.5805921052631579,0.5868808049535603,24.48,0.7,0.01,4,100,0.1,1.0,1.0,0.5,0.6
RawPixels,N,0.6470588235294118,0.6298387096774194,0.6345351043643265,24.82,0.7,0.01,4,100,0.1,1.0,1.0,0.5,0.7
RawPixels,N,0.6470588235294118,0.6298387096774194,0.6345351043643265,25.32,0.7,0.01,4,100,0.1,1.0,1.0,0.5,0.8
RawPixels,N,0.5882352941176471,0.5296442687747036,0.5394094396651941,24.7,0.7,0.01,4,100,0.1,1.0,5.0,0.5,0.6
RawPixels,N,0.6078431372549019,0.5805921052631579,0.5868808049535603,24.65,0.7,0.01,4,100,0.1,1.0,5.0,0.5,0.7
RawPixels,N,0.6078431372549019,0.5805921052631579,0.5868808049535603,25.0,0.7,0.01,4,100,0.1,1.0,5.0,0.5,0.8
RawPixels,N,0.5882352941176471,0.5641025641025641,0.5701357466063348,23.22,0.7,0.01,4,100,0.3,0.1,1.0,0.5,0.6
RawPixels,N,0.6666666666666666,0.6533386645341863,0.6573370651739304,23.33,0.7,0.01,4,100,0.3,0.1,1.0,0.5,0.7
RawPixels,N,0.6470588235294118,0.6298387096774194,0.6345351043643265,23.72,0.7,0.01,4,100,0.3,0.1,1.0,0.5,0.8
RawPixels,N,0.6078431372549019,0.5588235294117647,0.5674740484429066,23.32,0.7,0.01,4,100,0.3,0.1,5.0,0.5,0.6
RawPixels,N,0.6078431372549019,0.5805921052631579,0.5868808049535603,23.06,0.7,0.01,4,100,0.3,0.1,5.0,0.5,0.7
RawPixels,N,0.6274509803921569,0.6056166056166056,0.6110751993104934,23.59,0.7,0.01,4,100,0.3,0.1,5.0,0.5,0.8
RawPixels,N,0.6078431372549019,0.5588235294117647,0.5674740484429066,23.21,0.7,0.01,4,100,0.3,1.0,1.0,0.5,0.6
RawPixels,N,0.6666666666666666,0.6533386645341863,0.6573370651739304,23.48,0.7,0.01,4,100,0.3,1.0,1.0,0.5,0.7
RawPixels,N,0.6470588235294118,0.6298387096774194,0.6345351043643265,23.46,0.7,0.01,4,100,0.3,1.0,1.0,0.5,0.8
RawPixels,N,0.5686274509803921,0.49910714285714286,0.5100840336134455,23.3,0.7,0.01,4,100,0.3,1.0,5.0,0.5,0.6
RawPixels,N,0.5686274509803921,0.5277777777777778,0.5359477124183007,23.09,0.7,0.01,4,100,0.3,1.0,5.0,0.5,0.7
RawPixels,N,0.6078431372549019,0.5805921052631579,0.5868808049535603,23.37,0.7,0.01,4,100,0.3,1.0,5.0,0.5,0.8
RawPixels,N,0.6078431372549019,0.5805921052631579,0.5868808049535603,43.8,0.7,0.01,4,150,0.1,0.1,1.0,0.5,0.6
RawPixels,N,0.6470588235294118,0.640282131661442,0.6431864281762862,43.73,0.7,0.01,4,150,0.1,0.1,1.0,0.5,0.7
RawPixels,N,0.6666666666666666,0.6582577847851794,0.6614111154907372,44.32,0.7,0.01,4,150,0.1,0.1,1.0,0.5,0.8
RawPixels,N,0.6078431372549019,0.5805921052631579,0.5868808049535603,44.14,0.7,0.01,4,150,0.1,0.1,5.0,0.5,0.6
RawPixels,N,0.6666666666666666,0.6533386645341863,0.6573370651739304,44.77,0.7,0.01,4,150,0.1,0.1,5.0,0.5,0.7
RawPixels,N,0.6666666666666666,0.6582577847851794,0.6614111154907372,44.5,0.7,0.01,4,150,0.1,0.1,5.0,0.5,0.8
RawPixels,N,0.6078431372549019,0.5805921052631579,0.5868808049535603,43.88,0.7,0.01,4,150,0.1,1.0,1.0,0.5,0.6
RawPixels,N,0.6666666666666666,0.6582577847851794,0.6614111154907372,44.38,0.7,0.01,4,150,0.1,1.0,1.0,0.5,0.7
RawPixels,N,0.6666666666666666,0.6582577847851794,0.6614111154907372,44.57,0.7,0.01,4,150,0.1,1.0,1.0,0.5,0.8
RawPixels,N,0.5882352941176471,0.5432835820895523,0.55171202809482,44.2,0.7,0.01,4,150,0.1,1.0,5.0,0.5,0.6
RawPixels,N,0.6274509803921569,0.6056166056166056,0.6110751993104934,44.01,0.7,0.01,4,150,0.1,1.0,5.0,0.5,0.7
RawPixels,N,0.6470588235294118,0.6298387096774194,0.6345351043643265,44.59,0.7,0.01,4,150,0.1,1.0,5.0,0.5,0.8
RawPixels,N,0.6078431372549019,0.5805921052631579,0.5868808049535603,40.73,0.7,0.01,4,150,0.3,0.1,1.0,0.5,0.6
RawPixels,N,0.6470588235294118,0.640282131661442,0.6431864281762862,41.26,0.7,0.01,4,150,0.3,0.1,1.0,0.5,0.7
RawPixels,N,0.6666666666666666,0.6582577847851794,0.6614111154907372,41.25,0.7,0.01,4,150,0.3,0.1,1.0,0.5,0.8
RawPixels,N,0.6274509803921569,0.5970893970893971,0.6035954506542742,40.3,0.7,0.01,4,150,0.3,0.1,5.0,0.5,0.6
RawPixels,N,0.6470588235294118,0.6298387096774194,0.6345351043643265,40.67,0.7,0.01,4,150,0.3,0.1,5.0,0.5,0.7
RawPixels,N,0.6470588235294118,0.6357142857142857,0.6394957983193277,41.85,0.7,0.01,4,150,0.3,0.1,5.0,0.5,0.8
RawPixels,N,0.6078431372549019,0.5805921052631579,0.5868808049535603,40.71,0.7,0.01,4,150,0.3,1.0,1.0,0.5,0.6
RawPixels,N,0.6666666666666666,0.6582577847851794,0.6614111154907372,40.35,0.7,0.01,4,150,0.3,1.0,1.0,0.5,0.7
RawPixels,N,0.6666666666666666,0.6582577847851794,0.6614111154907372,40.92,0.7,0.01,4,150,0.3,1.0,1.0,0.5,0.8
RawPixels,N,0.5882352941176471,0.5432835820895523,0.55171202809482,40.77,0.7,0.01,4,150,0.3,1.0,5.0,0.5,0.6
RawPixels,N,0.6274509803921569,0.6056166056166056,0.6110751993104934,40.7,0.7,0.01,4,150,0.3,1.0,5.0,0.5,0.7
RawPixels,N,0.6470588235294118,0.6298387096774194,0.6345351043643265,40.82,0.7,0.01,4,150,0.3,1.0,5.0,0.5,0.8
RawPixels,N,0.6274509803921569,0.6222222222222222,0.6248366013071895,12.34,0.7,0.05,2,50,0.1,0.1,1.0,0.5,0.6
RawPixels,N,0.7058823529411765,0.7017543859649122,0.7038183694530443,12.62,0.7,0.05,2,50,0.1,0.1,1.0,0.5,0.7
RawPixels,N,0.6666666666666666,0.6661532537543319,0.666923373122834,12.47,0.7,0.05,2,50,0.1,0.1,1.0,0.5,0.8
RawPixels,N,0.6274509803921569,0.6180528182893181,0.6215771290778827,12.45,0.7,0.05,2,50,0.1,0.1,5.0,0.5,0.6
RawPixels,N,0.6862745098039216,0.6802507836990596,0.6828323806011434,12.56,0.7,0.05,2,50,0.1,0.1,5.0,0.5,0.7
RawPixels,N,0.6666666666666666,0.6619883040935672,0.664327485380117,12.52,0.7,0.05,2,50,0.1,0.1,5.0,0.5,0.8
RawPixels,N,0.6274509803921569,0.6180528182893181,0.6215771290778827,12.64,0.7,0.05,2,50,0.1,1.0,1.0,0.5,0.6
RawPixels,N,0.7254901960784313,0.7228260869565217,0.7244245524296676,12.59,0.7,0.05,2,50,0.1,1.0,1.0,0.5,0.7
RawPixels,N,0.6666666666666666,0.6661532537543319,0.666923373122834,12.48,0.7,0.05,2,50,0.1,1.0,1.0,0.5,0.8
RawPixels,N,0.6078431372549019,0.5952380952380952,0.5994397759103641,12.61,0.7,0.05,2,50,0.1,1.0,5.0,0.5,0.6
RawPixels,N,0.6666666666666666,0.6582577847851794,0.6614111154907372,12.54,0.7,0.05,2,50,0.1,1.0,5.0,0.5,0.7
RawPixels,N,0.6666666666666666,0.6619883040935672,0.664327485380117,12.57,0.7,0.05,2,50,0.1,1.0,5.0,0.5,0.8
RawPixels,N,0.6470588235294118,0.640282131661442,0.6431864281762862,12.13,0.7,0.05,2,50,0.3,0.1,1.0,0.5,0.6
RawPixels,N,0.7058823529411765,0.7040618955512572,0.7054272385936966,12.14,0.7,0.05,2,50,0.3,0.1,1.0,0.5,0.7
RawPixels,N,0.7058823529411765,0.7054293415479399,0.7061088586377948,12.25,0.7,0.05,2,50,0.3,0.1,1.0,0.5,0.8
RawPixels,N,0.6078431372549019,0.5952380952380952,0.5994397759103641,12.14,0.7,0.05,2,50,0.3,0.1,5.0,0.5,0.6
RawPixels,N,0.6470588235294118,0.640282131661442,0.6431864281762862,12.23,0.7,0.05,2,50,0.3,0.1,5.0,0.5,0.7
RawPixels,N,0.7058823529411765,0.7017543859649122,0.7038183694530443,12.36,0.7,0.05,2,50,0.3,0.1,5.0,0.5,0.8
RawPixels,N,0.6078431372549019,0.5952380952380952,0.5994397759103641,12.22,0.7,0.05,2,50,0.3,1.0,1.0,0.5,0.6
RawPixels,N,0.6666666666666666,0.6619883040935672,0.664327485380117,12.27,0.7,0.05,2,50,0.3,1.0,1.0,0.5,0.7
RawPixels,N,0.7254901960784313,0.724537037037037,0.7254901960784313,12.12,0.7,0.05,2,50,0.3,1.0,1.0,0.5,0.8
RawPixels,N,0.6078431372549019,0.5952380952380952,0.5994397759103641,12.32,0.7,0.05,2,50,0.3,1.0,5.0,0.5,0.6
RawPixels,N,0.6862745098039216,0.6802507836990596,0.6828323806011434,12.37,0.7,0.05,2,50,0.3,1.0,5.0,0.5,0.7
RawPixels,N,0.6666666666666666,0.6619883040935672,0.664327485380117,12.28,0.7,0.05,2,50,0.3,1.0,5.0,0.5,0.8
RawPixels,N,0.7058823529411765,0.7017543859649122,0.7038183694530443,24.32,0.7,0.05,2,100,0.1,0.1,1.0,0.5,0.6
RawPixels,N,0.6666666666666666,0.6646034816247582,0.6661508704061896,24.22,0.7,0.05,2,100,0.1,0.1,1.0,0.5,0.7
RawPixels,N,0.6470588235294118,0.6458333333333333,0.6470588235294118,24.48,0.7,0.05,2,100,0.1,0.1,1.0,0.5,0.8
RawPixels,N,0.7058823529411765,0.7017543859649122,0.7038183694530443,24.6,0.7,0.05,2,100,0.1,0.1,5.0,0.5,0.6
RawPixels,N,0.7058823529411765,0.7040618955512572,0.7054272385936966,24.42,0.7,0.05,2,100,0.1,0.1,5.0,0.5,0.7
RawPixels,N,0.6470588235294118,0.6458333333333333,0.6470588235294118,24.47,0.7,0.05,2,100,0.1,0.1,5.0,0.5,0.8
RawPixels,N,0.6862745098039216,0.6832298136645962,0.6850566313481914,24.74,0.7,0.05,2,100,0.1,1.0,1.0,0.5,0.6
RawPixels,N,0.7058823529411765,0.7054293415479399,0.7061088586377948,24.42,0.7,0.05,2,100,0.1,1.0,1.0,0.5,0.7
RawPixels,N,0.6666666666666666,0.6661532537543319,0.666923373122834,24.49,0.7,0.05,2,100,0.1,1.0,1.0,0.5,0.8
RawPixels,N,0.6666666666666666,0.6619883040935672,0.664327485380117,24.46,0.7,0.05,2,100,0.1,1.0,5.0,0.5,0.6
RawPixels,N,0.7254901960784313,0.724537037037037,0.7254901960784313,24.27,0.7,0.05,2,100,0.1,1.0,5.0,0.5,0.7
RawPixels,N,0.6666666666666666,0.6661532537543319,0.666923373122834,24.42,0.7,0.05,2,100,0.1,1.0,5.0,0.5,0.8
RawPixels,N,0.6862745098039216,0.6832298136645962,0.6850566313481914,22.96,0.7,0.05,2,100,0.3,0.1,1.0,0.5,0.6
RawPixels,N,0.6666666666666666,0.6646034816247582,0.6661508704061896,23.05,0.7,0.05,2,100,0.3,0.1,1.0,0.5,0.7
RawPixels,N,0.6862745098039216,0.6851851851851851,0.6862745098039216,23.15,0.7,0.05,2,100,0.3,0.1,1.0,0.5,0.8
RawPixels,N,0.6862745098039216,0.6832298136645962,0.6850566313481914,22.72,0.7,0.05,2,100,0.3,0.1,5.0,0.5,0.6
RawPixels,N,0.7450980392156863,0.7435203094777563,0.7447036067812038,22.88,0.7,0.05,2,100,0.3,0.1,5.0,0.5,0.7
RawPixels,N,0.7058823529411765,0.7054293415479399,0.7061088586377948,22.83,0.7,0.05,2,100,0.3,0.1,5.0,0.5,0.8
RawPixels,N,0.6862745098039216,0.6832298136645962,0.6850566313481914,23.06,0.7,0.05,2,100,0.3,1.0,1.0,0.5,0.6
RawPixels,N,0.7058823529411765,0.7054293415479399,0.7061088586377948,22.94,0.7,0.05,2,100,0.3,1.0,1.0,0.5,0.7
RawPixels,N,0.6666666666666666,0.6661532537543319,0.666923373122834,23.11,0.7,0.05,2,100,0.3,1.0,1.0,0.5,0.8
RawPixels,N,0.6862745098039216,0.6802507836990596,0.6828323806011434,22.99,0.7,0.05,2,100,0.3,1.0,5.0,0.5,0.6
RawPixels,N,0.7058823529411765,0.7040618955512572,0.7054272385936966,23.04,0.7,0.05,2,100,0.3,1.0,5.0,0.5,0.7
RawPixels,N,0.7058823529411765,0.7054293415479399,0.7061088586377948,23.19,0.7,0.05,2,100,0.3,1.0,5.0,0.5,0.8
RawPixels,N,0.7058823529411765,0.7040618955512572,0.7054272385936966,43.9,0.7,0.05,2,150,0.1,0.1,1.0,0.5,0.6
RawPixels,N,0.6862745098039216,0.6832298136645962,0.6850566313481914,43.65,0.7,0.05,2,150,0.1,0.1,1.0,0.5,0.7
RawPixels,N,0.6666666666666666,0.6646034816247582,0.6661508704061896,44.2,0.7,0.05,2,150,0.1,0.1,1.0,0.5,0.8
RawPixels,N,0.7058823529411765,0.7040618955512572,0.7054272385936966,43.4,0.7,0.05,2,150,0.1,0.1,5.0,0.5,0.6
RawPixels,N,0.7058823529411765,0.7040618955512572,0.7054272385936966,42.72,0.7,0.05,2,150,0.1,0.1,5.0,0.5,0.7
RawPixels,N,0.6666666666666666,0.6661532537543319,0.666923373122834,43.2,0.7,0.05,2,150,0.1,0.1,5.0,0.5,0.8
RawPixels,N,0.6862745098039216,0.6832298136645962,0.6850566313481914,43.34,0.7,0.05,2,150,0.1,1.0,1.0,0.5,0.6
RawPixels,N,0.7058823529411765,0.7040618955512572,0.7054272385936966,43.44,0.7,0.05,2,150,0.1,1.0,1.0,0.5,0.7
RawPixels,N,0.6862745098039216,0.6851851851851851,0.6862745098039216,43.19,0.7,0.05,2,150,0.1,1.0,1.0,0.5,0.8
RawPixels,N,0.7058823529411765,0.7017543859649122,0.7038183694530443,43.44,0.7,0.05,2,150,0.1,1.0,5.0,0.5,0.6
RawPixels,N,0.7058823529411765,0.7054293415479399,0.7061088586377948,43.71,0.7,0.05,2,150,0.1,1.0,5.0,0.5,0.7
RawPixels,N,0.6666666666666666,0.6661532537543319,0.666923373122834,44.01,0.7,0.05,2,150,0.1,1.0,5.0,0.5,0.8
RawPixels,N,0.7058823529411765,0.7040618955512572,0.7054272385936966,40.17,0.7,0.05,2,150,0.3,0.1,1.0,0.5,0.6
RawPixels,N,0.7058823529411765,0.7017543859649122,0.7038183694530443,40.33,0.7,0.05,2,150,0.3,0.1,1.0,0.5,0.7
RawPixels,N,0.6862745098039216,0.6851851851851851,0.6862745098039216,40.07,0.7,0.05,2,150,0.3,0.1,1.0,0.5,0.8
RawPixels,N,0.7058823529411765,0.7040618955512572,0.7054272385936966,40.27,0.7,0.05,2,150,0.3,0.1,5.0,0.5,0.6
RawPixels,N,0.7254901960784313,0.724537037037037,0.7254901960784313,39.48,0.7,0.05,2,150,0.3,0.1,5.0,0.5,0.7
RawPixels,N,0.6862745098039216,0.6861538461538461,0.6865158371040724,39.76,0.7,0.05,2,150,0.3,0.1,5.0,0.5,0.8
RawPixels,N,0.7058823529411765,0.7040618955512572,0.7054272385936966,39.65,0.7,0.05,2,150,0.3,1.0,1.0,0.5,0.6
RawPixels,N,0.7254901960784313,0.7228260869565217,0.7244245524296676,39.42,0.7,0.05,2,150,0.3,1.0,1.0,0.5,0.7
RawPixels,N,0.7058823529411765,0.7054293415479399,0.7061088586377948,40.08,0.7,0.05,2,150,0.3,1.0,1.0,0.5,0.8
RawPixels,N,0.7058823529411765,0.7017543859649122,0.7038183694530443,39.75,0.7,0.05,2,150,0.3,1.0,5.0,0.5,0.6
RawPixels,N,0.6862745098039216,0.6832298136645962,0.6850566313481914,40.0,0.7,0.05,2,150,0.3,1.0,5.0,0.5,0.7
RawPixels,N,0.7058823529411765,0.7054293415479399,0.7061088586377948,40.64,0.7,0.05,2,150,0.3,1.0,5.0,0.5,0.8
RawPixels,N,0.6274509803921569,0.6222222222222222,0.6248366013071895,12.68,0.7,0.05,3,50,0.1,0.1,1.0,0.5,0.6
RawPixels,N,0.7058823529411765,0.7017543859649122,0.7038183694530443,12.86,0.7,0.05,3,50,0.1,0.1,1.0,0.5,0.7
RawPixels,N,0.6666666666666666,0.6661532537543319,0.666923373122834,12.97,0.7,0.05,3,50,0.1,0.1,1.0,0.5,0.8
RawPixels,N,0.6274509803921569,0.6180528182893181,0.6215771290778827,12.8,0.7,0.05,3,50,0.1,0.1,5.0,0.5,0.6
RawPixels,N,0.6862745098039216,0.6802507836990596,0.6828323806011434,12.86,0.7,0.05,3,50,0.1,0.1,5.0,0.5,0.7
RawPixels,N,0.6666666666666666,0.6619883040935672,0.664327485380117,12.81,0.7,0.05,3,50,0.1,0.1,5.0,0.5,0.8
RawPixels,N,0.6274509803921569,0.6180528182893181,0.6215771290778827,12.71,0.7,0.05,3,50,0.1,1.0,1.0,0.5,0.6
RawPixels,N,0.7254901960784313,0.7228260869565217,0.7244245524296676,12.85,0.7,0.05,3,50,0.1,1.0,1.0,0.5,0.7
RawPixels,N,0.6666666666666666,0.6661532537543319,0.666923373122834,12.79,0.7,0.05,3,50,0.1,1.0,1.0,0.5,0.8
RawPixels,N,0.6078431372549019,0.5952380952380952,0.5994397759103641,12.88,0.7,0.05,3,50,0.1,1.0,5.0,0.5,0.6
RawPixels,N,0.6666666666666666,0.6582577847851794,0.6614111154907372,12.88,0.7,0.05,3,50,0.1,1.0,5.0,0.5,0.7
RawPixels,N,0.6666666666666666,0.6619883040935672,0.664327485380117,12.97,0.7,0.05,3,50,0.1,1.0,5.0,0.5,0.8
RawPixels,N,0.6470588235294118,0.640282131661442,0.6431864281762862,12.45,0.7,0.05,3,50,0.3,0.1,1.0,0.5,0.6
RawPixels,N,0.7058823529411765,0.7040618955512572,0.7054272385936966,12.48,0.7,0.05,3,50,0.3,0.1,1.0,0.5,0.7
RawPixels,N,0.7058823529411765,0.7054293415479399,0.7061088586377948,12.48,0.7,0.05,3,50,0.3,0.1,1.0,0.5,0.8
RawPixels,N,0.6078431372549019,0.5952380952380952,0.5994397759103641,12.48,0.7,0.05,3,50,0.3,0.1,5.0,0.5,0.6
RawPixels,N,0.6470588235294118,0.640282131661442,0.6431864281762862,12.53,0.7,0.05,3,50,0.3,0.1,5.0,0.5,0.7
RawPixels,N,0.7058823529411765,0.7017543859649122,0.7038183694530443,12.67,0.7,0.05,3,50,0.3,0.1,5.0,0.5,0.8
RawPixels,N,0.6078431372549019,0.5952380952380952,0.5994397759103641,12.16,0.7,0.05,3,50,0.3,1.0,1.0,0.5,0.6
RawPixels,N,0.6666666666666666,0.6619883040935672,0.664327485380117,12.22,0.7,0.05,3,50,0.3,1.0,1.0,0.5,0.7
RawPixels,N,0.7254901960784313,0.724537037037037,0.7254901960784313,12.29,0.7,0.05,3,50,0.3,1.0,1.0,0.5,0.8
RawPixels,N,0.6078431372549019,0.5952380952380952,0.5994397759103641,12.38,0.7,0.05,3,50,0.3,1.0,5.0,0.5,0.6
RawPixels,N,0.6862745098039216,0.6802507836990596,0.6828323806011434,12.2,0.7,0.05,3,50,0.3,1.0,5.0,0.5,0.7
RawPixels,N,0.6666666666666666,0.6619883040935672,0.664327485380117,12.38,0.7,0.05,3,50,0.3,1.0,5.0,0.5,0.8
RawPixels,N,0.7058823529411765,0.7017543859649122,0.7038183694530443,24.44,0.7,0.05,3,100,0.1,0.1,1.0,0.5,0.6
RawPixels,N,0.6666666666666666,0.6646034816247582,0.6661508704061896,24.41,0.7,0.05,3,100,0.1,0.1,1.0,0.5,0.7
RawPixels,N,0.6470588235294118,0.6458333333333333,0.6470588235294118,24.66,0.7,0.05,3,100,0.1,0.1,1.0,0.5,0.8
RawPixels,N,0.7058823529411765,0.7017543859649122,0.7038183694530443,24.54,0.7,0.05,3,100,0.1,0.1,5.0,0.5,0.6
RawPixels,N,0.7058823529411765,0.7040618955512572,0.7054272385936966,24.07,0.7,0.05,3,100,0.1,0.1,5.0,0.5,0.7
RawPixels,N,0.6470588235294118,0.6458333333333333,0.6470588235294118,24.76,0.7,0.05,3,100,0.1,0.1,5.0,0.5,0.8
RawPixels,N,0.6862745098039216,0.6832298136645962,0.6850566313481914,24.65,0.7,0.05,3,100,0.1,1.0,1.0,0.5,0.6
RawPixels,N,0.7058823529411765,0.7054293415479399,0.7061088586377948,24.65,0.7,0.05,3,100,0.1,1.0,1.0,0.5,0.7
RawPixels,N,0.6666666666666666,0.6661532537543319,0.666923373122834,24.87,0.7,0.05,3,100,0.1,1.0,1.0,0.5,0.8
RawPixels,N,0.6666666666666666,0.6619883040935672,0.664327485380117,24.51,0.7,0.05,3,100,0.1,1.0,5.0,0.5,0.6
RawPixels,N,0.7254901960784313,0.724537037037037,0.7254901960784313,24.59,0.7,0.05,3,100,0.1,1.0,5.0,0.5,0.7
RawPixels,N,0.6666666666666666,0.6661532537543319,0.666923373122834,25.17,0.7,0.05,3,100,0.1,1.0,5.0,0.5,0.8
RawPixels,N,0.6862745098039216,0.6832298136645962,0.6850566313481914,23.44,0.7,0.05,3,100,0.3,0.1,1.0,0.5,0.6
RawPixels,N,0.6666666666666666,0.6646034816247582,0.6661508704061896,23.22,0.7,0.05,3,100,0.3,0.1,1.0,0.5,0.7
RawPixels,N,0.6862745098039216,0.6851851851851851,0.6862745098039216,23.15,0.7,0.05,3,100,0.3,0.1,1.0,0.5,0.8
RawPixels,N,0.6862745098039216,0.6832298136645962,0.6850566313481914,22.86,0.7,0.05,3,100,0.3,0.1,5.0,0.5,0.6
RawPixels,N,0.7450980392156863,0.7435203094777563,0.7447036067812038,23.0,0.7,0.05,3,100,0.3,0.1,5.0,0.5,0.7
RawPixels,N,0.7058823529411765,0.7054293415479399,0.7061088586377948,23.11,0.7,0.05,3,100,0.3,0.1,5.0,0.5,0.8
RawPixels,N,0.6862745098039216,0.6832298136645962,0.6850566313481914,22.83,0.7,0.05,3,100,0.3,1.0,1.0,0.5,0.6
RawPixels,N,0.7058823529411765,0.7054293415479399,0.7061088586377948,23.21,0.7,0.05,3,100,0.3,1.0,1.0,0.5,0.7
RawPixels,N,0.6666666666666666,0.6661532537543319,0.666923373122834,22.92,0.7,0.05,3,100,0.3,1.0,1.0,0.5,0.8
RawPixels,N,0.6862745098039216,0.6802507836990596,0.6828323806011434,22.97,0.7,0.05,3,100,0.3,1.0,5.0,0.5,0.6
RawPixels,N,0.7058823529411765,0.7040618955512572,0.7054272385936966,22.85,0.7,0.05,3,100,0.3,1.0,5.0,0.5,0.7
RawPixels,N,0.7058823529411765,0.7054293415479399,0.7061088586377948,23.34,0.7,0.05,3,100,0.3,1.0,5.0,0.5,0.8
RawPixels,N,0.7058823529411765,0.7040618955512572,0.7054272385936966,43.77,0.7,0.05,3,150,0.1,0.1,1.0,0.5,0.6
RawPixels,N,0.6862745098039216,0.6832298136645962,0.6850566313481914,44.16,0.7,0.05,3,150,0.1,0.1,1.0,0.5,0.7
RawPixels,N,0.6666666666666666,0.6646034816247582,0.6661508704061896,43.77,0.7,0.05,3,150,0.1,0.1,1.0,0.5,0.8
RawPixels,N,0.7058823529411765,0.7040618955512572,0.7054272385936966,43.41,0.7,0.05,3,150,0.1,0.1,5.0,0.5,0.6
RawPixels,N,0.7058823529411765,0.7040618955512572,0.7054272385936966,44.21,0.7,0.05,3,150,0.1,0.1,5.0,0.5,0.7
RawPixels,N,0.6666666666666666,0.6661532537543319,0.666923373122834,44.46,0.7,0.05,3,150,0.1,0.1,5.0,0.5,0.8
RawPixels,N,0.6862745098039216,0.6832298136645962,0.6850566313481914,44.02,0.7,0.05,3,150,0.1,1.0,1.0,0.5,0.6
RawPixels,N,0.7058823529411765,0.7040618955512572,0.7054272385936966,44.3,0.7,0.05,3,150,0.1,1.0,1.0,0.5,0.7
RawPixels,N,0.6862745098039216,0.6851851851851851,0.6862745098039216,44.38,0.7,0.05,3,150,0.1,1.0,1.0,0.5,0.8
RawPixels,N,0.7058823529411765,0.7017543859649122,0.7038183694530443,44.15,0.7,0.05,3,150,0.1,1.0,5.0,0.5,0.6
RawPixels,N,0.7058823529411765,0.7054293415479399,0.7061088586377948,44.14,0.7,0.05,3,150,0.1,1.0,5.0,0.5,0.7
RawPixels,N,0.6666666666666666,0.6661532537543319,0.666923373122834,44.19,0.7,0.05,3,150,0.1,1.0,5.0,0.5,0.8
RawPixels,N,0.7058823529411765,0.7040618955512572,0.7054272385936966,40.58,0.7,0.05,3,150,0.3,0.1,1.0,0.5,0.6
RawPixels,N,0.7058823529411765,0.7017543859649122,0.7038183694530443,40.89,0.7,0.05,3,150,0.3,0.1,1.0,0.5,0.7
RawPixels,N,0.6862745098039216,0.6851851851851851,0.6862745098039216,41.28,0.7,0.05,3,150,0.3,0.1,1.0,0.5,0.8
RawPixels,N,0.7058823529411765,0.7040618955512572,0.7054272385936966,40.32,0.7,0.05,3,150,0.3,0.1,5.0,0.5,0.6
RawPixels,N,0.7254901960784313,0.724537037037037,0.7254901960784313,40.67,0.7,0.05,3,150,0.3,0.1,5.0,0.5,0.7
RawPixels,N,0.6862745098039216,0.6861538461538461,0.6865158371040724,40.8,0.7,0.05,3,150,0.3,0.1,5.0,0.5,0.8
RawPixels,N,0.7058823529411765,0.7040618955512572,0.7054272385936966,40.71,0.7,0.05,3,150,0.3,1.0,1.0,0.5,0.6
RawPixels,N,0.7254901960784313,0.7228260869565217,0.7244245524296676,40.84,0.7,0.05,3,150,0.3,1.0,1.0,0.5,0.7
RawPixels,N,0.7058823529411765,0.7054293415479399,0.7061088586377948,40.66,0.7,0.05,3,150,0.3,1.0,1.0,0.5,0.8
RawPixels,N,0.7058823529411765,0.7017543859649122,0.7038183694530443,40.53,0.7,0.05,3,150,0.3,1.0,5.0,0.5,0.6
RawPixels,N,0.6862745098039216,0.6832298136645962,0.6850566313481914,40.49,0.7,0.05,3,150,0.3,1.0,5.0,0.5,0.7
RawPixels,N,0.7058823529411765,0.7054293415479399,0.7061088586377948,41.05,0.7,0.05,3,150,0.3,1.0,5.0,0.5,0.8
RawPixels,N,0.6274509803921569,0.6222222222222222,0.6248366013071895,12.82,0.7,0.05,4,50,0.1,0.1,1.0,0.5,0.6
RawPixels,N,0.7058823529411765,0.7017543859649122,0.7038183694530443,12.78,0.7,0.05,4,50,0.1,0.1,1.0,0.5,0.7
RawPixels,N,0.6666666666666666,0.6661532537543319,0.666923373122834,12.88,0.7,0.05,4,50,0.1,0.1,1.0,0.5,0.8
RawPixels,N,0.6274509803921569,0.6180528182893181,0.6215771290778827,12.68,0.7,0.05,4,50,0.1,0.1,5.0,0.5,0.6
RawPixels,N,0.6862745098039216,0.6802507836990596,0.6828323806011434,12.83,0.7,0.05,4,50,0.1,0.1,5.0,0.5,0.7
RawPixels,N,0.6666666666666666,0.6619883040935672,0.664327485380117,12.88,0.7,0.05,4,50,0.1,0.1,5.0,0.5,0.8
RawPixels,N,0.6274509803921569,0.6180528182893181,0.6215771290778827,12.97,0.7,0.05,4,50,0.1,1.0,1.0,0.5,0.6
RawPixels,N,0.7254901960784313,0.7228260869565217,0.7244245524296676,12.82,0.7,0.05,4,50,0.1,1.0,1.0,0.5,0.7
RawPixels,N,0.6666666666666666,0.6661532537543319,0.666923373122834,12.78,0.7,0.05,4,50,0.1,1.0,1.0,0.5,0.8
RawPixels,N,0.6078431372549019,0.5952380952380952,0.5994397759103641,12.5,0.7,0.05,4,50,0.1,1.0,5.0,0.5,0.6
RawPixels,N,0.6666666666666666,0.6582577847851794,0.6614111154907372,12.5,0.7,0.05,4,50,0.1,1.0,5.0,0.5,0.7
RawPixels,N,0.6666666666666666,0.6619883040935672,0.664327485380117,12.82,0.7,0.05,4,50,0.1,1.0,5.0,0.5,0.8
RawPixels,N,0.6470588235294118,0.640282131661442,0.6431864281762862,12.25,0.7,0.05,4,50,0.3,0.1,1.0,0.5,0.6
RawPixels,N,0.7058823529411765,0.7040618955512572,0.7054272385936966,12.31,0.7,0.05,4,50,0.3,0.1,1.0,0.5,0.7
RawPixels,N,0.7058823529411765,0.7054293415479399,0.7061088586377948,12.32,0.7,0.05,4,50,0.3,0.1,1.0,0.5,0.8
RawPixels,N,0.6078431372549019,0.5952380952380952,0.5994397759103641,12.4,0.7,0.05,4,50,0.3,0.1,5.0,0.5,0.6
RawPixels,N,0.6470588235294118,0.640282131661442,0.6431864281762862,12.25,0.7,0.05,4,50,0.3,0.1,5.0,0.5,0.7
RawPixels,N,0.7058823529411765,0.7017543859649122,0.7038183694530443,12.22,0.7,0.05,4,50,0.3,0.1,5.0,0.5,0.8
RawPixels,N,0.6078431372549019,0.5952380952380952,0.5994397759103641,12.11,0.7,0.05,4,50,0.3,1.0,1.0,0.5,0.6
RawPixels,N,0.6666666666666666,0.6619883040935672,0.664327485380117,12.44,0.7,0.05,4,50,0.3,1.0,1.0,0.5,0.7
RawPixels,N,0.7254901960784313,0.724537037037037,0.7254901960784313,12.32,0.7,0.05,4,50,0.3,1.0,1.0,0.5,0.8
RawPixels,N,0.6078431372549019,0.5952380952380952,0.5994397759103641,12.23,0.7,0.05,4,50,0.3,1.0,5.0,0.5,0.6
RawPixels,N,0.6862745098039216,0.6802507836990596,0.6828323806011434,12.41,0.7,0.05,4,50,0.3,1.0,5.0,0.5,0.7
RawPixels,N,0.6666666666666666,0.6619883040935672,0.664327485380117,12.35,0.7,0.05,4,50,0.3,1.0,5.0,0.5,0.8
RawPixels,N,0.7058823529411765,0.7017543859649122,0.7038183694530443,24.4,0.7,0.05,4,100,0.1,0.1,1.0,0.5,0.6
RawPixels,N,0.6666666666666666,0.6646034816247582,0.6661508704061896,25.06,0.7,0.05,4,100,0.1,0.1,1.0,0.5,0.7
RawPixels,N,0.6470588235294118,0.6458333333333333,0.6470588235294118,24.56,0.7,0.05,4,100,0.1,0.1,1.0,0.5,0.8
RawPixels,N,0.7058823529411765,0.7017543859649122,0.7038183694530443,24.45,0.7,0.05,4,100,0.1,0.1,5.0,0.5,0.6
RawPixels,N,0.7058823529411765,0.7040618955512572,0.7054272385936966,24.23,0.7,0.05,4,100,0.1,0.1,5.0,0.5,0.7
RawPixels,N,0.6470588235294118,0.6458333333333333,0.6470588235294118,24.51,0.7,0.05,4,100,0.1,0.1,5.0,0.5,0.8
RawPixels,N,0.6862745098039216,0.6832298136645962,0.6850566313481914,24.36,0.7,0.05,4,100,0.1,1.0,1.0,0.5,0.6
RawPixels,N,0.7058823529411765,0.7054293415479399,0.7061088586377948,24.25,0.7,0.05,4,100,0.1,1.0,1.0,0.5,0.7
RawPixels,N,0.6666666666666666,0.6661532537543319,0.666923373122834,24.62,0.7,0.05,4,100,0.1,1.0,1.0,0.5,0.8
RawPixels,N,0.6666666666666666,0.6619883040935672,0.664327485380117,24.34,0.7,0.05,4,100,0.1,1.0,5.0,0.5,0.6
RawPixels,N,0.7254901960784313,0.724537037037037,0.7254901960784313,24.73,0.7,0.05,4,100,0.1,1.0,5.0,0.5,0.7
RawPixels,N,0.6666666666666666,0.6661532537543319,0.666923373122834,24.63,0.7,0.05,4,100,0.1,1.0,5.0,0.5,0.8
RawPixels,N,0.6862745098039216,0.6832298136645962,0.6850566313481914,22.9,0.7,0.05,4,100,0.3,0.1,1.0,0.5,0.6
RawPixels,N,0.6666666666666666,0.6646034816247582,0.6661508704061896,23.09,0.7,0.05,4,100,0.3,0.1,1.0,0.5,0.7
RawPixels,N,0.6862745098039216,0.6851851851851851,0.6862745098039216,23.1,0.7,0.05,4,100,0.3,0.1,1.0,0.5,0.8
RawPixels,N,0.6862745098039216,0.6832298136645962,0.6850566313481914,23.0,0.7,0.05,4,100,0.3,0.1,5.0,0.5,0.6
RawPixels,N,0.7450980392156863,0.7435203094777563,0.7447036067812038,23.19,0.7,0.05,4,100,0.3,0.1,5.0,0.5,0.7
RawPixels,N,0.7058823529411765,0.7054293415479399,0.7061088586377948,23.11,0.7,0.05,4,100,0.3,0.1,5.0,0.5,0.8
RawPixels,N,0.6862745098039216,0.6832298136645962,0.6850566313481914,22.71,0.7,0.05,4,100,0.3,1.0,1.0,0.5,0.6
RawPixels,N,0.7058823529411765,0.7054293415479399,0.7061088586377948,22.95,0.7,0.05,4,100,0.3,1.0,1.0,0.5,0.7
RawPixels,N,0.6666666666666666,0.6661532537543319,0.666923373122834,23.02,0.7,0.05,4,100,0.3,1.0,1.0,0.5,0.8
RawPixels,N,0.6862745098039216,0.6802507836990596,0.6828323806011434,22.73,0.7,0.05,4,100,0.3,1.0,5.0,0.5,0.6
RawPixels,N,0.7058823529411765,0.7040618955512572,0.7054272385936966,23.06,0.7,0.05,4,100,0.3,1.0,5.0,0.5,0.7
RawPixels,N,0.7058823529411765,0.7054293415479399,0.7061088586377948,23.25,0.7,0.05,4,100,0.3,1.0,5.0,0.5,0.8
RawPixels,N,0.7058823529411765,0.7040618955512572,0.7054272385936966,43.54,0.7,0.05,4,150,0.1,0.1,1.0,0.5,0.6
RawPixels,N,0.6862745098039216,0.6832298136645962,0.6850566313481914,44.16,0.7,0.05,4,150,0.1,0.1,1.0,0.5,0.7
RawPixels,N,0.6666666666666666,0.6646034816247582,0.6661508704061896,44.24,0.7,0.05,4,150,0.1,0.1,1.0,0.5,0.8
RawPixels,N,0.7058823529411765,0.7040618955512572,0.7054272385936966,43.81,0.7,0.05,4,150,0.1,0.1,5.0,0.5,0.6
RawPixels,N,0.7058823529411765,0.7040618955512572,0.7054272385936966,43.83,0.7,0.05,4,150,0.1,0.1,5.0,0.5,0.7
RawPixels,N,0.6666666666666666,0.6661532537543319,0.666923373122834,43.93,0.7,0.05,4,150,0.1,0.1,5.0,0.5,0.8
RawPixels,N,0.6862745098039216,0.6832298136645962,0.6850566313481914,43.9,0.7,0.05,4,150,0.1,1.0,1.0,0.5,0.6
RawPixels,N,0.7058823529411765,0.7040618955512572,0.7054272385936966,43.84,0.7,0.05,4,150,0.1,1.0,1.0,0.5,0.7
RawPixels,N,0.6862745098039216,0.6851851851851851,0.6862745098039216,44.22,0.7,0.05,4,150,0.1,1.0,1.0,0.5,0.8
RawPixels,N,0.7058823529411765,0.7017543859649122,0.7038183694530443,43.77,0.7,0.05,4,150,0.1,1.0,5.0,0.5,0.6
RawPixels,N,0.7058823529411765,0.7054293415479399,0.7061088586377948,44.37,0.7,0.05,4,150,0.1,1.0,5.0,0.5,0.7
RawPixels,N,0.6666666666666666,0.6661532537543319,0.666923373122834,44.58,0.7,0.05,4,150,0.1,1.0,5.0,0.5,0.8
RawPixels,N,0.7058823529411765,0.7040618955512572,0.7054272385936966,40.44,0.7,0.05,4,150,0.3,0.1,1.0,0.5,0.6
RawPixels,N,0.7058823529411765,0.7017543859649122,0.7038183694530443,40.23,0.7,0.05,4,150,0.3,0.1,1.0,0.5,0.7
RawPixels,N,0.6862745098039216,0.6851851851851851,0.6862745098039216,40.86,0.7,0.05,4,150,0.3,0.1,1.0,0.5,0.8
RawPixels,N,0.7058823529411765,0.7040618955512572,0.7054272385936966,40.19,0.7,0.05,4,150,0.3,0.1,5.0,0.5,0.6
RawPixels,N,0.7254901960784313,0.724537037037037,0.7254901960784313,40.28,0.7,0.05,4,150,0.3,0.1,5.0,0.5,0.7
RawPixels,N,0.6862745098039216,0.6861538461538461,0.6865158371040724,40.76,0.7,0.05,4,150,0.3,0.1,5.0,0.5,0.8
RawPixels,N,0.7058823529411765,0.7040618955512572,0.7054272385936966,40.34,0.7,0.05,4,150,0.3,1.0,1.0,0.5,0.6
RawPixels,N,0.7254901960784313,0.7228260869565217,0.7244245524296676,40.64,0.7,0.05,4,150,0.3,1.0,1.0,0.5,0.7
RawPixels,N,0.7058823529411765,0.7054293415479399,0.7061088586377948,40.83,0.7,0.05,4,150,0.3,1.0,1.0,0.5,0.8
RawPixels,N,0.7058823529411765,0.7017543859649122,0.7038183694530443,40.46,0.7,0.05,4,150,0.3,1.0,5.0,0.5,0.6
RawPixels,N,0.6862745098039216,0.6832298136645962,0.6850566313481914,40.54,0.7,0.05,4,150,0.3,1.0,5.0,0.5,0.7
RawPixels,N,0.7058823529411765,0.7054293415479399,0.7061088586377948,40.85,0.7,0.05,4,150,0.3,1.0,5.0,0.5,0.8
RawPixels,N,0.6666666666666666,0.6646034816247582,0.6661508704061896,12.3,0.7,0.1,2,50,0.1,0.1,1.0,0.5,0.6
RawPixels,N,0.7058823529411765,0.7040618955512572,0.7054272385936966,12.5,0.7,0.1,2,50,0.1,0.1,1.0,0.5,0.7
RawPixels,N,0.7058823529411765,0.7054293415479399,0.7061088586377948,12.6,0.7,0.1,2,50,0.1,0.1,1.0,0.5,0.8
RawPixels,N,0.6274509803921569,0.6222222222222222,0.6248366013071895,12.46,0.7,0.1,2,50,0.1,0.1,5.0,0.5,0.6
RawPixels,N,0.7254901960784313,0.7228260869565217,0.7244245524296676,12.32,0.7,0.1,2,50,0.1,0.1,5.0,0.5,0.7
RawPixels,N,0.6862745098039216,0.6851851851851851,0.6862745098039216,12.33,0.7,0.1,2,50,0.1,0.1,5.0,0.5,0.8
RawPixels,N,0.6470588235294118,0.6436335403726708,0.6456887102667155,12.6,0.7,0.1,2,50,0.1,1.0,1.0,0.5,0.6
RawPixels,N,0.6862745098039216,0.6851851851851851,0.6862745098039216,12.58,0.7,0.1,2,50,0.1,1.0,1.0,0.5,0.7
RawPixels,N,0.6862745098039216,0.6861538461538461,0.6865158371040724,12.36,0.7,0.1,2,50,0.1,1.0,1.0,0.5,0.8
RawPixels,N,0.6274509803921569,0.6222222222222222,0.6248366013071895,12.35,0.7,0.1,2,50,0.1,1.0,5.0,0.5,0.6
RawPixels,N,0.6862745098039216,0.6832298136645962,0.6850566313481914,12.51,0.7,0.1,2,50,0.1,1.0,5.0,0.5,0.7
RawPixels,N,0.6862745098039216,0.6861538461538461,0.6865158371040724,12.53,0.7,0.1,2,50,0.1,1.0,5.0,0.5,0.8
RawPixels,N,0.6470588235294118,0.6436335403726708,0.6456887102667155,12.17,0.7,0.1,2,50,0.3,0.1,1.0,0.5,0.6
RawPixels,N,0.7058823529411765,0.7040618955512572,0.7054272385936966,12.24,0.7,0.1,2,50,0.3,0.1,1.0,0.5,0.7
RawPixels,N,0.7058823529411765,0.7054293415479399,0.7061088586377948,12.23,0.7,0.1,2,50,0.3,0.1,1.0,0.5,0.8
RawPixels,N,0.6666666666666666,0.6619883040935672,0.664327485380117,12.27,0.7,0.1,2,50,0.3,0.1,5.0,0.5,0.6
RawPixels,N,0.6862745098039216,0.6832298136645962,0.6850566313481914,12.26,0.7,0.1,2,50,0.3,0.1,5.0,0.5,0.7
RawPixels,N,0.6862745098039216,0.6851851851851851,0.6862745098039216,11.97,0.7,0.1,2,50,0.3,0.1,5.0,0.5,0.8
RawPixels,N,0.6666666666666666,0.6646034816247582,0.6661508704061896,12.13,0.7,0.1,2,50,0.3,1.0,1.0,0.5,0.6
RawPixels,N,0.7058823529411765,0.7040618955512572,0.7054272385936966,12.32,0.7,0.1,2,50,0.3,1.0,1.0,0.5,0.7
RawPixels,N,0.7058823529411765,0.7054293415479399,0.7061088586377948,12.18,0.7,0.1,2,50,0.3,1.0,1.0,0.5,0.8
RawPixels,N,0.6274509803921569,0.6180528182893181,0.6215771290778827,12.21,0.7,0.1,2,50,0.3,1.0,5.0,0.5,0.6
RawPixels,N,0.7058823529411765,0.7040618955512572,0.7054272385936966,12.16,0.7,0.1,2,50,0.3,1.0,5.0,0.5,0.7
RawPixels,N,0.6862745098039216,0.6851851851851851,0.6862745098039216,12.26,0.7,0.1,2,50,0.3,1.0,5.0,0.5,0.8
RawPixels,N,0.6666666666666666,0.6646034816247582,0.6661508704061896,23.95,0.7,0.1,2,100,0.1,0.1,1.0,0.5,0.6
RawPixels,N,0.6862745098039216,0.6851851851851851,0.6862745098039216,24.58,0.7,0.1,2,100,0.1,0.1,1.0,0.5,0.7
RawPixels,N,0.6666666666666666,0.6661532537543319,0.666923373122834,24.44,0.7,0.1,2,100,0.1,0.1,1.0,0.5,0.8
RawPixels,N,0.6862745098039216,0.6832298136645962,0.6850566313481914,24.15,0.7,0.1,2,100,0.1,0.1,5.0,0.5,0.6
RawPixels,N,0.6862745098039216,0.6832298136645962,0.6850566313481914,24.36,0.7,0.1,2,100,0.1,0.1,5.0,0.5,0.7
RawPixels,N,0.6666666666666666,0.6646034816247582,0.6661508704061896,24.58,0.7,0.1,2,100,0.1,0.1,5.0,0.5,0.8
RawPixels,N,0.6862745098039216,0.6832298136645962,0.6850566313481914,24.39,0.7,0.1,2,100,0.1,1.0,1.0,0.5,0.6
RawPixels,N,0.6666666666666666,0.6646034816247582,0.6661508704061896,24.37,0.7,0.1,2,100,0.1,1.0,1.0,0.5,0.7
RawPixels,N,0.6862745098039216,0.6851851851851851,0.6862745098039216,24.36,0.7,0.1,2,100,0.1,1.0,1.0,0.5,0.8
RawPixels,N,0.6862745098039216,0.6832298136645962,0.6850566313481914,24.22,0.7,0.1,2,100,0.1,1.0,5.0,0.5,0.6
RawPixels,N,0.6862745098039216,0.6851851851851851,0.6862745098039216,24.32,0.7,0.1,2,100,0.1,1.0,5.0,0.5,0.7
RawPixels,N,0.6470588235294118,0.6458333333333333,0.6470588235294118,24.44,0.7,0.1,2,100,0.1,1.0,5.0,0.5,0.8
RawPixels,N,0.6666666666666666,0.6646034816247582,0.6661508704061896,22.82,0.7,0.1,2,100,0.3,0.1,1.0,0.5,0.6
RawPixels,N,0.6470588235294118,0.6458333333333333,0.6470588235294118,22.96,0.7,0.1,2,100,0.3,0.1,1.0,0.5,0.7
RawPixels,N,0.6862745098039216,0.6851851851851851,0.6862745098039216,22.79,0.7,0.1,2,100,0.3,0.1,1.0,0.5,0.8
RawPixels,N,0.6862745098039216,0.6832298136645962,0.6850566313481914,23.02,0.7,0.1,2,100,0.3,0.1,5.0,0.5,0.6
RawPixels,N,0.6862745098039216,0.6832298136645962,0.6850566313481914,23.14,0.7,0.1,2,100,0.3,0.1,5.0,0.5,0.7
RawPixels,N,0.6862745098039216,0.6832298136645962,0.6850566313481914,23.04,0.7,0.1,2,100,0.3,0.1,5.0,0.5,0.8
RawPixels,N,0.6862745098039216,0.6832298136645962,0.6850566313481914,22.92,0.7,0.1,2,100,0.3,1.0,1.0,0.5,0.6
RawPixels,N,0.6666666666666666,0.6646034816247582,0.6661508704061896,22.85,0.7,0.1,2,100,0.3,1.0,1.0,0.5,0.7
RawPixels,N,0.7058823529411765,0.7040618955512572,0.7054272385936966,22.92,0.7,0.1,2,100,0.3,1.0,1.0,0.5,0.8
RawPixels,N,0.6862745098039216,0.6832298136645962,0.6850566313481914,22.88,0.7,0.1,2,100,0.3,1.0,5.0,0.5,0.6
RawPixels,N,0.6862745098039216,0.6851851851851851,0.6862745098039216,22.87,0.7,0.1,2,100,0.3,1.0,5.0,0.5,0.7
RawPixels,N,0.6666666666666666,0.6646034816247582,0.6661508704061896,23.18,0.7,0.1,2,100,0.3,1.0,5.0,0.5,0.8
RawPixels,N,0.6862745098039216,0.6832298136645962,0.6850566313481914,43.31,0.7,0.1,2,150,0.1,0.1,1.0,0.5,0.6
RawPixels,N,0.6666666666666666,0.6661532537543319,0.666923373122834,43.56,0.7,0.1,2,150,0.1,0.1,1.0,0.5,0.7
RawPixels,N,0.6274509803921569,0.6274509803921569,0.6274509803921569,44.25,0.7,0.1,2,150,0.1,0.1,1.0,0.5,0.8
RawPixels,N,0.6862745098039216,0.6832298136645962,0.6850566313481914,43.67,0.7,0.1,2,150,0.1,0.1,5.0,0.5,0.6
RawPixels,N,0.6862745098039216,0.6832298136645962,0.6850566313481914,43.97,0.7,0.1,2,150,0.1,0.1,5.0,0.5,0.7
RawPixels,N,0.6666666666666666,0.6646034816247582,0.6661508704061896,44.03,0.7,0.1,2,150,0.1,0.1,5.0,0.5,0.8
RawPixels,N,0.7058823529411765,0.7040618955512572,0.7054272385936966,43.9,0.7,0.1,2,150,0.1,1.0,1.0,0.5,0.6
RawPixels,N,0.7058823529411765,0.7040618955512572,0.7054272385936966,43.8,0.7,0.1,2,150,0.1,1.0,1.0,0.5,0.7
RawPixels,N,0.6862745098039216,0.6851851851851851,0.6862745098039216,43.89,0.7,0.1,2,150,0.1,1.0,1.0,0.5,0.8
RawPixels,N,0.7058823529411765,0.7040618955512572,0.7054272385936966,44.2,0.7,0.1,2,150,0.1,1.0,5.0,0.5,0.6
RawPixels,N,0.7058823529411765,0.7040618955512572,0.7054272385936966,48.58,0.7,0.1,2,150,0.1,1.0,5.0,0.5,0.7
RawPixels,N,0.6666666666666666,0.6646034816247582,0.6661508704061896,44.5,0.7,0.1,2,150,0.1,1.0,5.0,0.5,0.8
RawPixels,N,0.7254901960784313,0.724537037037037,0.7254901960784313,40.53,0.7,0.1,2,150,0.3,0.1,1.0,0.5,0.6
RawPixels,N,0.6862745098039216,0.6851851851851851,0.6862745098039216,40.46,0.7,0.1,2,150,0.3,0.1,1.0,0.5,0.7
RawPixels,N,0.6666666666666666,0.6666666666666666,0.6666666666666666,40.36,0.7,0.1,2,150,0.3,0.1,1.0,0.5,0.8
RawPixels,N,0.6862745098039216,0.6832298136645962,0.6850566313481914,40.29,0.7,0.1,2,150,0.3,0.1,5.0,0.5,0.6
RawPixels,N,0.6862745098039216,0.6832298136645962,0.6850566313481914,40.41,0.7,0.1,2,150,0.3,0.1,5.0,0.5,0.7
RawPixels,N,0.6666666666666666,0.6646034816247582,0.6661508704061896,40.48,0.7,0.1,2,150,0.3,0.1,5.0,0.5,0.8
RawPixels,N,0.7058823529411765,0.7040618955512572,0.7054272385936966,40.42,0.7,0.1,2,150,0.3,1.0,1.0,0.5,0.6
RawPixels,N,0.7058823529411765,0.7017543859649122,0.7038183694530443,40.94,0.7,0.1,2,150,0.3,1.0,1.0,0.5,0.7
RawPixels,N,0.6862745098039216,0.6851851851851851,0.6862745098039216,40.8,0.7,0.1,2,150,0.3,1.0,1.0,0.5,0.8
RawPixels,N,0.7058823529411765,0.7040618955512572,0.7054272385936966,40.54,0.7,0.1,2,150,0.3,1.0,5.0,0.5,0.6
RawPixels,N,0.7058823529411765,0.7040618955512572,0.7054272385936966,40.92,0.7,0.1,2,150,0.3,1.0,5.0,0.5,0.7
RawPixels,N,0.6862745098039216,0.6832298136645962,0.6850566313481914,40.73,0.7,0.1,2,150,0.3,1.0,5.0,0.5,0.8
RawPixels,N,0.6666666666666666,0.6646034816247582,0.6661508704061896,12.87,0.7,0.1,3,50,0.1,0.1,1.0,0.5,0.6
RawPixels,N,0.7058823529411765,0.7040618955512572,0.7054272385936966,13.0,0.7,0.1,3,50,0.1,0.1,1.0,0.5,0.7
RawPixels,N,0.7058823529411765,0.7054293415479399,0.7061088586377948,12.78,0.7,0.1,3,50,0.1,0.1,1.0,0.5,0.8
RawPixels,N,0.6274509803921569,0.6222222222222222,0.6248366013071895,12.78,0.7,0.1,3,50,0.1,0.1,5.0,0.5,0.6
RawPixels,N,0.7254901960784313,0.7228260869565217,0.7244245524296676,13.02,0.7,0.1,3,50,0.1,0.1,5.0,0.5,0.7
RawPixels,N,0.6862745098039216,0.6851851851851851,0.6862745098039216,12.78,0.7,0.1,3,50,0.1,0.1,5.0,0.5,0.8
RawPixels,N,0.6470588235294118,0.6436335403726708,0.6456887102667155,12.86,0.7,0.1,3,50,0.1,1.0,1.0,0.5,0.6
RawPixels,N,0.6862745098039216,0.6851851851851851,0.6862745098039216,12.9,0.7,0.1,3,50,0.1,1.0,1.0,0.5,0.7
RawPixels,N,0.6862745098039216,0.6861538461538461,0.6865158371040724,12.91,0.7,0.1,3,50,0.1,1.0,1.0,0.5,0.8
RawPixels,N,0.6274509803921569,0.6222222222222222,0.6248366013071895,12.82,0.7,0.1,3,50,0.1,1.0,5.0,0.5,0.6
RawPixels,N,0.6862745098039216,0.6832298136645962,0.6850566313481914,12.7,0.7,0.1,3,50,0.1,1.0,5.0,0.5,0.7
RawPixels,N,0.6862745098039216,0.6861538461538461,0.6865158371040724,12.91,0.7,0.1,3,50,0.1,1.0,5.0,0.5,0.8
RawPixels,N,0.6470588235294118,0.6436335403726708,0.6456887102667155,12.35,0.7,0.1,3,50,0.3,0.1,1.0,0.5,0.6
RawPixels,N,0.7058823529411765,0.7040618955512572,0.7054272385936966,12.48,0.7,0.1,3,50,0.3,0.1,1.0,0.5,0.7
RawPixels,N,0.7058823529411765,0.7054293415479399,0.7061088586377948,12.52,0.7,0.1,3,50,0.3,0.1,1.0,0.5,0.8
RawPixels,N,0.6666666666666666,0.6619883040935672,0.664327485380117,12.63,0.7,0.1,3,50,0.3,0.1,5.0,0.5,0.6
RawPixels,N,0.6862745098039216,0.6832298136645962,0.6850566313481914,12.4,0.7,0.1,3,50,0.3,0.1,5.0,0.5,0.7
RawPixels,N,0.6862745098039216,0.6851851851851851,0.6862745098039216,12.8,0.7,0.1,3,50,0.3,0.1,5.0,0.5,0.8
RawPixels,N,0.6666666666666666,0.6646034816247582,0.6661508704061896,12.65,0.7,0.1,3,50,0.3,1.0,1.0,0.5,0.6
RawPixels,N,0.7058823529411765,0.7040618955512572,0.7054272385936966,12.58,0.7,0.1,3,50,0.3,1.0,1.0,0.5,0.7
RawPixels,N,0.7058823529411765,0.7054293415479399,0.7061088586377948,12.53,0.7,0.1,3,50,0.3,1.0,1.0,0.5,0.8
RawPixels,N,0.6274509803921569,0.6180528182893181,0.6215771290778827,12.44,0.7,0.1,3,50,0.3,1.0,5.0,0.5,0.6
RawPixels,N,0.7058823529411765,0.7040618955512572,0.7054272385936966,12.37,0.7,0.1,3,50,0.3,1.0,5.0,0.5,0.7
RawPixels,N,0.6862745098039216,0.6851851851851851,0.6862745098039216,12.61,0.7,0.1,3,50,0.3,1.0,5.0,0.5,0.8
RawPixels,N,0.6666666666666666,0.6646034816247582,0.6661508704061896,24.58,0.7,0.1,3,100,0.1,0.1,1.0,0.5,0.6
RawPixels,N,0.6862745098039216,0.6851851851851851,0.6862745098039216,24.8,0.7,0.1,3,100,0.1,0.1,1.0,0.5,0.7
RawPixels,N,0.6666666666666666,0.6661532537543319,0.666923373122834,24.87,0.7,0.1,3,100,0.1,0.1,1.0,0.5,0.8
RawPixels,N,0.6862745098039216,0.6832298136645962,0.6850566313481914,24.61,0.7,0.1,3,100,0.1,0.1,5.0,0.5,0.6
RawPixels,N,0.6862745098039216,0.6832298136645962,0.6850566313481914,24.47,0.7,0.1,3,100,0.1,0.1,5.0,0.5,0.7
RawPixels,N,0.6666666666666666,0.6646034816247582,0.6661508704061896,24.87,0.7,0.1,3,100,0.1,0.1,5.0,0.5,0.8
RawPixels,N,0.6862745098039216,0.6832298136645962,0.6850566313481914,24.91,0.7,0.1,3,100,0.1,1.0,1.0,0.5,0.6
RawPixels,N,0.6666666666666666,0.6646034816247582,0.6661508704061896,24.9,0.7,0.1,3,100,0.1,1.0,1.0,0.5,0.7
RawPixels,N,0.6862745098039216,0.6851851851851851,0.6862745098039216,24.65,0.7,0.1,3,100,0.1,1.0,1.0,0.5,0.8
RawPixels,N,0.6862745098039216,0.6832298136645962,0.6850566313481914,24.45,0.7,0.1,3,100,0.1,1.0,5.0,0.5,0.6
RawPixels,N,0.6862745098039216,0.6851851851851851,0.6862745098039216,24.74,0.7,0.1,3,100,0.1,1.0,5.0,0.5,0.7
RawPixels,N,0.6470588235294118,0.6458333333333333,0.6470588235294118,24.74,0.7,0.1,3,100,0.1,1.0,5.0,0.5,0.8
RawPixels,N,0.6666666666666666,0.6646034816247582,0.6661508704061896,23.21,0.7,0.1,3,100,0.3,0.1,1.0,0.5,0.6
RawPixels,N,0.6470588235294118,0.6458333333333333,0.6470588235294118,23.21,0.7,0.1,3,100,0.3,0.1,1.0,0.5,0.7
RawPixels,N,0.6862745098039216,0.6851851851851851,0.6862745098039216,23.61,0.7,0.1,3,100,0.3,0.1,1.0,0.5,0.8
RawPixels,N,0.6862745098039216,0.6832298136645962,0.6850566313481914,23.18,0.7,0.1,3,100,0.3,0.1,5.0,0.5,0.6
RawPixels,N,0.6862745098039216,0.6832298136645962,0.6850566313481914,23.15,0.7,0.1,3,100,0.3,0.1,5.0,0.5,0.7
RawPixels,N,0.6862745098039216,0.6832298136645962,0.6850566313481914,23.41,0.7,0.1,3,100,0.3,0.1,5.0,0.5,0.8
RawPixels,N,0.6862745098039216,0.6832298136645962,0.6850566313481914,23.26,0.7,0.1,3,100,0.3,1.0,1.0,0.5,0.6
RawPixels,N,0.6666666666666666,0.6646034816247582,0.6661508704061896,23.33,0.7,0.1,3,100,0.3,1.0,1.0,0.5,0.7
RawPixels,N,0.7058823529411765,0.7040618955512572,0.7054272385936966,23.21,0.7,0.1,3,100,0.3,1.0,1.0,0.5,0.8
RawPixels,N,0.6862745098039216,0.6832298136645962,0.6850566313481914,23.05,0.7,0.1,3,100,0.3,1.0,5.0,0.5,0.6
RawPixels,N,0.6862745098039216,0.6851851851851851,0.6862745098039216,23.43,0.7,0.1,3,100,0.3,1.0,5.0,0.5,0.7
RawPixels,N,0.6666666666666666,0.6646034816247582,0.6661508704061896,23.57,0.7,0.1,3,100,0.3,1.0,5.0,0.5,0.8
RawPixels,N,0.6862745098039216,0.6832298136645962,0.6850566313481914,44.08,0.7,0.1,3,150,0.1,0.1,1.0,0.5,0.6
RawPixels,N,0.6666666666666666,0.6661532537543319,0.666923373122834,44.34,0.7,0.1,3,150,0.1,0.1,1.0,0.5,0.7
RawPixels,N,0.6274509803921569,0.6274509803921569,0.6274509803921569,44.63,0.7,0.1,3,150,0.1,0.1,1.0,0.5,0.8
RawPixels,N,0.6862745098039216,0.6832298136645962,0.6850566313481914,44.5,0.7,0.1,3,150,0.1,0.1,5.0,0.5,0.6
RawPixels,N,0.6862745098039216,0.6832298136645962,0.6850566313481914,44.78,0.7,0.1,3,150,0.1,0.1,5.0,0.5,0.7
RawPixels,N,0.6666666666666666,0.6646034816247582,0.6661508704061896,44.51,0.7,0.1,3,150,0.1,0.1,5.0,0.5,0.8
RawPixels,N,0.7058823529411765,0.7040618955512572,0.7054272385936966,44.16,0.7,0.1,3,150,0.1,1.0,1.0,0.5,0.6
RawPixels,N,0.7058823529411765,0.7040618955512572,0.7054272385936966,44.02,0.7,0.1,3,150,0.1,1.0,1.0,0.5,0.7
RawPixels,N,0.6862745098039216,0.6851851851851851,0.6862745098039216,44.29,0.7,0.1,3,150,0.1,1.0,1.0,0.5,0.8
RawPixels,N,0.7058823529411765,0.7040618955512572,0.7054272385936966,44.27,0.7,0.1,3,150,0.1,1.0,5.0,0.5,0.6
RawPixels,N,0.7058823529411765,0.7040618955512572,0.7054272385936966,44.3,0.7,0.1,3,150,0.1,1.0,5.0,0.5,0.7
RawPixels,N,0.6666666666666666,0.6646034816247582,0.6661508704061896,44.22,0.7,0.1,3,150,0.1,1.0,5.0,0.5,0.8
RawPixels,N,0.7254901960784313,0.724537037037037,0.7254901960784313,40.59,0.7,0.1,3,150,0.3,0.1,1.0,0.5,0.6
RawPixels,N,0.6862745098039216,0.6851851851851851,0.6862745098039216,40.74,0.7,0.1,3,150,0.3,0.1,1.0,0.5,0.7
RawPixels,N,0.6666666666666666,0.6666666666666666,0.6666666666666666,40.97,0.7,0.1,3,150,0.3,0.1,1.0,0.5,0.8
RawPixels,N,0.6862745098039216,0.6832298136645962,0.6850566313481914,40.93,0.7,0.1,3,150,0.3,0.1,5.0,0.5,0.6
RawPixels,N,0.6862745098039216,0.6832298136645962,0.6850566313481914,40.77,0.7,0.1,3,150,0.3,0.1,5.0,0.5,0.7
RawPixels,N,0.6666666666666666,0.6646034816247582,0.6661508704061896,41.05,0.7,0.1,3,150,0.3,0.1,5.0,0.5,0.8
RawPixels,N,0.7058823529411765,0.7040618955512572,0.7054272385936966,40.6,0.7,0.1,3,150,0.3,1.0,1.0,0.5,0.6
RawPixels,N,0.7058823529411765,0.7017543859649122,0.7038183694530443,40.6,0.7,0.1,3,150,0.3,1.0,1.0,0.5,0.7
RawPixels,N,0.6862745098039216,0.6851851851851851,0.6862745098039216,40.76,0.7,0.1,3,150,0.3,1.0,1.0,0.5,0.8
RawPixels,N,0.7058823529411765,0.7040618955512572,0.7054272385936966,40.54,0.7,0.1,3,150,0.3,1.0,5.0,0.5,0.6
RawPixels,N,0.7058823529411765,0.7040618955512572,0.7054272385936966,41.32,0.7,0.1,3,150,0.3,1.0,5.0,0.5,0.7
RawPixels,N,0.6862745098039216,0.6832298136645962,0.6850566313481914,41.03,0.7,0.1,3,150,0.3,1.0,5.0,0.5,0.8
RawPixels,N,0.6666666666666666,0.6646034816247582,0.6661508704061896,12.87,0.7,0.1,4,50,0.1,0.1,1.0,0.5,0.6
RawPixels,N,0.7058823529411765,0.7040618955512572,0.7054272385936966,12.78,0.7,0.1,4,50,0.1,0.1,1.0,0.5,0.7
RawPixels,N,0.7058823529411765,0.7054293415479399,0.7061088586377948,12.72,0.7,0.1,4,50,0.1,0.1,1.0,0.5,0.8
RawPixels,N,0.6274509803921569,0.6222222222222222,0.6248366013071895,12.92,0.7,0.1,4,50,0.1,0.1,5.0,0.5,0.6
RawPixels,N,0.7254901960784313,0.7228260869565217,0.7244245524296676,12.99,0.7,0.1,4,50,0.1,0.1,5.0,0.5,0.7
RawPixels,N,0.6862745098039216,0.6851851851851851,0.6862745098039216,12.78,0.7,0.1,4,50,0.1,0.1,5.0,0.5,0.8
RawPixels,N,0.6470588235294118,0.6436335403726708,0.6456887102667155,12.64,0.7,0.1,4,50,0.1,1.0,1.0,0.5,0.6
RawPixels,N,0.6862745098039216,0.6851851851851851,0.6862745098039216,12.77,0.7,0.1,4,50,0.1,1.0,1.0,0.5,0.7
RawPixels,N,0.6862745098039216,0.6861538461538461,0.6865158371040724,12.99,0.7,0.1,4,50,0.1,1.0,1.0,0.5,0.8
RawPixels,N,0.6274509803921569,0.6222222222222222,0.6248366013071895,12.81,0.7,0.1,4,50,0.1,1.0,5.0,0.5,0.6
RawPixels,N,0.6862745098039216,0.6832298136645962,0.6850566313481914,12.77,0.7,0.1,4,50,0.1,1.0,5.0,0.5,0.7
RawPixels,N,0.6862745098039216,0.6861538461538461,0.6865158371040724,12.72,0.7,0.1,4,50,0.1,1.0,5.0,0.5,0.8
RawPixels,N,0.6470588235294118,0.6436335403726708,0.6456887102667155,12.46,0.7,0.1,4,50,0.3,0.1,1.0,0.5,0.6
RawPixels,N,0.7058823529411765,0.7040618955512572,0.7054272385936966,12.43,0.7,0.1,4,50,0.3,0.1,1.0,0.5,0.7
RawPixels,N,0.7058823529411765,0.7054293415479399,0.7061088586377948,12.76,0.7,0.1,4,50,0.3,0.1,1.0,0.5,0.8
RawPixels,N,0.6666666666666666,0.6619883040935672,0.664327485380117,12.66,0.7,0.1,4,50,0.3,0.1,5.0,0.5,0.6
RawPixels,N,0.6862745098039216,0.6832298136645962,0.6850566313481914,12.44,0.7,0.1,4,50,0.3,0.1,5.0,0.5,0.7
RawPixels,N,0.6862745098039216,0.6851851851851851,0.6862745098039216,12.51,0.7,0.1,4,50,0.3,0.1,5.0,0.5,0.8
RawPixels,N,0.6666666666666666,0.6646034816247582,0.6661508704061896,12.46,0.7,0.1,4,50,0.3,1.0,1.0,0.5,0.6
RawPixels,N,0.7058823529411765,0.7040618955512572,0.7054272385936966,12.57,0.7,0.1,4,50,0.3,1.0,1.0,0.5,0.7
RawPixels,N,0.7058823529411765,0.7054293415479399,0.7061088586377948,12.37,0.7,0.1,4,50,0.3,1.0,1.0,0.5,0.8
RawPixels,N,0.6274509803921569,0.6180528182893181,0.6215771290778827,12.5,0.7,0.1,4,50,0.3,1.0,5.0,0.5,0.6
RawPixels,N,0.7058823529411765,0.7040618955512572,0.7054272385936966,12.58,0.7,0.1,4,50,0.3,1.0,5.0,0.5,0.7
RawPixels,N,0.6862745098039216,0.6851851851851851,0.6862745098039216,12.75,0.7,0.1,4,50,0.3,1.0,5.0,0.5,0.8
RawPixels,N,0.6666666666666666,0.6646034816247582,0.6661508704061896,24.57,0.7,0.1,4,100,0.1,0.1,1.0,0.5,0.6
RawPixels,N,0.6862745098039216,0.6851851851851851,0.6862745098039216,24.5,0.7,0.1,4,100,0.1,0.1,1.0,0.5,0.7
RawPixels,N,0.6666666666666666,0.6661532537543319,0.666923373122834,24.59,0.7,0.1,4,100,0.1,0.1,1.0,0.5,0.8
RawPixels,N,0.6862745098039216,0.6832298136645962,0.6850566313481914,24.62,0.7,0.1,4,100,0.1,0.1,5.0,0.5,0.6
RawPixels,N,0.6862745098039216,0.6832298136645962,0.6850566313481914,24.65,0.7,0.1,4,100,0.1,0.1,5.0,0.5,0.7
RawPixels,N,0.6666666666666666,0.6646034816247582,0.6661508704061896,24.62,0.7,0.1,4,100,0.1,0.1,5.0,0.5,0.8
RawPixels,N,0.6862745098039216,0.6832298136645962,0.6850566313481914,24.5,0.7,0.1,4,100,0.1,1.0,1.0,0.5,0.6
RawPixels,N,0.6666666666666666,0.6646034816247582,0.6661508704061896,24.57,0.7,0.1,4,100,0.1,1.0,1.0,0.5,0.7
RawPixels,N,0.6862745098039216,0.6851851851851851,0.6862745098039216,24.98,0.7,0.1,4,100,0.1,1.0,1.0,0.5,0.8
RawPixels,N,0.6862745098039216,0.6832298136645962,0.6850566313481914,24.42,0.7,0.1,4,100,0.1,1.0,5.0,0.5,0.6
RawPixels,N,0.6862745098039216,0.6851851851851851,0.6862745098039216,24.39,0.7,0.1,4,100,0.1,1.0,5.0,0.5,0.7
RawPixels,N,0.6470588235294118,0.6458333333333333,0.6470588235294118,25.2,0.7,0.1,4,100,0.1,1.0,5.0,0.5,0.8
RawPixels,N,0.6666666666666666,0.6646034816247582,0.6661508704061896,22.96,0.7,0.1,4,100,0.3,0.1,1.0,0.5,0.6
RawPixels,N,0.6470588235294118,0.6458333333333333,0.6470588235294118,23.18,0.7,0.1,4,100,0.3,0.1,1.0,0.5,0.7
RawPixels,N,0.6862745098039216,0.6851851851851851,0.6862745098039216,23.27,0.7,0.1,4,100,0.3,0.1,1.0,0.5,0.8
RawPixels,N,0.6862745098039216,0.6832298136645962,0.6850566313481914,22.93,0.7,0.1,4,100,0.3,0.1,5.0,0.5,0.6
RawPixels,N,0.6862745098039216,0.6832298136645962,0.6850566313481914,23.22,0.7,0.1,4,100,0.3,0.1,5.0,0.5,0.7
RawPixels,N,0.6862745098039216,0.6832298136645962,0.6850566313481914,23.13,0.7,0.1,4,100,0.3,0.1,5.0,0.5,0.8
RawPixels,N,0.6862745098039216,0.6832298136645962,0.6850566313481914,22.98,0.7,0.1,4,100,0.3,1.0,1.0,0.5,0.6
RawPixels,N,0.6666666666666666,0.6646034816247582,0.6661508704061896,23.12,0.7,0.1,4,100,0.3,1.0,1.0,0.5,0.7
RawPixels,N,0.7058823529411765,0.7040618955512572,0.7054272385936966,22.99,0.7,0.1,4,100,0.3,1.0,1.0,0.5,0.8
RawPixels,N,0.6862745098039216,0.6832298136645962,0.6850566313481914,23.05,0.7,0.1,4,100,0.3,1.0,5.0,0.5,0.6
RawPixels,N,0.6862745098039216,0.6851851851851851,0.6862745098039216,23.2,0.7,0.1,4,100,0.3,1.0,5.0,0.5,0.7
RawPixels,N,0.6666666666666666,0.6646034816247582,0.6661508704061896,23.38,0.7,0.1,4,100,0.3,1.0,5.0,0.5,0.8
RawPixels,N,0.6862745098039216,0.6832298136645962,0.6850566313481914,44.27,0.7,0.1,4,150,0.1,0.1,1.0,0.5,0.6
RawPixels,N,0.6666666666666666,0.6661532537543319,0.666923373122834,43.83,0.7,0.1,4,150,0.1,0.1,1.0,0.5,0.7
RawPixels,N,0.6274509803921569,0.6274509803921569,0.6274509803921569,43.94,0.7,0.1,4,150,0.1,0.1,1.0,0.5,0.8
RawPixels,N,0.6862745098039216,0.6832298136645962,0.6850566313481914,44.66,0.7,0.1,4,150,0.1,0.1,5.0,0.5,0.6
RawPixels,N,0.6862745098039216,0.6832298136645962,0.6850566313481914,43.93,0.7,0.1,4,150,0.1,0.1,5.0,0.5,0.7
RawPixels,N,0.6666666666666666,0.6646034816247582,0.6661508704061896,44.44,0.7,0.1,4,150,0.1,0.1,5.0,0.5,0.8
RawPixels,N,0.7058823529411765,0.7040618955512572,0.7054272385936966,43.88,0.7,0.1,4,150,0.1,1.0,1.0,0.5,0.6
RawPixels,N,0.7058823529411765,0.7040618955512572,0.7054272385936966,44.18,0.7,0.1,4,150,0.1,1.0,1.0,0.5,0.7
RawPixels,N,0.6862745098039216,0.6851851851851851,0.6862745098039216,45.65,0.7,0.1,4,150,0.1,1.0,1.0,0.5,0.8
RawPixels,N,0.7058823529411765,0.7040618955512572,0.7054272385936966,44.34,0.7,0.1,4,150,0.1,1.0,5.0,0.5,0.6
RawPixels,N,0.7058823529411765,0.7040618955512572,0.7054272385936966,44.17,0.7,0.1,4,150,0.1,1.0,5.0,0.5,0.7
RawPixels,N,0.6666666666666666,0.6646034816247582,0.6661508704061896,44.52,0.7,0.1,4,150,0.1,1.0,5.0,0.5,0.8
RawPixels,N,0.7254901960784313,0.724537037037037,0.7254901960784313,40.33,0.7,0.1,4,150,0.3,0.1,1.0,0.5,0.6
RawPixels,N,0.6862745098039216,0.6851851851851851,0.6862745098039216,40.22,0.7,0.1,4,150,0.3,0.1,1.0,0.5,0.7
RawPixels,N,0.6666666666666666,0.6666666666666666,0.6666666666666666,40.41,0.7,0.1,4,150,0.3,0.1,1.0,0.5,0.8
RawPixels,N,0.6862745098039216,0.6832298136645962,0.6850566313481914,40.17,0.7,0.1,4,150,0.3,0.1,5.0,0.5,0.6
RawPixels,N,0.6862745098039216,0.6832298136645962,0.6850566313481914,40.48,0.7,0.1,4,150,0.3,0.1,5.0,0.5,0.7
RawPixels,N,0.6666666666666666,0.6646034816247582,0.6661508704061896,40.76,0.7,0.1,4,150,0.3,0.1,5.0,0.5,0.8
RawPixels,N,0.7058823529411765,0.7040618955512572,0.7054272385936966,40.1,0.7,0.1,4,150,0.3,1.0,1.0,0.5,0.6
RawPixels,N,0.7058823529411765,0.7017543859649122,0.7038183694530443,40.65,0.7,0.1,4,150,0.3,1.0,1.0,0.5,0.7
RawPixels,N,0.6862745098039216,0.6851851851851851,0.6862745098039216,40.69,0.7,0.1,4,150,0.3,1.0,1.0,0.5,0.8
RawPixels,N,0.7058823529411765,0.7040618955512572,0.7054272385936966,40.37,0.7,0.1,4,150,0.3,1.0,5.0,0.5,0.6
RawPixels,N,0.7058823529411765,0.7040618955512572,0.7054272385936966,40.19,0.7,0.1,4,150,0.3,1.0,5.0,0.5,0.7
RawPixels,N,0.6862745098039216,0.6832298136645962,0.6850566313481914,40.77,0.7,0.1,4,150,0.3,1.0,5.0,0.5,0.8
