pipeline,nutrient,accuracy,macro_f1,weighted_f1,duration_s,colsample_bytree,learning_rate,max_depth,n_estimators,rate_drop,reg_alpha,reg_lambda,skip_drop,subsample
RawPixels,P,0.11764705882352941,0.09225874867444327,0.09768573389058698,14.71,0.5,0.01,2,50,0.1,0.1,1.0,0.5,0.6
RawPixels,P,0.13725490196078433,0.10453216374269007,0.11068111455108358,14.79,0.5,0.01,2,50,0.1,0.1,1.0,0.5,0.7
RawPixels,P,0.17647058823529413,0.13997113997113997,0.14820473644003054,14.62,0.5,0.01,2,50,0.1,0.1,1.0,0.5,0.8
RawPixels,P,0.0196078431372549,0.014184397163120567,0.015018773466833541,14.55,0.5,0.01,2,50,0.1,0.1,5.0,0.5,0.6
RawPixels,P,0.0784313725490196,0.05921985815602837,0.06270337922403003,14.51,0.5,0.01,2,50,0.1,0.1,5.0,0.5,0.7
RawPixels,P,0.09803921568627451,0.07599858607281725,0.08046909113592414,14.68,0.5,0.01,2,50,0.1,0.1,5.0,0.5,0.8
RawPixels,P,0.058823529411764705,0.045035460992907804,0.04768460575719649,14.7,0.5,0.01,2,50,0.1,1.0,1.0,0.5,0.6
RawPixels,P,0.0784313725490196,0.05921985815602837,0.06270337922403003,14.55,0.5,0.01,2,50,0.1,1.0,1.0,0.5,0.7
RawPixels,P,0.11764705882352941,0.09007092198581561,0.09536921151439298,14.26,0.5,0.01,2,50,0.1,1.0,1.0,0.5,0.8
RawPixels,P,0.0,0.0,0.0,14.73,0.5,0.01,2,50,0.1,1.0,5.0,0.5,0.6
RawPixels,P,0.0196078431372549,0.015503875968992248,0.016415868673050615,14.44,0.5,0.01,2,50,0.1,1.0,5.0,0.5,0.7
RawPixels,P,0.058823529411764705,0.046159267089499655,0.048874518094764334,14.67,0.5,0.01,2,50,0.1,1.0,5.0,0.5,0.8
RawPixels,P,0.09803921568627451,0.07588652482269503,0.08035043804755945,14.05,0.5,0.01,2,50,0.3,0.1,1.0,0.5,0.6
RawPixels,P,0.09803921568627451,0.07264957264957266,0.07692307692307691,14.12,0.5,0.01,2,50,0.3,0.1,1.0,0.5,0.7
RawPixels,P,0.13725490196078433,0.10673758865248227,0.1130162703379224,14.32,0.5,0.01,2,50,0.3,0.1,1.0,0.5,0.8
RawPixels,P,0.0196078431372549,0.014184397163120567,0.015018773466833541,14.07,0.5,0.01,2,50,0.3,0.1,5.0,0.5,0.6
RawPixels,P,0.0392156862745098,0.03068783068783069,0.03249299719887955,13.99,0.5,0.01,2,50,0.3,0.1,5.0,0.5,0.7
RawPixels,P,0.0784313725490196,0.06137566137566138,0.0649859943977591,14.22,0.5,0.01,2,50,0.3,0.1,5.0,0.5,0.8
RawPixels,P,0.0392156862745098,0.030752916224814422,0.032561911296862325,14.25,0.5,0.01,2,50,0.3,1.0,1.0,0.5,0.6
RawPixels,P,0.0784313725490196,0.05921985815602837,0.06270337922403003,13.86,0.5,0.01,2,50,0.3,1.0,1.0,0.5,0.7
RawPixels,P,0.09803921568627451,0.07599858607281725,0.08046909113592414,14.02,0.5,0.01,2,50,0.3,1.0,1.0,0.5,0.8
RawPixels,P,0.0,0.0,0.0,13.84,0.5,0.01,2,50,0.3,1.0,5.0,0.5,0.6
RawPixels,P,0.0,0.0,0.0,14.26,0.5,0.01,2,50,0.3,1.0,5.0,0.5,0.7
RawPixels,P,0.0392156862745098,0.03068783068783069,0.03249299719887955,14.47,0.5,0.01,2,50,0.3,1.0,5.0,0.5,0.8
RawPixels,P,0.19607843137254902,0.15713196033562166,0.16637501682595232,32.46,0.5,0.01,2,100,0.1,0.1,1.0,0.5,0.6
RawPixels,P,0.2549019607843137,0.20603211907559735,0.21815165549180893,32.76,0.5,0.01,2,100,0.1,0.1,1.0,0.5,0.7
RawPixels,P,0.23529411764705882,0.18754925137903858,0.19858156028368795,32.48,0.5,0.01,2,100,0.1,0.1,1.0,0.5,0.8
RawPixels,P,0.11764705882352941,0.09347826086956522,0.09897698209718668,32.52,0.5,0.01,2,100,0.1,0.1,5.0,0.5,0.6
RawPixels,P,0.19607843137254902,0.15350877192982457,0.16253869969040247,32.44,0.5,0.01,2,100,0.1,0.1,5.0,0.5,0.7
RawPixels,P,0.17647058823529413,0.13555555555555554,0.14352941176470588,32.34,0.5,0.01,2,100,0.1,0.1,5.0,0.5,0.8
RawPixels,P,0.11764705882352941,0.09322493224932249,0.09870875179340027,32.54,0.5,0.01,2,100,0.1,1.0,1.0,0.5,0.6
RawPixels,P,0.19607843137254902,0.15533259011519882,0.16446980129844577,32.72,0.5,0.01,2,100,0.1,1.0,1.0,0.5,0.7
RawPixels,P,0.17647058823529413,0.1373873873873874,0.14546899841017488,32.92,0.5,0.01,2,100,0.1,1.0,1.0,0.5,0.8
RawPixels,P,0.11764705882352941,0.09206349206349207,0.09747899159663866,32.66,0.5,0.01,2,100,0.1,1.0,5.0,0.5,0.6
RawPixels,P,0.13725490196078433,0.10801963993453356,0.11437373640127081,32.8,0.5,0.01,2,100,0.1,1.0,5.0,0.5,0.7
RawPixels,P,0.11764705882352941,0.09383524277141297,0.09935496293443728,32.62,0.5,0.01,2,100,0.1,1.0,5.0,0.5,0.8
RawPixels,P,0.21568627450980393,0.1724266072092159,0.182569348809758,30.54,0.5,0.01,2,100,0.3,0.1,1.0,0.5,0.6
RawPixels,P,0.21568627450980393,0.17352134743439093,0.18372848551876686,30.33,0.5,0.01,2,100,0.3,0.1,1.0,0.5,0.7
RawPixels,P,0.1568627450980392,0.12509534706331046,0.13245389689056403,30.48,0.5,0.01,2,100,0.3,0.1,1.0,0.5,0.8
RawPixels,P,0.13725490196078433,0.10801963993453356,0.11437373640127081,30.11,0.5,0.01,2,100,0.3,0.1,5.0,0.5,0.6
RawPixels,P,0.17647058823529413,0.1392980541916712,0.1474920573794166,30.25,0.5,0.01,2,100,0.3,0.1,5.0,0.5,0.7
RawPixels,P,0.17647058823529413,0.13555555555555554,0.14352941176470588,30.22,0.5,0.01,2,100,0.3,0.1,5.0,0.5,0.8
RawPixels,P,0.11764705882352941,0.09322493224932249,0.09870875179340027,30.42,0.5,0.01,2,100,0.3,1.0,1.0,0.5,0.6
RawPixels,P,0.17647058823529413,0.14074074074074075,0.14901960784313725,30.4,0.5,0.01,2,100,0.3,1.0,1.0,0.5,0.7
RawPixels,P,0.17647058823529413,0.13568670711527855,0.14366827812205962,30.44,0.5,0.01,2,100,0.3,1.0,1.0,0.5,0.8
RawPixels,P,0.09803921568627451,0.07599858607281725,0.08046909113592414,30.41,0.5,0.01,2,100,0.3,1.0,5.0,0.5,0.6
RawPixels,P,0.13725490196078433,0.10801963993453356,0.11437373640127081,30.37,0.5,0.01,2,100,0.3,1.0,5.0,0.5,0.7
RawPixels,P,0.09803921568627451,0.0789855072463768,0.08363171355498719,30.31,0.5,0.01,2,100,0.3,1.0,5.0,0.5,0.8
RawPixels,P,0.21568627450980393,0.180999180999181,0.19164619164619162,61.87,0.5,0.01,2,150,0.1,0.1,1.0,0.5,0.6
RawPixels,P,0.29411764705882354,0.28703703703703703,0.28921568627450983,61.55,0.5,0.01,2,150,0.1,0.1,1.0,0.5,0.7
RawPixels,P,0.27450980392156865,0.23877068557919623,0.24746842644214356,61.99,0.5,0.01,2,150,0.1,0.1,1.0,0.5,0.8
RawPixels,P,0.19607843137254902,0.1574074074074074,0.16666666666666666,61.77,0.5,0.01,2,150,0.1,0.1,5.0,0.5,0.6
RawPixels,P,0.2549019607843137,0.20370370370370372,0.21568627450980393,62.2,0.5,0.01,2,150,0.1,0.1,5.0,0.5,0.7
RawPixels,P,0.2549019607843137,0.19863945578231293,0.21032412965186073,62.06,0.5,0.01,2,150,0.1,0.1,5.0,0.5,0.8
RawPixels,P,0.21568627450980393,0.18074255405956752,0.19137446900424795,62.12,0.5,0.01,2,150,0.1,1.0,1.0,0.5,0.6
RawPixels,P,0.21568627450980393,0.17862838915470491,0.18913594145792287,61.44,0.5,0.01,2,150,0.1,1.0,1.0,0.5,0.7
RawPixels,P,0.23529411764705882,0.18494897959183673,0.195828331332533,62.12,0.5,0.01,2,150,0.1,1.0,1.0,0.5,0.8
RawPixels,P,0.1568627450980392,0.12429990966576332,0.13161166905786706,61.35,0.5,0.01,2,150,0.1,1.0,5.0,0.5,0.6
RawPixels,P,0.19607843137254902,0.1552818215752146,0.16441604637375667,61.74,0.5,0.01,2,150,0.1,1.0,5.0,0.5,0.7
RawPixels,P,0.23529411764705882,0.17647058823529413,0.1868512110726644,61.83,0.5,0.01,2,150,0.1,1.0,5.0,0.5,0.8
RawPixels,P,0.21568627450980393,0.180999180999181,0.19164619164619162,55.79,0.5,0.01,2,150,0.3,0.1,1.0,0.5,0.6
RawPixels,P,0.29411764705882354,0.27442123094297005,0.2803334772644236,55.78,0.5,0.01,2,150,0.3,0.1,1.0,0.5,0.7
RawPixels,P,0.27450980392156865,0.23877068557919623,0.24746842644214356,56.03,0.5,0.01,2,150,0.3,0.1,1.0,0.5,0.8
RawPixels,P,0.17647058823529413,0.1408398364920104,0.14912453275624632,56.19,0.5,0.01,2,150,0.3,0.1,5.0,0.5,0.6
RawPixels,P,0.19607843137254902,0.15713196033562166,0.16637501682595232,56.08,0.5,0.01,2,150,0.3,0.1,5.0,0.5,0.7
RawPixels,P,0.23529411764705882,0.17647058823529413,0.1868512110726644,56.26,0.5,0.01,2,150,0.3,0.1,5.0,0.5,0.8
RawPixels,P,0.19607843137254902,0.1626984126984127,0.17226890756302518,56.65,0.5,0.01,2,150,0.3,1.0,1.0,0.5,0.6
RawPixels,P,0.21568627450980393,0.17849334128403896,0.18899294959486476,55.87,0.5,0.01,2,150,0.3,1.0,1.0,0.5,0.7
RawPixels,P,0.23529411764705882,0.18560606060606064,0.196524064171123,56.05,0.5,0.01,2,150,0.3,1.0,1.0,0.5,0.8
RawPixels,P,0.13725490196078433,0.10894660894660894,0.11535523300229181,55.83,0.5,0.01,2,150,0.3,1.0,5.0,0.5,0.6
RawPixels,P,0.17647058823529413,0.1408398364920104,0.14912453275624632,56.25,0.5,0.01,2,150,0.3,1.0,5.0,0.5,0.7
RawPixels,P,0.23529411764705882,0.17647058823529413,0.1868512110726644,56.02,0.5,0.01,2,150,0.3,1.0,5.0,0.5,0.8
RawPixels,P,0.11764705882352941,0.09225874867444327,0.09768573389058698,14.63,0.5,0.01,3,50,0.1,0.1,1.0,0.5,0.6
RawPixels,P,0.13725490196078433,0.10453216374269007,0.11068111455108358,14.95,0.5,0.01,3,50,0.1,0.1,1.0,0.5,0.7
RawPixels,P,0.17647058823529413,0.13997113997113997,0.14820473644003054,15.13,0.5,0.01,3,50,0.1,0.1,1.0,0.5,0.8
RawPixels,P,0.0196078431372549,0.014184397163120567,0.015018773466833541,14.79,0.5,0.01,3,50,0.1,0.1,5.0,0.5,0.6
RawPixels,P,0.0784313725490196,0.05921985815602837,0.06270337922403003,14.61,0.5,0.01,3,50,0.1,0.1,5.0,0.5,0.7
RawPixels,P,0.09803921568627451,0.07599858607281725,0.08046909113592414,15.17,0.5,0.01,3,50,0.1,0.1,5.0,0.5,0.8
RawPixels,P,0.058823529411764705,0.045035460992907804,0.04768460575719649,14.98,0.5,0.01,3,50,0.1,1.0,1.0,0.5,0.6
RawPixels,P,0.0784313725490196,0.05921985815602837,0.06270337922403003,15.0,0.5,0.01,3,50,0.1,1.0,1.0,0.5,0.7
RawPixels,P,0.11764705882352941,0.09007092198581561,0.09536921151439298,15.19,0.5,0.01,3,50,0.1,1.0,1.0,0.5,0.8
RawPixels,P,0.0,0.0,0.0,14.74,0.5,0.01,3,50,0.1,1.0,5.0,0.5,0.6
RawPixels,P,0.0196078431372549,0.015503875968992248,0.016415868673050615,15.24,0.5,0.01,3,50,0.1,1.0,5.0,0.5,0.7
RawPixels,P,0.058823529411764705,0.046159267089499655,0.048874518094764334,15.27,0.5,0.01,3,50,0.1,1.0,5.0,0.5,0.8
RawPixels,P,0.09803921568627451,0.07588652482269503,0.08035043804755945,13.91,0.5,0.01,3,50,0.3,0.1,1.0,0.5,0.6
RawPixels,P,0.09803921568627451,0.07264957264957266,0.07692307692307691,14.0,0.5,0.01,3,50,0.3,0.1,1.0,0.5,0.7
RawPixels,P,0.13725490196078433,0.10673758865248227,0.1130162703379224,14.38,0.5,0.01,3,50,0.3,0.1,1.0,0.5,0.8
RawPixels,P,0.0196078431372549,0.014184397163120567,0.015018773466833541,14.19,0.5,0.01,3,50,0.3,0.1,5.0,0.5,0.6
RawPixels,P,0.0392156862745098,0.03068783068783069,0.03249299719887955,14.3,0.5,0.01,3,50,0.3,0.1,5.0,0.5,0.7
RawPixels,P,0.0784313725490196,0.06137566137566138,0.0649859943977591,14.4,0.5,0.01,3,50,0.3,0.1,5.0,0.5,0.8
RawPixels,P,0.0392156862745098,0.030752916224814422,0.032561911296862325,14.22,0.5,0.01,3,50,0.3,1.0,1.0,0.5,0.6
RawPixels,P,0.0784313725490196,0.05921985815602837,0.06270337922403003,14.23,0.5,0.01,3,50,0.3,1.0,1.0,0.5,0.7
RawPixels,P,0.09803921568627451,0.07599858607281725,0.08046909113592414,14.76,0.5,0.01,3,50,0.3,1.0,1.0,0.5,0.8
RawPixels,P,0.0,0.0,0.0,14.35,0.5,0.01,3,50,0.3,1.0,5.0,0.5,0.6
RawPixels,P,0.0,0.0,0.0,14.05,0.5,0.01,3,50,0.3,1.0,5.0,0.5,0.7
RawPixels,P,0.0392156862745098,0.03068783068783069,0.03249299719887955,14.32,0.5,0.01,3,50,0.3,1.0,5.0,0.5,0.8
RawPixels,P,0.19607843137254902,0.15713196033562166,0.16637501682595232,32.67,0.5,0.01,3,100,0.1,0.1,1.0,0.5,0.6
RawPixels,P,0.2549019607843137,0.20603211907559735,0.21815165549180893,32.74,0.5,0.01,3,100,0.1,0.1,1.0,0.5,0.7
RawPixels,P,0.23529411764705882,0.18754925137903858,0.19858156028368795,32.78,0.5,0.01,3,100,0.1,0.1,1.0,0.5,0.8
RawPixels,P,0.11764705882352941,0.09347826086956522,0.09897698209718668,32.5,0.5,0.01,3,100,0.1,0.1,5.0,0.5,0.6
RawPixels,P,0.19607843137254902,0.15350877192982457,0.16253869969040247,32.34,0.5,0.01,3,100,0.1,0.1,5.0,0.5,0.7
RawPixels,P,0.17647058823529413,0.13555555555555554,0.14352941176470588,32.75,0.5,0.01,3,100,0.1,0.1,5.0,0.5,0.8
RawPixels,P,0.11764705882352941,0.09322493224932249,0.09870875179340027,32.21,0.5,0.01,3,100,0.1,1.0,1.0,0.5,0.6
RawPixels,P,0.19607843137254902,0.15533259011519882,0.16446980129844577,32.95,0.5,0.01,3,100,0.1,1.0,1.0,0.5,0.7
RawPixels,P,0.17647058823529413,0.1373873873873874,0.14546899841017488,32.71,0.5,0.01,3,100,0.1,1.0,1.0,0.5,0.8
RawPixels,P,0.11764705882352941,0.09206349206349207,0.09747899159663866,32.39,0.5,0.01,3,100,0.1,1.0,5.0,0.5,0.6
RawPixels,P,0.13725490196078433,0.10801963993453356,0.11437373640127081,32.39,0.5,0.01,3,100,0.1,1.0,5.0,0.5,0.7
RawPixels,P,0.11764705882352941,0.09383524277141297,0.09935496293443728,32.81,0.5,0.01,3,100,0.1,1.0,5.0,0.5,0.8
RawPixels,P,0.21568627450980393,0.1724266072092159,0.182569348809758,30.14,0.5,0.01,3,100,0.3,0.1,1.0,0.5,0.6
RawPixels,P,0.21568627450980393,0.17352134743439093,0.18372848551876686,30.22,0.5,0.01,3,100,0.3,0.1,1.0,0.5,0.7
RawPixels,P,0.1568627450980392,0.12509534706331046,0.13245389689056403,30.53,0.5,0.01,3,100,0.3,0.1,1.0,0.5,0.8
RawPixels,P,0.13725490196078433,0.10801963993453356,0.11437373640127081,30.29,0.5,0.01,3,100,0.3,0.1,5.0,0.5,0.6
RawPixels,P,0.17647058823529413,0.1392980541916712,0.1474920573794166,29.82,0.5,0.01,3,100,0.3,0.1,5.0,0.5,0.7
RawPixels,P,0.17647058823529413,0.13555555555555554,0.14352941176470588,30.46,0.5,0.01,3,100,0.3,0.1,5.0,0.5,0.8
RawPixels,P,0.11764705882352941,0.09322493224932249,0.09870875179340027,30.19,0.5,0.01,3,100,0.3,1.0,1.0,0.5,0.6
RawPixels,P,0.17647058823529413,0.14074074074074075,0.14901960784313725,30.34,0.5,0.01,3,100,0.3,1.0,1.0,0.5,0.7
RawPixels,P,0.17647058823529413,0.13568670711527855,0.14366827812205962,30.35,0.5,0.01,3,100,0.3,1.0,1.0,0.5,0.8
RawPixels,P,0.09803921568627451,0.07599858607281725,0.08046909113592414,30.12,0.5,0.01,3,100,0.3,1.0,5.0,0.5,0.6
RawPixels,P,0.13725490196078433,0.10801963993453356,0.11437373640127081,30.66,0.5,0.01,3,100,0.3,1.0,5.0,0.5,0.7
RawPixels,P,0.09803921568627451,0.0789855072463768,0.08363171355498719,30.5,0.5,0.01,3,100,0.3,1.0,5.0,0.5,0.8
RawPixels,P,0.21568627450980393,0.180999180999181,0.19164619164619162,61.57,0.5,0.01,3,150,0.1,0.1,1.0,0.5,0.6
RawPixels,P,0.29411764705882354,0.28703703703703703,0.28921568627450983,61.57,0.5,0.01,3,150,0.1,0.1,1.0,0.5,0.7
RawPixels,P,0.27450980392156865,0.23877068557919623,0.24746842644214356,62.02,0.5,0.01,3,150,0.1,0.1,1.0,0.5,0.8
RawPixels,P,0.19607843137254902,0.1574074074074074,0.16666666666666666,62.09,0.5,0.01,3,150,0.1,0.1,5.0,0.5,0.6
RawPixels,P,0.2549019607843137,0.20370370370370372,0.21568627450980393,61.94,0.5,0.01,3,150,0.1,0.1,5.0,0.5,0.7
RawPixels,P,0.2549019607843137,0.19863945578231293,0.21032412965186073,61.76,0.5,0.01,3,150,0.1,0.1,5.0,0.5,0.8
RawPixels,P,0.21568627450980393,0.18074255405956752,0.19137446900424795,61.92,0.5,0.01,3,150,0.1,1.0,1.0,0.5,0.6
RawPixels,P,0.21568627450980393,0.17862838915470491,0.18913594145792287,62.0,0.5,0.01,3,150,0.1,1.0,1.0,0.5,0.7
RawPixels,P,0.23529411764705882,0.18494897959183673,0.195828331332533,62.01,0.5,0.01,3,150,0.1,1.0,1.0,0.5,0.8
RawPixels,P,0.1568627450980392,0.12429990966576332,0.13161166905786706,61.99,0.5,0.01,3,150,0.1,1.0,5.0,0.5,0.6
RawPixels,P,0.19607843137254902,0.1552818215752146,0.16441604637375667,61.83,0.5,0.01,3,150,0.1,1.0,5.0,0.5,0.7
RawPixels,P,0.23529411764705882,0.17647058823529413,0.1868512110726644,62.1,0.5,0.01,3,150,0.1,1.0,5.0,0.5,0.8
RawPixels,P,0.21568627450980393,0.180999180999181,0.19164619164619162,56.39,0.5,0.01,3,150,0.3,0.1,1.0,0.5,0.6
RawPixels,P,0.29411764705882354,0.27442123094297005,0.2803334772644236,56.05,0.5,0.01,3,150,0.3,0.1,1.0,0.5,0.7
RawPixels,P,0.27450980392156865,0.23877068557919623,0.24746842644214356,56.75,0.5,0.01,3,150,0.3,0.1,1.0,0.5,0.8
RawPixels,P,0.17647058823529413,0.1408398364920104,0.14912453275624632,56.12,0.5,0.01,3,150,0.3,0.1,5.0,0.5,0.6
RawPixels,P,0.19607843137254902,0.15713196033562166,0.16637501682595232,56.04,0.5,0.01,3,150,0.3,0.1,5.0,0.5,0.7
RawPixels,P,0.23529411764705882,0.17647058823529413,0.1868512110726644,56.65,0.5,0.01,3,150,0.3,0.1,5.0,0.5,0.8
RawPixels,P,0.19607843137254902,0.1626984126984127,0.17226890756302518,56.09,0.5,0.01,3,150,0.3,1.0,1.0,0.5,0.6
RawPixels,P,0.21568627450980393,0.17849334128403896,0.18899294959486476,56.56,0.5,0.01,3,150,0.3,1.0,1.0,0.5,0.7
RawPixels,P,0.23529411764705882,0.18560606060606064,0.196524064171123,56.48,0.5,0.01,3,150,0.3,1.0,1.0,0.5,0.8
RawPixels,P,0.13725490196078433,0.10894660894660894,0.11535523300229181,56.21,0.5,0.01,3,150,0.3,1.0,5.0,0.5,0.6
RawPixels,P,0.17647058823529413,0.1408398364920104,0.14912453275624632,56.21,0.5,0.01,3,150,0.3,1.0,5.0,0.5,0.7
RawPixels,P,0.23529411764705882,0.17647058823529413,0.1868512110726644,56.38,0.5,0.01,3,150,0.3,1.0,5.0,0.5,0.8
RawPixels,P,0.11764705882352941,0.09225874867444327,0.09768573389058698,14.99,0.5,0.01,4,50,0.1,0.1,1.0,0.5,0.6
RawPixels,P,0.13725490196078433,0.10453216374269007,0.11068111455108358,15.06,0.5,0.01,4,50,0.1,0.1,1.0,0.5,0.7
RawPixels,P,0.17647058823529413,0.13997113997113997,0.14820473644003054,14.92,0.5,0.01,4,50,0.1,0.1,1.0,0.5,0.8
RawPixels,P,0.0196078431372549,0.014184397163120567,0.015018773466833541,14.81,0.5,0.01,4,50,0.1,0.1,5.0,0.5,0.6
RawPixels,P,0.0784313725490196,0.05921985815602837,0.06270337922403003,14.96,0.5,0.01,4,50,0.1,0.1,5.0,0.5,0.7
RawPixels,P,0.09803921568627451,0.07599858607281725,0.08046909113592414,15.03,0.5,0.01,4,50,0.1,0.1,5.0,0.5,0.8
RawPixels,P,0.058823529411764705,0.045035460992907804,0.04768460575719649,14.82,0.5,0.01,4,50,0.1,1.0,1.0,0.5,0.6
RawPixels,P,0.0784313725490196,0.05921985815602837,0.06270337922403003,15.1,0.5,0.01,4,50,0.1,1.0,1.0,0.5,0.7
RawPixels,P,0.11764705882352941,0.09007092198581561,0.09536921151439298,15.14,0.5,0.01,4,50,0.1,1.0,1.0,0.5,0.8
RawPixels,P,0.0,0.0,0.0,14.76,0.5,0.01,4,50,0.1,1.0,5.0,0.5,0.6
RawPixels,P,0.0196078431372549,0.015503875968992248,0.016415868673050615,14.72,0.5,0.01,4,50,0.1,1.0,5.0,0.5,0.7
RawPixels,P,0.058823529411764705,0.046159267089499655,0.048874518094764334,14.98,0.5,0.01,4,50,0.1,1.0,5.0,0.5,0.8
RawPixels,P,0.09803921568627451,0.07588652482269503,0.08035043804755945,14.08,0.5,0.01,4,50,0.3,0.1,1.0,0.5,0.6
RawPixels,P,0.09803921568627451,0.07264957264957266,0.07692307692307691,14.33,0.5,0.01,4,50,0.3,0.1,1.0,0.5,0.7
RawPixels,P,0.13725490196078433,0.10673758865248227,0.1130162703379224,14.53,0.5,0.01,4,50,0.3,0.1,1.0,0.5,0.8
RawPixels,P,0.0196078431372549,0.014184397163120567,0.015018773466833541,14.23,0.5,0.01,4,50,0.3,0.1,5.0,0.5,0.6
RawPixels,P,0.0392156862745098,0.03068783068783069,0.03249299719887955,14.43,0.5,0.01,4,50,0.3,0.1,5.0,0.5,0.7
RawPixels,P,0.0784313725490196,0.06137566137566138,0.0649859943977591,14.4,0.5,0.01,4,50,0.3,0.1,5.0,0.5,0.8
RawPixels,P,0.0392156862745098,0.030752916224814422,0.032561911296862325,14.24,0.5,0.01,4,50,0.3,1.0,1.0,0.5,0.6
RawPixels,P,0.0784313725490196,0.05921985815602837,0.06270337922403003,14.45,0.5,0.01,4,50,0.3,1.0,1.0,0.5,0.7
RawPixels,P,0.09803921568627451,0.07599858607281725,0.08046909113592414,14.42,0.5,0.01,4,50,0.3,1.0,1.0,0.5,0.8
RawPixels,P,0.0,0.0,0.0,13.98,0.5,0.01,4,50,0.3,1.0,5.0,0.5,0.6
RawPixels,P,0.0,0.0,0.0,14.43,0.5,0.01,4,50,0.3,1.0,5.0,0.5,0.7
RawPixels,P,0.0392156862745098,0.03068783068783069,0.03249299719887955,14.41,0.5,0.01,4,50,0.3,1.0,5.0,0.5,0.8
RawPixels,P,0.19607843137254902,0.15713196033562166,0.16637501682595232,32.8,0.5,0.01,4,100,0.1,0.1,1.0,0.5,0.6
RawPixels,P,0.2549019607843137,0.20603211907559735,0.21815165549180893,32.84,0.5,0.01,4,100,0.1,0.1,1.0,0.5,0.7
RawPixels,P,0.23529411764705882,0.18754925137903858,0.19858156028368795,33.46,0.5,0.01,4,100,0.1,0.1,1.0,0.5,0.8
RawPixels,P,0.11764705882352941,0.09347826086956522,0.09897698209718668,32.81,0.5,0.01,4,100,0.1,0.1,5.0,0.5,0.6
RawPixels,P,0.19607843137254902,0.15350877192982457,0.16253869969040247,32.92,0.5,0.01,4,100,0.1,0.1,5.0,0.5,0.7
RawPixels,P,0.17647058823529413,0.13555555555555554,0.14352941176470588,32.75,0.5,0.01,4,100,0.1,0.1,5.0,0.5,0.8
RawPixels,P,0.11764705882352941,0.09322493224932249,0.09870875179340027,35.92,0.5,0.01,4,100,0.1,1.0,1.0,0.5,0.6
RawPixels,P,0.19607843137254902,0.15533259011519882,0.16446980129844577,34.65,0.5,0.01,4,100,0.1,1.0,1.0,0.5,0.7
RawPixels,P,0.17647058823529413,0.1373873873873874,0.14546899841017488,33.81,0.5,0.01,4,100,0.1,1.0,1.0,0.5,0.8
RawPixels,P,0.11764705882352941,0.09206349206349207,0.09747899159663866,33.6,0.5,0.01,4,100,0.1,1.0,5.0,0.5,0.6
RawPixels,P,0.13725490196078433,0.10801963993453356,0.11437373640127081,33.02,0.5,0.01,4,100,0.1,1.0,5.0,0.5,0.7
RawPixels,P,0.11764705882352941,0.09383524277141297,0.09935496293443728,33.18,0.5,0.01,4,100,0.1,1.0,5.0,0.5,0.8
RawPixels,P,0.21568627450980393,0.1724266072092159,0.182569348809758,30.66,0.5,0.01,4,100,0.3,0.1,1.0,0.5,0.6
RawPixels,P,0.21568627450980393,0.17352134743439093,0.18372848551876686,30.92,0.5,0.01,4,100,0.3,0.1,1.0,0.5,0.7
RawPixels,P,0.1568627450980392,0.12509534706331046,0.13245389689056403,30.92,0.5,0.01,4,100,0.3,0.1,1.0,0.5,0.8
RawPixels,P,0.13725490196078433,0.10801963993453356,0.11437373640127081,30.47,0.5,0.01,4,100,0.3,0.1,5.0,0.5,0.6
RawPixels,P,0.17647058823529413,0.1392980541916712,0.1474920573794166,30.66,0.5,0.01,4,100,0.3,0.1,5.0,0.5,0.7
RawPixels,P,0.17647058823529413,0.13555555555555554,0.14352941176470588,30.96,0.5,0.01,4,100,0.3,0.1,5.0,0.5,0.8
RawPixels,P,0.11764705882352941,0.09322493224932249,0.09870875179340027,29.47,0.5,0.01,4,100,0.3,1.0,1.0,0.5,0.6
RawPixels,P,0.17647058823529413,0.14074074074074075,0.14901960784313725,30.31,0.5,0.01,4,100,0.3,1.0,1.0,0.5,0.7
RawPixels,P,0.17647058823529413,0.13568670711527855,0.14366827812205962,30.35,0.5,0.01,4,100,0.3,1.0,1.0,0.5,0.8
RawPixels,P,0.09803921568627451,0.07599858607281725,0.08046909113592414,29.99,0.5,0.01,4,100,0.3,1.0,5.0,0.5,0.6
RawPixels,P,0.13725490196078433,0.10801963993453356,0.11437373640127081,29.85,0.5,0.01,4,100,0.3,1.0,5.0,0.5,0.7
RawPixels,P,0.09803921568627451,0.0789855072463768,0.08363171355498719,30.16,0.5,0.01,4,100,0.3,1.0,5.0,0.5,0.8
RawPixels,P,0.21568627450980393,0.180999180999181,0.19164619164619162,62.25,0.5,0.01,4,150,0.1,0.1,1.0,0.5,0.6
RawPixels,P,0.29411764705882354,0.28703703703703703,0.28921568627450983,62.23,0.5,0.01,4,150,0.1,0.1,1.0,0.5,0.7
RawPixels,P,0.27450980392156865,0.23877068557919623,0.24746842644214356,61.99,0.5,0.01,4,150,0.1,0.1,1.0,0.5,0.8
RawPixels,P,0.19607843137254902,0.1574074074074074,0.16666666666666666,61.87,0.5,0.01,4,150,0.1,0.1,5.0,0.5,0.6
RawPixels,P,0.2549019607843137,0.20370370370370372,0.21568627450980393,61.65,0.5,0.01,4,150,0.1,0.1,5.0,0.5,0.7
RawPixels,P,0.2549019607843137,0.19863945578231293,0.21032412965186073,61.94,0.5,0.01,4,150,0.1,0.1,5.0,0.5,0.8
RawPixels,P,0.21568627450980393,0.18074255405956752,0.19137446900424795,61.24,0.5,0.01,4,150,0.1,1.0,1.0,0.5,0.6
RawPixels,P,0.21568627450980393,0.17862838915470491,0.18913594145792287,61.43,0.5,0.01,4,150,0.1,1.0,1.0,0.5,0.7
RawPixels,P,0.23529411764705882,0.18494897959183673,0.195828331332533,61.67,0.5,0.01,4,150,0.1,1.0,1.0,0.5,0.8
RawPixels,P,0.1568627450980392,0.12429990966576332,0.13161166905786706,61.69,0.5,0.01,4,150,0.1,1.0,5.0,0.5,0.6
RawPixels,P,0.19607843137254902,0.1552818215752146,0.16441604637375667,61.64,0.5,0.01,4,150,0.1,1.0,5.0,0.5,0.7
RawPixels,P,0.23529411764705882,0.17647058823529413,0.1868512110726644,61.66,0.5,0.01,4,150,0.1,1.0,5.0,0.5,0.8
RawPixels,P,0.21568627450980393,0.180999180999181,0.19164619164619162,56.05,0.5,0.01,4,150,0.3,0.1,1.0,0.5,0.6
RawPixels,P,0.29411764705882354,0.27442123094297005,0.2803334772644236,56.35,0.5,0.01,4,150,0.3,0.1,1.0,0.5,0.7
RawPixels,P,0.27450980392156865,0.23877068557919623,0.24746842644214356,56.41,0.5,0.01,4,150,0.3,0.1,1.0,0.5,0.8
RawPixels,P,0.17647058823529413,0.1408398364920104,0.14912453275624632,56.0,0.5,0.01,4,150,0.3,0.1,5.0,0.5,0.6
RawPixels,P,0.19607843137254902,0.15713196033562166,0.16637501682595232,55.73,0.5,0.01,4,150,0.3,0.1,5.0,0.5,0.7
RawPixels,P,0.23529411764705882,0.17647058823529413,0.1868512110726644,56.42,0.5,0.01,4,150,0.3,0.1,5.0,0.5,0.8
RawPixels,P,0.19607843137254902,0.1626984126984127,0.17226890756302518,55.98,0.5,0.01,4,150,0.3,1.0,1.0,0.5,0.6
RawPixels,P,0.21568627450980393,0.17849334128403896,0.18899294959486476,56.59,0.5,0.01,4,150,0.3,1.0,1.0,0.5,0.7
RawPixels,P,0.23529411764705882,0.18560606060606064,0.196524064171123,56.22,0.5,0.01,4,150,0.3,1.0,1.0,0.5,0.8
RawPixels,P,0.13725490196078433,0.10894660894660894,0.11535523300229181,56.31,0.5,0.01,4,150,0.3,1.0,5.0,0.5,0.6
RawPixels,P,0.17647058823529413,0.1408398364920104,0.14912453275624632,56.25,0.5,0.01,4,150,0.3,1.0,5.0,0.5,0.7
RawPixels,P,0.23529411764705882,0.17647058823529413,0.1868512110726644,56.1,0.5,0.01,4,150,0.3,1.0,5.0,0.5,0.8
RawPixels,P,0.3333333333333333,0.2981339882048706,0.31055619211462004,14.65,0.5,0.05,2,50,0.1,0.1,1.0,0.5,0.6
RawPixels,P,0.35294117647058826,0.3397109304426378,0.3455762792922047,14.64,0.5,0.05,2,50,0.1,0.1,1.0,0.5,0.7
RawPixels,P,0.37254901960784315,0.35659787367104445,0.3639995585476216,14.75,0.5,0.05,2,50,0.1,0.1,1.0,0.5,0.8
RawPixels,P,0.29411764705882354,0.2598086124401914,0.26920911905432027,14.31,0.5,0.05,2,50,0.1,0.1,5.0,0.5,0.6
RawPixels,P,0.37254901960784315,0.35597109304426383,0.36279292204686747,14.8,0.5,0.05,2,50,0.1,0.1,5.0,0.5,0.7
RawPixels,P,0.35294117647058826,0.3248800295311923,0.33418669793498795,14.62,0.5,0.05,2,50,0.1,0.1,5.0,0.5,0.8
RawPixels,P,0.3333333333333333,0.3109624674842066,0.3190241983080858,14.66,0.5,0.05,2,50,0.1,1.0,1.0,0.5,0.6
RawPixels,P,0.3137254901960784,0.30477477477477477,0.30858505564387917,14.64,0.5,0.05,2,50,0.1,1.0,1.0,0.5,0.7
RawPixels,P,0.3333333333333333,0.31232323232323234,0.3165775401069519,14.86,0.5,0.05,2,50,0.1,1.0,1.0,0.5,0.8
RawPixels,P,0.29411764705882354,0.259137856391861,0.26818930924463297,14.41,0.5,0.05,2,50,0.1,1.0,5.0,0.5,0.6
RawPixels,P,0.3333333333333333,0.30822510822510824,0.31566080977845684,14.5,0.5,0.05,2,50,0.1,1.0,5.0,0.5,0.7
RawPixels,P,0.3137254901960784,0.27326978222118886,0.2839968817101358,14.73,0.5,0.05,2,50,0.1,1.0,5.0,0.5,0.8
RawPixels,P,0.3137254901960784,0.28197696023782975,0.29344875073775334,13.95,0.5,0.05,2,50,0.3,0.1,1.0,0.5,0.6
RawPixels,P,0.35294117647058826,0.3398448400959982,0.34449044450062216,13.98,0.5,0.05,2,50,0.3,0.1,1.0,0.5,0.7
RawPixels,P,0.35294117647058826,0.333077975376197,0.3385531503983262,13.85,0.5,0.05,2,50,0.3,0.1,1.0,0.5,0.8
RawPixels,P,0.3333333333333333,0.29365079365079366,0.30504201680672266,14.07,0.5,0.05,2,50,0.3,0.1,5.0,0.5,0.6
RawPixels,P,0.35294117647058826,0.3271355278433135,0.3361486151589048,13.99,0.5,0.05,2,50,0.3,0.1,5.0,0.5,0.7
RawPixels,P,0.37254901960784315,0.34263940381230573,0.3525644838319555,13.75,0.5,0.05,2,50,0.3,0.1,5.0,0.5,0.8
RawPixels,P,0.3137254901960784,0.27797797797797796,0.288447270800212,14.11,0.5,0.05,2,50,0.3,1.0,1.0,0.5,0.6
RawPixels,P,0.35294117647058826,0.33792177270438145,0.34245425549773373,14.16,0.5,0.05,2,50,0.3,1.0,1.0,0.5,0.7
RawPixels,P,0.35294117647058826,0.333077975376197,0.3385531503983262,14.03,0.5,0.05,2,50,0.3,1.0,1.0,0.5,0.8
RawPixels,P,0.23529411764705882,0.18938087023193406,0.20052092142204783,13.76,0.5,0.05,2,50,0.3,1.0,5.0,0.5,0.6
RawPixels,P,0.27450980392156865,0.24405458089668616,0.252218782249742,14.22,0.5,0.05,2,50,0.3,1.0,5.0,0.5,0.7
RawPixels,P,0.3137254901960784,0.2777777777777778,0.2887700534759358,14.12,0.5,0.05,2,50,0.3,1.0,5.0,0.5,0.8
RawPixels,P,0.4117647058823529,0.40910140910140913,0.41054176348293997,32.65,0.5,0.05,2,100,0.1,0.1,1.0,0.5,0.6
RawPixels,P,0.4117647058823529,0.40795181146058335,0.4101624844658901,32.85,0.5,0.05,2,100,0.1,0.1,1.0,0.5,0.7
RawPixels,P,0.4117647058823529,0.4105042016806723,0.4094414236282748,32.89,0.5,0.05,2,100,0.1,0.1,1.0,0.5,0.8
RawPixels,P,0.3333333333333333,0.32788349861520594,0.3290712157283176,32.73,0.5,0.05,2,100,0.1,0.1,5.0,0.5,0.6
RawPixels,P,0.37254901960784315,0.3652186020607073,0.36989532655167323,32.68,0.5,0.05,2,100,0.1,0.1,5.0,0.5,0.7
RawPixels,P,0.37254901960784315,0.3700854700854701,0.3708468002585649,32.78,0.5,0.05,2,100,0.1,0.1,5.0,0.5,0.8
RawPixels,P,0.39215686274509803,0.3832658569500675,0.38771135984758276,32.38,0.5,0.05,2,100,0.1,1.0,1.0,0.5,0.6
RawPixels,P,0.37254901960784315,0.36524243541787405,0.36929809066031977,32.75,0.5,0.05,2,100,0.1,1.0,1.0,0.5,0.7
RawPixels,P,0.39215686274509803,0.3898809523809524,0.38760504201680673,32.91,0.5,0.05,2,100,0.1,1.0,1.0,0.5,0.8
RawPixels,P,0.2549019607843137,0.24129366568390961,0.24643763696848345,32.73,0.5,0.05,2,100,0.1,1.0,5.0,0.5,0.6
RawPixels,P,0.37254901960784315,0.36514719848053184,0.36919725155019273,32.63,0.5,0.05,2,100,0.1,1.0,5.0,0.5,0.7
RawPixels,P,0.3137254901960784,0.30655763989097323,0.3071612483377189,32.61,0.5,0.05,2,100,0.1,1.0,5.0,0.5,0.8
RawPixels,P,0.4117647058823529,0.41283764967975495,0.4119121332743623,30.22,0.5,0.05,2,100,0.3,0.1,1.0,0.5,0.6
RawPixels,P,0.39215686274509803,0.38326045343589205,0.38837599209116236,30.3,0.5,0.05,2,100,0.3,0.1,1.0,0.5,0.7
RawPixels,P,0.35294117647058826,0.3514510181176848,0.35033811504399737,30.2,0.5,0.05,2,100,0.3,0.1,1.0,0.5,0.8
RawPixels,P,0.29411764705882354,0.28233857645622357,0.2853720673789878,30.02,0.5,0.05,2,100,0.3,0.1,5.0,0.5,0.6
RawPixels,P,0.39215686274509803,0.3824175824175824,0.3881060116354234,30.66,0.5,0.05,2,100,0.3,0.1,5.0,0.5,0.7
RawPixels,P,0.37254901960784315,0.3678374692243655,0.36768847503930635,30.18,0.5,0.05,2,100,0.3,0.1,5.0,0.5,0.8
RawPixels,P,0.3333333333333333,0.3266106442577031,0.3290163124073159,30.22,0.5,0.05,2,100,0.3,1.0,1.0,0.5,0.6
RawPixels,P,0.35294117647058826,0.3476985757687512,0.35072223926713086,30.69,0.5,0.05,2,100,0.3,1.0,1.0,0.5,0.7
RawPixels,P,0.37254901960784315,0.3671583405110537,0.3669693975781527,30.5,0.5,0.05,2,100,0.3,1.0,1.0,0.5,0.8
RawPixels,P,0.23529411764705882,0.21675675675675674,0.22480127186009538,30.41,0.5,0.05,2,100,0.3,1.0,5.0,0.5,0.6
RawPixels,P,0.35294117647058826,0.3398013398013398,0.34621499327381683,30.16,0.5,0.05,2,100,0.3,1.0,5.0,0.5,0.7
RawPixels,P,0.29411764705882354,0.28176216548309574,0.28476174987802894,30.61,0.5,0.05,2,100,0.3,1.0,5.0,0.5,0.8
RawPixels,P,0.45098039215686275,0.45365136980381987,0.45193917857524135,61.56,0.5,0.05,2,150,0.1,0.1,1.0,0.5,0.6
RawPixels,P,0.43137254901960786,0.42345679012345677,0.4265795206971677,61.9,0.5,0.05,2,150,0.1,0.1,1.0,0.5,0.7
RawPixels,P,0.4117647058823529,0.4105042016806723,0.4094414236282748,61.73,0.5,0.05,2,150,0.1,0.1,1.0,0.5,0.8
RawPixels,P,0.43137254901960786,0.4306628640566934,0.4316552029160121,61.79,0.5,0.05,2,150,0.1,0.1,5.0,0.5,0.6
RawPixels,P,0.37254901960784315,0.37407407407407406,0.37254901960784315,61.68,0.5,0.05,2,150,0.1,0.1,5.0,0.5,0.7
RawPixels,P,0.43137254901960786,0.43164612291284205,0.425664522299872,61.45,0.5,0.05,2,150,0.1,0.1,5.0,0.5,0.8
RawPixels,P,0.43137254901960786,0.43154591633293454,0.4325901994437969,61.48,0.5,0.05,2,150,0.1,1.0,1.0,0.5,0.6
RawPixels,P,0.39215686274509803,0.3893178893178893,0.39121053826936186,61.5,0.5,0.05,2,150,0.1,1.0,1.0,0.5,0.7
RawPixels,P,0.4117647058823529,0.41130356480745806,0.40710032622615233,61.94,0.5,0.05,2,150,0.1,1.0,1.0,0.5,0.8
RawPixels,P,0.35294117647058826,0.3526802664733699,0.353142188841986,61.79,0.5,0.05,2,150,0.1,1.0,5.0,0.5,0.6
RawPixels,P,0.3137254901960784,0.3061274768591842,0.30732825280888404,61.41,0.5,0.05,2,150,0.1,1.0,5.0,0.5,0.7
RawPixels,P,0.39215686274509803,0.39305555555555555,0.38872549019607844,61.91,0.5,0.05,2,150,0.1,1.0,5.0,0.5,0.8
RawPixels,P,0.45098039215686275,0.45365136980381987,0.45193917857524135,56.37,0.5,0.05,2,150,0.3,0.1,1.0,0.5,0.6
RawPixels,P,0.45098039215686275,0.44824134479306893,0.45026771193099796,55.72,0.5,0.05,2,150,0.3,0.1,1.0,0.5,0.7
RawPixels,P,0.37254901960784315,0.36841353195441723,0.36487483215341643,56.5,0.5,0.05,2,150,0.3,0.1,1.0,0.5,0.8
RawPixels,P,0.39215686274509803,0.3898385565052232,0.39098374392492036,55.98,0.5,0.05,2,150,0.3,0.1,5.0,0.5,0.6
RawPixels,P,0.4117647058823529,0.41297149684246454,0.4106984729375621,56.27,0.5,0.05,2,150,0.3,0.1,5.0,0.5,0.7
RawPixels,P,0.43137254901960786,0.43164612291284205,0.425664522299872,56.45,0.5,0.05,2,150,0.3,0.1,5.0,0.5,0.8
RawPixels,P,0.39215686274509803,0.3896358543417367,0.3915472071181414,56.13,0.5,0.05,2,150,0.3,1.0,1.0,0.5,0.6
RawPixels,P,0.39215686274509803,0.3936867902385144,0.39250406593205783,56.58,0.5,0.05,2,150,0.3,1.0,1.0,0.5,0.7
RawPixels,P,0.4117647058823529,0.41130356480745806,0.40710032622615233,56.18,0.5,0.05,2,150,0.3,1.0,1.0,0.5,0.8
RawPixels,P,0.37254901960784315,0.37019778399088743,0.37169014856641636,56.05,0.5,0.05,2,150,0.3,1.0,5.0,0.5,0.6
RawPixels,P,0.35294117647058826,0.34638447971781305,0.3493308434484905,56.61,0.5,0.05,2,150,0.3,1.0,5.0,0.5,0.7
RawPixels,P,0.3333333333333333,0.32993700066870796,0.3283366561702286,56.16,0.5,0.05,2,150,0.3,1.0,5.0,0.5,0.8
RawPixels,P,0.3333333333333333,0.2981339882048706,0.31055619211462004,14.75,0.5,0.05,3,50,0.1,0.1,1.0,0.5,0.6
RawPixels,P,0.35294117647058826,0.3397109304426378,0.3455762792922047,14.82,0.5,0.05,3,50,0.1,0.1,1.0,0.5,0.7
RawPixels,P,0.37254901960784315,0.35659787367104445,0.3639995585476216,14.89,0.5,0.05,3,50,0.1,0.1,1.0,0.5,0.8
RawPixels,P,0.29411764705882354,0.2598086124401914,0.26920911905432027,14.77,0.5,0.05,3,50,0.1,0.1,5.0,0.5,0.6
RawPixels,P,0.37254901960784315,0.35597109304426383,0.36279292204686747,14.97,0.5,0.05,3,50,0.1,0.1,5.0,0.5,0.7
RawPixels,P,0.35294117647058826,0.3248800295311923,0.33418669793498795,14.97,0.5,0.05,3,50,0.1,0.1,5.0,0.5,0.8
RawPixels,P,0.3333333333333333,0.3109624674842066,0.3190241983080858,15.03,0.5,0.05,3,50,0.1,1.0,1.0,0.5,0.6
RawPixels,P,0.3137254901960784,0.30477477477477477,0.30858505564387917,14.93,0.5,0.05,3,50,0.1,1.0,1.0,0.5,0.7
RawPixels,P,0.3333333333333333,0.31232323232323234,0.3165775401069519,14.94,0.5,0.05,3,50,0.1,1.0,1.0,0.5,0.8
RawPixels,P,0.29411764705882354,0.259137856391861,0.26818930924463297,14.8,0.5,0.05,3,50,0.1,1.0,5.0,0.5,0.6
RawPixels,P,0.3333333333333333,0.30822510822510824,0.31566080977845684,14.81,0.5,0.05,3,50,0.1,1.0,5.0,0.5,0.7
RawPixels,P,0.3137254901960784,0.27326978222118886,0.2839968817101358,14.86,0.5,0.05,3,50,0.1,1.0,5.0,0.5,0.8
RawPixels,P,0.3137254901960784,0.28197696023782975,0.29344875073775334,14.38,0.5,0.05,3,50,0.3,0.1,1.0,0.5,0.6
RawPixels,P,0.35294117647058826,0.3398448400959982,0.34449044450062216,14.33,0.5,0.05,3,50,0.3,0.1,1.0,0.5,0.7
RawPixels,P,0.35294117647058826,0.333077975376197,0.3385531503983262,14.39,0.5,0.05,3,50,0.3,0.1,1.0,0.5,0.8
RawPixels,P,0.3333333333333333,0.29365079365079366,0.30504201680672266,14.44,0.5,0.05,3,50,0.3,0.1,5.0,0.5,0.6
RawPixels,P,0.35294117647058826,0.3271355278433135,0.3361486151589048,14.36,0.5,0.05,3,50,0.3,0.1,5.0,0.5,0.7
RawPixels,P,0.37254901960784315,0.34263940381230573,0.3525644838319555,14.5,0.5,0.05,3,50,0.3,0.1,5.0,0.5,0.8
RawPixels,P,0.3137254901960784,0.27797797797797796,0.288447270800212,14.5,0.5,0.05,3,50,0.3,1.0,1.0,0.5,0.6
RawPixels,P,0.35294117647058826,0.33792177270438145,0.34245425549773373,14.22,0.5,0.05,3,50,0.3,1.0,1.0,0.5,0.7
RawPixels,P,0.35294117647058826,0.333077975376197,0.3385531503983262,14.43,0.5,0.05,3,50,0.3,1.0,1.0,0.5,0.8
RawPixels,P,0.23529411764705882,0.18938087023193406,0.20052092142204783,14.48,0.5,0.05,3,50,0.3,1.0,5.0,0.5,0.6
RawPixels,P,0.27450980392156865,0.24405458089668616,0.252218782249742,14.24,0.5,0.05,3,50,0.3,1.0,5.0,0.5,0.7
RawPixels,P,0.3137254901960784,0.2777777777777778,0.2887700534759358,13.89,0.5,0.05,3,50,0.3,1.0,5.0,0.5,0.8
RawPixels,P,0.4117647058823529,0.40910140910140913,0.41054176348293997,32.8,0.5,0.05,3,100,0.1,0.1,1.0,0.5,0.6
RawPixels,P,0.4117647058823529,0.40795181146058335,0.4101624844658901,33.21,0.5,0.05,3,100,0.1,0.1,1.0,0.5,0.7
RawPixels,P,0.4117647058823529,0.4105042016806723,0.4094414236282748,32.81,0.5,0.05,3,100,0.1,0.1,1.0,0.5,0.8
RawPixels,P,0.3333333333333333,0.32788349861520594,0.3290712157283176,33.14,0.5,0.05,3,100,0.1,0.1,5.0,0.5,0.6
RawPixels,P,0.37254901960784315,0.3652186020607073,0.36989532655167323,32.76,0.5,0.05,3,100,0.1,0.1,5.0,0.5,0.7
RawPixels,P,0.37254901960784315,0.3700854700854701,0.3708468002585649,32.82,0.5,0.05,3,100,0.1,0.1,5.0,0.5,0.8
RawPixels,P,0.39215686274509803,0.3832658569500675,0.38771135984758276,32.89,0.5,0.05,3,100,0.1,1.0,1.0,0.5,0.6
RawPixels,P,0.37254901960784315,0.36524243541787405,0.36929809066031977,33.01,0.5,0.05,3,100,0.1,1.0,1.0,0.5,0.7
RawPixels,P,0.39215686274509803,0.3898809523809524,0.38760504201680673,33.36,0.5,0.05,3,100,0.1,1.0,1.0,0.5,0.8
RawPixels,P,0.2549019607843137,0.24129366568390961,0.24643763696848345,33.2,0.5,0.05,3,100,0.1,1.0,5.0,0.5,0.6
RawPixels,P,0.37254901960784315,0.36514719848053184,0.36919725155019273,33.14,0.5,0.05,3,100,0.1,1.0,5.0,0.5,0.7
RawPixels,P,0.3137254901960784,0.30655763989097323,0.3071612483377189,32.75,0.5,0.05,3,100,0.1,1.0,5.0,0.5,0.8
RawPixels,P,0.4117647058823529,0.41283764967975495,0.4119121332743623,30.43,0.5,0.05,3,100,0.3,0.1,1.0,0.5,0.6
RawPixels,P,0.39215686274509803,0.38326045343589205,0.38837599209116236,30.95,0.5,0.05,3,100,0.3,0.1,1.0,0.5,0.7
RawPixels,P,0.35294117647058826,0.3514510181176848,0.35033811504399737,30.68,0.5,0.05,3,100,0.3,0.1,1.0,0.5,0.8
RawPixels,P,0.29411764705882354,0.28233857645622357,0.2853720673789878,31.3,0.5,0.05,3,100,0.3,0.1,5.0,0.5,0.6
RawPixels,P,0.39215686274509803,0.3824175824175824,0.3881060116354234,30.5,0.5,0.05,3,100,0.3,0.1,5.0,0.5,0.7
RawPixels,P,0.37254901960784315,0.3678374692243655,0.36768847503930635,30.8,0.5,0.05,3,100,0.3,0.1,5.0,0.5,0.8
RawPixels,P,0.3333333333333333,0.3266106442577031,0.3290163124073159,30.63,0.5,0.05,3,100,0.3,1.0,1.0,0.5,0.6
RawPixels,P,0.35294117647058826,0.3476985757687512,0.35072223926713086,30.98,0.5,0.05,3,100,0.3,1.0,1.0,0.5,0.7
RawPixels,P,0.37254901960784315,0.3671583405110537,0.3669693975781527,30.81,0.5,0.05,3,100,0.3,1.0,1.0,0.5,0.8
RawPixels,P,0.23529411764705882,0.21675675675675674,0.22480127186009538,30.33,0.5,0.05,3,100,0.3,1.0,5.0,0.5,0.6
RawPixels,P,0.35294117647058826,0.3398013398013398,0.34621499327381683,30.55,0.5,0.05,3,100,0.3,1.0,5.0,0.5,0.7
RawPixels,P,0.29411764705882354,0.28176216548309574,0.28476174987802894,30.89,0.5,0.05,3,100,0.3,1.0,5.0,0.5,0.8
RawPixels,P,0.45098039215686275,0.45365136980381987,0.45193917857524135,62.09,0.5,0.05,3,150,0.1,0.1,1.0,0.5,0.6
RawPixels,P,0.43137254901960786,0.42345679012345677,0.4265795206971677,61.5,0.5,0.05,3,150,0.1,0.1,1.0,0.5,0.7
RawPixels,P,0.4117647058823529,0.4105042016806723,0.4094414236282748,61.46,0.5,0.05,3,150,0.1,0.1,1.0,0.5,0.8
RawPixels,P,0.43137254901960786,0.4306628640566934,0.4316552029160121,61.75,0.5,0.05,3,150,0.1,0.1,5.0,0.5,0.6
RawPixels,P,0.37254901960784315,0.37407407407407406,0.37254901960784315,61.72,0.5,0.05,3,150,0.1,0.1,5.0,0.5,0.7
RawPixels,P,0.43137254901960786,0.43164612291284205,0.425664522299872,62.32,0.5,0.05,3,150,0.1,0.1,5.0,0.5,0.8
RawPixels,P,0.43137254901960786,0.43154591633293454,0.4325901994437969,61.57,0.5,0.05,3,150,0.1,1.0,1.0,0.5,0.6
RawPixels,P,0.39215686274509803,0.3893178893178893,0.39121053826936186,61.15,0.5,0.05,3,150,0.1,1.0,1.0,0.5,0.7
RawPixels,P,0.4117647058823529,0.41130356480745806,0.40710032622615233,61.83,0.5,0.05,3,150,0.1,1.0,1.0,0.5,0.8
RawPixels,P,0.35294117647058826,0.3526802664733699,0.353142188841986,61.9,0.5,0.05,3,150,0.1,1.0,5.0,0.5,0.6
RawPixels,P,0.3137254901960784,0.3061274768591842,0.30732825280888404,61.4,0.5,0.05,3,150,0.1,1.0,5.0,0.5,0.7
RawPixels,P,0.39215686274509803,0.39305555555555555,0.38872549019607844,61.74,0.5,0.05,3,150,0.1,1.0,5.0,0.5,0.8
RawPixels,P,0.45098039215686275,0.45365136980381987,0.45193917857524135,56.43,0.5,0.05,3,150,0.3,0.1,1.0,0.5,0.6
RawPixels,P,0.45098039215686275,0.44824134479306893,0.45026771193099796,56.09,0.5,0.05,3,150,0.3,0.1,1.0,0.5,0.7
RawPixels,P,0.37254901960784315,0.36841353195441723,0.36487483215341643,56.47,0.5,0.05,3,150,0.3,0.1,1.0,0.5,0.8
RawPixels,P,0.39215686274509803,0.3898385565052232,0.39098374392492036,56.26,0.5,0.05,3,150,0.3,0.1,5.0,0.5,0.6
RawPixels,P,0.4117647058823529,0.41297149684246454,0.4106984729375621,56.67,0.5,0.05,3,150,0.3,0.1,5.0,0.5,0.7
RawPixels,P,0.43137254901960786,0.43164612291284205,0.425664522299872,56.33,0.5,0.05,3,150,0.3,0.1,5.0,0.5,0.8
RawPixels,P,0.39215686274509803,0.3896358543417367,0.3915472071181414,55.79,0.5,0.05,3,150,0.3,1.0,1.0,0.5,0.6
RawPixels,P,0.39215686274509803,0.3936867902385144,0.39250406593205783,56.79,0.5,0.05,3,150,0.3,1.0,1.0,0.5,0.7
RawPixels,P,0.4117647058823529,0.41130356480745806,0.40710032622615233,56.58,0.5,0.05,3,150,0.3,1.0,1.0,0.5,0.8
RawPixels,P,0.37254901960784315,0.37019778399088743,0.37169014856641636,56.1,0.5,0.05,3,150,0.3,1.0,5.0,0.5,0.6
RawPixels,P,0.35294117647058826,0.34638447971781305,0.3493308434484905,56.34,0.5,0.05,3,150,0.3,1.0,5.0,0.5,0.7
RawPixels,P,0.3333333333333333,0.32993700066870796,0.3283366561702286,56.3,0.5,0.05,3,150,0.3,1.0,5.0,0.5,0.8
RawPixels,P,0.3333333333333333,0.2981339882048706,0.31055619211462004,15.27,0.5,0.05,4,50,0.1,0.1,1.0,0.5,0.6
RawPixels,P,0.35294117647058826,0.3397109304426378,0.3455762792922047,14.76,0.5,0.05,4,50,0.1,0.1,1.0,0.5,0.7
RawPixels,P,0.37254901960784315,0.35659787367104445,0.3639995585476216,15.01,0.5,0.05,4,50,0.1,0.1,1.0,0.5,0.8
RawPixels,P,0.29411764705882354,0.2598086124401914,0.26920911905432027,14.89,0.5,0.05,4,50,0.1,0.1,5.0,0.5,0.6
RawPixels,P,0.37254901960784315,0.35597109304426383,0.36279292204686747,14.82,0.5,0.05,4,50,0.1,0.1,5.0,0.5,0.7
RawPixels,P,0.35294117647058826,0.3248800295311923,0.33418669793498795,15.11,0.5,0.05,4,50,0.1,0.1,5.0,0.5,0.8
RawPixels,P,0.3333333333333333,0.3109624674842066,0.3190241983080858,14.95,0.5,0.05,4,50,0.1,1.0,1.0,0.5,0.6
RawPixels,P,0.3137254901960784,0.30477477477477477,0.30858505564387917,14.81,0.5,0.05,4,50,0.1,1.0,1.0,0.5,0.7
RawPixels,P,0.3333333333333333,0.31232323232323234,0.3165775401069519,15.0,0.5,0.05,4,50,0.1,1.0,1.0,0.5,0.8
RawPixels,P,0.29411764705882354,0.259137856391861,0.26818930924463297,14.7,0.5,0.05,4,50,0.1,1.0,5.0,0.5,0.6
RawPixels,P,0.3333333333333333,0.30822510822510824,0.31566080977845684,15.21,0.5,0.05,4,50,0.1,1.0,5.0,0.5,0.7
RawPixels,P,0.3137254901960784,0.27326978222118886,0.2839968817101358,15.0,0.5,0.05,4,50,0.1,1.0,5.0,0.5,0.8
RawPixels,P,0.3137254901960784,0.28197696023782975,0.29344875073775334,14.16,0.5,0.05,4,50,0.3,0.1,1.0,0.5,0.6
RawPixels,P,0.35294117647058826,0.3398448400959982,0.34449044450062216,14.11,0.5,0.05,4,50,0.3,0.1,1.0,0.5,0.7
RawPixels,P,0.35294117647058826,0.333077975376197,0.3385531503983262,14.61,0.5,0.05,4,50,0.3,0.1,1.0,0.5,0.8
RawPixels,P,0.3333333333333333,0.29365079365079366,0.30504201680672266,14.39,0.5,0.05,4,50,0.3,0.1,5.0,0.5,0.6
RawPixels,P,0.35294117647058826,0.3271355278433135,0.3361486151589048,14.23,0.5,0.05,4,50,0.3,0.1,5.0,0.5,0.7
RawPixels,P,0.37254901960784315,0.34263940381230573,0.3525644838319555,14.58,0.5,0.05,4,50,0.3,0.1,5.0,0.5,0.8
RawPixels,P,0.3137254901960784,0.27797797797797796,0.288447270800212,14.45,0.5,0.05,4,50,0.3,1.0,1.0,0.5,0.6
RawPixels,P,0.35294117647058826,0.33792177270438145,0.34245425549773373,14.19,0.5,0.05,4,50,0.3,1.0,1.0,0.5,0.7
RawPixels,P,0.35294117647058826,0.333077975376197,0.3385531503983262,14.3,0.5,0.05,4,50,0.3,1.0,1.0,0.5,0.8
RawPixels,P,0.23529411764705882,0.18938087023193406,0.20052092142204783,14.35,0.5,0.05,4,50,0.3,1.0,5.0,0.5,0.6
RawPixels,P,0.27450980392156865,0.24405458089668616,0.252218782249742,14.36,0.5,0.05,4,50,0.3,1.0,5.0,0.5,0.7
RawPixels,P,0.3137254901960784,0.2777777777777778,0.2887700534759358,14.39,0.5,0.05,4,50,0.3,1.0,5.0,0.5,0.8
RawPixels,P,0.4117647058823529,0.40910140910140913,0.41054176348293997,32.66,0.5,0.05,4,100,0.1,0.1,1.0,0.5,0.6
RawPixels,P,0.4117647058823529,0.40795181146058335,0.4101624844658901,33.25,0.5,0.05,4,100,0.1,0.1,1.0,0.5,0.7
RawPixels,P,0.4117647058823529,0.4105042016806723,0.4094414236282748,33.03,0.5,0.05,4,100,0.1,0.1,1.0,0.5,0.8
RawPixels,P,0.3333333333333333,0.32788349861520594,0.3290712157283176,33.15,0.5,0.05,4,100,0.1,0.1,5.0,0.5,0.6
RawPixels,P,0.37254901960784315,0.3652186020607073,0.36989532655167323,32.8,0.5,0.05,4,100,0.1,0.1,5.0,0.5,0.7
RawPixels,P,0.37254901960784315,0.3700854700854701,0.3708468002585649,33.15,0.5,0.05,4,100,0.1,0.1,5.0,0.5,0.8
RawPixels,P,0.39215686274509803,0.3832658569500675,0.38771135984758276,33.0,0.5,0.05,4,100,0.1,1.0,1.0,0.5,0.6
RawPixels,P,0.37254901960784315,0.36524243541787405,0.36929809066031977,33.1,0.5,0.05,4,100,0.1,1.0,1.0,0.5,0.7
RawPixels,P,0.39215686274509803,0.3898809523809524,0.38760504201680673,33.12,0.5,0.05,4,100,0.1,1.0,1.0,0.5,0.8
RawPixels,P,0.2549019607843137,0.24129366568390961,0.24643763696848345,32.87,0.5,0.05,4,100,0.1,1.0,5.0,0.5,0.6
RawPixels,P,0.37254901960784315,0.36514719848053184,0.36919725155019273,33.06,0.5,0.05,4,100,0.1,1.0,5.0,0.5,0.7
RawPixels,P,0.3137254901960784,0.30655763989097323,0.3071612483377189,33.44,0.5,0.05,4,100,0.1,1.0,5.0,0.5,0.8
RawPixels,P,0.4117647058823529,0.41283764967975495,0.4119121332743623,30.87,0.5,0.05,4,100,0.3,0.1,1.0,0.5,0.6
RawPixels,P,0.39215686274509803,0.38326045343589205,0.38837599209116236,30.78,0.5,0.05,4,100,0.3,0.1,1.0,0.5,0.7
RawPixels,P,0.35294117647058826,0.3514510181176848,0.35033811504399737,31.09,0.5,0.05,4,100,0.3,0.1,1.0,0.5,0.8
RawPixels,P,0.29411764705882354,0.28233857645622357,0.2853720673789878,30.23,0.5,0.05,4,100,0.3,0.1,5.0,0.5,0.6
RawPixels,P,0.39215686274509803,0.3824175824175824,0.3881060116354234,30.69,0.5,0.05,4,100,0.3,0.1,5.0,0.5,0.7
RawPixels,P,0.37254901960784315,0.3678374692243655,0.36768847503930635,30.87,0.5,0.05,4,100,0.3,0.1,5.0,0.5,0.8
RawPixels,P,0.3333333333333333,0.3266106442577031,0.3290163124073159,30.35,0.5,0.05,4,100,0.3,1.0,1.0,0.5,0.6
RawPixels,P,0.35294117647058826,0.3476985757687512,0.35072223926713086,30.31,0.5,0.05,4,100,0.3,1.0,1.0,0.5,0.7
RawPixels,P,0.37254901960784315,0.3671583405110537,0.3669693975781527,31.34,0.5,0.05,4,100,0.3,1.0,1.0,0.5,0.8
RawPixels,P,0.23529411764705882,0.21675675675675674,0.22480127186009538,30.54,0.5,0.05,4,100,0.3,1.0,5.0,0.5,0.6
RawPixels,P,0.35294117647058826,0.3398013398013398,0.34621499327381683,30.55,0.5,0.05,4,100,0.3,1.0,5.0,0.5,0.7
RawPixels,P,0.29411764705882354,0.28176216548309574,0.28476174987802894,30.99,0.5,0.05,4,100,0.3,1.0,5.0,0.5,0.8
RawPixels,P,0.45098039215686275,0.45365136980381987,0.45193917857524135,61.52,0.5,0.05,4,150,0.1,0.1,1.0,0.5,0.6
RawPixels,P,0.43137254901960786,0.42345679012345677,0.4265795206971677,61.65,0.5,0.05,4,150,0.1,0.1,1.0,0.5,0.7
RawPixels,P,0.4117647058823529,0.4105042016806723,0.4094414236282748,62.12,0.5,0.05,4,150,0.1,0.1,1.0,0.5,0.8
RawPixels,P,0.43137254901960786,0.4306628640566934,0.4316552029160121,60.99,0.5,0.05,4,150,0.1,0.1,5.0,0.5,0.6
RawPixels,P,0.37254901960784315,0.37407407407407406,0.37254901960784315,62.25,0.5,0.05,4,150,0.1,0.1,5.0,0.5,0.7
RawPixels,P,0.43137254901960786,0.43164612291284205,0.425664522299872,62.0,0.5,0.05,4,150,0.1,0.1,5.0,0.5,0.8
RawPixels,P,0.43137254901960786,0.43154591633293454,0.4325901994437969,61.84,0.5,0.05,4,150,0.1,1.0,1.0,0.5,0.6
RawPixels,P,0.39215686274509803,0.3893178893178893,0.39121053826936186,61.51,0.5,0.05,4,150,0.1,1.0,1.0,0.5,0.7
RawPixels,P,0.4117647058823529,0.41130356480745806,0.40710032622615233,62.57,0.5,0.05,4,150,0.1,1.0,1.0,0.5,0.8
RawPixels,P,0.35294117647058826,0.3526802664733699,0.353142188841986,61.6,0.5,0.05,4,150,0.1,1.0,5.0,0.5,0.6
RawPixels,P,0.3137254901960784,0.3061274768591842,0.30732825280888404,61.96,0.5,0.05,4,150,0.1,1.0,5.0,0.5,0.7
RawPixels,P,0.39215686274509803,0.39305555555555555,0.38872549019607844,61.79,0.5,0.05,4,150,0.1,1.0,5.0,0.5,0.8
RawPixels,P,0.45098039215686275,0.45365136980381987,0.45193917857524135,56.34,0.5,0.05,4,150,0.3,0.1,1.0,0.5,0.6
RawPixels,P,0.45098039215686275,0.44824134479306893,0.45026771193099796,56.24,0.5,0.05,4,150,0.3,0.1,1.0,0.5,0.7
RawPixels,P,0.37254901960784315,0.36841353195441723,0.36487483215341643,56.84,0.5,0.05,4,150,0.3,0.1,1.0,0.5,0.8
RawPixels,P,0.39215686274509803,0.3898385565052232,0.39098374392492036,55.82,0.5,0.05,4,150,0.3,0.1,5.0,0.5,0.6
RawPixels,P,0.4117647058823529,0.41297149684246454,0.4106984729375621,56.3,0.5,0.05,4,150,0.3,0.1,5.0,0.5,0.7
RawPixels,P,0.43137254901960786,0.43164612291284205,0.425664522299872,56.58,0.5,0.05,4,150,0.3,0.1,5.0,0.5,0.8
RawPixels,P,0.39215686274509803,0.3896358543417367,0.3915472071181414,56.28,0.5,0.05,4,150,0.3,1.0,1.0,0.5,0.6
RawPixels,P,0.39215686274509803,0.3936867902385144,0.39250406593205783,56.6,0.5,0.05,4,150,0.3,1.0,1.0,0.5,0.7
RawPixels,P,0.4117647058823529,0.41130356480745806,0.40710032622615233,56.43,0.5,0.05,4,150,0.3,1.0,1.0,0.5,0.8
RawPixels,P,0.37254901960784315,0.37019778399088743,0.37169014856641636,56.05,0.5,0.05,4,150,0.3,1.0,5.0,0.5,0.6
RawPixels,P,0.35294117647058826,0.34638447971781305,0.3493308434484905,56.91,0.5,0.05,4,150,0.3,1.0,5.0,0.5,0.7
RawPixels,P,0.3333333333333333,0.32993700066870796,0.3283366561702286,56.81,0.5,0.05,4,150,0.3,1.0,5.0,0.5,0.8
RawPixels,P,0.47058823529411764,0.4657505833549391,0.4688069057023898,14.78,0.5,0.1,2,50,0.1,0.1,1.0,0.5,0.6
RawPixels,P,0.43137254901960786,0.40789473684210525,0.4171826625386997,14.83,0.5,0.1,2,50,0.1,0.1,1.0,0.5,0.7
RawPixels,P,0.43137254901960786,0.4311454311454312,0.4312968430615489,14.91,0.5,0.1,2,50,0.1,0.1,1.0,0.5,0.8
RawPixels,P,0.37254901960784315,0.3654320987654321,0.36949891067538126,14.85,0.5,0.1,2,50,0.1,0.1,5.0,0.5,0.6
RawPixels,P,0.37254901960784315,0.35659787367104445,0.3639995585476216,14.8,0.5,0.1,2,50,0.1,0.1,5.0,0.5,0.7
RawPixels,P,0.39215686274509803,0.3871794871794872,0.38894634776987724,14.78,0.5,0.1,2,50,0.1,0.1,5.0,0.5,0.8
RawPixels,P,0.4117647058823529,0.39873015873015877,0.40336134453781514,15.15,0.5,0.1,2,50,0.1,1.0,1.0,0.5,0.6
RawPixels,P,0.39215686274509803,0.37433862433862436,0.3816526610644258,14.81,0.5,0.1,2,50,0.1,1.0,1.0,0.5,0.7
RawPixels,P,0.39215686274509803,0.38263775971093045,0.38632233381157344,14.8,0.5,0.1,2,50,0.1,1.0,1.0,0.5,0.8
RawPixels,P,0.29411764705882354,0.2637822881725321,0.2739512997762639,14.94,0.5,0.1,2,50,0.1,1.0,5.0,0.5,0.6
RawPixels,P,0.35294117647058826,0.328042328042328,0.33753501400560226,15.05,0.5,0.1,2,50,0.1,1.0,5.0,0.5,0.7
RawPixels,P,0.35294117647058826,0.3431461111996741,0.3459019826645786,14.78,0.5,0.1,2,50,0.1,1.0,5.0,0.5,0.8
RawPixels,P,0.4117647058823529,0.4067901234567901,0.4089324618736383,14.18,0.5,0.1,2,50,0.3,0.1,1.0,0.5,0.6
RawPixels,P,0.37254901960784315,0.356140350877193,0.3623839009287925,13.91,0.5,0.1,2,50,0.3,0.1,1.0,0.5,0.7
RawPixels,P,0.39215686274509803,0.3866946778711485,0.38843302026693033,14.0,0.5,0.1,2,50,0.3,0.1,1.0,0.5,0.8
RawPixels,P,0.35294117647058826,0.3394594594594595,0.3453100158982512,14.38,0.5,0.1,2,50,0.3,0.1,5.0,0.5,0.6
RawPixels,P,0.37254901960784315,0.3558201058201058,0.3620448179271709,14.35,0.5,0.1,2,50,0.3,0.1,5.0,0.5,0.7
RawPixels,P,0.39215686274509803,0.3880534670008354,0.38987173816895176,14.11,0.5,0.1,2,50,0.3,0.1,5.0,0.5,0.8
RawPixels,P,0.35294117647058826,0.33043634727845256,0.3404620147654203,14.25,0.5,0.1,2,50,0.3,1.0,1.0,0.5,0.6
RawPixels,P,0.3333333333333333,0.32279279279279277,0.3276629570747218,14.43,0.5,0.1,2,50,0.3,1.0,1.0,0.5,0.7
RawPixels,P,0.39215686274509803,0.38278629506699685,0.38787394205350867,14.28,0.5,0.1,2,50,0.3,1.0,1.0,0.5,0.8
RawPixels,P,0.35294117647058826,0.31363636363636366,0.3267379679144385,14.16,0.5,0.1,2,50,0.3,1.0,5.0,0.5,0.6
RawPixels,P,0.37254901960784315,0.35580092287409365,0.3620245065725697,14.19,0.5,0.1,2,50,0.3,1.0,5.0,0.5,0.7
RawPixels,P,0.39215686274509803,0.38224121557454893,0.38729679906150494,13.85,0.5,0.1,2,50,0.3,1.0,5.0,0.5,0.8
RawPixels,P,0.39215686274509803,0.38326045343589205,0.38837599209116236,32.75,0.5,0.1,2,100,0.1,0.1,1.0,0.5,0.6
RawPixels,P,0.4117647058823529,0.412942612942613,0.41202327084680024,33.04,0.5,0.1,2,100,0.1,0.1,1.0,0.5,0.7
RawPixels,P,0.43137254901960786,0.42839683298793774,0.42745285584343734,33.24,0.5,0.1,2,100,0.1,0.1,1.0,0.5,0.8
RawPixels,P,0.45098039215686275,0.443019943019943,0.4464555052790347,33.17,0.5,0.1,2,100,0.1,0.1,5.0,0.5,0.6
RawPixels,P,0.43137254901960786,0.43460375075620084,0.4317711113483506,32.61,0.5,0.1,2,100,0.1,0.1,5.0,0.5,0.7
RawPixels,P,0.47058823529411764,0.4711952294529427,0.47051502996843025,33.08,0.5,0.1,2,100,0.1,0.1,5.0,0.5,0.8
RawPixels,P,0.43137254901960786,0.4261954261954262,0.42864131099425223,32.89,0.5,0.1,2,100,0.1,1.0,1.0,0.5,0.6
RawPixels,P,0.45098039215686275,0.4442134442134442,0.44771921242509477,32.81,0.5,0.1,2,100,0.1,1.0,1.0,0.5,0.7
RawPixels,P,0.47058823529411764,0.4686609686609686,0.47008547008547,32.91,0.5,0.1,2,100,0.1,1.0,1.0,0.5,0.8
RawPixels,P,0.39215686274509803,0.3898385565052232,0.39098374392492036,33.01,0.5,0.1,2,100,0.1,1.0,5.0,0.5,0.6
RawPixels,P,0.37254901960784315,0.36524243541787405,0.36929809066031977,33.09,0.5,0.1,2,100,0.1,1.0,5.0,0.5,0.7
RawPixels,P,0.43137254901960786,0.42903209028969674,0.42992850128036864,32.94,0.5,0.1,2,100,0.1,1.0,5.0,0.5,0.8
RawPixels,P,0.4117647058823529,0.40058479532163743,0.40454076367389064,30.61,0.5,0.1,2,100,0.3,0.1,1.0,0.5,0.6
RawPixels,P,0.47058823529411764,0.4671814671814672,0.46945264592323416,30.69,0.5,0.1,2,100,0.3,0.1,1.0,0.5,0.7
RawPixels,P,0.43137254901960786,0.41954022988505746,0.4158215010141988,30.14,0.5,0.1,2,100,0.3,0.1,1.0,0.5,0.8
RawPixels,P,0.4117647058823529,0.40086369770580293,0.40562038580614435,30.28,0.5,0.1,2,100,0.3,0.1,5.0,0.5,0.6
RawPixels,P,0.43137254901960786,0.4302233267750509,0.4311898105001553,30.69,0.5,0.1,2,100,0.3,0.1,5.0,0.5,0.7
RawPixels,P,0.4117647058823529,0.4105042016806723,0.4094414236282748,30.38,0.5,0.1,2,100,0.3,0.1,5.0,0.5,0.8
RawPixels,P,0.43137254901960786,0.4261954261954262,0.42864131099425223,30.61,0.5,0.1,2,100,0.3,1.0,1.0,0.5,0.6
RawPixels,P,0.43137254901960786,0.4311454311454312,0.4312968430615489,30.65,0.5,0.1,2,100,0.3,1.0,1.0,0.5,0.7
RawPixels,P,0.39215686274509803,0.38894113549285964,0.387479255024894,30.82,0.5,0.1,2,100,0.3,1.0,1.0,0.5,0.8
RawPixels,P,0.4117647058823529,0.4089068825910931,0.410335794236723,30.25,0.5,0.1,2,100,0.3,1.0,5.0,0.5,0.6
RawPixels,P,0.43137254901960786,0.4302233267750509,0.4311898105001553,30.61,0.5,0.1,2,100,0.3,1.0,5.0,0.5,0.7
RawPixels,P,0.43137254901960786,0.4321316614420063,0.429153605015674,30.58,0.5,0.1,2,100,0.3,1.0,5.0,0.5,0.8
RawPixels,P,0.43137254901960786,0.42535392535392536,0.42936634113104705,61.55,0.5,0.1,2,150,0.1,0.1,1.0,0.5,0.6
RawPixels,P,0.4117647058823529,0.40693257359924023,0.4090832914362326,61.31,0.5,0.1,2,150,0.1,0.1,1.0,0.5,0.7
RawPixels,P,0.45098039215686275,0.44396344396344395,0.44393514981750276,61.73,0.5,0.1,2,150,0.1,0.1,1.0,0.5,0.8
RawPixels,P,0.45098039215686275,0.4501870291343975,0.4505248282338065,61.8,0.5,0.1,2,150,0.1,0.1,5.0,0.5,0.6
RawPixels,P,0.45098039215686275,0.44722222222222224,0.44607843137254904,61.75,0.5,0.1,2,150,0.1,0.1,5.0,0.5,0.7
RawPixels,P,0.45098039215686275,0.45048041389504806,0.44756749706534504,61.95,0.5,0.1,2,150,0.1,0.1,5.0,0.5,0.8
RawPixels,P,0.47058823529411764,0.47289377289377293,0.4712992889463477,62.36,0.5,0.1,2,150,0.1,1.0,1.0,0.5,0.6
RawPixels,P,0.47058823529411764,0.46617826617826613,0.4683904330963154,61.75,0.5,0.1,2,150,0.1,1.0,1.0,0.5,0.7
RawPixels,P,0.4117647058823529,0.40567120433638787,0.40113665043325447,61.58,0.5,0.1,2,150,0.1,1.0,1.0,0.5,0.8
RawPixels,P,0.4117647058823529,0.412942612942613,0.41202327084680024,61.51,0.5,0.1,2,150,0.1,1.0,5.0,0.5,0.6
RawPixels,P,0.43137254901960786,0.4306628640566934,0.4316552029160121,61.43,0.5,0.1,2,150,0.1,1.0,5.0,0.5,0.7
RawPixels,P,0.4117647058823529,0.41192964123998604,0.40776323068412323,61.89,0.5,0.1,2,150,0.1,1.0,5.0,0.5,0.8
RawPixels,P,0.47058823529411764,0.4686609686609686,0.47008547008547,55.98,0.5,0.1,2,150,0.3,0.1,1.0,0.5,0.6
RawPixels,P,0.4117647058823529,0.40080971659919024,0.4062872112407716,56.33,0.5,0.1,2,150,0.3,0.1,1.0,0.5,0.7
RawPixels,P,0.47058823529411764,0.46624156039009756,0.46425576982480915,56.11,0.5,0.1,2,150,0.3,0.1,1.0,0.5,0.8
RawPixels,P,0.49019607843137253,0.49122807017543857,0.4907120743034056,56.86,0.5,0.1,2,150,0.3,0.1,5.0,0.5,0.6
RawPixels,P,0.45098039215686275,0.4461261073837139,0.4480280487916808,56.34,0.5,0.1,2,150,0.3,0.1,5.0,0.5,0.7
RawPixels,P,0.4117647058823529,0.4057539682539682,0.40441176470588236,56.28,0.5,0.1,2,150,0.3,0.1,5.0,0.5,0.8
RawPixels,P,0.49019607843137253,0.492896405177107,0.4913892220393769,55.88,0.5,0.1,2,150,0.3,1.0,1.0,0.5,0.6
RawPixels,P,0.43137254901960786,0.43003663003663006,0.4301228183581125,56.2,0.5,0.1,2,150,0.3,1.0,1.0,0.5,0.7
RawPixels,P,0.39215686274509803,0.38095238095238093,0.37591036414565826,55.94,0.5,0.1,2,150,0.3,1.0,1.0,0.5,0.8
RawPixels,P,0.4117647058823529,0.412942612942613,0.41202327084680024,55.46,0.5,0.1,2,150,0.3,1.0,5.0,0.5,0.6
RawPixels,P,0.43137254901960786,0.4333333333333333,0.43137254901960786,55.4,0.5,0.1,2,150,0.3,1.0,5.0,0.5,0.7
RawPixels,P,0.45098039215686275,0.4527777777777778,0.44803921568627453,55.1,0.5,0.1,2,150,0.3,1.0,5.0,0.5,0.8
RawPixels,P,0.47058823529411764,0.4657505833549391,0.4688069057023898,14.43,0.5,0.1,3,50,0.1,0.1,1.0,0.5,0.6
RawPixels,P,0.43137254901960786,0.40789473684210525,0.4171826625386997,14.23,0.5,0.1,3,50,0.1,0.1,1.0,0.5,0.7
RawPixels,P,0.43137254901960786,0.4311454311454312,0.4312968430615489,14.7,0.5,0.1,3,50,0.1,0.1,1.0,0.5,0.8
RawPixels,P,0.37254901960784315,0.3654320987654321,0.36949891067538126,14.54,0.5,0.1,3,50,0.1,0.1,5.0,0.5,0.6
RawPixels,P,0.37254901960784315,0.35659787367104445,0.3639995585476216,14.73,0.5,0.1,3,50,0.1,0.1,5.0,0.5,0.7
RawPixels,P,0.39215686274509803,0.3871794871794872,0.38894634776987724,14.51,0.5,0.1,3,50,0.1,0.1,5.0,0.5,0.8
RawPixels,P,0.4117647058823529,0.39873015873015877,0.40336134453781514,14.54,0.5,0.1,3,50,0.1,1.0,1.0,0.5,0.6
RawPixels,P,0.39215686274509803,0.37433862433862436,0.3816526610644258,14.53,0.5,0.1,3,50,0.1,1.0,1.0,0.5,0.7
RawPixels,P,0.39215686274509803,0.38263775971093045,0.38632233381157344,14.78,0.5,0.1,3,50,0.1,1.0,1.0,0.5,0.8
RawPixels,P,0.29411764705882354,0.2637822881725321,0.2739512997762639,14.49,0.5,0.1,3,50,0.1,1.0,5.0,0.5,0.6
RawPixels,P,0.35294117647058826,0.328042328042328,0.33753501400560226,14.45,0.5,0.1,3,50,0.1,1.0,5.0,0.5,0.7
RawPixels,P,0.35294117647058826,0.3431461111996741,0.3459019826645786,14.85,0.5,0.1,3,50,0.1,1.0,5.0,0.5,0.8
RawPixels,P,0.4117647058823529,0.4067901234567901,0.4089324618736383,13.81,0.5,0.1,3,50,0.3,0.1,1.0,0.5,0.6
RawPixels,P,0.37254901960784315,0.356140350877193,0.3623839009287925,13.98,0.5,0.1,3,50,0.3,0.1,1.0,0.5,0.7
RawPixels,P,0.39215686274509803,0.3866946778711485,0.38843302026693033,13.98,0.5,0.1,3,50,0.3,0.1,1.0,0.5,0.8
RawPixels,P,0.35294117647058826,0.3394594594594595,0.3453100158982512,13.88,0.5,0.1,3,50,0.3,0.1,5.0,0.5,0.6
RawPixels,P,0.37254901960784315,0.3558201058201058,0.3620448179271709,14.01,0.5,0.1,3,50,0.3,0.1,5.0,0.5,0.7
RawPixels,P,0.39215686274509803,0.3880534670008354,0.38987173816895176,14.08,0.5,0.1,3,50,0.3,0.1,5.0,0.5,0.8
RawPixels,P,0.35294117647058826,0.33043634727845256,0.3404620147654203,14.09,0.5,0.1,3,50,0.3,1.0,1.0,0.5,0.6
RawPixels,P,0.3333333333333333,0.32279279279279277,0.3276629570747218,13.95,0.5,0.1,3,50,0.3,1.0,1.0,0.5,0.7
RawPixels,P,0.39215686274509803,0.38278629506699685,0.38787394205350867,14.11,0.5,0.1,3,50,0.3,1.0,1.0,0.5,0.8
RawPixels,P,0.35294117647058826,0.31363636363636366,0.3267379679144385,14.09,0.5,0.1,3,50,0.3,1.0,5.0,0.5,0.6
RawPixels,P,0.37254901960784315,0.35580092287409365,0.3620245065725697,13.88,0.5,0.1,3,50,0.3,1.0,5.0,0.5,0.7
RawPixels,P,0.39215686274509803,0.38224121557454893,0.38729679906150494,13.99,0.5,0.1,3,50,0.3,1.0,5.0,0.5,0.8
RawPixels,P,0.39215686274509803,0.38326045343589205,0.38837599209116236,32.25,0.5,0.1,3,100,0.1,0.1,1.0,0.5,0.6
RawPixels,P,0.4117647058823529,0.412942612942613,0.41202327084680024,32.42,0.5,0.1,3,100,0.1,0.1,1.0,0.5,0.7
RawPixels,P,0.43137254901960786,0.42839683298793774,0.42745285584343734,32.63,0.5,0.1,3,100,0.1,0.1,1.0,0.5,0.8
RawPixels,P,0.45098039215686275,0.443019943019943,0.4464555052790347,32.35,0.5,0.1,3,100,0.1,0.1,5.0,0.5,0.6
RawPixels,P,0.43137254901960786,0.43460375075620084,0.4317711113483506,32.94,0.5,0.1,3,100,0.1,0.1,5.0,0.5,0.7
RawPixels,P,0.47058823529411764,0.4711952294529427,0.47051502996843025,32.78,0.5,0.1,3,100,0.1,0.1,5.0,0.5,0.8
RawPixels,P,0.43137254901960786,0.4261954261954262,0.42864131099425223,32.33,0.5,0.1,3,100,0.1,1.0,1.0,0.5,0.6
RawPixels,P,0.45098039215686275,0.4442134442134442,0.44771921242509477,33.01,0.5,0.1,3,100,0.1,1.0,1.0,0.5,0.7
RawPixels,P,0.47058823529411764,0.4686609686609686,0.47008547008547,32.65,0.5,0.1,3,100,0.1,1.0,1.0,0.5,0.8
RawPixels,P,0.39215686274509803,0.3898385565052232,0.39098374392492036,32.65,0.5,0.1,3,100,0.1,1.0,5.0,0.5,0.6
RawPixels,P,0.37254901960784315,0.36524243541787405,0.36929809066031977,32.81,0.5,0.1,3,100,0.1,1.0,5.0,0.5,0.7
RawPixels,P,0.43137254901960786,0.42903209028969674,0.42992850128036864,32.66,0.5,0.1,3,100,0.1,1.0,5.0,0.5,0.8
RawPixels,P,0.4117647058823529,0.40058479532163743,0.40454076367389064,29.89,0.5,0.1,3,100,0.3,0.1,1.0,0.5,0.6
RawPixels,P,0.47058823529411764,0.4671814671814672,0.46945264592323416,30.05,0.5,0.1,3,100,0.3,0.1,1.0,0.5,0.7
RawPixels,P,0.43137254901960786,0.41954022988505746,0.4158215010141988,30.76,0.5,0.1,3,100,0.3,0.1,1.0,0.5,0.8
RawPixels,P,0.4117647058823529,0.40086369770580293,0.40562038580614435,30.65,0.5,0.1,3,100,0.3,0.1,5.0,0.5,0.6
RawPixels,P,0.43137254901960786,0.4302233267750509,0.4311898105001553,30.6,0.5,0.1,3,100,0.3,0.1,5.0,0.5,0.7
RawPixels,P,0.4117647058823529,0.4105042016806723,0.4094414236282748,30.71,0.5,0.1,3,100,0.3,0.1,5.0,0.5,0.8
RawPixels,P,0.43137254901960786,0.4261954261954262,0.42864131099425223,30.05,0.5,0.1,3,100,0.3,1.0,1.0,0.5,0.6
RawPixels,P,0.43137254901960786,0.4311454311454312,0.4312968430615489,30.42,0.5,0.1,3,100,0.3,1.0,1.0,0.5,0.7
RawPixels,P,0.39215686274509803,0.38894113549285964,0.387479255024894,30.37,0.5,0.1,3,100,0.3,1.0,1.0,0.5,0.8
RawPixels,P,0.4117647058823529,0.4089068825910931,0.410335794236723,30.17,0.5,0.1,3,100,0.3,1.0,5.0,0.5,0.6
RawPixels,P,0.43137254901960786,0.4302233267750509,0.4311898105001553,30.17,0.5,0.1,3,100,0.3,1.0,5.0,0.5,0.7
RawPixels,P,0.43137254901960786,0.4321316614420063,0.429153605015674,30.51,0.5,0.1,3,100,0.3,1.0,5.0,0.5,0.8
RawPixels,P,0.43137254901960786,0.42535392535392536,0.42936634113104705,60.6,0.5,0.1,3,150,0.1,0.1,1.0,0.5,0.6
RawPixels,P,0.4117647058823529,0.40693257359924023,0.4090832914362326,61.1,0.5,0.1,3,150,0.1,0.1,1.0,0.5,0.7
RawPixels,P,0.45098039215686275,0.44396344396344395,0.44393514981750276,60.72,0.5,0.1,3,150,0.1,0.1,1.0,0.5,0.8
RawPixels,P,0.45098039215686275,0.4501870291343975,0.4505248282338065,60.51,0.5,0.1,3,150,0.1,0.1,5.0,0.5,0.6
RawPixels,P,0.45098039215686275,0.44722222222222224,0.44607843137254904,61.62,0.5,0.1,3,150,0.1,0.1,5.0,0.5,0.7
RawPixels,P,0.45098039215686275,0.45048041389504806,0.44756749706534504,61.77,0.5,0.1,3,150,0.1,0.1,5.0,0.5,0.8
RawPixels,P,0.47058823529411764,0.47289377289377293,0.4712992889463477,61.5,0.5,0.1,3,150,0.1,1.0,1.0,0.5,0.6
RawPixels,P,0.47058823529411764,0.46617826617826613,0.4683904330963154,62.61,0.5,0.1,3,150,0.1,1.0,1.0,0.5,0.7
RawPixels,P,0.4117647058823529,0.40567120433638787,0.40113665043325447,61.8,0.5,0.1,3,150,0.1,1.0,1.0,0.5,0.8
RawPixels,P,0.4117647058823529,0.412942612942613,0.41202327084680024,62.14,0.5,0.1,3,150,0.1,1.0,5.0,0.5,0.6
RawPixels,P,0.43137254901960786,0.4306628640566934,0.4316552029160121,61.73,0.5,0.1,3,150,0.1,1.0,5.0,0.5,0.7
RawPixels,P,0.4117647058823529,0.41192964123998604,0.40776323068412323,61.91,0.5,0.1,3,150,0.1,1.0,5.0,0.5,0.8
RawPixels,P,0.47058823529411764,0.4686609686609686,0.47008547008547,55.82,0.5,0.1,3,150,0.3,0.1,1.0,0.5,0.6
RawPixels,P,0.4117647058823529,0.40080971659919024,0.4062872112407716,56.21,0.5,0.1,3,150,0.3,0.1,1.0,0.5,0.7
RawPixels,P,0.47058823529411764,0.46624156039009756,0.46425576982480915,56.49,0.5,0.1,3,150,0.3,0.1,1.0,0.5,0.8
RawPixels,P,0.49019607843137253,0.49122807017543857,0.4907120743034056,55.95,0.5,0.1,3,150,0.3,0.1,5.0,0.5,0.6
RawPixels,P,0.45098039215686275,0.4461261073837139,0.4480280487916808,56.23,0.5,0.1,3,150,0.3,0.1,5.0,0.5,0.7
RawPixels,P,0.4117647058823529,0.4057539682539682,0.40441176470588236,56.23,0.5,0.1,3,150,0.3,0.1,5.0,0.5,0.8
RawPixels,P,0.49019607843137253,0.492896405177107,0.4913892220393769,55.9,0.5,0.1,3,150,0.3,1.0,1.0,0.5,0.6
RawPixels,P,0.43137254901960786,0.43003663003663006,0.4301228183581125,56.21,0.5,0.1,3,150,0.3,1.0,1.0,0.5,0.7
RawPixels,P,0.39215686274509803,0.38095238095238093,0.37591036414565826,56.64,0.5,0.1,3,150,0.3,1.0,1.0,0.5,0.8
RawPixels,P,0.4117647058823529,0.412942612942613,0.41202327084680024,55.98,0.5,0.1,3,150,0.3,1.0,5.0,0.5,0.6
RawPixels,P,0.43137254901960786,0.4333333333333333,0.43137254901960786,56.28,0.5,0.1,3,150,0.3,1.0,5.0,0.5,0.7
RawPixels,P,0.45098039215686275,0.4527777777777778,0.44803921568627453,56.85,0.5,0.1,3,150,0.3,1.0,5.0,0.5,0.8
RawPixels,P,0.47058823529411764,0.4657505833549391,0.4688069057023898,14.63,0.5,0.1,4,50,0.1,0.1,1.0,0.5,0.6
RawPixels,P,0.43137254901960786,0.40789473684210525,0.4171826625386997,15.0,0.5,0.1,4,50,0.1,0.1,1.0,0.5,0.7
RawPixels,P,0.43137254901960786,0.4311454311454312,0.4312968430615489,14.83,0.5,0.1,4,50,0.1,0.1,1.0,0.5,0.8
RawPixels,P,0.37254901960784315,0.3654320987654321,0.36949891067538126,14.52,0.5,0.1,4,50,0.1,0.1,5.0,0.5,0.6
RawPixels,P,0.37254901960784315,0.35659787367104445,0.3639995585476216,14.82,0.5,0.1,4,50,0.1,0.1,5.0,0.5,0.7
RawPixels,P,0.39215686274509803,0.3871794871794872,0.38894634776987724,15.35,0.5,0.1,4,50,0.1,0.1,5.0,0.5,0.8
RawPixels,P,0.4117647058823529,0.39873015873015877,0.40336134453781514,14.74,0.5,0.1,4,50,0.1,1.0,1.0,0.5,0.6
RawPixels,P,0.39215686274509803,0.37433862433862436,0.3816526610644258,14.98,0.5,0.1,4,50,0.1,1.0,1.0,0.5,0.7
RawPixels,P,0.39215686274509803,0.38263775971093045,0.38632233381157344,14.97,0.5,0.1,4,50,0.1,1.0,1.0,0.5,0.8
RawPixels,P,0.29411764705882354,0.2637822881725321,0.2739512997762639,14.89,0.5,0.1,4,50,0.1,1.0,5.0,0.5,0.6
RawPixels,P,0.35294117647058826,0.328042328042328,0.33753501400560226,14.82,0.5,0.1,4,50,0.1,1.0,5.0,0.5,0.7
RawPixels,P,0.35294117647058826,0.3431461111996741,0.3459019826645786,14.94,0.5,0.1,4,50,0.1,1.0,5.0,0.5,0.8
RawPixels,P,0.4117647058823529,0.4067901234567901,0.4089324618736383,14.27,0.5,0.1,4,50,0.3,0.1,1.0,0.5,0.6
RawPixels,P,0.37254901960784315,0.356140350877193,0.3623839009287925,14.38,0.5,0.1,4,50,0.3,0.1,1.0,0.5,0.7
RawPixels,P,0.39215686274509803,0.3866946778711485,0.38843302026693033,14.52,0.5,0.1,4,50,0.3,0.1,1.0,0.5,0.8
RawPixels,P,0.35294117647058826,0.3394594594594595,0.3453100158982512,14.33,0.5,0.1,4,50,0.3,0.1,5.0,0.5,0.6
RawPixels,P,0.37254901960784315,0.3558201058201058,0.3620448179271709,14.32,0.5,0.1,4,50,0.3,0.1,5.0,0.5,0.7
RawPixels,P,0.39215686274509803,0.3880534670008354,0.38987173816895176,14.49,0.5,0.1,4,50,0.3,0.1,5.0,0.5,0.8
RawPixels,P,0.35294117647058826,0.33043634727845256,0.3404620147654203,14.09,0.5,0.1,4,50,0.3,1.0,1.0,0.5,0.6
RawPixels,P,0.3333333333333333,0.32279279279279277,0.3276629570747218,14.17,0.5,0.1,4,50,0.3,1.0,1.0,0.5,0.7
RawPixels,P,0.39215686274509803,0.38278629506699685,0.38787394205350867,14.31,0.5,0.1,4,50,0.3,1.0,1.0,0.5,0.8
RawPixels,P,0.35294117647058826,0.31363636363636366,0.3267379679144385,14.1,0.5,0.1,4,50,0.3,1.0,5.0,0.5,0.6
RawPixels,P,0.37254901960784315,0.35580092287409365,0.3620245065725697,14.2,0.5,0.1,4,50,0.3,1.0,5.0,0.5,0.7
RawPixels,P,0.39215686274509803,0.38224121557454893,0.38729679906150494,13.99,0.5,0.1,4,50,0.3,1.0,5.0,0.5,0.8
RawPixels,P,0.39215686274509803,0.38326045343589205,0.38837599209116236,33.23,0.5,0.1,4,100,0.1,0.1,1.0,0.5,0.6
RawPixels,P,0.4117647058823529,0.412942612942613,0.41202327084680024,33.05,0.5,0.1,4,100,0.1,0.1,1.0,0.5,0.7
RawPixels,P,0.43137254901960786,0.42839683298793774,0.42745285584343734,33.0,0.5,0.1,4,100,0.1,0.1,1.0,0.5,0.8
RawPixels,P,0.45098039215686275,0.443019943019943,0.4464555052790347,32.73,0.5,0.1,4,100,0.1,0.1,5.0,0.5,0.6
RawPixels,P,0.43137254901960786,0.43460375075620084,0.4317711113483506,33.19,0.5,0.1,4,100,0.1,0.1,5.0,0.5,0.7
RawPixels,P,0.47058823529411764,0.4711952294529427,0.47051502996843025,33.1,0.5,0.1,4,100,0.1,0.1,5.0,0.5,0.8
RawPixels,P,0.43137254901960786,0.4261954261954262,0.42864131099425223,32.59,0.5,0.1,4,100,0.1,1.0,1.0,0.5,0.6
RawPixels,P,0.45098039215686275,0.4442134442134442,0.44771921242509477,32.9,0.5,0.1,4,100,0.1,1.0,1.0,0.5,0.7
RawPixels,P,0.47058823529411764,0.4686609686609686,0.47008547008547,33.33,0.5,0.1,4,100,0.1,1.0,1.0,0.5,0.8
RawPixels,P,0.39215686274509803,0.3898385565052232,0.39098374392492036,32.74,0.5,0.1,4,100,0.1,1.0,5.0,0.5,0.6
RawPixels,P,0.37254901960784315,0.36524243541787405,0.36929809066031977,33.0,0.5,0.1,4,100,0.1,1.0,5.0,0.5,0.7
RawPixels,P,0.43137254901960786,0.42903209028969674,0.42992850128036864,32.89,0.5,0.1,4,100,0.1,1.0,5.0,0.5,0.8
RawPixels,P,0.4117647058823529,0.40058479532163743,0.40454076367389064,30.1,0.5,0.1,4,100,0.3,0.1,1.0,0.5,0.6
RawPixels,P,0.47058823529411764,0.4671814671814672,0.46945264592323416,30.41,0.5,0.1,4,100,0.3,0.1,1.0,0.5,0.7
RawPixels,P,0.43137254901960786,0.41954022988505746,0.4158215010141988,30.67,0.5,0.1,4,100,0.3,0.1,1.0,0.5,0.8
RawPixels,P,0.4117647058823529,0.40086369770580293,0.40562038580614435,32.76,0.5,0.1,4,100,0.3,0.1,5.0,0.5,0.6
RawPixels,P,0.43137254901960786,0.4302233267750509,0.4311898105001553,32.34,0.5,0.1,4,100,0.3,0.1,5.0,0.5,0.7
RawPixels,P,0.4117647058823529,0.4105042016806723,0.4094414236282748,30.83,0.5,0.1,4,100,0.3,0.1,5.0,0.5,0.8
RawPixels,P,0.43137254901960786,0.4261954261954262,0.42864131099425223,30.43,0.5,0.1,4,100,0.3,1.0,1.0,0.5,0.6
RawPixels,P,0.43137254901960786,0.4311454311454312,0.4312968430615489,30.79,0.5,0.1,4,100,0.3,1.0,1.0,0.5,0.7
RawPixels,P,0.39215686274509803,0.38894113549285964,0.387479255024894,30.81,0.5,0.1,4,100,0.3,1.0,1.0,0.5,0.8
RawPixels,P,0.4117647058823529,0.4089068825910931,0.410335794236723,30.6,0.5,0.1,4,100,0.3,1.0,5.0,0.5,0.6
RawPixels,P,0.43137254901960786,0.4302233267750509,0.4311898105001553,30.83,0.5,0.1,4,100,0.3,1.0,5.0,0.5,0.7
RawPixels,P,0.43137254901960786,0.4321316614420063,0.429153605015674,30.76,0.5,0.1,4,100,0.3,1.0,5.0,0.5,0.8
RawPixels,P,0.43137254901960786,0.42535392535392536,0.42936634113104705,61.2,0.5,0.1,4,150,0.1,0.1,1.0,0.5,0.6
RawPixels,P,0.4117647058823529,0.40693257359924023,0.4090832914362326,61.65,0.5,0.1,4,150,0.1,0.1,1.0,0.5,0.7
RawPixels,P,0.45098039215686275,0.44396344396344395,0.44393514981750276,61.75,0.5,0.1,4,150,0.1,0.1,1.0,0.5,0.8
RawPixels,P,0.45098039215686275,0.4501870291343975,0.4505248282338065,61.65,0.5,0.1,4,150,0.1,0.1,5.0,0.5,0.6
RawPixels,P,0.45098039215686275,0.44722222222222224,0.44607843137254904,61.64,0.5,0.1,4,150,0.1,0.1,5.0,0.5,0.7
RawPixels,P,0.45098039215686275,0.45048041389504806,0.44756749706534504,61.75,0.5,0.1,4,150,0.1,0.1,5.0,0.5,0.8
RawPixels,P,0.47058823529411764,0.47289377289377293,0.4712992889463477,61.45,0.5,0.1,4,150,0.1,1.0,1.0,0.5,0.6
RawPixels,P,0.47058823529411764,0.46617826617826613,0.4683904330963154,61.59,0.5,0.1,4,150,0.1,1.0,1.0,0.5,0.7
RawPixels,P,0.4117647058823529,0.40567120433638787,0.40113665043325447,61.76,0.5,0.1,4,150,0.1,1.0,1.0,0.5,0.8
RawPixels,P,0.4117647058823529,0.412942612942613,0.41202327084680024,61.61,0.5,0.1,4,150,0.1,1.0,5.0,0.5,0.6
RawPixels,P,0.43137254901960786,0.4306628640566934,0.4316552029160121,61.34,0.5,0.1,4,150,0.1,1.0,5.0,0.5,0.7
RawPixels,P,0.4117647058823529,0.41192964123998604,0.40776323068412323,61.78,0.5,0.1,4,150,0.1,1.0,5.0,0.5,0.8
RawPixels,P,0.47058823529411764,0.4686609686609686,0.47008547008547,55.64,0.5,0.1,4,150,0.3,0.1,1.0,0.5,0.6
RawPixels,P,0.4117647058823529,0.40080971659919024,0.4062872112407716,55.85,0.5,0.1,4,150,0.3,0.1,1.0,0.5,0.7
RawPixels,P,0.47058823529411764,0.46624156039009756,0.46425576982480915,56.03,0.5,0.1,4,150,0.3,0.1,1.0,0.5,0.8
RawPixels,P,0.49019607843137253,0.49122807017543857,0.4907120743034056,56.21,0.5,0.1,4,150,0.3,0.1,5.0,0.5,0.6
RawPixels,P,0.45098039215686275,0.4461261073837139,0.4480280487916808,56.08,0.5,0.1,4,150,0.3,0.1,5.0,0.5,0.7
RawPixels,P,0.4117647058823529,0.4057539682539682,0.40441176470588236,56.29,0.5,0.1,4,150,0.3,0.1,5.0,0.5,0.8
RawPixels,P,0.49019607843137253,0.492896405177107,0.4913892220393769,56.06,0.5,0.1,4,150,0.3,1.0,1.0,0.5,0.6
RawPixels,P,0.43137254901960786,0.43003663003663006,0.4301228183581125,56.2,0.5,0.1,4,150,0.3,1.0,1.0,0.5,0.7
RawPixels,P,0.39215686274509803,0.38095238095238093,0.37591036414565826,56.27,0.5,0.1,4,150,0.3,1.0,1.0,0.5,0.8
RawPixels,P,0.4117647058823529,0.412942612942613,0.41202327084680024,55.8,0.5,0.1,4,150,0.3,1.0,5.0,0.5,0.6
RawPixels,P,0.43137254901960786,0.4333333333333333,0.43137254901960786,56.46,0.5,0.1,4,150,0.3,1.0,5.0,0.5,0.7
RawPixels,P,0.45098039215686275,0.4527777777777778,0.44803921568627453,56.39,0.5,0.1,4,150,0.3,1.0,5.0,0.5,0.8
RawPixels,P,0.17647058823529413,0.1392980541916712,0.1474920573794166,14.68,0.6,0.01,2,50,0.1,0.1,1.0,0.5,0.6
RawPixels,P,0.17647058823529413,0.13596491228070176,0.14396284829721362,14.74,0.6,0.01,2,50,0.1,0.1,1.0,0.5,0.7
RawPixels,P,0.17647058823529413,0.1391304347826087,0.1473145780051151,14.9,0.6,0.01,2,50,0.1,0.1,1.0,0.5,0.8
RawPixels,P,0.0392156862745098,0.027777777777777776,0.029411764705882353,14.85,0.6,0.01,2,50,0.1,0.1,5.0,0.5,0.6
RawPixels,P,0.09803921568627451,0.07599858607281725,0.08046909113592414,14.81,0.6,0.01,2,50,0.1,0.1,5.0,0.5,0.7
RawPixels,P,0.11764705882352941,0.09225874867444327,0.09768573389058698,14.88,0.6,0.01,2,50,0.1,0.1,5.0,0.5,0.8
RawPixels,P,0.09803921568627451,0.07588652482269503,0.08035043804755945,14.52,0.6,0.01,2,50,0.1,1.0,1.0,0.5,0.6
RawPixels,P,0.11764705882352941,0.08974358974358974,0.09502262443438914,14.84,0.6,0.01,2,50,0.1,1.0,1.0,0.5,0.7
RawPixels,P,0.1568627450980392,0.12072649572649574,0.12782805429864252,14.79,0.6,0.01,2,50,0.1,1.0,1.0,0.5,0.8
RawPixels,P,0.0196078431372549,0.014184397163120567,0.015018773466833541,14.86,0.6,0.01,2,50,0.1,1.0,5.0,0.5,0.6
RawPixels,P,0.058823529411764705,0.045035460992907804,0.04768460575719649,14.85,0.6,0.01,2,50,0.1,1.0,5.0,0.5,0.7
RawPixels,P,0.058823529411764705,0.046159267089499655,0.048874518094764334,14.89,0.6,0.01,2,50,0.1,1.0,5.0,0.5,0.8
RawPixels,P,0.13725490196078433,0.10673758865248227,0.1130162703379224,14.24,0.6,0.01,2,50,0.3,0.1,1.0,0.5,0.6
RawPixels,P,0.09803921568627451,0.07681159420289856,0.08132992327365728,14.33,0.6,0.01,2,50,0.3,0.1,1.0,0.5,0.7
RawPixels,P,0.17647058823529413,0.1375044185224461,0.1455929137296488,14.39,0.6,0.01,2,50,0.3,0.1,1.0,0.5,0.8
RawPixels,P,0.058823529411764705,0.045035460992907804,0.04768460575719649,14.32,0.6,0.01,2,50,0.3,0.1,5.0,0.5,0.6
RawPixels,P,0.09803921568627451,0.07588652482269503,0.08035043804755945,14.3,0.6,0.01,2,50,0.3,0.1,5.0,0.5,0.7
RawPixels,P,0.0784313725490196,0.06170212765957447,0.06533166458072591,14.32,0.6,0.01,2,50,0.3,0.1,5.0,0.5,0.8
RawPixels,P,0.0784313725490196,0.061505832449628844,0.06512382259372465,14.23,0.6,0.01,2,50,0.3,1.0,1.0,0.5,0.6
RawPixels,P,0.09803921568627451,0.07588652482269503,0.08035043804755945,14.4,0.6,0.01,2,50,0.3,1.0,1.0,0.5,0.7
RawPixels,P,0.11764705882352941,0.0925531914893617,0.09799749687108886,14.25,0.6,0.01,2,50,0.3,1.0,1.0,0.5,0.8
RawPixels,P,0.0196078431372549,0.014184397163120567,0.015018773466833541,13.9,0.6,0.01,2,50,0.3,1.0,5.0,0.5,0.6
RawPixels,P,0.0392156862745098,0.030752916224814422,0.032561911296862325,14.21,0.6,0.01,2,50,0.3,1.0,5.0,0.5,0.7
RawPixels,P,0.058823529411764705,0.04656084656084656,0.04929971988795518,14.55,0.6,0.01,2,50,0.3,1.0,5.0,0.5,0.8
RawPixels,P,0.27450980392156865,0.22662662662662666,0.23995760466348703,32.57,0.6,0.01,2,100,0.1,0.1,1.0,0.5,0.6
RawPixels,P,0.2549019607843137,0.23010523162191512,0.2385257439679613,32.88,0.6,0.01,2,100,0.1,0.1,1.0,0.5,0.7
RawPixels,P,0.2549019607843137,0.22002635046113306,0.2278539874447803,32.9,0.6,0.01,2,100,0.1,0.1,1.0,0.5,0.8
RawPixels,P,0.17647058823529413,0.1373873873873874,0.14546899841017488,32.72,0.6,0.01,2,100,0.1,0.1,5.0,0.5,0.6
RawPixels,P,0.2549019607843137,0.19843137254901957,0.21010380622837369,32.85,0.6,0.01,2,100,0.1,0.1,5.0,0.5,0.7
RawPixels,P,0.21568627450980393,0.16506410256410256,0.1747737556561086,32.97,0.6,0.01,2,100,0.1,0.1,5.0,0.5,0.8
RawPixels,P,0.17647058823529413,0.14245014245014245,0.15082956259426847,32.5,0.6,0.01,2,100,0.1,1.0,1.0,0.5,0.6
RawPixels,P,0.23529411764705882,0.1873015873015873,0.19831932773109243,32.72,0.6,0.01,2,100,0.1,1.0,1.0,0.5,0.7
RawPixels,P,0.21568627450980393,0.16944959802102658,0.17941722143402816,32.64,0.6,0.01,2,100,0.1,1.0,1.0,0.5,0.8
RawPixels,P,0.11764705882352941,0.09225874867444327,0.09768573389058698,32.54,0.6,0.01,2,100,0.1,1.0,5.0,0.5,0.6
RawPixels,P,0.19607843137254902,0.15350877192982457,0.16253869969040247,32.49,0.6,0.01,2,100,0.1,1.0,5.0,0.5,0.7
RawPixels,P,0.17647058823529413,0.13714285714285715,0.14521008403361343,32.66,0.6,0.01,2,100,0.1,1.0,5.0,0.5,0.8
RawPixels,P,0.29411764705882354,0.23817663817663817,0.2521870286576169,30.34,0.6,0.01,2,100,0.3,0.1,1.0,0.5,0.6
RawPixels,P,0.2549019607843137,0.2086086086086086,0.22087970323264441,30.14,0.6,0.01,2,100,0.3,0.1,1.0,0.5,0.7
RawPixels,P,0.23529411764705882,0.20632755517666004,0.21334938067298534,30.65,0.6,0.01,2,100,0.3,0.1,1.0,0.5,0.8
RawPixels,P,0.1568627450980392,0.12207602339181285,0.12925696594427244,30.27,0.6,0.01,2,100,0.3,0.1,5.0,0.5,0.6
RawPixels,P,0.19607843137254902,0.1552818215752146,0.16441604637375667,30.47,0.6,0.01,2,100,0.3,0.1,5.0,0.5,0.7
RawPixels,P,0.21568627450980393,0.16317016317016317,0.17276840806252572,30.58,0.6,0.01,2,100,0.3,0.1,5.0,0.5,0.8
RawPixels,P,0.1568627450980392,0.12355356476297126,0.13082142151373427,30.47,0.6,0.01,2,100,0.3,1.0,1.0,0.5,0.6
RawPixels,P,0.21568627450980393,0.17129629629629628,0.18137254901960784,29.77,0.6,0.01,2,100,0.3,1.0,1.0,0.5,0.7
RawPixels,P,0.21568627450980393,0.16506410256410256,0.1747737556561086,30.45,0.6,0.01,2,100,0.3,1.0,1.0,0.5,0.8
RawPixels,P,0.09803921568627451,0.07588652482269503,0.08035043804755945,30.52,0.6,0.01,2,100,0.3,1.0,5.0,0.5,0.6
RawPixels,P,0.17647058823529413,0.1392980541916712,0.1474920573794166,30.57,0.6,0.01,2,100,0.3,1.0,5.0,0.5,0.7
RawPixels,P,0.17647058823529413,0.13555555555555554,0.14352941176470588,30.39,0.6,0.01,2,100,0.3,1.0,5.0,0.5,0.8
RawPixels,P,0.2549019607843137,0.23154300479881876,0.24026122076737672,62.06,0.6,0.01,2,150,0.1,0.1,1.0,0.5,0.6
RawPixels,P,0.3137254901960784,0.3020702234382125,0.305721413052225,61.67,0.6,0.01,2,150,0.1,0.1,1.0,0.5,0.7
RawPixels,P,0.2549019607843137,0.22710437710437714,0.2355614973262032,62.02,0.6,0.01,2,150,0.1,0.1,1.0,0.5,0.8
RawPixels,P,0.2549019607843137,0.21416871416871416,0.22676687382569735,61.86,0.6,0.01,2,150,0.1,0.1,5.0,0.5,0.6
RawPixels,P,0.2549019607843137,0.22458628841607567,0.23244965297531003,62.1,0.6,0.01,2,150,0.1,0.1,5.0,0.5,0.7
RawPixels,P,0.2549019607843137,0.21850163627863486,0.2262395841927234,62.32,0.6,0.01,2,150,0.1,0.1,5.0,0.5,0.8
RawPixels,P,0.21568627450980393,0.18311334590404357,0.19388471919251674,61.89,0.6,0.01,2,150,0.1,1.0,1.0,0.5,0.6
RawPixels,P,0.2549019607843137,0.2302842085450781,0.23871524894542795,61.36,0.6,0.01,2,150,0.1,1.0,1.0,0.5,0.7
RawPixels,P,0.2549019607843137,0.22705314009661837,0.23550724637681159,61.88,0.6,0.01,2,150,0.1,1.0,1.0,0.5,0.8
RawPixels,P,0.1568627450980392,0.12781244091510682,0.13533081979246606,61.99,0.6,0.01,2,150,0.1,1.0,5.0,0.5,0.6
RawPixels,P,0.17647058823529413,0.14614614614614616,0.15474297827239003,61.57,0.6,0.01,2,150,0.1,1.0,5.0,0.5,0.7
RawPixels,P,0.23529411764705882,0.18014705882352944,0.1907439446366782,62.0,0.6,0.01,2,150,0.1,1.0,5.0,0.5,0.8
RawPixels,P,0.2549019607843137,0.23154300479881876,0.24026122076737672,56.56,0.6,0.01,2,150,0.3,0.1,1.0,0.5,0.6
RawPixels,P,0.29411764705882354,0.28634920634920635,0.2890756302521008,56.82,0.6,0.01,2,150,0.3,0.1,1.0,0.5,0.7
RawPixels,P,0.2549019607843137,0.22710437710437714,0.2355614973262032,56.51,0.6,0.01,2,150,0.3,0.1,1.0,0.5,0.8
RawPixels,P,0.23529411764705882,0.1982864137086903,0.20995032039743683,56.28,0.6,0.01,2,150,0.3,0.1,5.0,0.5,0.6
RawPixels,P,0.23529411764705882,0.21018367821436879,0.21719983040879687,56.41,0.6,0.01,2,150,0.3,0.1,5.0,0.5,0.7
RawPixels,P,0.2549019607843137,0.21726813892712513,0.2247010241046565,56.85,0.6,0.01,2,150,0.3,0.1,5.0,0.5,0.8
RawPixels,P,0.23529411764705882,0.2028241335044929,0.21475496488711016,56.04,0.6,0.01,2,150,0.3,1.0,1.0,0.5,0.6
RawPixels,P,0.2549019607843137,0.2302842085450781,0.23871524894542795,56.43,0.6,0.01,2,150,0.3,1.0,1.0,0.5,0.7
RawPixels,P,0.23529411764705882,0.2057690841150004,0.21297118710215726,56.71,0.6,0.01,2,150,0.3,1.0,1.0,0.5,0.8
RawPixels,P,0.17647058823529413,0.1419068736141907,0.15025433676796662,56.2,0.6,0.01,2,150,0.3,1.0,5.0,0.5,0.6
RawPixels,P,0.19607843137254902,0.15902859381120252,0.16838321697656733,56.34,0.6,0.01,2,150,0.3,1.0,5.0,0.5,0.7
RawPixels,P,0.23529411764705882,0.18014705882352944,0.1907439446366782,56.32,0.6,0.01,2,150,0.3,1.0,5.0,0.5,0.8
RawPixels,P,0.17647058823529413,0.1392980541916712,0.1474920573794166,14.53,0.6,0.01,3,50,0.1,0.1,1.0,0.5,0.6
RawPixels,P,0.17647058823529413,0.13596491228070176,0.14396284829721362,14.82,0.6,0.01,3,50,0.1,0.1,1.0,0.5,0.7
RawPixels,P,0.17647058823529413,0.1391304347826087,0.1473145780051151,15.11,0.6,0.01,3,50,0.1,0.1,1.0,0.5,0.8
RawPixels,P,0.0392156862745098,0.027777777777777776,0.029411764705882353,14.83,0.6,0.01,3,50,0.1,0.1,5.0,0.5,0.6
RawPixels,P,0.09803921568627451,0.07599858607281725,0.08046909113592414,14.68,0.6,0.01,3,50,0.1,0.1,5.0,0.5,0.7
RawPixels,P,0.11764705882352941,0.09225874867444327,0.09768573389058698,15.28,0.6,0.01,3,50,0.1,0.1,5.0,0.5,0.8
RawPixels,P,0.09803921568627451,0.07588652482269503,0.08035043804755945,15.06,0.6,0.01,3,50,0.1,1.0,1.0,0.5,0.6
RawPixels,P,0.11764705882352941,0.08974358974358974,0.09502262443438914,14.88,0.6,0.01,3,50,0.1,1.0,1.0,0.5,0.7
RawPixels,P,0.1568627450980392,0.12072649572649574,0.12782805429864252,15.23,0.6,0.01,3,50,0.1,1.0,1.0,0.5,0.8
RawPixels,P,0.0196078431372549,0.014184397163120567,0.015018773466833541,14.87,0.6,0.01,3,50,0.1,1.0,5.0,0.5,0.6
RawPixels,P,0.058823529411764705,0.045035460992907804,0.04768460575719649,14.73,0.6,0.01,3,50,0.1,1.0,5.0,0.5,0.7
RawPixels,P,0.058823529411764705,0.046159267089499655,0.048874518094764334,15.24,0.6,0.01,3,50,0.1,1.0,5.0,0.5,0.8
RawPixels,P,0.13725490196078433,0.10673758865248227,0.1130162703379224,14.44,0.6,0.01,3,50,0.3,0.1,1.0,0.5,0.6
RawPixels,P,0.09803921568627451,0.07681159420289856,0.08132992327365728,14.39,0.6,0.01,3,50,0.3,0.1,1.0,0.5,0.7
RawPixels,P,0.17647058823529413,0.1375044185224461,0.1455929137296488,14.13,0.6,0.01,3,50,0.3,0.1,1.0,0.5,0.8
RawPixels,P,0.058823529411764705,0.045035460992907804,0.04768460575719649,14.36,0.6,0.01,3,50,0.3,0.1,5.0,0.5,0.6
RawPixels,P,0.09803921568627451,0.07588652482269503,0.08035043804755945,14.07,0.6,0.01,3,50,0.3,0.1,5.0,0.5,0.7
RawPixels,P,0.0784313725490196,0.06170212765957447,0.06533166458072591,14.3,0.6,0.01,3,50,0.3,0.1,5.0,0.5,0.8
RawPixels,P,0.0784313725490196,0.061505832449628844,0.06512382259372465,14.43,0.6,0.01,3,50,0.3,1.0,1.0,0.5,0.6
RawPixels,P,0.09803921568627451,0.07588652482269503,0.08035043804755945,14.36,0.6,0.01,3,50,0.3,1.0,1.0,0.5,0.7
RawPixels,P,0.11764705882352941,0.0925531914893617,0.09799749687108886,14.47,0.6,0.01,3,50,0.3,1.0,1.0,0.5,0.8
RawPixels,P,0.0196078431372549,0.014184397163120567,0.015018773466833541,14.2,0.6,0.01,3,50,0.3,1.0,5.0,0.5,0.6
RawPixels,P,0.0392156862745098,0.030752916224814422,0.032561911296862325,14.42,0.6,0.01,3,50,0.3,1.0,5.0,0.5,0.7
RawPixels,P,0.058823529411764705,0.04656084656084656,0.04929971988795518,13.97,0.6,0.01,3,50,0.3,1.0,5.0,0.5,0.8
RawPixels,P,0.27450980392156865,0.22662662662662666,0.23995760466348703,32.67,0.6,0.01,3,100,0.1,0.1,1.0,0.5,0.6
RawPixels,P,0.2549019607843137,0.23010523162191512,0.2385257439679613,33.06,0.6,0.01,3,100,0.1,0.1,1.0,0.5,0.7
RawPixels,P,0.2549019607843137,0.22002635046113306,0.2278539874447803,33.25,0.6,0.01,3,100,0.1,0.1,1.0,0.5,0.8
RawPixels,P,0.17647058823529413,0.1373873873873874,0.14546899841017488,32.79,0.6,0.01,3,100,0.1,0.1,5.0,0.5,0.6
RawPixels,P,0.2549019607843137,0.19843137254901957,0.21010380622837369,32.81,0.6,0.01,3,100,0.1,0.1,5.0,0.5,0.7
RawPixels,P,0.21568627450980393,0.16506410256410256,0.1747737556561086,33.18,0.6,0.01,3,100,0.1,0.1,5.0,0.5,0.8
RawPixels,P,0.17647058823529413,0.14245014245014245,0.15082956259426847,33.04,0.6,0.01,3,100,0.1,1.0,1.0,0.5,0.6
RawPixels,P,0.23529411764705882,0.1873015873015873,0.19831932773109243,33.14,0.6,0.01,3,100,0.1,1.0,1.0,0.5,0.7
RawPixels,P,0.21568627450980393,0.16944959802102658,0.17941722143402816,33.39,0.6,0.01,3,100,0.1,1.0,1.0,0.5,0.8
RawPixels,P,0.11764705882352941,0.09225874867444327,0.09768573389058698,32.93,0.6,0.01,3,100,0.1,1.0,5.0,0.5,0.6
RawPixels,P,0.19607843137254902,0.15350877192982457,0.16253869969040247,32.94,0.6,0.01,3,100,0.1,1.0,5.0,0.5,0.7
RawPixels,P,0.17647058823529413,0.13714285714285715,0.14521008403361343,33.45,0.6,0.01,3,100,0.1,1.0,5.0,0.5,0.8
RawPixels,P,0.29411764705882354,0.23817663817663817,0.2521870286576169,30.67,0.6,0.01,3,100,0.3,0.1,1.0,0.5,0.6
RawPixels,P,0.2549019607843137,0.2086086086086086,0.22087970323264441,31.03,0.6,0.01,3,100,0.3,0.1,1.0,0.5,0.7
RawPixels,P,0.23529411764705882,0.20632755517666004,0.21334938067298534,31.0,0.6,0.01,3,100,0.3,0.1,1.0,0.5,0.8
RawPixels,P,0.1568627450980392,0.12207602339181285,0.12925696594427244,30.6,0.6,0.01,3,100,0.3,0.1,5.0,0.5,0.6
RawPixels,P,0.19607843137254902,0.1552818215752146,0.16441604637375667,30.6,0.6,0.01,3,100,0.3,0.1,5.0,0.5,0.7
RawPixels,P,0.21568627450980393,0.16317016317016317,0.17276840806252572,31.15,0.6,0.01,3,100,0.3,0.1,5.0,0.5,0.8
RawPixels,P,0.1568627450980392,0.12355356476297126,0.13082142151373427,30.28,0.6,0.01,3,100,0.3,1.0,1.0,0.5,0.6
RawPixels,P,0.21568627450980393,0.17129629629629628,0.18137254901960784,30.33,0.6,0.01,3,100,0.3,1.0,1.0,0.5,0.7
RawPixels,P,0.21568627450980393,0.16506410256410256,0.1747737556561086,30.81,0.6,0.01,3,100,0.3,1.0,1.0,0.5,0.8
RawPixels,P,0.09803921568627451,0.07588652482269503,0.08035043804755945,30.72,0.6,0.01,3,100,0.3,1.0,5.0,0.5,0.6
RawPixels,P,0.17647058823529413,0.1392980541916712,0.1474920573794166,30.83,0.6,0.01,3,100,0.3,1.0,5.0,0.5,0.7
RawPixels,P,0.17647058823529413,0.13555555555555554,0.14352941176470588,30.29,0.6,0.01,3,100,0.3,1.0,5.0,0.5,0.8
RawPixels,P,0.2549019607843137,0.23154300479881876,0.24026122076737672,62.06,0.6,0.01,3,150,0.1,0.1,1.0,0.5,0.6
RawPixels,P,0.3137254901960784,0.3020702234382125,0.305721413052225,61.62,0.6,0.01,3,150,0.1,0.1,1.0,0.5,0.7
RawPixels,P,0.2549019607843137,0.22710437710437714,0.2355614973262032,62.08,0.6,0.01,3,150,0.1,0.1,1.0,0.5,0.8
RawPixels,P,0.2549019607843137,0.21416871416871416,0.22676687382569735,61.46,0.6,0.01,3,150,0.1,0.1,5.0,0.5,0.6
RawPixels,P,0.2549019607843137,0.22458628841607567,0.23244965297531003,61.75,0.6,0.01,3,150,0.1,0.1,5.0,0.5,0.7
RawPixels,P,0.2549019607843137,0.21850163627863486,0.2262395841927234,62.05,0.6,0.01,3,150,0.1,0.1,5.0,0.5,0.8
RawPixels,P,0.21568627450980393,0.18311334590404357,0.19388471919251674,61.17,0.6,0.01,3,150,0.1,1.0,1.0,0.5,0.6
RawPixels,P,0.2549019607843137,0.2302842085450781,0.23871524894542795,61.93,0.6,0.01,3,150,0.1,1.0,1.0,0.5,0.7
RawPixels,P,0.2549019607843137,0.22705314009661837,0.23550724637681159,62.25,0.6,0.01,3,150,0.1,1.0,1.0,0.5,0.8
RawPixels,P,0.1568627450980392,0.12781244091510682,0.13533081979246606,61.68,0.6,0.01,3,150,0.1,1.0,5.0,0.5,0.6
RawPixels,P,0.17647058823529413,0.14614614614614616,0.15474297827239003,62.0,0.6,0.01,3,150,0.1,1.0,5.0,0.5,0.7
RawPixels,P,0.23529411764705882,0.18014705882352944,0.1907439446366782,62.25,0.6,0.01,3,150,0.1,1.0,5.0,0.5,0.8
RawPixels,P,0.2549019607843137,0.23154300479881876,0.24026122076737672,55.84,0.6,0.01,3,150,0.3,0.1,1.0,0.5,0.6
RawPixels,P,0.29411764705882354,0.28634920634920635,0.2890756302521008,55.95,0.6,0.01,3,150,0.3,0.1,1.0,0.5,0.7
RawPixels,P,0.2549019607843137,0.22710437710437714,0.2355614973262032,57.02,0.6,0.01,3,150,0.3,0.1,1.0,0.5,0.8
RawPixels,P,0.23529411764705882,0.1982864137086903,0.20995032039743683,56.13,0.6,0.01,3,150,0.3,0.1,5.0,0.5,0.6
RawPixels,P,0.23529411764705882,0.21018367821436879,0.21719983040879687,56.49,0.6,0.01,3,150,0.3,0.1,5.0,0.5,0.7
RawPixels,P,0.2549019607843137,0.21726813892712513,0.2247010241046565,56.61,0.6,0.01,3,150,0.3,0.1,5.0,0.5,0.8
RawPixels,P,0.23529411764705882,0.2028241335044929,0.21475496488711016,56.48,0.6,0.01,3,150,0.3,1.0,1.0,0.5,0.6
RawPixels,P,0.2549019607843137,0.2302842085450781,0.23871524894542795,56.01,0.6,0.01,3,150,0.3,1.0,1.0,0.5,0.7
RawPixels,P,0.23529411764705882,0.2057690841150004,0.21297118710215726,56.68,0.6,0.01,3,150,0.3,1.0,1.0,0.5,0.8
RawPixels,P,0.17647058823529413,0.1419068736141907,0.15025433676796662,56.26,0.6,0.01,3,150,0.3,1.0,5.0,0.5,0.6
RawPixels,P,0.19607843137254902,0.15902859381120252,0.16838321697656733,55.52,0.6,0.01,3,150,0.3,1.0,5.0,0.5,0.7
RawPixels,P,0.23529411764705882,0.18014705882352944,0.1907439446366782,55.86,0.6,0.01,3,150,0.3,1.0,5.0,0.5,0.8
RawPixels,P,0.17647058823529413,0.1392980541916712,0.1474920573794166,14.39,0.6,0.01,4,50,0.1,0.1,1.0,0.5,0.6
RawPixels,P,0.17647058823529413,0.13596491228070176,0.14396284829721362,14.58,0.6,0.01,4,50,0.1,0.1,1.0,0.5,0.7
RawPixels,P,0.17647058823529413,0.1391304347826087,0.1473145780051151,14.69,0.6,0.01,4,50,0.1,0.1,1.0,0.5,0.8
RawPixels,P,0.0392156862745098,0.027777777777777776,0.029411764705882353,14.61,0.6,0.01,4,50,0.1,0.1,5.0,0.5,0.6
RawPixels,P,0.09803921568627451,0.07599858607281725,0.08046909113592414,14.59,0.6,0.01,4,50,0.1,0.1,5.0,0.5,0.7
RawPixels,P,0.11764705882352941,0.09225874867444327,0.09768573389058698,14.57,0.6,0.01,4,50,0.1,0.1,5.0,0.5,0.8
RawPixels,P,0.09803921568627451,0.07588652482269503,0.08035043804755945,14.44,0.6,0.01,4,50,0.1,1.0,1.0,0.5,0.6
RawPixels,P,0.11764705882352941,0.08974358974358974,0.09502262443438914,14.47,0.6,0.01,4,50,0.1,1.0,1.0,0.5,0.7
RawPixels,P,0.1568627450980392,0.12072649572649574,0.12782805429864252,14.56,0.6,0.01,4,50,0.1,1.0,1.0,0.5,0.8
RawPixels,P,0.0196078431372549,0.014184397163120567,0.015018773466833541,14.42,0.6,0.01,4,50,0.1,1.0,5.0,0.5,0.6
RawPixels,P,0.058823529411764705,0.045035460992907804,0.04768460575719649,14.5,0.6,0.01,4,50,0.1,1.0,5.0,0.5,0.7
RawPixels,P,0.058823529411764705,0.046159267089499655,0.048874518094764334,14.72,0.6,0.01,4,50,0.1,1.0,5.0,0.5,0.8
RawPixels,P,0.13725490196078433,0.10673758865248227,0.1130162703379224,13.9,0.6,0.01,4,50,0.3,0.1,1.0,0.5,0.6
RawPixels,P,0.09803921568627451,0.07681159420289856,0.08132992327365728,14.11,0.6,0.01,4,50,0.3,0.1,1.0,0.5,0.7
RawPixels,P,0.17647058823529413,0.1375044185224461,0.1455929137296488,14.06,0.6,0.01,4,50,0.3,0.1,1.0,0.5,0.8
RawPixels,P,0.058823529411764705,0.045035460992907804,0.04768460575719649,14.07,0.6,0.01,4,50,0.3,0.1,5.0,0.5,0.6
RawPixels,P,0.09803921568627451,0.07588652482269503,0.08035043804755945,14.09,0.6,0.01,4,50,0.3,0.1,5.0,0.5,0.7
RawPixels,P,0.0784313725490196,0.06170212765957447,0.06533166458072591,14.21,0.6,0.01,4,50,0.3,0.1,5.0,0.5,0.8
RawPixels,P,0.0784313725490196,0.061505832449628844,0.06512382259372465,13.71,0.6,0.01,4,50,0.3,1.0,1.0,0.5,0.6
RawPixels,P,0.09803921568627451,0.07588652482269503,0.08035043804755945,13.81,0.6,0.01,4,50,0.3,1.0,1.0,0.5,0.7
RawPixels,P,0.11764705882352941,0.0925531914893617,0.09799749687108886,14.13,0.6,0.01,4,50,0.3,1.0,1.0,0.5,0.8
RawPixels,P,0.0196078431372549,0.014184397163120567,0.015018773466833541,14.02,0.6,0.01,4,50,0.3,1.0,5.0,0.5,0.6
RawPixels,P,0.0392156862745098,0.030752916224814422,0.032561911296862325,14.0,0.6,0.01,4,50,0.3,1.0,5.0,0.5,0.7
RawPixels,P,0.058823529411764705,0.04656084656084656,0.04929971988795518,13.93,0.6,0.01,4,50,0.3,1.0,5.0,0.5,0.8
RawPixels,P,0.27450980392156865,0.22662662662662666,0.23995760466348703,32.54,0.6,0.01,4,100,0.1,0.1,1.0,0.5,0.6
RawPixels,P,0.2549019607843137,0.23010523162191512,0.2385257439679613,32.8,0.6,0.01,4,100,0.1,0.1,1.0,0.5,0.7
RawPixels,P,0.2549019607843137,0.22002635046113306,0.2278539874447803,32.75,0.6,0.01,4,100,0.1,0.1,1.0,0.5,0.8
RawPixels,P,0.17647058823529413,0.1373873873873874,0.14546899841017488,32.74,0.6,0.01,4,100,0.1,0.1,5.0,0.5,0.6
RawPixels,P,0.2549019607843137,0.19843137254901957,0.21010380622837369,32.47,0.6,0.01,4,100,0.1,0.1,5.0,0.5,0.7
RawPixels,P,0.21568627450980393,0.16506410256410256,0.1747737556561086,32.88,0.6,0.01,4,100,0.1,0.1,5.0,0.5,0.8
RawPixels,P,0.17647058823529413,0.14245014245014245,0.15082956259426847,32.7,0.6,0.01,4,100,0.1,1.0,1.0,0.5,0.6
RawPixels,P,0.23529411764705882,0.1873015873015873,0.19831932773109243,32.63,0.6,0.01,4,100,0.1,1.0,1.0,0.5,0.7
RawPixels,P,0.21568627450980393,0.16944959802102658,0.17941722143402816,32.56,0.6,0.01,4,100,0.1,1.0,1.0,0.5,0.8
RawPixels,P,0.11764705882352941,0.09225874867444327,0.09768573389058698,32.51,0.6,0.01,4,100,0.1,1.0,5.0,0.5,0.6
RawPixels,P,0.19607843137254902,0.15350877192982457,0.16253869969040247,32.77,0.6,0.01,4,100,0.1,1.0,5.0,0.5,0.7
RawPixels,P,0.17647058823529413,0.13714285714285715,0.14521008403361343,32.67,0.6,0.01,4,100,0.1,1.0,5.0,0.5,0.8
RawPixels,P,0.29411764705882354,0.23817663817663817,0.2521870286576169,30.24,0.6,0.01,4,100,0.3,0.1,1.0,0.5,0.6
RawPixels,P,0.2549019607843137,0.2086086086086086,0.22087970323264441,30.64,0.6,0.01,4,100,0.3,0.1,1.0,0.5,0.7
RawPixels,P,0.23529411764705882,0.20632755517666004,0.21334938067298534,30.47,0.6,0.01,4,100,0.3,0.1,1.0,0.5,0.8
RawPixels,P,0.1568627450980392,0.12207602339181285,0.12925696594427244,30.26,0.6,0.01,4,100,0.3,0.1,5.0,0.5,0.6
RawPixels,P,0.19607843137254902,0.1552818215752146,0.16441604637375667,30.26,0.6,0.01,4,100,0.3,0.1,5.0,0.5,0.7
RawPixels,P,0.21568627450980393,0.16317016317016317,0.17276840806252572,30.89,0.6,0.01,4,100,0.3,0.1,5.0,0.5,0.8
RawPixels,P,0.1568627450980392,0.12355356476297126,0.13082142151373427,30.6,0.6,0.01,4,100,0.3,1.0,1.0,0.5,0.6
RawPixels,P,0.21568627450980393,0.17129629629629628,0.18137254901960784,30.23,0.6,0.01,4,100,0.3,1.0,1.0,0.5,0.7
RawPixels,P,0.21568627450980393,0.16506410256410256,0.1747737556561086,30.45,0.6,0.01,4,100,0.3,1.0,1.0,0.5,0.8
RawPixels,P,0.09803921568627451,0.07588652482269503,0.08035043804755945,30.19,0.6,0.01,4,100,0.3,1.0,5.0,0.5,0.6
RawPixels,P,0.17647058823529413,0.1392980541916712,0.1474920573794166,29.89,0.6,0.01,4,100,0.3,1.0,5.0,0.5,0.7
RawPixels,P,0.17647058823529413,0.13555555555555554,0.14352941176470588,30.9,0.6,0.01,4,100,0.3,1.0,5.0,0.5,0.8
RawPixels,P,0.2549019607843137,0.23154300479881876,0.24026122076737672,61.69,0.6,0.01,4,150,0.1,0.1,1.0,0.5,0.6
RawPixels,P,0.3137254901960784,0.3020702234382125,0.305721413052225,62.04,0.6,0.01,4,150,0.1,0.1,1.0,0.5,0.7
RawPixels,P,0.2549019607843137,0.22710437710437714,0.2355614973262032,62.35,0.6,0.01,4,150,0.1,0.1,1.0,0.5,0.8
RawPixels,P,0.2549019607843137,0.21416871416871416,0.22676687382569735,61.93,0.6,0.01,4,150,0.1,0.1,5.0,0.5,0.6
RawPixels,P,0.2549019607843137,0.22458628841607567,0.23244965297531003,62.04,0.6,0.01,4,150,0.1,0.1,5.0,0.5,0.7
RawPixels,P,0.2549019607843137,0.21850163627863486,0.2262395841927234,61.73,0.6,0.01,4,150,0.1,0.1,5.0,0.5,0.8
RawPixels,P,0.21568627450980393,0.18311334590404357,0.19388471919251674,61.75,0.6,0.01,4,150,0.1,1.0,1.0,0.5,0.6
RawPixels,P,0.2549019607843137,0.2302842085450781,0.23871524894542795,62.06,0.6,0.01,4,150,0.1,1.0,1.0,0.5,0.7
RawPixels,P,0.2549019607843137,0.22705314009661837,0.23550724637681159,62.28,0.6,0.01,4,150,0.1,1.0,1.0,0.5,0.8
RawPixels,P,0.1568627450980392,0.12781244091510682,0.13533081979246606,61.81,0.6,0.01,4,150,0.1,1.0,5.0,0.5,0.6
RawPixels,P,0.17647058823529413,0.14614614614614616,0.15474297827239003,61.88,0.6,0.01,4,150,0.1,1.0,5.0,0.5,0.7
RawPixels,P,0.23529411764705882,0.18014705882352944,0.1907439446366782,61.8,0.6,0.01,4,150,0.1,1.0,5.0,0.5,0.8
RawPixels,P,0.2549019607843137,0.23154300479881876,0.24026122076737672,56.2,0.6,0.01,4,150,0.3,0.1,1.0,0.5,0.6
RawPixels,P,0.29411764705882354,0.28634920634920635,0.2890756302521008,56.24,0.6,0.01,4,150,0.3,0.1,1.0,0.5,0.7
RawPixels,P,0.2549019607843137,0.22710437710437714,0.2355614973262032,57.1,0.6,0.01,4,150,0.3,0.1,1.0,0.5,0.8
RawPixels,P,0.23529411764705882,0.1982864137086903,0.20995032039743683,55.94,0.6,0.01,4,150,0.3,0.1,5.0,0.5,0.6
RawPixels,P,0.23529411764705882,0.21018367821436879,0.21719983040879687,56.14,0.6,0.01,4,150,0.3,0.1,5.0,0.5,0.7
RawPixels,P,0.2549019607843137,0.21726813892712513,0.2247010241046565,56.86,0.6,0.01,4,150,0.3,0.1,5.0,0.5,0.8
RawPixels,P,0.23529411764705882,0.2028241335044929,0.21475496488711016,55.88,0.6,0.01,4,150,0.3,1.0,1.0,0.5,0.6
RawPixels,P,0.2549019607843137,0.2302842085450781,0.23871524894542795,55.96,0.6,0.01,4,150,0.3,1.0,1.0,0.5,0.7
RawPixels,P,0.23529411764705882,0.2057690841150004,0.21297118710215726,56.99,0.6,0.01,4,150,0.3,1.0,1.0,0.5,0.8
RawPixels,P,0.17647058823529413,0.1419068736141907,0.15025433676796662,56.3,0.6,0.01,4,150,0.3,1.0,5.0,0.5,0.6
RawPixels,P,0.19607843137254902,0.15902859381120252,0.16838321697656733,56.19,0.6,0.01,4,150,0.3,1.0,5.0,0.5,0.7
RawPixels,P,0.23529411764705882,0.18014705882352944,0.1907439446366782,56.2,0.6,0.01,4,150,0.3,1.0,5.0,0.5,0.8
RawPixels,P,0.4117647058823529,0.4074776530916882,0.40966043442823624,14.72,0.6,0.05,2,50,0.1,0.1,1.0,0.5,0.6
RawPixels,P,0.39215686274509803,0.38219373219373215,0.38657616892911006,14.64,0.6,0.05,2,50,0.1,0.1,1.0,0.5,0.7
RawPixels,P,0.39215686274509803,0.38660120367437445,0.3883340475879931,14.47,0.6,0.05,2,50,0.1,0.1,1.0,0.5,0.8
RawPixels,P,0.3137254901960784,0.29534862798020695,0.3033103119790426,14.53,0.6,0.05,2,50,0.1,0.1,5.0,0.5,0.6
RawPixels,P,0.37254901960784315,0.34604116311433386,0.35659260408184373,14.76,0.6,0.05,2,50,0.1,0.1,5.0,0.5,0.7
RawPixels,P,0.29411764705882354,0.2621806298276887,0.272701059033239,14.62,0.6,0.05,2,50,0.1,0.1,5.0,0.5,0.8
RawPixels,P,0.3333333333333333,0.31257309941520467,0.32115583075335397,14.49,0.6,0.05,2,50,0.1,1.0,1.0,0.5,0.6
RawPixels,P,0.37254901960784315,0.35710301394511923,0.36399142653012617,14.56,0.6,0.05,2,50,0.1,1.0,1.0,0.5,0.7
RawPixels,P,0.3137254901960784,0.2909074327405381,0.2986078699605697,14.73,0.6,0.05,2,50,0.1,1.0,1.0,0.5,0.8
RawPixels,P,0.3137254901960784,0.2796092796092796,0.29045464339581983,14.45,0.6,0.05,2,50,0.1,1.0,5.0,0.5,0.6
RawPixels,P,0.3137254901960784,0.2820957603566299,0.2935745390988358,14.38,0.6,0.05,2,50,0.1,1.0,5.0,0.5,0.7
RawPixels,P,0.29411764705882354,0.2621806298276887,0.272701059033239,14.76,0.6,0.05,2,50,0.1,1.0,5.0,0.5,0.8
RawPixels,P,0.3333333333333333,0.2994176852523674,0.31191540075314605,14.05,0.6,0.05,2,50,0.3,0.1,1.0,0.5,0.6
RawPixels,P,0.37254901960784315,0.36552706552706554,0.3689291101055807,14.04,0.6,0.05,2,50,0.3,0.1,1.0,0.5,0.7
RawPixels,P,0.35294117647058826,0.32471776589423645,0.33401488937821117,14.06,0.6,0.05,2,50,0.3,0.1,1.0,0.5,0.8
RawPixels,P,0.35294117647058826,0.3125763125763126,0.32536091359620767,13.97,0.6,0.05,2,50,0.3,0.1,5.0,0.5,0.6
RawPixels,P,0.39215686274509803,0.3608453173670565,0.3718413334781621,14.15,0.6,0.05,2,50,0.3,0.1,5.0,0.5,0.7
RawPixels,P,0.3137254901960784,0.27517287108079946,0.2862444210420741,14.16,0.6,0.05,2,50,0.3,0.1,5.0,0.5,0.8
RawPixels,P,0.3333333333333333,0.2955671699574139,0.30735123317619734,14.07,0.6,0.05,2,50,0.3,1.0,1.0,0.5,0.6
RawPixels,P,0.39215686274509803,0.3608453173670565,0.3718413334781621,13.96,0.6,0.05,2,50,0.3,1.0,1.0,0.5,0.7
RawPixels,P,0.3333333333333333,0.2947863730472426,0.3070116584183081,14.15,0.6,0.05,2,50,0.3,1.0,1.0,0.5,0.8
RawPixels,P,0.3137254901960784,0.27790046211098846,0.2880555976531209,13.98,0.6,0.05,2,50,0.3,1.0,5.0,0.5,0.6
RawPixels,P,0.3137254901960784,0.28009417483101695,0.2912227091793655,13.95,0.6,0.05,2,50,0.3,1.0,5.0,0.5,0.7
RawPixels,P,0.29411764705882354,0.2401656314699793,0.2542930215564486,13.83,0.6,0.05,2,50,0.3,1.0,5.0,0.5,0.8
RawPixels,P,0.47058823529411764,0.4686609686609686,0.47008547008547,32.36,0.6,0.05,2,100,0.1,0.1,1.0,0.5,0.6
RawPixels,P,0.47058823529411764,0.47304989999487157,0.4705158333911543,32.51,0.6,0.05,2,100,0.1,0.1,1.0,0.5,0.7
RawPixels,P,0.43137254901960786,0.42964449246282865,0.4283522330061828,32.78,0.6,0.05,2,100,0.1,0.1,1.0,0.5,0.8
RawPixels,P,0.39215686274509803,0.38366571699905033,0.3888050946874476,32.37,0.6,0.05,2,100,0.1,0.1,5.0,0.5,0.6
RawPixels,P,0.43137254901960786,0.4320191158900836,0.43086654016445286,32.84,0.6,0.05,2,100,0.1,0.1,5.0,0.5,0.7
RawPixels,P,0.43137254901960786,0.4300558312655087,0.4249927017953583,32.82,0.6,0.05,2,100,0.1,0.1,5.0,0.5,0.8
RawPixels,P,0.39215686274509803,0.38366571699905033,0.3888050946874476,32.84,0.6,0.05,2,100,0.1,1.0,1.0,0.5,0.6
RawPixels,P,0.4117647058823529,0.4117048082565324,0.4115819673629004,32.66,0.6,0.05,2,100,0.1,1.0,1.0,0.5,0.7
RawPixels,P,0.39215686274509803,0.3884391645640594,0.38694775639439966,32.44,0.6,0.05,2,100,0.1,1.0,1.0,0.5,0.8
RawPixels,P,0.3333333333333333,0.32336182336182334,0.32931121166415284,32.72,0.6,0.05,2,100,0.1,1.0,5.0,0.5,0.6
RawPixels,P,0.39215686274509803,0.3918986126116856,0.38838600728144324,32.64,0.6,0.05,2,100,0.1,1.0,5.0,0.5,0.7
RawPixels,P,0.35294117647058826,0.3446040081448934,0.34386642879207197,32.78,0.6,0.05,2,100,0.1,1.0,5.0,0.5,0.8
RawPixels,P,0.39215686274509803,0.38489611562782294,0.3887135341941655,30.01,0.6,0.05,2,100,0.3,0.1,1.0,0.5,0.6
RawPixels,P,0.43137254901960786,0.4302233267750509,0.4311898105001553,30.42,0.6,0.05,2,100,0.3,0.1,1.0,0.5,0.7
RawPixels,P,0.43137254901960786,0.42839683298793774,0.42745285584343734,30.74,0.6,0.05,2,100,0.3,0.1,1.0,0.5,0.8
RawPixels,P,0.37254901960784315,0.35840455840455837,0.36591251885369536,30.46,0.6,0.05,2,100,0.3,0.1,5.0,0.5,0.6
RawPixels,P,0.43137254901960786,0.4320191158900836,0.43086654016445286,30.15,0.6,0.05,2,100,0.3,0.1,5.0,0.5,0.7
RawPixels,P,0.37254901960784315,0.3663991834723542,0.3669436732564422,30.69,0.6,0.05,2,100,0.3,0.1,5.0,0.5,0.8
RawPixels,P,0.39215686274509803,0.38366571699905033,0.3888050946874476,30.26,0.6,0.05,2,100,0.3,1.0,1.0,0.5,0.6
RawPixels,P,0.43137254901960786,0.4302233267750509,0.4311898105001553,30.54,0.6,0.05,2,100,0.3,1.0,1.0,0.5,0.7
RawPixels,P,0.39215686274509803,0.3884391645640594,0.38694775639439966,30.82,0.6,0.05,2,100,0.3,1.0,1.0,0.5,0.8
RawPixels,P,0.35294117647058826,0.3407253407253408,0.34719334719334727,30.3,0.6,0.05,2,100,0.3,1.0,5.0,0.5,0.6
RawPixels,P,0.37254901960784315,0.36934172431129836,0.3707837324350867,30.83,0.6,0.05,2,100,0.3,1.0,5.0,0.5,0.7
RawPixels,P,0.3333333333333333,0.3211505738387459,0.3226125901647723,30.62,0.6,0.05,2,100,0.3,1.0,5.0,0.5,0.8
RawPixels,P,0.5098039215686274,0.5127368748058404,0.5104435063867112,61.26,0.6,0.05,2,150,0.1,0.1,1.0,0.5,0.6
RawPixels,P,0.45098039215686275,0.44916344916344914,0.4503747444923915,62.37,0.6,0.05,2,150,0.1,0.1,1.0,0.5,0.7
RawPixels,P,0.47058823529411764,0.46201591048168544,0.45883278567131025,61.72,0.6,0.05,2,150,0.1,0.1,1.0,0.5,0.8
RawPixels,P,0.47058823529411764,0.47257211128178866,0.4700099394596548,61.86,0.6,0.05,2,150,0.1,0.1,5.0,0.5,0.6
RawPixels,P,0.43137254901960786,0.43034685539429374,0.4290959114042048,62.02,0.6,0.05,2,150,0.1,0.1,5.0,0.5,0.7
RawPixels,P,0.4117647058823529,0.4094239006906198,0.40605667916261706,61.67,0.6,0.05,2,150,0.1,0.1,5.0,0.5,0.8
RawPixels,P,0.47058823529411764,0.47304989999487157,0.4705158333911543,61.76,0.6,0.05,2,150,0.1,1.0,1.0,0.5,0.6
RawPixels,P,0.4117647058823529,0.4117048082565324,0.4115819673629004,61.94,0.6,0.05,2,150,0.1,1.0,1.0,0.5,0.7
RawPixels,P,0.4117647058823529,0.40972222222222215,0.4063725490196079,61.71,0.6,0.05,2,150,0.1,1.0,1.0,0.5,0.8
RawPixels,P,0.35294117647058826,0.3520352605652061,0.35245924140981255,61.83,0.6,0.05,2,150,0.1,1.0,5.0,0.5,0.6
RawPixels,P,0.37254901960784315,0.3727223869211698,0.3703064624195754,62.08,0.6,0.05,2,150,0.1,1.0,5.0,0.5,0.7
RawPixels,P,0.35294117647058826,0.34430014430014433,0.34354469060351417,61.92,0.6,0.05,2,150,0.1,1.0,5.0,0.5,0.8
RawPixels,P,0.49019607843137253,0.49259259259259264,0.49019607843137253,56.01,0.6,0.05,2,150,0.3,0.1,1.0,0.5,0.6
RawPixels,P,0.47058823529411764,0.4682490540075679,0.4683421356158562,56.42,0.6,0.05,2,150,0.3,0.1,1.0,0.5,0.7
RawPixels,P,0.4117647058823529,0.4057539682539682,0.40441176470588236,56.25,0.6,0.05,2,150,0.3,0.1,1.0,0.5,0.8
RawPixels,P,0.43137254901960786,0.4302233267750509,0.4311898105001553,56.92,0.6,0.05,2,150,0.3,0.1,5.0,0.5,0.6
RawPixels,P,0.45098039215686275,0.45105105105105103,0.45013248542660306,56.84,0.6,0.05,2,150,0.3,0.1,5.0,0.5,0.7
RawPixels,P,0.4117647058823529,0.4094239006906198,0.40605667916261706,55.85,0.6,0.05,2,150,0.3,0.1,5.0,0.5,0.8
RawPixels,P,0.45098039215686275,0.4508158508158508,0.4498834498834499,56.32,0.6,0.05,2,150,0.3,1.0,1.0,0.5,0.6
RawPixels,P,0.43137254901960786,0.4333333333333333,0.43137254901960786,56.54,0.6,0.05,2,150,0.3,1.0,1.0,0.5,0.7
RawPixels,P,0.4117647058823529,0.4114276703111859,0.4072317320536289,56.24,0.6,0.05,2,150,0.3,1.0,1.0,0.5,0.8
RawPixels,P,0.37254901960784315,0.370698284491388,0.3722200902728286,56.29,0.6,0.05,2,150,0.3,1.0,5.0,0.5,0.6
RawPixels,P,0.37254901960784315,0.37109557109557106,0.36939531057178115,56.47,0.6,0.05,2,150,0.3,1.0,5.0,0.5,0.7
RawPixels,P,0.3333333333333333,0.3267596600929934,0.32855162266926974,55.87,0.6,0.05,2,150,0.3,1.0,5.0,0.5,0.8
RawPixels,P,0.4117647058823529,0.4074776530916882,0.40966043442823624,14.38,0.6,0.05,3,50,0.1,0.1,1.0,0.5,0.6
RawPixels,P,0.39215686274509803,0.38219373219373215,0.38657616892911006,14.51,0.6,0.05,3,50,0.1,0.1,1.0,0.5,0.7
RawPixels,P,0.39215686274509803,0.38660120367437445,0.3883340475879931,14.71,0.6,0.05,3,50,0.1,0.1,1.0,0.5,0.8
RawPixels,P,0.3137254901960784,0.29534862798020695,0.3033103119790426,14.53,0.6,0.05,3,50,0.1,0.1,5.0,0.5,0.6
RawPixels,P,0.37254901960784315,0.34604116311433386,0.35659260408184373,14.68,0.6,0.05,3,50,0.1,0.1,5.0,0.5,0.7
RawPixels,P,0.29411764705882354,0.2621806298276887,0.272701059033239,14.61,0.6,0.05,3,50,0.1,0.1,5.0,0.5,0.8
RawPixels,P,0.3333333333333333,0.31257309941520467,0.32115583075335397,14.66,0.6,0.05,3,50,0.1,1.0,1.0,0.5,0.6
RawPixels,P,0.37254901960784315,0.35710301394511923,0.36399142653012617,14.38,0.6,0.05,3,50,0.1,1.0,1.0,0.5,0.7
RawPixels,P,0.3137254901960784,0.2909074327405381,0.2986078699605697,14.48,0.6,0.05,3,50,0.1,1.0,1.0,0.5,0.8
RawPixels,P,0.3137254901960784,0.2796092796092796,0.29045464339581983,14.6,0.6,0.05,3,50,0.1,1.0,5.0,0.5,0.6
RawPixels,P,0.3137254901960784,0.2820957603566299,0.2935745390988358,14.6,0.6,0.05,3,50,0.1,1.0,5.0,0.5,0.7
RawPixels,P,0.29411764705882354,0.2621806298276887,0.272701059033239,14.57,0.6,0.05,3,50,0.1,1.0,5.0,0.5,0.8
RawPixels,P,0.3333333333333333,0.2994176852523674,0.31191540075314605,13.78,0.6,0.05,3,50,0.3,0.1,1.0,0.5,0.6
RawPixels,P,0.37254901960784315,0.36552706552706554,0.3689291101055807,14.12,0.6,0.05,3,50,0.3,0.1,1.0,0.5,0.7
RawPixels,P,0.35294117647058826,0.32471776589423645,0.33401488937821117,14.14,0.6,0.05,3,50,0.3,0.1,1.0,0.5,0.8
RawPixels,P,0.35294117647058826,0.3125763125763126,0.32536091359620767,13.96,0.6,0.05,3,50,0.3,0.1,5.0,0.5,0.6
RawPixels,P,0.39215686274509803,0.3608453173670565,0.3718413334781621,14.11,0.6,0.05,3,50,0.3,0.1,5.0,0.5,0.7
RawPixels,P,0.3137254901960784,0.27517287108079946,0.2862444210420741,14.08,0.6,0.05,3,50,0.3,0.1,5.0,0.5,0.8
RawPixels,P,0.3333333333333333,0.2955671699574139,0.30735123317619734,13.95,0.6,0.05,3,50,0.3,1.0,1.0,0.5,0.6
RawPixels,P,0.39215686274509803,0.3608453173670565,0.3718413334781621,13.95,0.6,0.05,3,50,0.3,1.0,1.0,0.5,0.7
RawPixels,P,0.3333333333333333,0.2947863730472426,0.3070116584183081,13.9,0.6,0.05,3,50,0.3,1.0,1.0,0.5,0.8
RawPixels,P,0.3137254901960784,0.27790046211098846,0.2880555976531209,13.93,0.6,0.05,3,50,0.3,1.0,5.0,0.5,0.6
RawPixels,P,0.3137254901960784,0.28009417483101695,0.2912227091793655,13.89,0.6,0.05,3,50,0.3,1.0,5.0,0.5,0.7
RawPixels,P,0.29411764705882354,0.2401656314699793,0.2542930215564486,14.05,0.6,0.05,3,50,0.3,1.0,5.0,0.5,0.8
RawPixels,P,0.47058823529411764,0.4686609686609686,0.47008547008547,32.52,0.6,0.05,3,100,0.1,0.1,1.0,0.5,0.6
RawPixels,P,0.47058823529411764,0.47304989999487157,0.4705158333911543,32.41,0.6,0.05,3,100,0.1,0.1,1.0,0.5,0.7
RawPixels,P,0.43137254901960786,0.42964449246282865,0.4283522330061828,32.86,0.6,0.05,3,100,0.1,0.1,1.0,0.5,0.8
RawPixels,P,0.39215686274509803,0.38366571699905033,0.3888050946874476,32.5,0.6,0.05,3,100,0.1,0.1,5.0,0.5,0.6
RawPixels,P,0.43137254901960786,0.4320191158900836,0.43086654016445286,32.59,0.6,0.05,3,100,0.1,0.1,5.0,0.5,0.7
RawPixels,P,0.43137254901960786,0.4300558312655087,0.4249927017953583,32.74,0.6,0.05,3,100,0.1,0.1,5.0,0.5,0.8
RawPixels,P,0.39215686274509803,0.38366571699905033,0.3888050946874476,32.54,0.6,0.05,3,100,0.1,1.0,1.0,0.5,0.6
RawPixels,P,0.4117647058823529,0.4117048082565324,0.4115819673629004,32.79,0.6,0.05,3,100,0.1,1.0,1.0,0.5,0.7
RawPixels,P,0.39215686274509803,0.3884391645640594,0.38694775639439966,32.93,0.6,0.05,3,100,0.1,1.0,1.0,0.5,0.8
RawPixels,P,0.3333333333333333,0.32336182336182334,0.32931121166415284,32.88,0.6,0.05,3,100,0.1,1.0,5.0,0.5,0.6
RawPixels,P,0.39215686274509803,0.3918986126116856,0.38838600728144324,32.75,0.6,0.05,3,100,0.1,1.0,5.0,0.5,0.7
RawPixels,P,0.35294117647058826,0.3446040081448934,0.34386642879207197,32.8,0.6,0.05,3,100,0.1,1.0,5.0,0.5,0.8
RawPixels,P,0.39215686274509803,0.38489611562782294,0.3887135341941655,30.12,0.6,0.05,3,100,0.3,0.1,1.0,0.5,0.6
RawPixels,P,0.43137254901960786,0.4302233267750509,0.4311898105001553,30.34,0.6,0.05,3,100,0.3,0.1,1.0,0.5,0.7
RawPixels,P,0.43137254901960786,0.42839683298793774,0.42745285584343734,30.55,0.6,0.05,3,100,0.3,0.1,1.0,0.5,0.8
RawPixels,P,0.37254901960784315,0.35840455840455837,0.36591251885369536,30.26,0.6,0.05,3,100,0.3,0.1,5.0,0.5,0.6
RawPixels,P,0.43137254901960786,0.4320191158900836,0.43086654016445286,30.22,0.6,0.05,3,100,0.3,0.1,5.0,0.5,0.7
RawPixels,P,0.37254901960784315,0.3663991834723542,0.3669436732564422,30.59,0.6,0.05,3,100,0.3,0.1,5.0,0.5,0.8
RawPixels,P,0.39215686274509803,0.38366571699905033,0.3888050946874476,30.02,0.6,0.05,3,100,0.3,1.0,1.0,0.5,0.6
RawPixels,P,0.43137254901960786,0.4302233267750509,0.4311898105001553,30.3,0.6,0.05,3,100,0.3,1.0,1.0,0.5,0.7
RawPixels,P,0.39215686274509803,0.3884391645640594,0.38694775639439966,30.43,0.6,0.05,3,100,0.3,1.0,1.0,0.5,0.8
RawPixels,P,0.35294117647058826,0.3407253407253408,0.34719334719334727,30.21,0.6,0.05,3,100,0.3,1.0,5.0,0.5,0.6
RawPixels,P,0.37254901960784315,0.36934172431129836,0.3707837324350867,30.57,0.6,0.05,3,100,0.3,1.0,5.0,0.5,0.7
RawPixels,P,0.3333333333333333,0.3211505738387459,0.3226125901647723,30.76,0.6,0.05,3,100,0.3,1.0,5.0,0.5,0.8
RawPixels,P,0.5098039215686274,0.5127368748058404,0.5104435063867112,61.21,0.6,0.05,3,150,0.1,0.1,1.0,0.5,0.6
RawPixels,P,0.45098039215686275,0.44916344916344914,0.4503747444923915,61.95,0.6,0.05,3,150,0.1,0.1,1.0,0.5,0.7
RawPixels,P,0.45098039215686275,0.4412698412698413,0.4397759103641457,61.45,0.6,0.05,3,150,0.1,0.1,1.0,0.5,0.8
RawPixels,P,0.47058823529411764,0.47257211128178866,0.4700099394596548,61.63,0.6,0.05,3,150,0.1,0.1,5.0,0.5,0.6
RawPixels,P,0.43137254901960786,0.43034685539429374,0.4290959114042048,61.75,0.6,0.05,3,150,0.1,0.1,5.0,0.5,0.7
RawPixels,P,0.4117647058823529,0.4094239006906198,0.40605667916261706,61.59,0.6,0.05,3,150,0.1,0.1,5.0,0.5,0.8
RawPixels,P,0.47058823529411764,0.47304989999487157,0.4705158333911543,61.3,0.6,0.05,3,150,0.1,1.0,1.0,0.5,0.6
RawPixels,P,0.4117647058823529,0.4117048082565324,0.4115819673629004,61.38,0.6,0.05,3,150,0.1,1.0,1.0,0.5,0.7
RawPixels,P,0.4117647058823529,0.4104118104118104,0.4071027012203483,61.34,0.6,0.05,3,150,0.1,1.0,1.0,0.5,0.8
RawPixels,P,0.35294117647058826,0.3520352605652061,0.35245924140981255,61.7,0.6,0.05,3,150,0.1,1.0,5.0,0.5,0.6
RawPixels,P,0.37254901960784315,0.3727223869211698,0.3703064624195754,61.99,0.6,0.05,3,150,0.1,1.0,5.0,0.5,0.7
RawPixels,P,0.35294117647058826,0.34430014430014433,0.34354469060351417,61.81,0.6,0.05,3,150,0.1,1.0,5.0,0.5,0.8
RawPixels,P,0.49019607843137253,0.49259259259259264,0.49019607843137253,55.4,0.6,0.05,3,150,0.3,0.1,1.0,0.5,0.6
RawPixels,P,0.47058823529411764,0.4682490540075679,0.4683421356158562,56.68,0.6,0.05,3,150,0.3,0.1,1.0,0.5,0.7
RawPixels,P,0.4117647058823529,0.4057539682539682,0.40441176470588236,56.26,0.6,0.05,3,150,0.3,0.1,1.0,0.5,0.8
RawPixels,P,0.43137254901960786,0.4302233267750509,0.4311898105001553,56.06,0.6,0.05,3,150,0.3,0.1,5.0,0.5,0.6
RawPixels,P,0.45098039215686275,0.45105105105105103,0.45013248542660306,56.07,0.6,0.05,3,150,0.3,0.1,5.0,0.5,0.7
RawPixels,P,0.4117647058823529,0.4094239006906198,0.40605667916261706,57.33,0.6,0.05,3,150,0.3,0.1,5.0,0.5,0.8
RawPixels,P,0.45098039215686275,0.4508158508158508,0.4498834498834499,56.08,0.6,0.05,3,150,0.3,1.0,1.0,0.5,0.6
RawPixels,P,0.43137254901960786,0.4333333333333333,0.43137254901960786,55.83,0.6,0.05,3,150,0.3,1.0,1.0,0.5,0.7
RawPixels,P,0.4117647058823529,0.4114276703111859,0.4072317320536289,56.44,0.6,0.05,3,150,0.3,1.0,1.0,0.5,0.8
RawPixels,P,0.37254901960784315,0.370698284491388,0.3722200902728286,56.08,0.6,0.05,3,150,0.3,1.0,5.0,0.5,0.6
RawPixels,P,0.37254901960784315,0.37109557109557106,0.36939531057178115,56.25,0.6,0.05,3,150,0.3,1.0,5.0,0.5,0.7
RawPixels,P,0.3333333333333333,0.3267596600929934,0.32855162266926974,56.43,0.6,0.05,3,150,0.3,1.0,5.0,0.5,0.8
RawPixels,P,0.4117647058823529,0.4074776530916882,0.40966043442823624,14.62,0.6,0.05,4,50,0.1,0.1,1.0,0.5,0.6
RawPixels,P,0.39215686274509803,0.38219373219373215,0.38657616892911006,14.72,0.6,0.05,4,50,0.1,0.1,1.0,0.5,0.7
RawPixels,P,0.39215686274509803,0.38660120367437445,0.3883340475879931,14.73,0.6,0.05,4,50,0.1,0.1,1.0,0.5,0.8
RawPixels,P,0.3137254901960784,0.29534862798020695,0.3033103119790426,14.52,0.6,0.05,4,50,0.1,0.1,5.0,0.5,0.6
RawPixels,P,0.37254901960784315,0.34604116311433386,0.35659260408184373,14.89,0.6,0.05,4,50,0.1,0.1,5.0,0.5,0.7
RawPixels,P,0.29411764705882354,0.2621806298276887,0.272701059033239,14.89,0.6,0.05,4,50,0.1,0.1,5.0,0.5,0.8
RawPixels,P,0.3333333333333333,0.31257309941520467,0.32115583075335397,14.91,0.6,0.05,4,50,0.1,1.0,1.0,0.5,0.6
RawPixels,P,0.37254901960784315,0.35710301394511923,0.36399142653012617,14.92,0.6,0.05,4,50,0.1,1.0,1.0,0.5,0.7
RawPixels,P,0.3137254901960784,0.2909074327405381,0.2986078699605697,14.71,0.6,0.05,4,50,0.1,1.0,1.0,0.5,0.8
RawPixels,P,0.3137254901960784,0.2796092796092796,0.29045464339581983,14.8,0.6,0.05,4,50,0.1,1.0,5.0,0.5,0.6
RawPixels,P,0.3137254901960784,0.2820957603566299,0.2935745390988358,14.78,0.6,0.05,4,50,0.1,1.0,5.0,0.5,0.7
RawPixels,P,0.29411764705882354,0.2621806298276887,0.272701059033239,14.96,0.6,0.05,4,50,0.1,1.0,5.0,0.5,0.8
RawPixels,P,0.3333333333333333,0.2994176852523674,0.31191540075314605,14.35,0.6,0.05,4,50,0.3,0.1,1.0,0.5,0.6
RawPixels,P,0.37254901960784315,0.36552706552706554,0.3689291101055807,14.42,0.6,0.05,4,50,0.3,0.1,1.0,0.5,0.7
RawPixels,P,0.35294117647058826,0.32471776589423645,0.33401488937821117,14.42,0.6,0.05,4,50,0.3,0.1,1.0,0.5,0.8
RawPixels,P,0.35294117647058826,0.3125763125763126,0.32536091359620767,14.26,0.6,0.05,4,50,0.3,0.1,5.0,0.5,0.6
RawPixels,P,0.39215686274509803,0.3608453173670565,0.3718413334781621,15.63,0.6,0.05,4,50,0.3,0.1,5.0,0.5,0.7
RawPixels,P,0.3137254901960784,0.27517287108079946,0.2862444210420741,15.74,0.6,0.05,4,50,0.3,0.1,5.0,0.5,0.8
RawPixels,P,0.3333333333333333,0.2955671699574139,0.30735123317619734,14.38,0.6,0.05,4,50,0.3,1.0,1.0,0.5,0.6
RawPixels,P,0.39215686274509803,0.3608453173670565,0.3718413334781621,14.34,0.6,0.05,4,50,0.3,1.0,1.0,0.5,0.7
RawPixels,P,0.3333333333333333,0.2947863730472426,0.3070116584183081,14.24,0.6,0.05,4,50,0.3,1.0,1.0,0.5,0.8
RawPixels,P,0.3137254901960784,0.27790046211098846,0.2880555976531209,13.93,0.6,0.05,4,50,0.3,1.0,5.0,0.5,0.6
RawPixels,P,0.3137254901960784,0.28009417483101695,0.2912227091793655,14.27,0.6,0.05,4,50,0.3,1.0,5.0,0.5,0.7
RawPixels,P,0.29411764705882354,0.2401656314699793,0.2542930215564486,14.2,0.6,0.05,4,50,0.3,1.0,5.0,0.5,0.8
RawPixels,P,0.47058823529411764,0.4686609686609686,0.47008547008547,32.87,0.6,0.05,4,100,0.1,0.1,1.0,0.5,0.6
RawPixels,P,0.47058823529411764,0.47304989999487157,0.4705158333911543,32.85,0.6,0.05,4,100,0.1,0.1,1.0,0.5,0.7
RawPixels,P,0.43137254901960786,0.42964449246282865,0.4283522330061828,33.28,0.6,0.05,4,100,0.1,0.1,1.0,0.5,0.8
RawPixels,P,0.39215686274509803,0.38366571699905033,0.3888050946874476,32.88,0.6,0.05,4,100,0.1,0.1,5.0,0.5,0.6
RawPixels,P,0.43137254901960786,0.4320191158900836,0.43086654016445286,33.09,0.6,0.05,4,100,0.1,0.1,5.0,0.5,0.7
RawPixels,P,0.43137254901960786,0.4300558312655087,0.4249927017953583,33.29,0.6,0.05,4,100,0.1,0.1,5.0,0.5,0.8
RawPixels,P,0.39215686274509803,0.38366571699905033,0.3888050946874476,32.89,0.6,0.05,4,100,0.1,1.0,1.0,0.5,0.6
RawPixels,P,0.4117647058823529,0.4117048082565324,0.4115819673629004,32.84,0.6,0.05,4,100,0.1,1.0,1.0,0.5,0.7
RawPixels,P,0.39215686274509803,0.3884391645640594,0.38694775639439966,33.17,0.6,0.05,4,100,0.1,1.0,1.0,0.5,0.8
RawPixels,P,0.3333333333333333,0.32336182336182334,0.32931121166415284,32.8,0.6,0.05,4,100,0.1,1.0,5.0,0.5,0.6
RawPixels,P,0.39215686274509803,0.3918986126116856,0.38838600728144324,33.29,0.6,0.05,4,100,0.1,1.0,5.0,0.5,0.7
RawPixels,P,0.35294117647058826,0.3446040081448934,0.34386642879207197,33.18,0.6,0.05,4,100,0.1,1.0,5.0,0.5,0.8
RawPixels,P,0.39215686274509803,0.38489611562782294,0.3887135341941655,30.09,0.6,0.05,4,100,0.3,0.1,1.0,0.5,0.6
RawPixels,P,0.43137254901960786,0.4302233267750509,0.4311898105001553,30.53,0.6,0.05,4,100,0.3,0.1,1.0,0.5,0.7
RawPixels,P,0.43137254901960786,0.42839683298793774,0.42745285584343734,34.21,0.6,0.05,4,100,0.3,0.1,1.0,0.5,0.8
RawPixels,P,0.37254901960784315,0.35840455840455837,0.36591251885369536,35.3,0.6,0.05,4,100,0.3,0.1,5.0,0.5,0.6
RawPixels,P,0.43137254901960786,0.4320191158900836,0.43086654016445286,35.54,0.6,0.05,4,100,0.3,0.1,5.0,0.5,0.7
RawPixels,P,0.37254901960784315,0.3663991834723542,0.3669436732564422,35.68,0.6,0.05,4,100,0.3,0.1,5.0,0.5,0.8
RawPixels,P,0.39215686274509803,0.38366571699905033,0.3888050946874476,35.5,0.6,0.05,4,100,0.3,1.0,1.0,0.5,0.6
RawPixels,P,0.43137254901960786,0.4302233267750509,0.4311898105001553,35.27,0.6,0.05,4,100,0.3,1.0,1.0,0.5,0.7
RawPixels,P,0.39215686274509803,0.3884391645640594,0.38694775639439966,36.13,0.6,0.05,4,100,0.3,1.0,1.0,0.5,0.8
RawPixels,P,0.35294117647058826,0.3407253407253408,0.34719334719334727,35.34,0.6,0.05,4,100,0.3,1.0,5.0,0.5,0.6
RawPixels,P,0.37254901960784315,0.36934172431129836,0.3707837324350867,35.61,0.6,0.05,4,100,0.3,1.0,5.0,0.5,0.7
RawPixels,P,0.3333333333333333,0.3211505738387459,0.3226125901647723,35.8,0.6,0.05,4,100,0.3,1.0,5.0,0.5,0.8
RawPixels,P,0.5098039215686274,0.5127368748058404,0.5104435063867112,72.28,0.6,0.05,4,150,0.1,0.1,1.0,0.5,0.6
RawPixels,P,0.45098039215686275,0.44916344916344914,0.4503747444923915,72.72,0.6,0.05,4,150,0.1,0.1,1.0,0.5,0.7
RawPixels,P,0.45098039215686275,0.4412698412698413,0.4397759103641457,72.86,0.6,0.05,4,150,0.1,0.1,1.0,0.5,0.8
RawPixels,P,0.47058823529411764,0.47257211128178866,0.4700099394596548,66.44,0.6,0.05,4,150,0.1,0.1,5.0,0.5,0.6
RawPixels,P,0.43137254901960786,0.43034685539429374,0.4290959114042048,61.98,0.6,0.05,4,150,0.1,0.1,5.0,0.5,0.7
RawPixels,P,0.4117647058823529,0.4094239006906198,0.40605667916261706,62.28,0.6,0.05,4,150,0.1,0.1,5.0,0.5,0.8
RawPixels,P,0.47058823529411764,0.47304989999487157,0.4705158333911543,61.7,0.6,0.05,4,150,0.1,1.0,1.0,0.5,0.6
RawPixels,P,0.4117647058823529,0.4117048082565324,0.4115819673629004,61.68,0.6,0.05,4,150,0.1,1.0,1.0,0.5,0.7
RawPixels,P,0.4117647058823529,0.4104118104118104,0.4071027012203483,61.73,0.6,0.05,4,150,0.1,1.0,1.0,0.5,0.8
RawPixels,P,0.35294117647058826,0.3520352605652061,0.35245924140981255,61.97,0.6,0.05,4,150,0.1,1.0,5.0,0.5,0.6
RawPixels,P,0.37254901960784315,0.3727223869211698,0.3703064624195754,61.62,0.6,0.05,4,150,0.1,1.0,5.0,0.5,0.7
RawPixels,P,0.35294117647058826,0.34430014430014433,0.34354469060351417,62.38,0.6,0.05,4,150,0.1,1.0,5.0,0.5,0.8
RawPixels,P,0.49019607843137253,0.49259259259259264,0.49019607843137253,56.38,0.6,0.05,4,150,0.3,0.1,1.0,0.5,0.6
RawPixels,P,0.47058823529411764,0.4682490540075679,0.4683421356158562,56.44,0.6,0.05,4,150,0.3,0.1,1.0,0.5,0.7
RawPixels,P,0.4117647058823529,0.4057539682539682,0.40441176470588236,56.17,0.6,0.05,4,150,0.3,0.1,1.0,0.5,0.8
RawPixels,P,0.43137254901960786,0.4302233267750509,0.4311898105001553,56.59,0.6,0.05,4,150,0.3,0.1,5.0,0.5,0.6
RawPixels,P,0.45098039215686275,0.45105105105105103,0.45013248542660306,56.23,0.6,0.05,4,150,0.3,0.1,5.0,0.5,0.7
RawPixels,P,0.4117647058823529,0.4094239006906198,0.40605667916261706,56.32,0.6,0.05,4,150,0.3,0.1,5.0,0.5,0.8
RawPixels,P,0.45098039215686275,0.4508158508158508,0.4498834498834499,56.31,0.6,0.05,4,150,0.3,1.0,1.0,0.5,0.6
RawPixels,P,0.43137254901960786,0.4333333333333333,0.43137254901960786,56.29,0.6,0.05,4,150,0.3,1.0,1.0,0.5,0.7
RawPixels,P,0.4117647058823529,0.4114276703111859,0.4072317320536289,57.22,0.6,0.05,4,150,0.3,1.0,1.0,0.5,0.8
RawPixels,P,0.37254901960784315,0.370698284491388,0.3722200902728286,56.09,0.6,0.05,4,150,0.3,1.0,5.0,0.5,0.6
RawPixels,P,0.37254901960784315,0.37109557109557106,0.36939531057178115,56.22,0.6,0.05,4,150,0.3,1.0,5.0,0.5,0.7
RawPixels,P,0.3333333333333333,0.3267596600929934,0.32855162266926974,56.17,0.6,0.05,4,150,0.3,1.0,5.0,0.5,0.8
RawPixels,P,0.4117647058823529,0.4096866096866097,0.41116138763197585,14.54,0.6,0.1,2,50,0.1,0.1,1.0,0.5,0.6
RawPixels,P,0.4117647058823529,0.4008108108108108,0.4055643879173291,14.49,0.6,0.1,2,50,0.1,0.1,1.0,0.5,0.7
RawPixels,P,0.47058823529411764,0.4663865546218487,0.46861097380128514,14.57,0.6,0.1,2,50,0.1,0.1,1.0,0.5,0.8
RawPixels,P,0.43137254901960786,0.4259698294786014,0.4292403858967326,14.73,0.6,0.1,2,50,0.1,0.1,5.0,0.5,0.6
RawPixels,P,0.43137254901960786,0.42915910465819723,0.4300629870823103,14.76,0.6,0.1,2,50,0.1,0.1,5.0,0.5,0.7
RawPixels,P,0.37254901960784315,0.3630511463844797,0.36697790227201993,14.69,0.6,0.1,2,50,0.1,0.1,5.0,0.5,0.8
RawPixels,P,0.43137254901960786,0.4259698294786014,0.4292403858967326,14.74,0.6,0.1,2,50,0.1,1.0,1.0,0.5,0.6
RawPixels,P,0.43137254901960786,0.4263532763532763,0.4288084464555053,14.58,0.6,0.1,2,50,0.1,1.0,1.0,0.5,0.7
RawPixels,P,0.4117647058823529,0.4028613662760004,0.40555069034265595,14.57,0.6,0.1,2,50,0.1,1.0,1.0,0.5,0.8
RawPixels,P,0.37254901960784315,0.35665317139001346,0.36351512264824953,14.4,0.6,0.1,2,50,0.1,1.0,5.0,0.5,0.6
RawPixels,P,0.39215686274509803,0.3832658569500675,0.38771135984758276,14.45,0.6,0.1,2,50,0.1,1.0,5.0,0.5,0.7
RawPixels,P,0.37254901960784315,0.3630511463844797,0.36697790227201993,14.78,0.6,0.1,2,50,0.1,1.0,5.0,0.5,0.8
RawPixels,P,0.43137254901960786,0.4188288288288289,0.4246422893481718,13.92,0.6,0.1,2,50,0.3,0.1,1.0,0.5,0.6
RawPixels,P,0.43137254901960786,0.4184075573549258,0.4241962371993332,14.0,0.6,0.1,2,50,0.3,0.1,1.0,0.5,0.7
RawPixels,P,0.39215686274509803,0.3875260541927208,0.38853521206462377,13.84,0.6,0.1,2,50,0.3,0.1,1.0,0.5,0.8
RawPixels,P,0.39215686274509803,0.3750712250712251,0.3835595776772247,13.99,0.6,0.1,2,50,0.3,0.1,5.0,0.5,0.6
RawPixels,P,0.4117647058823529,0.4062271062271063,0.409114414996768,13.93,0.6,0.1,2,50,0.3,0.1,5.0,0.5,0.7
RawPixels,P,0.39215686274509803,0.38224121557454893,0.38729679906150494,14.3,0.6,0.1,2,50,0.3,0.1,5.0,0.5,0.8
RawPixels,P,0.43137254901960786,0.41737891737891736,0.42383107088989447,13.89,0.6,0.1,2,50,0.3,1.0,1.0,0.5,0.6
RawPixels,P,0.37254901960784315,0.35710301394511923,0.36399142653012617,14.03,0.6,0.1,2,50,0.3,1.0,1.0,0.5,0.7
RawPixels,P,0.37254901960784315,0.362753954336929,0.36666322833931914,13.75,0.6,0.1,2,50,0.3,1.0,1.0,0.5,0.8
RawPixels,P,0.35294117647058826,0.3159867942476638,0.329459163218754,14.01,0.6,0.1,2,50,0.3,1.0,5.0,0.5,0.6
RawPixels,P,0.4117647058823529,0.40128651835968904,0.4067920601636527,14.18,0.6,0.1,2,50,0.3,1.0,5.0,0.5,0.7
RawPixels,P,0.39215686274509803,0.3866946778711485,0.38843302026693033,13.75,0.6,0.1,2,50,0.3,1.0,5.0,0.5,0.8
RawPixels,P,0.47058823529411764,0.47270955165692,0.4711042311661507,32.91,0.6,0.1,2,100,0.1,0.1,1.0,0.5,0.6
RawPixels,P,0.37254901960784315,0.363191280264451,0.3664559257098712,32.65,0.6,0.1,2,100,0.1,0.1,1.0,0.5,0.7
RawPixels,P,0.49019607843137253,0.4901960784313726,0.4896193771626297,32.71,0.6,0.1,2,100,0.1,0.1,1.0,0.5,0.8
RawPixels,P,0.45098039215686275,0.4506611875032928,0.4510268782714603,32.65,0.6,0.1,2,100,0.1,0.1,5.0,0.5,0.6
RawPixels,P,0.49019607843137253,0.490990990990991,0.49046104928457873,32.57,0.6,0.1,2,100,0.1,0.1,5.0,0.5,0.7
RawPixels,P,0.5098039215686274,0.5096091483188258,0.5092256257341646,32.78,0.6,0.1,2,100,0.1,0.1,5.0,0.5,0.8
RawPixels,P,0.47058823529411764,0.47122985054019534,0.4705516875902272,32.68,0.6,0.1,2,100,0.1,1.0,1.0,0.5,0.6
RawPixels,P,0.47058823529411764,0.46820504715241557,0.46960272966464917,32.65,0.6,0.1,2,100,0.1,1.0,1.0,0.5,0.7
RawPixels,P,0.43137254901960786,0.42568297576786546,0.4279527523310605,32.94,0.6,0.1,2,100,0.1,1.0,1.0,0.5,0.8
RawPixels,P,0.4117647058823529,0.4074776530916882,0.40966043442823624,32.24,0.6,0.1,2,100,0.1,1.0,5.0,0.5,0.6
RawPixels,P,0.43137254901960786,0.4302233267750509,0.4311898105001553,32.7,0.6,0.1,2,100,0.1,1.0,5.0,0.5,0.7
RawPixels,P,0.43137254901960786,0.43034685539429374,0.4290959114042048,32.8,0.6,0.1,2,100,0.1,1.0,5.0,0.5,0.8
RawPixels,P,0.47058823529411764,0.4686609686609686,0.47008547008547,30.12,0.6,0.1,2,100,0.3,0.1,1.0,0.5,0.6
RawPixels,P,0.4117647058823529,0.4067901234567901,0.4089324618736383,29.89,0.6,0.1,2,100,0.3,0.1,1.0,0.5,0.7
RawPixels,P,0.47058823529411764,0.4672364672364672,0.4685771744595274,30.44,0.6,0.1,2,100,0.3,0.1,1.0,0.5,0.8
RawPixels,P,0.45098039215686275,0.4490842490842491,0.4502908855850032,30.53,0.6,0.1,2,100,0.3,0.1,5.0,0.5,0.6
RawPixels,P,0.43137254901960786,0.4302233267750509,0.4311898105001553,32.65,0.6,0.1,2,100,0.3,0.1,5.0,0.5,0.7
RawPixels,P,0.45098039215686275,0.44890604890604885,0.4517828753122871,35.14,0.6,0.1,2,100,0.3,0.1,5.0,0.5,0.8
RawPixels,P,0.45098039215686275,0.44890002784739624,0.4500958278048061,36.35,0.6,0.1,2,100,0.3,1.0,1.0,0.5,0.6
RawPixels,P,0.49019607843137253,0.4923208923208923,0.48990839579074874,30.93,0.6,0.1,2,100,0.3,1.0,1.0,0.5,0.7
RawPixels,P,0.43137254901960786,0.4258098223615465,0.42651668817997423,30.64,0.6,0.1,2,100,0.3,1.0,1.0,0.5,0.8
RawPixels,P,0.43137254901960786,0.4254956711097062,0.4287383358590789,30.42,0.6,0.1,2,100,0.3,1.0,5.0,0.5,0.6
RawPixels,P,0.45098039215686275,0.4518518518518519,0.45098039215686275,30.45,0.6,0.1,2,100,0.3,1.0,5.0,0.5,0.7
RawPixels,P,0.4117647058823529,0.40855045492142267,0.40601736972704716,30.36,0.6,0.1,2,100,0.3,1.0,5.0,0.5,0.8
RawPixels,P,0.5098039215686274,0.5127368748058404,0.5104435063867112,61.19,0.6,0.1,2,150,0.1,0.1,1.0,0.5,0.6
RawPixels,P,0.43137254901960786,0.41912152887762644,0.4227673330973188,61.26,0.6,0.1,2,150,0.1,0.1,1.0,0.5,0.7
RawPixels,P,0.47058823529411764,0.46416546416546417,0.4653255241490535,61.59,0.6,0.1,2,150,0.1,0.1,1.0,0.5,0.8
RawPixels,P,0.5294117647058824,0.5270270270270271,0.5286168521462639,61.41,0.6,0.1,2,150,0.1,0.1,5.0,0.5,0.6
RawPixels,P,0.49019607843137253,0.4832722832722833,0.4864899806076276,61.14,0.6,0.1,2,150,0.1,0.1,5.0,0.5,0.7
RawPixels,P,0.43137254901960786,0.41805221420297606,0.4151925405286413,61.57,0.6,0.1,2,150,0.1,0.1,5.0,0.5,0.8
RawPixels,P,0.5294117647058824,0.5296869625043,0.5294724701025921,61.57,0.6,0.1,2,150,0.1,1.0,1.0,0.5,0.6
RawPixels,P,0.43137254901960786,0.417416440831075,0.42314681970349116,61.59,0.6,0.1,2,150,0.1,1.0,1.0,0.5,0.7
RawPixels,P,0.4117647058823529,0.3978174603174603,0.4002100840336134,61.5,0.6,0.1,2,150,0.1,1.0,1.0,0.5,0.8
RawPixels,P,0.47058823529411764,0.4743028743028743,0.4708304943599061,60.89,0.6,0.1,2,150,0.1,1.0,5.0,0.5,0.6
RawPixels,P,0.45098039215686275,0.4527691778465772,0.451951678504219,60.92,0.6,0.1,2,150,0.1,1.0,5.0,0.5,0.7
RawPixels,P,0.4117647058823529,0.41011148561057814,0.4098949198554195,61.4,0.6,0.1,2,150,0.1,1.0,5.0,0.5,0.8
RawPixels,P,0.49019607843137253,0.490990990990991,0.49046104928457873,55.37,0.6,0.1,2,150,0.3,0.1,1.0,0.5,0.6
RawPixels,P,0.43137254901960786,0.42535392535392536,0.42936634113104705,55.4,0.6,0.1,2,150,0.3,0.1,1.0,0.5,0.7
RawPixels,P,0.39215686274509803,0.3761449621664676,0.37648464403682613,55.71,0.6,0.1,2,150,0.3,0.1,1.0,0.5,0.8
RawPixels,P,0.49019607843137253,0.48496240601503754,0.48827952233524985,55.04,0.6,0.1,2,150,0.3,0.1,5.0,0.5,0.6
RawPixels,P,0.5294117647058824,0.5276229790161678,0.5272870758210405,55.37,0.6,0.1,2,150,0.3,0.1,5.0,0.5,0.7
RawPixels,P,0.4117647058823529,0.39855571446227733,0.3976593974631009,55.2,0.6,0.1,2,150,0.3,0.1,5.0,0.5,0.8
RawPixels,P,0.5294117647058824,0.529299789062098,0.5300745394623353,54.7,0.6,0.1,2,150,0.3,1.0,1.0,0.5,0.6
RawPixels,P,0.47058823529411764,0.4667598633115875,0.4698755550682529,55.23,0.6,0.1,2,150,0.3,1.0,1.0,0.5,0.7
RawPixels,P,0.45098039215686275,0.4430495965534898,0.4407137716043036,55.09,0.6,0.1,2,150,0.3,1.0,1.0,0.5,0.8
RawPixels,P,0.49019607843137253,0.49155390921095504,0.49010831373759567,54.73,0.6,0.1,2,150,0.3,1.0,5.0,0.5,0.6
RawPixels,P,0.45098039215686275,0.452080652080652,0.4512226512226512,55.3,0.6,0.1,2,150,0.3,1.0,5.0,0.5,0.7
RawPixels,P,0.4117647058823529,0.4094424722608084,0.406961858674632,54.5,0.6,0.1,2,150,0.3,1.0,5.0,0.5,0.8
RawPixels,P,0.4117647058823529,0.4096866096866097,0.41116138763197585,14.04,0.6,0.1,3,50,0.1,0.1,1.0,0.5,0.6
RawPixels,P,0.4117647058823529,0.4008108108108108,0.4055643879173291,14.3,0.6,0.1,3,50,0.1,0.1,1.0,0.5,0.7
RawPixels,P,0.47058823529411764,0.4663865546218487,0.46861097380128514,14.05,0.6,0.1,3,50,0.1,0.1,1.0,0.5,0.8
RawPixels,P,0.43137254901960786,0.4259698294786014,0.4292403858967326,14.22,0.6,0.1,3,50,0.1,0.1,5.0,0.5,0.6
RawPixels,P,0.43137254901960786,0.42915910465819723,0.4300629870823103,14.41,0.6,0.1,3,50,0.1,0.1,5.0,0.5,0.7
RawPixels,P,0.37254901960784315,0.3630511463844797,0.36697790227201993,14.53,0.6,0.1,3,50,0.1,0.1,5.0,0.5,0.8
RawPixels,P,0.43137254901960786,0.4259698294786014,0.4292403858967326,14.39,0.6,0.1,3,50,0.1,1.0,1.0,0.5,0.6
RawPixels,P,0.43137254901960786,0.4263532763532763,0.4288084464555053,14.28,0.6,0.1,3,50,0.1,1.0,1.0,0.5,0.7
RawPixels,P,0.4117647058823529,0.4028613662760004,0.40555069034265595,14.25,0.6,0.1,3,50,0.1,1.0,1.0,0.5,0.8
RawPixels,P,0.37254901960784315,0.35665317139001346,0.36351512264824953,14.36,0.6,0.1,3,50,0.1,1.0,5.0,0.5,0.6
RawPixels,P,0.39215686274509803,0.3832658569500675,0.38771135984758276,14.3,0.6,0.1,3,50,0.1,1.0,5.0,0.5,0.7
RawPixels,P,0.37254901960784315,0.3630511463844797,0.36697790227201993,14.11,0.6,0.1,3,50,0.1,1.0,5.0,0.5,0.8
RawPixels,P,0.43137254901960786,0.4188288288288289,0.4246422893481718,13.2,0.6,0.1,3,50,0.3,0.1,1.0,0.5,0.6
RawPixels,P,0.43137254901960786,0.4184075573549258,0.4241962371993332,13.55,0.6,0.1,3,50,0.3,0.1,1.0,0.5,0.7
RawPixels,P,0.39215686274509803,0.3875260541927208,0.38853521206462377,14.01,0.6,0.1,3,50,0.3,0.1,1.0,0.5,0.8
RawPixels,P,0.39215686274509803,0.3750712250712251,0.3835595776772247,13.4,0.6,0.1,3,50,0.3,0.1,5.0,0.5,0.6
RawPixels,P,0.4117647058823529,0.4062271062271063,0.409114414996768,13.48,0.6,0.1,3,50,0.3,0.1,5.0,0.5,0.7
RawPixels,P,0.39215686274509803,0.38224121557454893,0.38729679906150494,13.83,0.6,0.1,3,50,0.3,0.1,5.0,0.5,0.8
RawPixels,P,0.43137254901960786,0.41737891737891736,0.42383107088989447,13.55,0.6,0.1,3,50,0.3,1.0,1.0,0.5,0.6
RawPixels,P,0.37254901960784315,0.35710301394511923,0.36399142653012617,13.52,0.6,0.1,3,50,0.3,1.0,1.0,0.5,0.7
RawPixels,P,0.37254901960784315,0.362753954336929,0.36666322833931914,14.03,0.6,0.1,3,50,0.3,1.0,1.0,0.5,0.8
RawPixels,P,0.35294117647058826,0.3159867942476638,0.329459163218754,13.52,0.6,0.1,3,50,0.3,1.0,5.0,0.5,0.6
RawPixels,P,0.4117647058823529,0.40128651835968904,0.4067920601636527,13.49,0.6,0.1,3,50,0.3,1.0,5.0,0.5,0.7
RawPixels,P,0.39215686274509803,0.3866946778711485,0.38843302026693033,13.59,0.6,0.1,3,50,0.3,1.0,5.0,0.5,0.8
RawPixels,P,0.47058823529411764,0.47270955165692,0.4711042311661507,31.78,0.6,0.1,3,100,0.1,0.1,1.0,0.5,0.6
RawPixels,P,0.37254901960784315,0.363191280264451,0.3664559257098712,31.95,0.6,0.1,3,100,0.1,0.1,1.0,0.5,0.7
RawPixels,P,0.49019607843137253,0.4901960784313726,0.4896193771626297,32.18,0.6,0.1,3,100,0.1,0.1,1.0,0.5,0.8
RawPixels,P,0.45098039215686275,0.4506611875032928,0.4510268782714603,31.83,0.6,0.1,3,100,0.1,0.1,5.0,0.5,0.6
RawPixels,P,0.49019607843137253,0.490990990990991,0.49046104928457873,32.11,0.6,0.1,3,100,0.1,0.1,5.0,0.5,0.7
RawPixels,P,0.5098039215686274,0.5096091483188258,0.5092256257341646,32.31,0.6,0.1,3,100,0.1,0.1,5.0,0.5,0.8
RawPixels,P,0.47058823529411764,0.47122985054019534,0.4705516875902272,31.65,0.6,0.1,3,100,0.1,1.0,1.0,0.5,0.6
RawPixels,P,0.47058823529411764,0.46820504715241557,0.46960272966464917,31.85,0.6,0.1,3,100,0.1,1.0,1.0,0.5,0.7
RawPixels,P,0.43137254901960786,0.42568297576786546,0.4279527523310605,31.91,0.6,0.1,3,100,0.1,1.0,1.0,0.5,0.8
RawPixels,P,0.4117647058823529,0.4074776530916882,0.40966043442823624,31.89,0.6,0.1,3,100,0.1,1.0,5.0,0.5,0.6
RawPixels,P,0.43137254901960786,0.4302233267750509,0.4311898105001553,32.15,0.6,0.1,3,100,0.1,1.0,5.0,0.5,0.7
RawPixels,P,0.43137254901960786,0.43034685539429374,0.4290959114042048,31.86,0.6,0.1,3,100,0.1,1.0,5.0,0.5,0.8
RawPixels,P,0.47058823529411764,0.4686609686609686,0.47008547008547,29.52,0.6,0.1,3,100,0.3,0.1,1.0,0.5,0.6
RawPixels,P,0.4117647058823529,0.4067901234567901,0.4089324618736383,29.67,0.6,0.1,3,100,0.3,0.1,1.0,0.5,0.7
RawPixels,P,0.47058823529411764,0.4672364672364672,0.4685771744595274,30.04,0.6,0.1,3,100,0.3,0.1,1.0,0.5,0.8
RawPixels,P,0.45098039215686275,0.4490842490842491,0.4502908855850032,29.44,0.6,0.1,3,100,0.3,0.1,5.0,0.5,0.6
RawPixels,P,0.43137254901960786,0.4302233267750509,0.4311898105001553,29.52,0.6,0.1,3,100,0.3,0.1,5.0,0.5,0.7
RawPixels,P,0.45098039215686275,0.44890604890604885,0.4517828753122871,29.69,0.6,0.1,3,100,0.3,0.1,5.0,0.5,0.8
RawPixels,P,0.45098039215686275,0.44890002784739624,0.4500958278048061,29.67,0.6,0.1,3,100,0.3,1.0,1.0,0.5,0.6
RawPixels,P,0.49019607843137253,0.4923208923208923,0.48990839579074874,29.86,0.6,0.1,3,100,0.3,1.0,1.0,0.5,0.7
RawPixels,P,0.43137254901960786,0.4258098223615465,0.42651668817997423,30.52,0.6,0.1,3,100,0.3,1.0,1.0,0.5,0.8
RawPixels,P,0.43137254901960786,0.4254956711097062,0.4287383358590789,29.84,0.6,0.1,3,100,0.3,1.0,5.0,0.5,0.6
RawPixels,P,0.45098039215686275,0.4518518518518519,0.45098039215686275,29.98,0.6,0.1,3,100,0.3,1.0,5.0,0.5,0.7
RawPixels,P,0.4117647058823529,0.40855045492142267,0.40601736972704716,30.17,0.6,0.1,3,100,0.3,1.0,5.0,0.5,0.8
RawPixels,P,0.5098039215686274,0.5127368748058404,0.5104435063867112,59.78,0.6,0.1,3,150,0.1,0.1,1.0,0.5,0.6
RawPixels,P,0.43137254901960786,0.41912152887762644,0.4227673330973188,59.79,0.6,0.1,3,150,0.1,0.1,1.0,0.5,0.7
RawPixels,P,0.47058823529411764,0.46416546416546417,0.4653255241490535,60.48,0.6,0.1,3,150,0.1,0.1,1.0,0.5,0.8
RawPixels,P,0.5294117647058824,0.5270270270270271,0.5286168521462639,60.04,0.6,0.1,3,150,0.1,0.1,5.0,0.5,0.6
RawPixels,P,0.49019607843137253,0.4832722832722833,0.4864899806076276,60.33,0.6,0.1,3,150,0.1,0.1,5.0,0.5,0.7
RawPixels,P,0.43137254901960786,0.41805221420297606,0.4151925405286413,60.02,0.6,0.1,3,150,0.1,0.1,5.0,0.5,0.8
RawPixels,P,0.5294117647058824,0.5296869625043,0.5294724701025921,60.56,0.6,0.1,3,150,0.1,1.0,1.0,0.5,0.6
RawPixels,P,0.43137254901960786,0.417416440831075,0.42314681970349116,60.88,0.6,0.1,3,150,0.1,1.0,1.0,0.5,0.7
RawPixels,P,0.4117647058823529,0.3978174603174603,0.4002100840336134,61.29,0.6,0.1,3,150,0.1,1.0,1.0,0.5,0.8
RawPixels,P,0.47058823529411764,0.4743028743028743,0.4708304943599061,60.45,0.6,0.1,3,150,0.1,1.0,5.0,0.5,0.6
RawPixels,P,0.45098039215686275,0.4527691778465772,0.451951678504219,61.88,0.6,0.1,3,150,0.1,1.0,5.0,0.5,0.7
RawPixels,P,0.4117647058823529,0.41011148561057814,0.4098949198554195,61.95,0.6,0.1,3,150,0.1,1.0,5.0,0.5,0.8
RawPixels,P,0.49019607843137253,0.490990990990991,0.49046104928457873,55.48,0.6,0.1,3,150,0.3,0.1,1.0,0.5,0.6
RawPixels,P,0.43137254901960786,0.42535392535392536,0.42936634113104705,55.52,0.6,0.1,3,150,0.3,0.1,1.0,0.5,0.7
RawPixels,P,0.39215686274509803,0.3761449621664676,0.37648464403682613,56.24,0.6,0.1,3,150,0.3,0.1,1.0,0.5,0.8
RawPixels,P,0.49019607843137253,0.48496240601503754,0.48827952233524985,55.35,0.6,0.1,3,150,0.3,0.1,5.0,0.5,0.6
RawPixels,P,0.5294117647058824,0.5276229790161678,0.5272870758210405,55.87,0.6,0.1,3,150,0.3,0.1,5.0,0.5,0.7
RawPixels,P,0.4117647058823529,0.39855571446227733,0.3976593974631009,56.4,0.6,0.1,3,150,0.3,0.1,5.0,0.5,0.8
RawPixels,P,0.5294117647058824,0.529299789062098,0.5300745394623353,55.27,0.6,0.1,3,150,0.3,1.0,1.0,0.5,0.6
RawPixels,P,0.47058823529411764,0.4667598633115875,0.4698755550682529,55.56,0.6,0.1,3,150,0.3,1.0,1.0,0.5,0.7
RawPixels,P,0.45098039215686275,0.4430495965534898,0.4407137716043036,56.51,0.6,0.1,3,150,0.3,1.0,1.0,0.5,0.8
RawPixels,P,0.49019607843137253,0.49155390921095504,0.49010831373759567,55.9,0.6,0.1,3,150,0.3,1.0,5.0,0.5,0.6
RawPixels,P,0.45098039215686275,0.452080652080652,0.4512226512226512,56.14,0.6,0.1,3,150,0.3,1.0,5.0,0.5,0.7
RawPixels,P,0.4117647058823529,0.4094424722608084,0.406961858674632,56.26,0.6,0.1,3,150,0.3,1.0,5.0,0.5,0.8
RawPixels,P,0.4117647058823529,0.4096866096866097,0.41116138763197585,14.64,0.6,0.1,4,50,0.1,0.1,1.0,0.5,0.6
RawPixels,P,0.4117647058823529,0.4008108108108108,0.4055643879173291,14.45,0.6,0.1,4,50,0.1,0.1,1.0,0.5,0.7
RawPixels,P,0.47058823529411764,0.4663865546218487,0.46861097380128514,14.68,0.6,0.1,4,50,0.1,0.1,1.0,0.5,0.8
RawPixels,P,0.43137254901960786,0.4259698294786014,0.4292403858967326,14.54,0.6,0.1,4,50,0.1,0.1,5.0,0.5,0.6
RawPixels,P,0.43137254901960786,0.42915910465819723,0.4300629870823103,14.43,0.6,0.1,4,50,0.1,0.1,5.0,0.5,0.7
RawPixels,P,0.37254901960784315,0.3630511463844797,0.36697790227201993,14.69,0.6,0.1,4,50,0.1,0.1,5.0,0.5,0.8
RawPixels,P,0.43137254901960786,0.4259698294786014,0.4292403858967326,14.44,0.6,0.1,4,50,0.1,1.0,1.0,0.5,0.6
RawPixels,P,0.43137254901960786,0.4263532763532763,0.4288084464555053,14.1,0.6,0.1,4,50,0.1,1.0,1.0,0.5,0.7
RawPixels,P,0.4117647058823529,0.4028613662760004,0.40555069034265595,14.82,0.6,0.1,4,50,0.1,1.0,1.0,0.5,0.8
RawPixels,P,0.37254901960784315,0.35665317139001346,0.36351512264824953,14.48,0.6,0.1,4,50,0.1,1.0,5.0,0.5,0.6
RawPixels,P,0.39215686274509803,0.3832658569500675,0.38771135984758276,14.49,0.6,0.1,4,50,0.1,1.0,5.0,0.5,0.7
RawPixels,P,0.37254901960784315,0.3630511463844797,0.36697790227201993,14.74,0.6,0.1,4,50,0.1,1.0,5.0,0.5,0.8
RawPixels,P,0.43137254901960786,0.4188288288288289,0.4246422893481718,14.02,0.6,0.1,4,50,0.3,0.1,1.0,0.5,0.6
RawPixels,P,0.43137254901960786,0.4184075573549258,0.4241962371993332,14.07,0.6,0.1,4,50,0.3,0.1,1.0,0.5,0.7
RawPixels,P,0.39215686274509803,0.3875260541927208,0.38853521206462377,13.82,0.6,0.1,4,50,0.3,0.1,1.0,0.5,0.8
RawPixels,P,0.39215686274509803,0.3750712250712251,0.3835595776772247,13.71,0.6,0.1,4,50,0.3,0.1,5.0,0.5,0.6
RawPixels,P,0.4117647058823529,0.4062271062271063,0.409114414996768,13.61,0.6,0.1,4,50,0.3,0.1,5.0,0.5,0.7
RawPixels,P,0.39215686274509803,0.38224121557454893,0.38729679906150494,14.19,0.6,0.1,4,50,0.3,0.1,5.0,0.5,0.8
RawPixels,P,0.43137254901960786,0.41737891737891736,0.42383107088989447,13.76,0.6,0.1,4,50,0.3,1.0,1.0,0.5,0.6
RawPixels,P,0.37254901960784315,0.35710301394511923,0.36399142653012617,14.02,0.6,0.1,4,50,0.3,1.0,1.0,0.5,0.7
RawPixels,P,0.37254901960784315,0.362753954336929,0.36666322833931914,13.89,0.6,0.1,4,50,0.3,1.0,1.0,0.5,0.8
RawPixels,P,0.35294117647058826,0.3159867942476638,0.329459163218754,14.11,0.6,0.1,4,50,0.3,1.0,5.0,0.5,0.6
RawPixels,P,0.4117647058823529,0.40128651835968904,0.4067920601636527,13.96,0.6,0.1,4,50,0.3,1.0,5.0,0.5,0.7
RawPixels,P,0.39215686274509803,0.3866946778711485,0.38843302026693033,13.82,0.6,0.1,4,50,0.3,1.0,5.0,0.5,0.8
RawPixels,P,0.47058823529411764,0.47270955165692,0.4711042311661507,32.64,0.6,0.1,4,100,0.1,0.1,1.0,0.5,0.6
RawPixels,P,0.37254901960784315,0.363191280264451,0.3664559257098712,32.55,0.6,0.1,4,100,0.1,0.1,1.0,0.5,0.7
RawPixels,P,0.49019607843137253,0.4901960784313726,0.4896193771626297,32.73,0.6,0.1,4,100,0.1,0.1,1.0,0.5,0.8
RawPixels,P,0.45098039215686275,0.4506611875032928,0.4510268782714603,32.24,0.6,0.1,4,100,0.1,0.1,5.0,0.5,0.6
RawPixels,P,0.49019607843137253,0.490990990990991,0.49046104928457873,32.53,0.6,0.1,4,100,0.1,0.1,5.0,0.5,0.7
RawPixels,P,0.5098039215686274,0.5096091483188258,0.5092256257341646,33.0,0.6,0.1,4,100,0.1,0.1,5.0,0.5,0.8
RawPixels,P,0.47058823529411764,0.47122985054019534,0.4705516875902272,32.44,0.6,0.1,4,100,0.1,1.0,1.0,0.5,0.6
RawPixels,P,0.47058823529411764,0.46820504715241557,0.46960272966464917,32.83,0.6,0.1,4,100,0.1,1.0,1.0,0.5,0.7
RawPixels,P,0.43137254901960786,0.42568297576786546,0.4279527523310605,32.65,0.6,0.1,4,100,0.1,1.0,1.0,0.5,0.8
RawPixels,P,0.4117647058823529,0.4074776530916882,0.40966043442823624,31.9,0.6,0.1,4,100,0.1,1.0,5.0,0.5,0.6
RawPixels,P,0.43137254901960786,0.4302233267750509,0.4311898105001553,32.44,0.6,0.1,4,100,0.1,1.0,5.0,0.5,0.7
RawPixels,P,0.43137254901960786,0.43034685539429374,0.4290959114042048,32.73,0.6,0.1,4,100,0.1,1.0,5.0,0.5,0.8
RawPixels,P,0.47058823529411764,0.4686609686609686,0.47008547008547,30.09,0.6,0.1,4,100,0.3,0.1,1.0,0.5,0.6
RawPixels,P,0.4117647058823529,0.4067901234567901,0.4089324618736383,30.26,0.6,0.1,4,100,0.3,0.1,1.0,0.5,0.7
RawPixels,P,0.47058823529411764,0.4672364672364672,0.4685771744595274,30.3,0.6,0.1,4,100,0.3,0.1,1.0,0.5,0.8
RawPixels,P,0.45098039215686275,0.4490842490842491,0.4502908855850032,29.71,0.6,0.1,4,100,0.3,0.1,5.0,0.5,0.6
RawPixels,P,0.43137254901960786,0.4302233267750509,0.4311898105001553,30.18,0.6,0.1,4,100,0.3,0.1,5.0,0.5,0.7
RawPixels,P,0.45098039215686275,0.44890604890604885,0.4517828753122871,30.29,0.6,0.1,4,100,0.3,0.1,5.0,0.5,0.8
RawPixels,P,0.45098039215686275,0.44890002784739624,0.4500958278048061,30.27,0.6,0.1,4,100,0.3,1.0,1.0,0.5,0.6
RawPixels,P,0.49019607843137253,0.4923208923208923,0.48990839579074874,30.01,0.6,0.1,4,100,0.3,1.0,1.0,0.5,0.7
RawPixels,P,0.43137254901960786,0.4258098223615465,0.42651668817997423,30.5,0.6,0.1,4,100,0.3,1.0,1.0,0.5,0.8
RawPixels,P,0.43137254901960786,0.4254956711097062,0.4287383358590789,31.36,0.6,0.1,4,100,0.3,1.0,5.0,0.5,0.6
RawPixels,P,0.45098039215686275,0.4518518518518519,0.45098039215686275,30.54,0.6,0.1,4,100,0.3,1.0,5.0,0.5,0.7
RawPixels,P,0.4117647058823529,0.40855045492142267,0.40601736972704716,30.01,0.6,0.1,4,100,0.3,1.0,5.0,0.5,0.8
RawPixels,P,0.5098039215686274,0.5127368748058404,0.5104435063867112,61.47,0.6,0.1,4,150,0.1,0.1,1.0,0.5,0.6
RawPixels,P,0.43137254901960786,0.41912152887762644,0.4227673330973188,60.87,0.6,0.1,4,150,0.1,0.1,1.0,0.5,0.7
RawPixels,P,0.47058823529411764,0.46416546416546417,0.4653255241490535,61.59,0.6,0.1,4,150,0.1,0.1,1.0,0.5,0.8
RawPixels,P,0.5294117647058824,0.5270270270270271,0.5286168521462639,61.03,0.6,0.1,4,150,0.1,0.1,5.0,0.5,0.6
RawPixels,P,0.49019607843137253,0.4832722832722833,0.4864899806076276,60.98,0.6,0.1,4,150,0.1,0.1,5.0,0.5,0.7
RawPixels,P,0.43137254901960786,0.41805221420297606,0.4151925405286413,61.58,0.6,0.1,4,150,0.1,0.1,5.0,0.5,0.8
RawPixels,P,0.5294117647058824,0.5296869625043,0.5294724701025921,61.43,0.6,0.1,4,150,0.1,1.0,1.0,0.5,0.6
RawPixels,P,0.43137254901960786,0.417416440831075,0.42314681970349116,60.96,0.6,0.1,4,150,0.1,1.0,1.0,0.5,0.7
RawPixels,P,0.4117647058823529,0.3978174603174603,0.4002100840336134,62.54,0.6,0.1,4,150,0.1,1.0,1.0,0.5,0.8
RawPixels,P,0.47058823529411764,0.4743028743028743,0.4708304943599061,60.65,0.6,0.1,4,150,0.1,1.0,5.0,0.5,0.6
RawPixels,P,0.45098039215686275,0.4527691778465772,0.451951678504219,61.25,0.6,0.1,4,150,0.1,1.0,5.0,0.5,0.7
RawPixels,P,0.4117647058823529,0.41011148561057814,0.4098949198554195,62.27,0.6,0.1,4,150,0.1,1.0,5.0,0.5,0.8
RawPixels,P,0.49019607843137253,0.490990990990991,0.49046104928457873,55.7,0.6,0.1,4,150,0.3,0.1,1.0,0.5,0.6
RawPixels,P,0.43137254901960786,0.42535392535392536,0.42936634113104705,56.15,0.6,0.1,4,150,0.3,0.1,1.0,0.5,0.7
RawPixels,P,0.39215686274509803,0.3761449621664676,0.37648464403682613,55.95,0.6,0.1,4,150,0.3,0.1,1.0,0.5,0.8
RawPixels,P,0.49019607843137253,0.48496240601503754,0.48827952233524985,55.88,0.6,0.1,4,150,0.3,0.1,5.0,0.5,0.6
RawPixels,P,0.5294117647058824,0.5276229790161678,0.5272870758210405,55.74,0.6,0.1,4,150,0.3,0.1,5.0,0.5,0.7
RawPixels,P,0.4117647058823529,0.39855571446227733,0.3976593974631009,56.0,0.6,0.1,4,150,0.3,0.1,5.0,0.5,0.8
RawPixels,P,0.5294117647058824,0.529299789062098,0.5300745394623353,55.92,0.6,0.1,4,150,0.3,1.0,1.0,0.5,0.6
RawPixels,P,0.47058823529411764,0.4667598633115875,0.4698755550682529,55.86,0.6,0.1,4,150,0.3,1.0,1.0,0.5,0.7
RawPixels,P,0.45098039215686275,0.4430495965534898,0.4407137716043036,56.17,0.6,0.1,4,150,0.3,1.0,1.0,0.5,0.8
RawPixels,P,0.49019607843137253,0.49155390921095504,0.49010831373759567,55.35,0.6,0.1,4,150,0.3,1.0,5.0,0.5,0.6
RawPixels,P,0.45098039215686275,0.452080652080652,0.4512226512226512,55.54,0.6,0.1,4,150,0.3,1.0,5.0,0.5,0.7
RawPixels,P,0.4117647058823529,0.4094424722608084,0.406961858674632,56.11,0.6,0.1,4,150,0.3,1.0,5.0,0.5,0.8
RawPixels,P,0.17647058823529413,0.1378205128205128,0.14592760180995473,14.59,0.7,0.01,2,50,0.1,0.1,1.0,0.5,0.6
RawPixels,P,0.17647058823529413,0.1408398364920104,0.14912453275624632,14.47,0.7,0.01,2,50,0.1,0.1,1.0,0.5,0.7
RawPixels,P,0.21568627450980393,0.1724266072092159,0.182569348809758,14.29,0.7,0.01,2,50,0.1,0.1,1.0,0.5,0.8
RawPixels,P,0.0784313725490196,0.061505832449628844,0.06512382259372465,14.39,0.7,0.01,2,50,0.1,0.1,5.0,0.5,0.6
RawPixels,P,0.09803921568627451,0.07585470085470085,0.08031674208144796,14.63,0.7,0.01,2,50,0.1,0.1,5.0,0.5,0.7
RawPixels,P,0.1568627450980392,0.12072072072072072,0.12782193958664548,14.73,0.7,0.01,2,50,0.1,0.1,5.0,0.5,0.8
RawPixels,P,0.0784313725490196,0.061505832449628844,0.06512382259372465,14.91,0.7,0.01,2,50,0.1,1.0,1.0,0.5,0.6
RawPixels,P,0.11764705882352941,0.09383524277141297,0.09935496293443728,14.7,0.7,0.01,2,50,0.1,1.0,1.0,0.5,0.7
RawPixels,P,0.1568627450980392,0.12072072072072072,0.12782193958664548,14.56,0.7,0.01,2,50,0.1,1.0,1.0,0.5,0.8
RawPixels,P,0.0196078431372549,0.014184397163120567,0.015018773466833541,14.59,0.7,0.01,2,50,0.1,1.0,5.0,0.5,0.6
RawPixels,P,0.0196078431372549,0.013888888888888888,0.014705882352941176,14.48,0.7,0.01,2,50,0.1,1.0,5.0,0.5,0.7
RawPixels,P,0.09803921568627451,0.07585470085470085,0.08031674208144796,14.65,0.7,0.01,2,50,0.1,1.0,5.0,0.5,0.8
RawPixels,P,0.13725490196078433,0.10673758865248227,0.1130162703379224,13.69,0.7,0.01,2,50,0.3,0.1,1.0,0.5,0.6
RawPixels,P,0.13725490196078433,0.10801963993453356,0.11437373640127081,14.02,0.7,0.01,2,50,0.3,0.1,1.0,0.5,0.7
RawPixels,P,0.19607843137254902,0.15370472513329655,0.16274617955290221,14.03,0.7,0.01,2,50,0.3,0.1,1.0,0.5,0.8
RawPixels,P,0.0392156862745098,0.027777777777777776,0.029411764705882353,13.79,0.7,0.01,2,50,0.3,0.1,5.0,0.5,0.6
RawPixels,P,0.058823529411764705,0.045035460992907804,0.04768460575719649,13.72,0.7,0.01,2,50,0.3,0.1,5.0,0.5,0.7
RawPixels,P,0.09803921568627451,0.07585470085470085,0.08031674208144796,14.12,0.7,0.01,2,50,0.3,0.1,5.0,0.5,0.8
RawPixels,P,0.058823529411764705,0.045035460992907804,0.04768460575719649,13.57,0.7,0.01,2,50,0.3,1.0,1.0,0.5,0.6
RawPixels,P,0.09803921568627451,0.07588652482269503,0.08035043804755945,13.89,0.7,0.01,2,50,0.3,1.0,1.0,0.5,0.7
RawPixels,P,0.11764705882352941,0.09344790547798065,0.09894484109433246,14.05,0.7,0.01,2,50,0.3,1.0,1.0,0.5,0.8
RawPixels,P,0.0196078431372549,0.014184397163120567,0.015018773466833541,14.19,0.7,0.01,2,50,0.3,1.0,5.0,0.5,0.6
RawPixels,P,0.0196078431372549,0.014184397163120567,0.015018773466833541,14.03,0.7,0.01,2,50,0.3,1.0,5.0,0.5,0.7
RawPixels,P,0.0784313725490196,0.06170212765957447,0.06533166458072591,14.01,0.7,0.01,2,50,0.3,1.0,5.0,0.5,0.8
RawPixels,P,0.27450980392156865,0.2474747474747475,0.2566844919786096,32.27,0.7,0.01,2,100,0.1,0.1,1.0,0.5,0.6
RawPixels,P,0.23529411764705882,0.21431369257456212,0.2218052908589993,32.53,0.7,0.01,2,100,0.1,0.1,1.0,0.5,0.7
RawPixels,P,0.23529411764705882,0.20621980676328502,0.21344842284739982,32.69,0.7,0.01,2,100,0.1,0.1,1.0,0.5,0.8
RawPixels,P,0.1568627450980392,0.128982128982129,0.13656931303990127,32.32,0.7,0.01,2,100,0.1,0.1,5.0,0.5,0.6
RawPixels,P,0.17647058823529413,0.1445358401880141,0.15303794843436788,32.2,0.7,0.01,2,100,0.1,0.1,5.0,0.5,0.7
RawPixels,P,0.17647058823529413,0.1441326530612245,0.1526110444177671,32.03,0.7,0.01,2,100,0.1,0.1,5.0,0.5,0.8
RawPixels,P,0.1568627450980392,0.13211382113821138,0.1398852223816356,32.43,0.7,0.01,2,100,0.1,1.0,1.0,0.5,0.6
RawPixels,P,0.23529411764705882,0.2138047138047138,0.2210338680926916,32.85,0.7,0.01,2,100,0.1,1.0,1.0,0.5,0.7
RawPixels,P,0.19607843137254902,0.17659189022510022,0.18186455895956902,32.61,0.7,0.01,2,100,0.1,1.0,1.0,0.5,0.8
RawPixels,P,0.1568627450980392,0.1246376811594203,0.1319693094629156,32.4,0.7,0.01,2,100,0.1,1.0,5.0,0.5,0.6
RawPixels,P,0.13725490196078433,0.11049519586104951,0.11699491326464066,32.71,0.7,0.01,2,100,0.1,1.0,5.0,0.5,0.7
RawPixels,P,0.17647058823529413,0.1372549019607843,0.1453287197231834,32.8,0.7,0.01,2,100,0.1,1.0,5.0,0.5,0.8
RawPixels,P,0.23529411764705882,0.21112058349910012,0.2184243518379219,30.48,0.7,0.01,2,100,0.3,0.1,1.0,0.5,0.6
RawPixels,P,0.23529411764705882,0.21416794587526297,0.22141846675562601,30.35,0.7,0.01,2,100,0.3,0.1,1.0,0.5,0.7
RawPixels,P,0.23529411764705882,0.20621980676328502,0.21344842284739982,30.55,0.7,0.01,2,100,0.3,0.1,1.0,0.5,0.8
RawPixels,P,0.1568627450980392,0.1246376811594203,0.1319693094629156,30.34,0.7,0.01,2,100,0.3,0.1,5.0,0.5,0.6
RawPixels,P,0.19607843137254902,0.15902859381120252,0.16838321697656733,30.12,0.7,0.01,2,100,0.3,0.1,5.0,0.5,0.7
RawPixels,P,0.19607843137254902,0.15210932857991682,0.16105693614344135,30.17,0.7,0.01,2,100,0.3,0.1,5.0,0.5,0.8
RawPixels,P,0.13725490196078433,0.11599511599511599,0.12281835811247574,29.92,0.7,0.01,2,100,0.3,1.0,1.0,0.5,0.6
RawPixels,P,0.19607843137254902,0.18013468013468015,0.1853832442067736,29.76,0.7,0.01,2,100,0.3,1.0,1.0,0.5,0.7
RawPixels,P,0.17647058823529413,0.1441326530612245,0.1526110444177671,30.04,0.7,0.01,2,100,0.3,1.0,1.0,0.5,0.8
RawPixels,P,0.13725490196078433,0.10948509485094853,0.11592539454806312,30.17,0.7,0.01,2,100,0.3,1.0,5.0,0.5,0.6
RawPixels,P,0.13725490196078433,0.10948509485094853,0.11592539454806312,30.24,0.7,0.01,2,100,0.3,1.0,5.0,0.5,0.7
RawPixels,P,0.17647058823529413,0.13714285714285715,0.14521008403361343,30.37,0.7,0.01,2,100,0.3,1.0,5.0,0.5,0.8
RawPixels,P,0.3137254901960784,0.30502645502645503,0.3098972922502334,61.05,0.7,0.01,2,150,0.1,0.1,1.0,0.5,0.6
RawPixels,P,0.29411764705882354,0.2906846240179573,0.2903545256486433,61.61,0.7,0.01,2,150,0.1,0.1,1.0,0.5,0.7
RawPixels,P,0.2549019607843137,0.23379149135109867,0.23813216731292797,61.34,0.7,0.01,2,150,0.1,0.1,1.0,0.5,0.8
RawPixels,P,0.21568627450980393,0.18532818532818532,0.1962298432886668,61.41,0.7,0.01,2,150,0.1,0.1,5.0,0.5,0.6
RawPixels,P,0.21568627450980393,0.1960850743459439,0.2025044009698741,61.22,0.7,0.01,2,150,0.1,0.1,5.0,0.5,0.7
RawPixels,P,0.21568627450980393,0.19172705314009664,0.19810315430520037,61.53,0.7,0.01,2,150,0.1,0.1,5.0,0.5,0.8
RawPixels,P,0.2549019607843137,0.233446861495642,0.2422770690346013,61.47,0.7,0.01,2,150,0.1,1.0,1.0,0.5,0.6
RawPixels,P,0.2549019607843137,0.2402020202020202,0.24491978609625667,60.97,0.7,0.01,2,150,0.1,1.0,1.0,0.5,0.7
RawPixels,P,0.2549019607843137,0.22705314009661837,0.23550724637681159,61.25,0.7,0.01,2,150,0.1,1.0,1.0,0.5,0.8
RawPixels,P,0.1568627450980392,0.13095238095238096,0.13865546218487396,61.31,0.7,0.01,2,150,0.1,1.0,5.0,0.5,0.6
RawPixels,P,0.21568627450980393,0.1953823953823954,0.20152788388082507,61.54,0.7,0.01,2,150,0.1,1.0,5.0,0.5,0.7
RawPixels,P,0.21568627450980393,0.19077628738822075,0.19688333242640257,61.19,0.7,0.01,2,150,0.1,1.0,5.0,0.5,0.8
RawPixels,P,0.2549019607843137,0.23154300479881876,0.24026122076737672,56.05,0.7,0.01,2,150,0.3,0.1,1.0,0.5,0.6
RawPixels,P,0.29411764705882354,0.2906846240179573,0.2903545256486433,56.23,0.7,0.01,2,150,0.3,0.1,1.0,0.5,0.7
RawPixels,P,0.2549019607843137,0.23379149135109867,0.23813216731292797,55.81,0.7,0.01,2,150,0.3,0.1,1.0,0.5,0.8
RawPixels,P,0.19607843137254902,0.16902011125374408,0.17896247073925847,55.47,0.7,0.01,2,150,0.3,0.1,5.0,0.5,0.6
RawPixels,P,0.21568627450980393,0.1960850743459439,0.2025044009698741,55.8,0.7,0.01,2,150,0.3,0.1,5.0,0.5,0.7
RawPixels,P,0.21568627450980393,0.19172705314009664,0.19810315430520037,56.13,0.7,0.01,2,150,0.3,0.1,5.0,0.5,0.8
RawPixels,P,0.21568627450980393,0.19916868087599796,0.20598252484909588,55.91,0.7,0.01,2,150,0.3,1.0,1.0,0.5,0.6
RawPixels,P,0.23529411764705882,0.22478796169630644,0.22859901826667742,56.06,0.7,0.01,2,150,0.3,1.0,1.0,0.5,0.7
RawPixels,P,0.23529411764705882,0.20621980676328502,0.21344842284739982,55.98,0.7,0.01,2,150,0.3,1.0,1.0,0.5,0.8
RawPixels,P,0.1568627450980392,0.13095238095238096,0.13865546218487396,56.11,0.7,0.01,2,150,0.3,1.0,5.0,0.5,0.6
RawPixels,P,0.17647058823529413,0.14614614614614616,0.15474297827239003,55.73,0.7,0.01,2,150,0.3,1.0,5.0,0.5,0.7
RawPixels,P,0.21568627450980393,0.1900252525252525,0.19585561497326204,56.07,0.7,0.01,2,150,0.3,1.0,5.0,0.5,0.8
RawPixels,P,0.17647058823529413,0.1378205128205128,0.14592760180995473,14.69,0.7,0.01,3,50,0.1,0.1,1.0,0.5,0.6
RawPixels,P,0.17647058823529413,0.1408398364920104,0.14912453275624632,14.66,0.7,0.01,3,50,0.1,0.1,1.0,0.5,0.7
RawPixels,P,0.21568627450980393,0.1724266072092159,0.182569348809758,14.91,0.7,0.01,3,50,0.1,0.1,1.0,0.5,0.8
RawPixels,P,0.0784313725490196,0.061505832449628844,0.06512382259372465,15.07,0.7,0.01,3,50,0.1,0.1,5.0,0.5,0.6
RawPixels,P,0.09803921568627451,0.07585470085470085,0.08031674208144796,14.84,0.7,0.01,3,50,0.1,0.1,5.0,0.5,0.7
RawPixels,P,0.1568627450980392,0.12072072072072072,0.12782193958664548,15.09,0.7,0.01,3,50,0.1,0.1,5.0,0.5,0.8
RawPixels,P,0.0784313725490196,0.061505832449628844,0.06512382259372465,14.8,0.7,0.01,3,50,0.1,1.0,1.0,0.5,0.6
RawPixels,P,0.11764705882352941,0.09383524277141297,0.09935496293443728,14.6,0.7,0.01,3,50,0.1,1.0,1.0,0.5,0.7
RawPixels,P,0.1568627450980392,0.12072072072072072,0.12782193958664548,14.7,0.7,0.01,3,50,0.1,1.0,1.0,0.5,0.8
RawPixels,P,0.0196078431372549,0.014184397163120567,0.015018773466833541,14.74,0.7,0.01,3,50,0.1,1.0,5.0,0.5,0.6
RawPixels,P,0.0196078431372549,0.013888888888888888,0.014705882352941176,14.84,0.7,0.01,3,50,0.1,1.0,5.0,0.5,0.7
RawPixels,P,0.09803921568627451,0.07585470085470085,0.08031674208144796,14.94,0.7,0.01,3,50,0.1,1.0,5.0,0.5,0.8
RawPixels,P,0.13725490196078433,0.10673758865248227,0.1130162703379224,14.38,0.7,0.01,3,50,0.3,0.1,1.0,0.5,0.6
RawPixels,P,0.13725490196078433,0.10801963993453356,0.11437373640127081,14.17,0.7,0.01,3,50,0.3,0.1,1.0,0.5,0.7
RawPixels,P,0.19607843137254902,0.15370472513329655,0.16274617955290221,14.33,0.7,0.01,3,50,0.3,0.1,1.0,0.5,0.8
RawPixels,P,0.0392156862745098,0.027777777777777776,0.029411764705882353,14.32,0.7,0.01,3,50,0.3,0.1,5.0,0.5,0.6
RawPixels,P,0.058823529411764705,0.045035460992907804,0.04768460575719649,14.2,0.7,0.01,3,50,0.3,0.1,5.0,0.5,0.7
RawPixels,P,0.09803921568627451,0.07585470085470085,0.08031674208144796,14.38,0.7,0.01,3,50,0.3,0.1,5.0,0.5,0.8
RawPixels,P,0.058823529411764705,0.045035460992907804,0.04768460575719649,13.96,0.7,0.01,3,50,0.3,1.0,1.0,0.5,0.6
RawPixels,P,0.09803921568627451,0.07588652482269503,0.08035043804755945,14.23,0.7,0.01,3,50,0.3,1.0,1.0,0.5,0.7
RawPixels,P,0.11764705882352941,0.09344790547798065,0.09894484109433246,14.09,0.7,0.01,3,50,0.3,1.0,1.0,0.5,0.8
RawPixels,P,0.0196078431372549,0.014184397163120567,0.015018773466833541,14.5,0.7,0.01,3,50,0.3,1.0,5.0,0.5,0.6
RawPixels,P,0.0196078431372549,0.014184397163120567,0.015018773466833541,14.21,0.7,0.01,3,50,0.3,1.0,5.0,0.5,0.7
RawPixels,P,0.0784313725490196,0.06170212765957447,0.06533166458072591,14.26,0.7,0.01,3,50,0.3,1.0,5.0,0.5,0.8
RawPixels,P,0.27450980392156865,0.2474747474747475,0.2566844919786096,32.68,0.7,0.01,3,100,0.1,0.1,1.0,0.5,0.6
RawPixels,P,0.23529411764705882,0.21431369257456212,0.2218052908589993,32.84,0.7,0.01,3,100,0.1,0.1,1.0,0.5,0.7
RawPixels,P,0.23529411764705882,0.20621980676328502,0.21344842284739982,32.93,0.7,0.01,3,100,0.1,0.1,1.0,0.5,0.8
RawPixels,P,0.1568627450980392,0.128982128982129,0.13656931303990127,32.43,0.7,0.01,3,100,0.1,0.1,5.0,0.5,0.6
RawPixels,P,0.17647058823529413,0.1445358401880141,0.15303794843436788,33.06,0.7,0.01,3,100,0.1,0.1,5.0,0.5,0.7
RawPixels,P,0.17647058823529413,0.1441326530612245,0.1526110444177671,33.28,0.7,0.01,3,100,0.1,0.1,5.0,0.5,0.8
RawPixels,P,0.1568627450980392,0.13211382113821138,0.1398852223816356,32.83,0.7,0.01,3,100,0.1,1.0,1.0,0.5,0.6
RawPixels,P,0.23529411764705882,0.2138047138047138,0.2210338680926916,32.96,0.7,0.01,3,100,0.1,1.0,1.0,0.5,0.7
RawPixels,P,0.19607843137254902,0.17659189022510022,0.18186455895956902,32.58,0.7,0.01,3,100,0.1,1.0,1.0,0.5,0.8
RawPixels,P,0.1568627450980392,0.1246376811594203,0.1319693094629156,33.25,0.7,0.01,3,100,0.1,1.0,5.0,0.5,0.6
RawPixels,P,0.13725490196078433,0.11049519586104951,0.11699491326464066,32.72,0.7,0.01,3,100,0.1,1.0,5.0,0.5,0.7
RawPixels,P,0.17647058823529413,0.1372549019607843,0.1453287197231834,32.9,0.7,0.01,3,100,0.1,1.0,5.0,0.5,0.8
RawPixels,P,0.23529411764705882,0.21112058349910012,0.2184243518379219,30.46,0.7,0.01,3,100,0.3,0.1,1.0,0.5,0.6
RawPixels,P,0.23529411764705882,0.21416794587526297,0.22141846675562601,30.57,0.7,0.01,3,100,0.3,0.1,1.0,0.5,0.7
RawPixels,P,0.23529411764705882,0.20621980676328502,0.21344842284739982,30.85,0.7,0.01,3,100,0.3,0.1,1.0,0.5,0.8
RawPixels,P,0.1568627450980392,0.1246376811594203,0.1319693094629156,30.43,0.7,0.01,3,100,0.3,0.1,5.0,0.5,0.6
RawPixels,P,0.19607843137254902,0.15902859381120252,0.16838321697656733,30.52,0.7,0.01,3,100,0.3,0.1,5.0,0.5,0.7
RawPixels,P,0.19607843137254902,0.15210932857991682,0.16105693614344135,30.46,0.7,0.01,3,100,0.3,0.1,5.0,0.5,0.8
RawPixels,P,0.13725490196078433,0.11599511599511599,0.12281835811247574,30.59,0.7,0.01,3,100,0.3,1.0,1.0,0.5,0.6
RawPixels,P,0.19607843137254902,0.18013468013468015,0.1853832442067736,30.57,0.7,0.01,3,100,0.3,1.0,1.0,0.5,0.7
RawPixels,P,0.17647058823529413,0.1441326530612245,0.1526110444177671,30.53,0.7,0.01,3,100,0.3,1.0,1.0,0.5,0.8
RawPixels,P,0.13725490196078433,0.10948509485094853,0.11592539454806312,30.31,0.7,0.01,3,100,0.3,1.0,5.0,0.5,0.6
RawPixels,P,0.13725490196078433,0.10948509485094853,0.11592539454806312,30.57,0.7,0.01,3,100,0.3,1.0,5.0,0.5,0.7
RawPixels,P,0.17647058823529413,0.13714285714285715,0.14521008403361343,30.59,0.7,0.01,3,100,0.3,1.0,5.0,0.5,0.8
RawPixels,P,0.3137254901960784,0.30502645502645503,0.3098972922502334,61.19,0.7,0.01,3,150,0.1,0.1,1.0,0.5,0.6
RawPixels,P,0.29411764705882354,0.2906846240179573,0.2903545256486433,61.98,0.7,0.01,3,150,0.1,0.1,1.0,0.5,0.7
RawPixels,P,0.2549019607843137,0.23379149135109867,0.23813216731292797,61.54,0.7,0.01,3,150,0.1,0.1,1.0,0.5,0.8
RawPixels,P,0.21568627450980393,0.18532818532818532,0.1962298432886668,60.76,0.7,0.01,3,150,0.1,0.1,5.0,0.5,0.6
RawPixels,P,0.21568627450980393,0.1960850743459439,0.2025044009698741,61.53,0.7,0.01,3,150,0.1,0.1,5.0,0.5,0.7
RawPixels,P,0.21568627450980393,0.19172705314009664,0.19810315430520037,61.31,0.7,0.01,3,150,0.1,0.1,5.0,0.5,0.8
RawPixels,P,0.2549019607843137,0.233446861495642,0.2422770690346013,61.25,0.7,0.01,3,150,0.1,1.0,1.0,0.5,0.6
RawPixels,P,0.2549019607843137,0.2402020202020202,0.24491978609625667,61.12,0.7,0.01,3,150,0.1,1.0,1.0,0.5,0.7
RawPixels,P,0.2549019607843137,0.22705314009661837,0.23550724637681159,62.0,0.7,0.01,3,150,0.1,1.0,1.0,0.5,0.8
RawPixels,P,0.1568627450980392,0.13095238095238096,0.13865546218487396,61.65,0.7,0.01,3,150,0.1,1.0,5.0,0.5,0.6
RawPixels,P,0.21568627450980393,0.1953823953823954,0.20152788388082507,61.57,0.7,0.01,3,150,0.1,1.0,5.0,0.5,0.7
RawPixels,P,0.21568627450980393,0.19077628738822075,0.19688333242640257,61.4,0.7,0.01,3,150,0.1,1.0,5.0,0.5,0.8
RawPixels,P,0.2549019607843137,0.23154300479881876,0.24026122076737672,56.09,0.7,0.01,3,150,0.3,0.1,1.0,0.5,0.6
RawPixels,P,0.29411764705882354,0.2906846240179573,0.2903545256486433,55.92,0.7,0.01,3,150,0.3,0.1,1.0,0.5,0.7
RawPixels,P,0.2549019607843137,0.23379149135109867,0.23813216731292797,56.22,0.7,0.01,3,150,0.3,0.1,1.0,0.5,0.8
RawPixels,P,0.19607843137254902,0.16902011125374408,0.17896247073925847,55.73,0.7,0.01,3,150,0.3,0.1,5.0,0.5,0.6
RawPixels,P,0.21568627450980393,0.1960850743459439,0.2025044009698741,56.17,0.7,0.01,3,150,0.3,0.1,5.0,0.5,0.7
RawPixels,P,0.21568627450980393,0.19172705314009664,0.19810315430520037,56.62,0.7,0.01,3,150,0.3,0.1,5.0,0.5,0.8
RawPixels,P,0.21568627450980393,0.19916868087599796,0.20598252484909588,56.11,0.7,0.01,3,150,0.3,1.0,1.0,0.5,0.6
RawPixels,P,0.23529411764705882,0.22478796169630644,0.22859901826667742,56.08,0.7,0.01,3,150,0.3,1.0,1.0,0.5,0.7
RawPixels,P,0.23529411764705882,0.20621980676328502,0.21344842284739982,56.49,0.7,0.01,3,150,0.3,1.0,1.0,0.5,0.8
RawPixels,P,0.1568627450980392,0.13095238095238096,0.13865546218487396,55.55,0.7,0.01,3,150,0.3,1.0,5.0,0.5,0.6
RawPixels,P,0.17647058823529413,0.14614614614614616,0.15474297827239003,55.93,0.7,0.01,3,150,0.3,1.0,5.0,0.5,0.7
RawPixels,P,0.21568627450980393,0.1900252525252525,0.19585561497326204,56.31,0.7,0.01,3,150,0.3,1.0,5.0,0.5,0.8
RawPixels,P,0.17647058823529413,0.1378205128205128,0.14592760180995473,14.57,0.7,0.01,4,50,0.1,0.1,1.0,0.5,0.6
RawPixels,P,0.17647058823529413,0.1408398364920104,0.14912453275624632,14.6,0.7,0.01,4,50,0.1,0.1,1.0,0.5,0.7
RawPixels,P,0.21568627450980393,0.1724266072092159,0.182569348809758,14.74,0.7,0.01,4,50,0.1,0.1,1.0,0.5,0.8
RawPixels,P,0.0784313725490196,0.061505832449628844,0.06512382259372465,14.52,0.7,0.01,4,50,0.1,0.1,5.0,0.5,0.6
RawPixels,P,0.09803921568627451,0.07585470085470085,0.08031674208144796,14.58,0.7,0.01,4,50,0.1,0.1,5.0,0.5,0.7
RawPixels,P,0.1568627450980392,0.12072072072072072,0.12782193958664548,14.7,0.7,0.01,4,50,0.1,0.1,5.0,0.5,0.8
RawPixels,P,0.0784313725490196,0.061505832449628844,0.06512382259372465,14.02,0.7,0.01,4,50,0.1,1.0,1.0,0.5,0.6
RawPixels,P,0.11764705882352941,0.09383524277141297,0.09935496293443728,14.77,0.7,0.01,4,50,0.1,1.0,1.0,0.5,0.7
RawPixels,P,0.1568627450980392,0.12072072072072072,0.12782193958664548,14.64,0.7,0.01,4,50,0.1,1.0,1.0,0.5,0.8
RawPixels,P,0.0196078431372549,0.014184397163120567,0.015018773466833541,14.59,0.7,0.01,4,50,0.1,1.0,5.0,0.5,0.6
RawPixels,P,0.0196078431372549,0.013888888888888888,0.014705882352941176,14.59,0.7,0.01,4,50,0.1,1.0,5.0,0.5,0.7
RawPixels,P,0.09803921568627451,0.07585470085470085,0.08031674208144796,14.61,0.7,0.01,4,50,0.1,1.0,5.0,0.5,0.8
RawPixels,P,0.13725490196078433,0.10673758865248227,0.1130162703379224,14.03,0.7,0.01,4,50,0.3,0.1,1.0,0.5,0.6
RawPixels,P,0.13725490196078433,0.10801963993453356,0.11437373640127081,13.97,0.7,0.01,4,50,0.3,0.1,1.0,0.5,0.7
RawPixels,P,0.19607843137254902,0.15370472513329655,0.16274617955290221,13.97,0.7,0.01,4,50,0.3,0.1,1.0,0.5,0.8
RawPixels,P,0.0392156862745098,0.027777777777777776,0.029411764705882353,13.94,0.7,0.01,4,50,0.3,0.1,5.0,0.5,0.6
RawPixels,P,0.058823529411764705,0.045035460992907804,0.04768460575719649,13.94,0.7,0.01,4,50,0.3,0.1,5.0,0.5,0.7
RawPixels,P,0.09803921568627451,0.07585470085470085,0.08031674208144796,14.05,0.7,0.01,4,50,0.3,0.1,5.0,0.5,0.8
RawPixels,P,0.058823529411764705,0.045035460992907804,0.04768460575719649,13.61,0.7,0.01,4,50,0.3,1.0,1.0,0.5,0.6
RawPixels,P,0.09803921568627451,0.07588652482269503,0.08035043804755945,13.95,0.7,0.01,4,50,0.3,1.0,1.0,0.5,0.7
RawPixels,P,0.11764705882352941,0.09344790547798065,0.09894484109433246,14.01,0.7,0.01,4,50,0.3,1.0,1.0,0.5,0.8
RawPixels,P,0.0196078431372549,0.014184397163120567,0.015018773466833541,13.99,0.7,0.01,4,50,0.3,1.0,5.0,0.5,0.6
RawPixels,P,0.0196078431372549,0.014184397163120567,0.015018773466833541,13.74,0.7,0.01,4,50,0.3,1.0,5.0,0.5,0.7
RawPixels,P,0.0784313725490196,0.06170212765957447,0.06533166458072591,13.97,0.7,0.01,4,50,0.3,1.0,5.0,0.5,0.8
RawPixels,P,0.27450980392156865,0.2474747474747475,0.2566844919786096,32.08,0.7,0.01,4,100,0.1,0.1,1.0,0.5,0.6
RawPixels,P,0.23529411764705882,0.21431369257456212,0.2218052908589993,32.24,0.7,0.01,4,100,0.1,0.1,1.0,0.5,0.7
RawPixels,P,0.23529411764705882,0.20621980676328502,0.21344842284739982,32.87,0.7,0.01,4,100,0.1,0.1,1.0,0.5,0.8
RawPixels,P,0.1568627450980392,0.128982128982129,0.13656931303990127,32.35,0.7,0.01,4,100,0.1,0.1,5.0,0.5,0.6
RawPixels,P,0.17647058823529413,0.1445358401880141,0.15303794843436788,32.49,0.7,0.01,4,100,0.1,0.1,5.0,0.5,0.7
RawPixels,P,0.17647058823529413,0.1441326530612245,0.1526110444177671,32.74,0.7,0.01,4,100,0.1,0.1,5.0,0.5,0.8
RawPixels,P,0.1568627450980392,0.13211382113821138,0.1398852223816356,32.63,0.7,0.01,4,100,0.1,1.0,1.0,0.5,0.6
RawPixels,P,0.23529411764705882,0.2138047138047138,0.2210338680926916,32.79,0.7,0.01,4,100,0.1,1.0,1.0,0.5,0.7
RawPixels,P,0.19607843137254902,0.17659189022510022,0.18186455895956902,32.67,0.7,0.01,4,100,0.1,1.0,1.0,0.5,0.8
RawPixels,P,0.1568627450980392,0.1246376811594203,0.1319693094629156,32.37,0.7,0.01,4,100,0.1,1.0,5.0,0.5,0.6
RawPixels,P,0.13725490196078433,0.11049519586104951,0.11699491326464066,32.88,0.7,0.01,4,100,0.1,1.0,5.0,0.5,0.7
RawPixels,P,0.17647058823529413,0.1372549019607843,0.1453287197231834,32.68,0.7,0.01,4,100,0.1,1.0,5.0,0.5,0.8
RawPixels,P,0.23529411764705882,0.21112058349910012,0.2184243518379219,30.13,0.7,0.01,4,100,0.3,0.1,1.0,0.5,0.6
RawPixels,P,0.23529411764705882,0.21416794587526297,0.22141846675562601,30.48,0.7,0.01,4,100,0.3,0.1,1.0,0.5,0.7
RawPixels,P,0.23529411764705882,0.20621980676328502,0.21344842284739982,30.42,0.7,0.01,4,100,0.3,0.1,1.0,0.5,0.8
RawPixels,P,0.1568627450980392,0.1246376811594203,0.1319693094629156,29.93,0.7,0.01,4,100,0.3,0.1,5.0,0.5,0.6
RawPixels,P,0.19607843137254902,0.15902859381120252,0.16838321697656733,30.39,0.7,0.01,4,100,0.3,0.1,5.0,0.5,0.7
RawPixels,P,0.19607843137254902,0.15210932857991682,0.16105693614344135,30.37,0.7,0.01,4,100,0.3,0.1,5.0,0.5,0.8
RawPixels,P,0.13725490196078433,0.11599511599511599,0.12281835811247574,30.18,0.7,0.01,4,100,0.3,1.0,1.0,0.5,0.6
RawPixels,P,0.19607843137254902,0.18013468013468015,0.1853832442067736,30.48,0.7,0.01,4,100,0.3,1.0,1.0,0.5,0.7
RawPixels,P,0.17647058823529413,0.1441326530612245,0.1526110444177671,30.43,0.7,0.01,4,100,0.3,1.0,1.0,0.5,0.8
RawPixels,P,0.13725490196078433,0.10948509485094853,0.11592539454806312,30.3,0.7,0.01,4,100,0.3,1.0,5.0,0.5,0.6
RawPixels,P,0.13725490196078433,0.10948509485094853,0.11592539454806312,30.3,0.7,0.01,4,100,0.3,1.0,5.0,0.5,0.7
RawPixels,P,0.17647058823529413,0.13714285714285715,0.14521008403361343,30.21,0.7,0.01,4,100,0.3,1.0,5.0,0.5,0.8
RawPixels,P,0.3137254901960784,0.30502645502645503,0.3098972922502334,61.17,0.7,0.01,4,150,0.1,0.1,1.0,0.5,0.6
RawPixels,P,0.29411764705882354,0.2906846240179573,0.2903545256486433,61.45,0.7,0.01,4,150,0.1,0.1,1.0,0.5,0.7
RawPixels,P,0.2549019607843137,0.23379149135109867,0.23813216731292797,61.19,0.7,0.01,4,150,0.1,0.1,1.0,0.5,0.8
RawPixels,P,0.21568627450980393,0.18532818532818532,0.1962298432886668,60.98,0.7,0.01,4,150,0.1,0.1,5.0,0.5,0.6
RawPixels,P,0.21568627450980393,0.1960850743459439,0.2025044009698741,61.13,0.7,0.01,4,150,0.1,0.1,5.0,0.5,0.7
RawPixels,P,0.21568627450980393,0.19172705314009664,0.19810315430520037,61.7,0.7,0.01,4,150,0.1,0.1,5.0,0.5,0.8
RawPixels,P,0.2549019607843137,0.233446861495642,0.2422770690346013,61.33,0.7,0.01,4,150,0.1,1.0,1.0,0.5,0.6
RawPixels,P,0.2549019607843137,0.2402020202020202,0.24491978609625667,61.3,0.7,0.01,4,150,0.1,1.0,1.0,0.5,0.7
RawPixels,P,0.2549019607843137,0.22705314009661837,0.23550724637681159,62.54,0.7,0.01,4,150,0.1,1.0,1.0,0.5,0.8
RawPixels,P,0.1568627450980392,0.13095238095238096,0.13865546218487396,61.03,0.7,0.01,4,150,0.1,1.0,5.0,0.5,0.6
RawPixels,P,0.21568627450980393,0.1953823953823954,0.20152788388082507,61.21,0.7,0.01,4,150,0.1,1.0,5.0,0.5,0.7
RawPixels,P,0.21568627450980393,0.19077628738822075,0.19688333242640257,60.94,0.7,0.01,4,150,0.1,1.0,5.0,0.5,0.8
RawPixels,P,0.2549019607843137,0.23154300479881876,0.24026122076737672,56.0,0.7,0.01,4,150,0.3,0.1,1.0,0.5,0.6
RawPixels,P,0.29411764705882354,0.2906846240179573,0.2903545256486433,55.48,0.7,0.01,4,150,0.3,0.1,1.0,0.5,0.7
RawPixels,P,0.2549019607843137,0.23379149135109867,0.23813216731292797,56.81,0.7,0.01,4,150,0.3,0.1,1.0,0.5,0.8
RawPixels,P,0.19607843137254902,0.16902011125374408,0.17896247073925847,55.68,0.7,0.01,4,150,0.3,0.1,5.0,0.5,0.6
RawPixels,P,0.21568627450980393,0.1960850743459439,0.2025044009698741,55.9,0.7,0.01,4,150,0.3,0.1,5.0,0.5,0.7
RawPixels,P,0.21568627450980393,0.19172705314009664,0.19810315430520037,56.01,0.7,0.01,4,150,0.3,0.1,5.0,0.5,0.8
RawPixels,P,0.21568627450980393,0.19916868087599796,0.20598252484909588,55.52,0.7,0.01,4,150,0.3,1.0,1.0,0.5,0.6
RawPixels,P,0.23529411764705882,0.22478796169630644,0.22859901826667742,56.1,0.7,0.01,4,150,0.3,1.0,1.0,0.5,0.7
RawPixels,P,0.23529411764705882,0.20621980676328502,0.21344842284739982,56.61,0.7,0.01,4,150,0.3,1.0,1.0,0.5,0.8
RawPixels,P,0.1568627450980392,0.13095238095238096,0.13865546218487396,55.34,0.7,0.01,4,150,0.3,1.0,5.0,0.5,0.6
RawPixels,P,0.17647058823529413,0.14614614614614616,0.15474297827239003,55.65,0.7,0.01,4,150,0.3,1.0,5.0,0.5,0.7
RawPixels,P,0.21568627450980393,0.1900252525252525,0.19585561497326204,55.95,0.7,0.01,4,150,0.3,1.0,5.0,0.5,0.8
RawPixels,P,0.4117647058823529,0.40914315569487986,0.4088696293564448,14.6,0.7,0.05,2,50,0.1,0.1,1.0,0.5,0.6
RawPixels,P,0.4117647058823529,0.40795181146058335,0.4101624844658901,14.38,0.7,0.05,2,50,0.1,0.1,1.0,0.5,0.7
RawPixels,P,0.39215686274509803,0.3901234567901235,0.39128540305010895,14.56,0.7,0.05,2,50,0.1,0.1,1.0,0.5,0.8
RawPixels,P,0.3137254901960784,0.3050299294201733,0.30939820581140526,14.55,0.7,0.05,2,50,0.1,0.1,5.0,0.5,0.6
RawPixels,P,0.37254901960784315,0.3657219973009447,0.3691355084543939,14.7,0.7,0.05,2,50,0.1,0.1,5.0,0.5,0.7
RawPixels,P,0.35294117647058826,0.3376700818561284,0.34395836721418116,14.73,0.7,0.05,2,50,0.1,0.1,5.0,0.5,0.8
RawPixels,P,0.3333333333333333,0.3297178130511464,0.3316837846249611,14.56,0.7,0.05,2,50,0.1,1.0,1.0,0.5,0.6
RawPixels,P,0.39215686274509803,0.38993379344256535,0.39108458303504745,14.45,0.7,0.05,2,50,0.1,1.0,1.0,0.5,0.7
RawPixels,P,0.39215686274509803,0.3875260541927208,0.38853521206462377,14.63,0.7,0.05,2,50,0.1,1.0,1.0,0.5,0.8
RawPixels,P,0.3333333333333333,0.29470899470899475,0.3064425770308123,14.34,0.7,0.05,2,50,0.1,1.0,5.0,0.5,0.6
RawPixels,P,0.3333333333333333,0.31216931216931215,0.32072829131652664,14.43,0.7,0.05,2,50,0.1,1.0,5.0,0.5,0.7
RawPixels,P,0.3333333333333333,0.3109090909090909,0.31978609625668447,14.54,0.7,0.05,2,50,0.1,1.0,5.0,0.5,0.8
RawPixels,P,0.3333333333333333,0.3297178130511464,0.3316837846249611,14.16,0.7,0.05,2,50,0.3,0.1,1.0,0.5,0.6
RawPixels,P,0.4117647058823529,0.4007122507122507,0.40618401206636506,13.74,0.7,0.05,2,50,0.3,0.1,1.0,0.5,0.7
RawPixels,P,0.35294117647058826,0.34246698248636237,0.345182905203425,13.9,0.7,0.05,2,50,0.3,0.1,1.0,0.5,0.8
RawPixels,P,0.29411764705882354,0.26262626262626265,0.27272727272727276,13.69,0.7,0.05,2,50,0.3,0.1,5.0,0.5,0.6
RawPixels,P,0.39215686274509803,0.37448961156278227,0.38240076518412236,13.8,0.7,0.05,2,50,0.3,0.1,5.0,0.5,0.7
RawPixels,P,0.37254901960784315,0.3428194993412384,0.3527551732155313,14.33,0.7,0.05,2,50,0.3,0.1,5.0,0.5,0.8
RawPixels,P,0.3137254901960784,0.29387227759320783,0.3013549605888867,13.82,0.7,0.05,2,50,0.3,1.0,1.0,0.5,0.6
RawPixels,P,0.37254901960784315,0.35747747747747755,0.36438791732909387,13.62,0.7,0.05,2,50,0.3,1.0,1.0,0.5,0.7
RawPixels,P,0.35294117647058826,0.3375757575757576,0.3433155080213903,13.76,0.7,0.05,2,50,0.3,1.0,1.0,0.5,0.8
RawPixels,P,0.29411764705882354,0.26038647342995164,0.26982097186700765,13.89,0.7,0.05,2,50,0.3,1.0,5.0,0.5,0.6
RawPixels,P,0.3137254901960784,0.2811447811447812,0.29233511586452765,13.6,0.7,0.05,2,50,0.3,1.0,5.0,0.5,0.7
RawPixels,P,0.3137254901960784,0.273157102944337,0.28387757424052795,13.94,0.7,0.05,2,50,0.3,1.0,5.0,0.5,0.8
RawPixels,P,0.49019607843137253,0.4923208923208923,0.48990839579074874,32.5,0.7,0.05,2,100,0.1,0.1,1.0,0.5,0.6
RawPixels,P,0.47058823529411764,0.4730582855582856,0.46779700823818476,32.4,0.7,0.05,2,100,0.1,0.1,1.0,0.5,0.7
RawPixels,P,0.4117647058823529,0.4118209118209118,0.40663390663390664,32.6,0.7,0.05,2,100,0.1,0.1,1.0,0.5,0.8
RawPixels,P,0.4117647058823529,0.4117048082565324,0.4115819673629004,32.31,0.7,0.05,2,100,0.1,0.1,5.0,0.5,0.6
RawPixels,P,0.39215686274509803,0.3944529783239461,0.3910906298003072,32.3,0.7,0.05,2,100,0.1,0.1,5.0,0.5,0.7
RawPixels,P,0.4117647058823529,0.4055555555555556,0.39999999999999997,32.38,0.7,0.05,2,100,0.1,0.1,5.0,0.5,0.8
RawPixels,P,0.4117647058823529,0.4117048082565324,0.4115819673629004,32.55,0.7,0.05,2,100,0.1,1.0,1.0,0.5,0.6
RawPixels,P,0.37254901960784315,0.37407407407407406,0.37254901960784315,32.3,0.7,0.05,2,100,0.1,1.0,1.0,0.5,0.7
RawPixels,P,0.43137254901960786,0.42803970223325066,0.4238067435410889,32.15,0.7,0.05,2,100,0.1,1.0,1.0,0.5,0.8
RawPixels,P,0.37254901960784315,0.370698284491388,0.3722200902728286,32.22,0.7,0.05,2,100,0.1,1.0,5.0,0.5,0.6
RawPixels,P,0.39215686274509803,0.3917631917631918,0.39127867363161484,32.01,0.7,0.05,2,100,0.1,1.0,5.0,0.5,0.7
RawPixels,P,0.4117647058823529,0.4080645161290322,0.4055028462998102,32.33,0.7,0.05,2,100,0.1,1.0,5.0,0.5,0.8
RawPixels,P,0.5098039215686274,0.5125732943569755,0.5085690668903081,30.35,0.7,0.05,2,100,0.3,0.1,1.0,0.5,0.6
RawPixels,P,0.49019607843137253,0.4925108932461873,0.4883938869665513,30.19,0.7,0.05,2,100,0.3,0.1,1.0,0.5,0.7
RawPixels,P,0.45098039215686275,0.4495614035087719,0.44659442724458204,30.04,0.7,0.05,2,100,0.3,0.1,1.0,0.5,0.8
RawPixels,P,0.37254901960784315,0.3737451737451738,0.37220077220077225,29.94,0.7,0.05,2,100,0.3,0.1,5.0,0.5,0.6
RawPixels,P,0.35294117647058826,0.35469755469755465,0.35203270497388145,30.11,0.7,0.05,2,100,0.3,0.1,5.0,0.5,0.7
RawPixels,P,0.45098039215686275,0.4495614035087719,0.44659442724458204,30.07,0.7,0.05,2,100,0.3,0.1,5.0,0.5,0.8
RawPixels,P,0.43137254901960786,0.43303303303303303,0.4310545839957605,30.08,0.7,0.05,2,100,0.3,1.0,1.0,0.5,0.6
RawPixels,P,0.39215686274509803,0.3936867902385144,0.39250406593205783,30.17,0.7,0.05,2,100,0.3,1.0,1.0,0.5,0.7
RawPixels,P,0.45098039215686275,0.4495614035087719,0.44659442724458204,29.89,0.7,0.05,2,100,0.3,1.0,1.0,0.5,0.8
RawPixels,P,0.35294117647058826,0.3476747424115845,0.35131947515848444,29.9,0.7,0.05,2,100,0.3,1.0,5.0,0.5,0.6
RawPixels,P,0.39215686274509803,0.3917631917631918,0.39127867363161484,30.18,0.7,0.05,2,100,0.3,1.0,5.0,0.5,0.7
RawPixels,P,0.35294117647058826,0.35093666684322966,0.34723922939587404,30.26,0.7,0.05,2,100,0.3,1.0,5.0,0.5,0.8
RawPixels,P,0.5294117647058824,0.5308490308490309,0.5264248205424676,60.98,0.7,0.05,2,150,0.1,0.1,1.0,0.5,0.6
RawPixels,P,0.45098039215686275,0.4535244922341697,0.44984187223276406,61.22,0.7,0.05,2,150,0.1,0.1,1.0,0.5,0.7
RawPixels,P,0.45098039215686275,0.44852116624614524,0.4465071983377035,61.47,0.7,0.05,2,150,0.1,0.1,1.0,0.5,0.8
RawPixels,P,0.43137254901960786,0.43303303303303303,0.4310545839957605,60.65,0.7,0.05,2,150,0.1,0.1,5.0,0.5,0.6
RawPixels,P,0.45098039215686275,0.4481470106470106,0.4424230380112733,61.53,0.7,0.05,2,150,0.1,0.1,5.0,0.5,0.7
RawPixels,P,0.4117647058823529,0.4080645161290322,0.4055028462998102,61.8,0.7,0.05,2,150,0.1,0.1,5.0,0.5,0.8
RawPixels,P,0.45098039215686275,0.45344205685761657,0.44975458771641386,60.55,0.7,0.05,2,150,0.1,1.0,1.0,0.5,0.6
RawPixels,P,0.45098039215686275,0.4532952069716776,0.44687139561707034,61.56,0.7,0.05,2,150,0.1,1.0,1.0,0.5,0.7
RawPixels,P,0.4117647058823529,0.4080645161290322,0.4055028462998102,61.43,0.7,0.05,2,150,0.1,1.0,1.0,0.5,0.8
RawPixels,P,0.43137254901960786,0.43500597371565114,0.4302340290955092,61.36,0.7,0.05,2,150,0.1,1.0,5.0,0.5,0.6
RawPixels,P,0.37254901960784315,0.3716965924096654,0.36699563294989235,61.35,0.7,0.05,2,150,0.1,1.0,5.0,0.5,0.7
RawPixels,P,0.37254901960784315,0.36989247311827955,0.36508538899430737,61.58,0.7,0.05,2,150,0.1,1.0,5.0,0.5,0.8
RawPixels,P,0.5098039215686274,0.5106757611501445,0.5103549804967374,55.72,0.7,0.05,2,150,0.3,0.1,1.0,0.5,0.6
RawPixels,P,0.43137254901960786,0.43500597371565114,0.4302340290955092,55.38,0.7,0.05,2,150,0.3,0.1,1.0,0.5,0.7
RawPixels,P,0.4117647058823529,0.40972222222222215,0.4063725490196079,56.05,0.7,0.05,2,150,0.3,0.1,1.0,0.5,0.8
RawPixels,P,0.39215686274509803,0.39596739596739594,0.39180861533802713,56.21,0.7,0.05,2,150,0.3,0.1,5.0,0.5,0.6
RawPixels,P,0.43137254901960786,0.43097643097643096,0.42424242424242425,56.23,0.7,0.05,2,150,0.3,0.1,5.0,0.5,0.7
RawPixels,P,0.4117647058823529,0.4080645161290322,0.4055028462998102,56.05,0.7,0.05,2,150,0.3,0.1,5.0,0.5,0.8
RawPixels,P,0.43137254901960786,0.4354240388395986,0.43067668628557115,55.97,0.7,0.05,2,150,0.3,1.0,1.0,0.5,0.6
RawPixels,P,0.45098039215686275,0.45405359276327023,0.4504020963223999,55.7,0.7,0.05,2,150,0.3,1.0,1.0,0.5,0.7
RawPixels,P,0.4117647058823529,0.4080645161290322,0.4055028462998102,55.75,0.7,0.05,2,150,0.3,1.0,1.0,0.5,0.8
RawPixels,P,0.37254901960784315,0.3737451737451738,0.37220077220077225,55.79,0.7,0.05,2,150,0.3,1.0,5.0,0.5,0.6
RawPixels,P,0.37254901960784315,0.3706231044940722,0.3658589986863231,55.66,0.7,0.05,2,150,0.3,1.0,5.0,0.5,0.7
RawPixels,P,0.37254901960784315,0.36989247311827955,0.36508538899430737,55.72,0.7,0.05,2,150,0.3,1.0,5.0,0.5,0.8
RawPixels,P,0.4117647058823529,0.40914315569487986,0.4088696293564448,15.37,0.7,0.05,3,50,0.1,0.1,1.0,0.5,0.6
RawPixels,P,0.4117647058823529,0.40795181146058335,0.4101624844658901,14.21,0.7,0.05,3,50,0.1,0.1,1.0,0.5,0.7
RawPixels,P,0.39215686274509803,0.3901234567901235,0.39128540305010895,14.53,0.7,0.05,3,50,0.1,0.1,1.0,0.5,0.8
RawPixels,P,0.3137254901960784,0.3050299294201733,0.30939820581140526,14.52,0.7,0.05,3,50,0.1,0.1,5.0,0.5,0.6
RawPixels,P,0.37254901960784315,0.3657219973009447,0.3691355084543939,14.65,0.7,0.05,3,50,0.1,0.1,5.0,0.5,0.7
RawPixels,P,0.35294117647058826,0.3376700818561284,0.34395836721418116,14.55,0.7,0.05,3,50,0.1,0.1,5.0,0.5,0.8
RawPixels,P,0.3333333333333333,0.3297178130511464,0.3316837846249611,14.61,0.7,0.05,3,50,0.1,1.0,1.0,0.5,0.6
RawPixels,P,0.39215686274509803,0.38993379344256535,0.39108458303504745,14.46,0.7,0.05,3,50,0.1,1.0,1.0,0.5,0.7
RawPixels,P,0.39215686274509803,0.3875260541927208,0.38853521206462377,14.67,0.7,0.05,3,50,0.1,1.0,1.0,0.5,0.8
RawPixels,P,0.3333333333333333,0.29470899470899475,0.3064425770308123,14.58,0.7,0.05,3,50,0.1,1.0,5.0,0.5,0.6
RawPixels,P,0.3333333333333333,0.31216931216931215,0.32072829131652664,14.53,0.7,0.05,3,50,0.1,1.0,5.0,0.5,0.7
RawPixels,P,0.3333333333333333,0.3109090909090909,0.31978609625668447,14.63,0.7,0.05,3,50,0.1,1.0,5.0,0.5,0.8
RawPixels,P,0.3333333333333333,0.3297178130511464,0.3316837846249611,13.69,0.7,0.05,3,50,0.3,0.1,1.0,0.5,0.6
RawPixels,P,0.4117647058823529,0.4007122507122507,0.40618401206636506,13.63,0.7,0.05,3,50,0.3,0.1,1.0,0.5,0.7
RawPixels,P,0.35294117647058826,0.34246698248636237,0.345182905203425,13.96,0.7,0.05,3,50,0.3,0.1,1.0,0.5,0.8
RawPixels,P,0.29411764705882354,0.26262626262626265,0.27272727272727276,13.85,0.7,0.05,3,50,0.3,0.1,5.0,0.5,0.6
RawPixels,P,0.39215686274509803,0.37448961156278227,0.38240076518412236,13.95,0.7,0.05,3,50,0.3,0.1,5.0,0.5,0.7
RawPixels,P,0.37254901960784315,0.3428194993412384,0.3527551732155313,14.09,0.7,0.05,3,50,0.3,0.1,5.0,0.5,0.8
RawPixels,P,0.3137254901960784,0.29387227759320783,0.3013549605888867,13.87,0.7,0.05,3,50,0.3,1.0,1.0,0.5,0.6
RawPixels,P,0.37254901960784315,0.35747747747747755,0.36438791732909387,13.96,0.7,0.05,3,50,0.3,1.0,1.0,0.5,0.7
RawPixels,P,0.35294117647058826,0.3375757575757576,0.3433155080213903,14.03,0.7,0.05,3,50,0.3,1.0,1.0,0.5,0.8
RawPixels,P,0.29411764705882354,0.26038647342995164,0.26982097186700765,13.9,0.7,0.05,3,50,0.3,1.0,5.0,0.5,0.6
RawPixels,P,0.3137254901960784,0.2811447811447812,0.29233511586452765,13.96,0.7,0.05,3,50,0.3,1.0,5.0,0.5,0.7
RawPixels,P,0.3137254901960784,0.273157102944337,0.28387757424052795,14.08,0.7,0.05,3,50,0.3,1.0,5.0,0.5,0.8
RawPixels,P,0.49019607843137253,0.4923208923208923,0.48990839579074874,32.54,0.7,0.05,3,100,0.1,0.1,1.0,0.5,0.6
RawPixels,P,0.47058823529411764,0.4730582855582856,0.46779700823818476,32.17,0.7,0.05,3,100,0.1,0.1,1.0,0.5,0.7
RawPixels,P,0.4117647058823529,0.4118209118209118,0.40663390663390664,32.91,0.7,0.05,3,100,0.1,0.1,1.0,0.5,0.8
RawPixels,P,0.4117647058823529,0.4117048082565324,0.4115819673629004,32.14,0.7,0.05,3,100,0.1,0.1,5.0,0.5,0.6
RawPixels,P,0.39215686274509803,0.3944529783239461,0.3910906298003072,32.4,0.7,0.05,3,100,0.1,0.1,5.0,0.5,0.7
RawPixels,P,0.4117647058823529,0.4055555555555556,0.39999999999999997,32.42,0.7,0.05,3,100,0.1,0.1,5.0,0.5,0.8
RawPixels,P,0.4117647058823529,0.4117048082565324,0.4115819673629004,32.25,0.7,0.05,3,100,0.1,1.0,1.0,0.5,0.6
RawPixels,P,0.37254901960784315,0.37407407407407406,0.37254901960784315,32.6,0.7,0.05,3,100,0.1,1.0,1.0,0.5,0.7
RawPixels,P,0.43137254901960786,0.42803970223325066,0.4238067435410889,32.52,0.7,0.05,3,100,0.1,1.0,1.0,0.5,0.8
RawPixels,P,0.37254901960784315,0.370698284491388,0.3722200902728286,36.16,0.7,0.05,3,100,0.1,1.0,5.0,0.5,0.6
RawPixels,P,0.39215686274509803,0.3917631917631918,0.39127867363161484,33.11,0.7,0.05,3,100,0.1,1.0,5.0,0.5,0.7
RawPixels,P,0.4117647058823529,0.4080645161290322,0.4055028462998102,33.46,0.7,0.05,3,100,0.1,1.0,5.0,0.5,0.8
RawPixels,P,0.5098039215686274,0.5125732943569755,0.5085690668903081,30.73,0.7,0.05,3,100,0.3,0.1,1.0,0.5,0.6
RawPixels,P,0.49019607843137253,0.4925108932461873,0.4883938869665513,30.83,0.7,0.05,3,100,0.3,0.1,1.0,0.5,0.7
RawPixels,P,0.45098039215686275,0.4495614035087719,0.44659442724458204,30.43,0.7,0.05,3,100,0.3,0.1,1.0,0.5,0.8
RawPixels,P,0.37254901960784315,0.3737451737451738,0.37220077220077225,30.5,0.7,0.05,3,100,0.3,0.1,5.0,0.5,0.6
RawPixels,P,0.35294117647058826,0.35469755469755465,0.35203270497388145,30.22,0.7,0.05,3,100,0.3,0.1,5.0,0.5,0.7
RawPixels,P,0.45098039215686275,0.4495614035087719,0.44659442724458204,30.66,0.7,0.05,3,100,0.3,0.1,5.0,0.5,0.8
RawPixels,P,0.43137254901960786,0.43303303303303303,0.4310545839957605,30.5,0.7,0.05,3,100,0.3,1.0,1.0,0.5,0.6
RawPixels,P,0.39215686274509803,0.3936867902385144,0.39250406593205783,30.75,0.7,0.05,3,100,0.3,1.0,1.0,0.5,0.7
RawPixels,P,0.45098039215686275,0.4495614035087719,0.44659442724458204,30.38,0.7,0.05,3,100,0.3,1.0,1.0,0.5,0.8
RawPixels,P,0.35294117647058826,0.3476747424115845,0.35131947515848444,30.21,0.7,0.05,3,100,0.3,1.0,5.0,0.5,0.6
RawPixels,P,0.39215686274509803,0.3917631917631918,0.39127867363161484,30.06,0.7,0.05,3,100,0.3,1.0,5.0,0.5,0.7
RawPixels,P,0.35294117647058826,0.35093666684322966,0.34723922939587404,30.82,0.7,0.05,3,100,0.3,1.0,5.0,0.5,0.8
RawPixels,P,0.5294117647058824,0.5308490308490309,0.5264248205424676,61.31,0.7,0.05,3,150,0.1,0.1,1.0,0.5,0.6
RawPixels,P,0.45098039215686275,0.4535244922341697,0.44984187223276406,61.62,0.7,0.05,3,150,0.1,0.1,1.0,0.5,0.7
RawPixels,P,0.45098039215686275,0.44852116624614524,0.4465071983377035,61.65,0.7,0.05,3,150,0.1,0.1,1.0,0.5,0.8
RawPixels,P,0.43137254901960786,0.43303303303303303,0.4310545839957605,61.71,0.7,0.05,3,150,0.1,0.1,5.0,0.5,0.6
RawPixels,P,0.45098039215686275,0.4481470106470106,0.4424230380112733,61.8,0.7,0.05,3,150,0.1,0.1,5.0,0.5,0.7
RawPixels,P,0.4117647058823529,0.4080645161290322,0.4055028462998102,61.32,0.7,0.05,3,150,0.1,0.1,5.0,0.5,0.8
RawPixels,P,0.45098039215686275,0.45344205685761657,0.44975458771641386,61.81,0.7,0.05,3,150,0.1,1.0,1.0,0.5,0.6
RawPixels,P,0.45098039215686275,0.4532952069716776,0.44687139561707034,61.57,0.7,0.05,3,150,0.1,1.0,1.0,0.5,0.7
RawPixels,P,0.4117647058823529,0.4080645161290322,0.4055028462998102,61.75,0.7,0.05,3,150,0.1,1.0,1.0,0.5,0.8
RawPixels,P,0.43137254901960786,0.43500597371565114,0.4302340290955092,61.11,0.7,0.05,3,150,0.1,1.0,5.0,0.5,0.6
RawPixels,P,0.37254901960784315,0.3716965924096654,0.36699563294989235,61.69,0.7,0.05,3,150,0.1,1.0,5.0,0.5,0.7
RawPixels,P,0.37254901960784315,0.36989247311827955,0.36508538899430737,61.59,0.7,0.05,3,150,0.1,1.0,5.0,0.5,0.8
RawPixels,P,0.5098039215686274,0.5106757611501445,0.5103549804967374,56.14,0.7,0.05,3,150,0.3,0.1,1.0,0.5,0.6
RawPixels,P,0.43137254901960786,0.43500597371565114,0.4302340290955092,56.75,0.7,0.05,3,150,0.3,0.1,1.0,0.5,0.7
RawPixels,P,0.4117647058823529,0.40972222222222215,0.4063725490196079,57.1,0.7,0.05,3,150,0.3,0.1,1.0,0.5,0.8
RawPixels,P,0.39215686274509803,0.39596739596739594,0.39180861533802713,56.05,0.7,0.05,3,150,0.3,0.1,5.0,0.5,0.6
RawPixels,P,0.43137254901960786,0.43097643097643096,0.42424242424242425,56.78,0.7,0.05,3,150,0.3,0.1,5.0,0.5,0.7
RawPixels,P,0.4117647058823529,0.4080645161290322,0.4055028462998102,57.09,0.7,0.05,3,150,0.3,0.1,5.0,0.5,0.8
RawPixels,P,0.43137254901960786,0.4354240388395986,0.43067668628557115,56.6,0.7,0.05,3,150,0.3,1.0,1.0,0.5,0.6
RawPixels,P,0.45098039215686275,0.45405359276327023,0.4504020963223999,56.73,0.7,0.05,3,150,0.3,1.0,1.0,0.5,0.7
RawPixels,P,0.4117647058823529,0.4080645161290322,0.4055028462998102,57.18,0.7,0.05,3,150,0.3,1.0,1.0,0.5,0.8
RawPixels,P,0.37254901960784315,0.3737451737451738,0.37220077220077225,56.58,0.7,0.05,3,150,0.3,1.0,5.0,0.5,0.6
RawPixels,P,0.37254901960784315,0.3706231044940722,0.3658589986863231,56.05,0.7,0.05,3,150,0.3,1.0,5.0,0.5,0.7
RawPixels,P,0.37254901960784315,0.36989247311827955,0.36508538899430737,56.59,0.7,0.05,3,150,0.3,1.0,5.0,0.5,0.8
RawPixels,P,0.4117647058823529,0.40914315569487986,0.4088696293564448,15.06,0.7,0.05,4,50,0.1,0.1,1.0,0.5,0.6
RawPixels,P,0.4117647058823529,0.40795181146058335,0.4101624844658901,15.4,0.7,0.05,4,50,0.1,0.1,1.0,0.5,0.7
RawPixels,P,0.39215686274509803,0.3901234567901235,0.39128540305010895,15.34,0.7,0.05,4,50,0.1,0.1,1.0,0.5,0.8
RawPixels,P,0.3137254901960784,0.3050299294201733,0.30939820581140526,14.67,0.7,0.05,4,50,0.1,0.1,5.0,0.5,0.6
RawPixels,P,0.37254901960784315,0.3657219973009447,0.3691355084543939,15.03,0.7,0.05,4,50,0.1,0.1,5.0,0.5,0.7
RawPixels,P,0.35294117647058826,0.3376700818561284,0.34395836721418116,15.31,0.7,0.05,4,50,0.1,0.1,5.0,0.5,0.8
RawPixels,P,0.3333333333333333,0.3297178130511464,0.3316837846249611,14.9,0.7,0.05,4,50,0.1,1.0,1.0,0.5,0.6
RawPixels,P,0.39215686274509803,0.38993379344256535,0.39108458303504745,15.24,0.7,0.05,4,50,0.1,1.0,1.0,0.5,0.7
RawPixels,P,0.39215686274509803,0.3875260541927208,0.38853521206462377,15.23,0.7,0.05,4,50,0.1,1.0,1.0,0.5,0.8
RawPixels,P,0.3333333333333333,0.29470899470899475,0.3064425770308123,15.19,0.7,0.05,4,50,0.1,1.0,5.0,0.5,0.6
RawPixels,P,0.3333333333333333,0.31216931216931215,0.32072829131652664,14.99,0.7,0.05,4,50,0.1,1.0,5.0,0.5,0.7
RawPixels,P,0.3333333333333333,0.3109090909090909,0.31978609625668447,15.18,0.7,0.05,4,50,0.1,1.0,5.0,0.5,0.8
RawPixels,P,0.3333333333333333,0.3297178130511464,0.3316837846249611,14.36,0.7,0.05,4,50,0.3,0.1,1.0,0.5,0.6
RawPixels,P,0.4117647058823529,0.4007122507122507,0.40618401206636506,14.34,0.7,0.05,4,50,0.3,0.1,1.0,0.5,0.7
RawPixels,P,0.35294117647058826,0.34246698248636237,0.345182905203425,14.71,0.7,0.05,4,50,0.3,0.1,1.0,0.5,0.8
RawPixels,P,0.29411764705882354,0.26262626262626265,0.27272727272727276,14.35,0.7,0.05,4,50,0.3,0.1,5.0,0.5,0.6
RawPixels,P,0.39215686274509803,0.37448961156278227,0.38240076518412236,14.49,0.7,0.05,4,50,0.3,0.1,5.0,0.5,0.7
RawPixels,P,0.37254901960784315,0.3428194993412384,0.3527551732155313,14.82,0.7,0.05,4,50,0.3,0.1,5.0,0.5,0.8
RawPixels,P,0.3137254901960784,0.29387227759320783,0.3013549605888867,14.46,0.7,0.05,4,50,0.3,1.0,1.0,0.5,0.6
RawPixels,P,0.37254901960784315,0.35747747747747755,0.36438791732909387,14.44,0.7,0.05,4,50,0.3,1.0,1.0,0.5,0.7
RawPixels,P,0.35294117647058826,0.3375757575757576,0.3433155080213903,14.23,0.7,0.05,4,50,0.3,1.0,1.0,0.5,0.8
RawPixels,P,0.29411764705882354,0.26038647342995164,0.26982097186700765,14.22,0.7,0.05,4,50,0.3,1.0,5.0,0.5,0.6
RawPixels,P,0.3137254901960784,0.2811447811447812,0.29233511586452765,14.4,0.7,0.05,4,50,0.3,1.0,5.0,0.5,0.7
RawPixels,P,0.3137254901960784,0.273157102944337,0.28387757424052795,14.56,0.7,0.05,4,50,0.3,1.0,5.0,0.5,0.8
RawPixels,P,0.49019607843137253,0.4923208923208923,0.48990839579074874,33.56,0.7,0.05,4,100,0.1,0.1,1.0,0.5,0.6
RawPixels,P,0.47058823529411764,0.4730582855582856,0.46779700823818476,33.27,0.7,0.05,4,100,0.1,0.1,1.0,0.5,0.7
RawPixels,P,0.4117647058823529,0.4118209118209118,0.40663390663390664,33.33,0.7,0.05,4,100,0.1,0.1,1.0,0.5,0.8
RawPixels,P,0.4117647058823529,0.4117048082565324,0.4115819673629004,32.79,0.7,0.05,4,100,0.1,0.1,5.0,0.5,0.6
RawPixels,P,0.39215686274509803,0.3944529783239461,0.3910906298003072,32.93,0.7,0.05,4,100,0.1,0.1,5.0,0.5,0.7
RawPixels,P,0.4117647058823529,0.4055555555555556,0.39999999999999997,33.34,0.7,0.05,4,100,0.1,0.1,5.0,0.5,0.8
RawPixels,P,0.4117647058823529,0.4117048082565324,0.4115819673629004,32.93,0.7,0.05,4,100,0.1,1.0,1.0,0.5,0.6
RawPixels,P,0.37254901960784315,0.37407407407407406,0.37254901960784315,32.97,0.7,0.05,4,100,0.1,1.0,1.0,0.5,0.7
RawPixels,P,0.43137254901960786,0.42803970223325066,0.4238067435410889,33.48,0.7,0.05,4,100,0.1,1.0,1.0,0.5,0.8
RawPixels,P,0.37254901960784315,0.370698284491388,0.3722200902728286,32.71,0.7,0.05,4,100,0.1,1.0,5.0,0.5,0.6
RawPixels,P,0.39215686274509803,0.3917631917631918,0.39127867363161484,33.17,0.7,0.05,4,100,0.1,1.0,5.0,0.5,0.7
RawPixels,P,0.4117647058823529,0.4080645161290322,0.4055028462998102,33.34,0.7,0.05,4,100,0.1,1.0,5.0,0.5,0.8
RawPixels,P,0.5098039215686274,0.5125732943569755,0.5085690668903081,30.77,0.7,0.05,4,100,0.3,0.1,1.0,0.5,0.6
RawPixels,P,0.49019607843137253,0.4925108932461873,0.4883938869665513,31.02,0.7,0.05,4,100,0.3,0.1,1.0,0.5,0.7
RawPixels,P,0.45098039215686275,0.4495614035087719,0.44659442724458204,30.81,0.7,0.05,4,100,0.3,0.1,1.0,0.5,0.8
RawPixels,P,0.37254901960784315,0.3737451737451738,0.37220077220077225,30.8,0.7,0.05,4,100,0.3,0.1,5.0,0.5,0.6
RawPixels,P,0.35294117647058826,0.35469755469755465,0.35203270497388145,31.1,0.7,0.05,4,100,0.3,0.1,5.0,0.5,0.7
RawPixels,P,0.45098039215686275,0.4495614035087719,0.44659442724458204,31.0,0.7,0.05,4,100,0.3,0.1,5.0,0.5,0.8
RawPixels,P,0.43137254901960786,0.43303303303303303,0.4310545839957605,30.81,0.7,0.05,4,100,0.3,1.0,1.0,0.5,0.6
RawPixels,P,0.39215686274509803,0.3936867902385144,0.39250406593205783,30.86,0.7,0.05,4,100,0.3,1.0,1.0,0.5,0.7
RawPixels,P,0.45098039215686275,0.4495614035087719,0.44659442724458204,30.92,0.7,0.05,4,100,0.3,1.0,1.0,0.5,0.8
RawPixels,P,0.35294117647058826,0.3476747424115845,0.35131947515848444,30.64,0.7,0.05,4,100,0.3,1.0,5.0,0.5,0.6
RawPixels,P,0.39215686274509803,0.3917631917631918,0.39127867363161484,31.0,0.7,0.05,4,100,0.3,1.0,5.0,0.5,0.7
RawPixels,P,0.35294117647058826,0.35093666684322966,0.34723922939587404,31.04,0.7,0.05,4,100,0.3,1.0,5.0,0.5,0.8
RawPixels,P,0.5294117647058824,0.5308490308490309,0.5264248205424676,62.07,0.7,0.05,4,150,0.1,0.1,1.0,0.5,0.6
RawPixels,P,0.45098039215686275,0.4535244922341697,0.44984187223276406,62.78,0.7,0.05,4,150,0.1,0.1,1.0,0.5,0.7
RawPixels,P,0.45098039215686275,0.44852116624614524,0.4465071983377035,62.88,0.7,0.05,4,150,0.1,0.1,1.0,0.5,0.8
RawPixels,P,0.43137254901960786,0.43303303303303303,0.4310545839957605,63.18,0.7,0.05,4,150,0.1,0.1,5.0,0.5,0.6
RawPixels,P,0.45098039215686275,0.4481470106470106,0.4424230380112733,62.64,0.7,0.05,4,150,0.1,0.1,5.0,0.5,0.7
RawPixels,P,0.4117647058823529,0.4080645161290322,0.4055028462998102,63.01,0.7,0.05,4,150,0.1,0.1,5.0,0.5,0.8
RawPixels,P,0.45098039215686275,0.45344205685761657,0.44975458771641386,63.01,0.7,0.05,4,150,0.1,1.0,1.0,0.5,0.6
RawPixels,P,0.45098039215686275,0.4532952069716776,0.44687139561707034,62.79,0.7,0.05,4,150,0.1,1.0,1.0,0.5,0.7
RawPixels,P,0.4117647058823529,0.4080645161290322,0.4055028462998102,62.94,0.7,0.05,4,150,0.1,1.0,1.0,0.5,0.8
RawPixels,P,0.43137254901960786,0.43500597371565114,0.4302340290955092,62.32,0.7,0.05,4,150,0.1,1.0,5.0,0.5,0.6
RawPixels,P,0.37254901960784315,0.3716965924096654,0.36699563294989235,62.72,0.7,0.05,4,150,0.1,1.0,5.0,0.5,0.7
RawPixels,P,0.37254901960784315,0.36989247311827955,0.36508538899430737,62.86,0.7,0.05,4,150,0.1,1.0,5.0,0.5,0.8
RawPixels,P,0.5098039215686274,0.5106757611501445,0.5103549804967374,56.9,0.7,0.05,4,150,0.3,0.1,1.0,0.5,0.6
RawPixels,P,0.43137254901960786,0.43500597371565114,0.4302340290955092,57.26,0.7,0.05,4,150,0.3,0.1,1.0,0.5,0.7
RawPixels,P,0.4117647058823529,0.40972222222222215,0.4063725490196079,57.2,0.7,0.05,4,150,0.3,0.1,1.0,0.5,0.8
RawPixels,P,0.39215686274509803,0.39596739596739594,0.39180861533802713,57.22,0.7,0.05,4,150,0.3,0.1,5.0,0.5,0.6
RawPixels,P,0.43137254901960786,0.43097643097643096,0.42424242424242425,56.5,0.7,0.05,4,150,0.3,0.1,5.0,0.5,0.7
RawPixels,P,0.4117647058823529,0.4080645161290322,0.4055028462998102,57.56,0.7,0.05,4,150,0.3,0.1,5.0,0.5,0.8
RawPixels,P,0.43137254901960786,0.4354240388395986,0.43067668628557115,57.15,0.7,0.05,4,150,0.3,1.0,1.0,0.5,0.6
RawPixels,P,0.45098039215686275,0.45405359276327023,0.4504020963223999,57.52,0.7,0.05,4,150,0.3,1.0,1.0,0.5,0.7
RawPixels,P,0.4117647058823529,0.4080645161290322,0.4055028462998102,57.08,0.7,0.05,4,150,0.3,1.0,1.0,0.5,0.8
RawPixels,P,0.37254901960784315,0.3737451737451738,0.37220077220077225,57.58,0.7,0.05,4,150,0.3,1.0,5.0,0.5,0.6
RawPixels,P,0.37254901960784315,0.3706231044940722,0.3658589986863231,57.62,0.7,0.05,4,150,0.3,1.0,5.0,0.5,0.7
RawPixels,P,0.37254901960784315,0.36989247311827955,0.36508538899430737,57.53,0.7,0.05,4,150,0.3,1.0,5.0,0.5,0.8
RawPixels,P,0.43137254901960786,0.43469331400365885,0.43186594302212966,14.91,0.7,0.1,2,50,0.1,0.1,1.0,0.5,0.6
RawPixels,P,0.43137254901960786,0.42583774250440914,0.42910052910052915,14.81,0.7,0.1,2,50,0.1,0.1,1.0,0.5,0.7
RawPixels,P,0.43137254901960786,0.4258098223615465,0.42651668817997423,14.95,0.7,0.1,2,50,0.1,0.1,1.0,0.5,0.8
RawPixels,P,0.4117647058823529,0.4116152450090744,0.4114871356891214,15.19,0.7,0.1,2,50,0.1,0.1,5.0,0.5,0.6
RawPixels,P,0.45098039215686275,0.4499546985315486,0.4498571570789452,14.96,0.7,0.1,2,50,0.1,0.1,5.0,0.5,0.7
RawPixels,P,0.43137254901960786,0.4306138306138306,0.4284930755518991,14.96,0.7,0.1,2,50,0.1,0.1,5.0,0.5,0.8
RawPixels,P,0.45098039215686275,0.4460118425635667,0.447907062511525,14.98,0.7,0.1,2,50,0.1,1.0,1.0,0.5,0.6
RawPixels,P,0.47058823529411764,0.4700986700986702,0.47030055265349385,14.89,0.7,0.1,2,50,0.1,1.0,1.0,0.5,0.7
RawPixels,P,0.4117647058823529,0.40277777777777773,0.40546218487394964,14.82,0.7,0.1,2,50,0.1,1.0,1.0,0.5,0.8
RawPixels,P,0.4117647058823529,0.4063025210084034,0.4091942659416708,14.85,0.7,0.1,2,50,0.1,1.0,5.0,0.5,0.6
RawPixels,P,0.43137254901960786,0.4325482164191841,0.4314267642540887,14.94,0.7,0.1,2,50,0.1,1.0,5.0,0.5,0.7
RawPixels,P,0.43137254901960786,0.4301120448179272,0.4302026693030153,15.15,0.7,0.1,2,50,0.1,1.0,5.0,0.5,0.8
RawPixels,P,0.47058823529411764,0.4700986700986702,0.47030055265349385,14.47,0.7,0.1,2,50,0.3,0.1,1.0,0.5,0.6
RawPixels,P,0.4117647058823529,0.40754664438874966,0.41051157305027275,14.6,0.7,0.1,2,50,0.3,0.1,1.0,0.5,0.7
RawPixels,P,0.45098039215686275,0.44687291028754444,0.44794946803555125,14.8,0.7,0.1,2,50,0.3,0.1,1.0,0.5,0.8
RawPixels,P,0.4117647058823529,0.4063025210084034,0.4091942659416708,14.69,0.7,0.1,2,50,0.3,0.1,5.0,0.5,0.6
RawPixels,P,0.45098039215686275,0.45105105105105103,0.45013248542660306,14.47,0.7,0.1,2,50,0.3,0.1,5.0,0.5,0.7
RawPixels,P,0.4117647058823529,0.40914315569487986,0.4088696293564448,14.4,0.7,0.1,2,50,0.3,0.1,5.0,0.5,0.8
RawPixels,P,0.43137254901960786,0.4302233267750509,0.4311898105001553,14.38,0.7,0.1,2,50,0.3,1.0,1.0,0.5,0.6
RawPixels,P,0.4117647058823529,0.4117048082565324,0.4115819673629004,14.45,0.7,0.1,2,50,0.3,1.0,1.0,0.5,0.7
RawPixels,P,0.43137254901960786,0.42903209028969674,0.42992850128036864,14.57,0.7,0.1,2,50,0.3,1.0,1.0,0.5,0.8
RawPixels,P,0.35294117647058826,0.346493791735303,0.34944658558465636,14.82,0.7,0.1,2,50,0.3,1.0,5.0,0.5,0.6
RawPixels,P,0.43137254901960786,0.4311454311454312,0.4312968430615489,14.62,0.7,0.1,2,50,0.3,1.0,5.0,0.5,0.7
RawPixels,P,0.39215686274509803,0.3866946778711485,0.38843302026693033,14.71,0.7,0.1,2,50,0.3,1.0,5.0,0.5,0.8
RawPixels,P,0.49019607843137253,0.49421835628732175,0.4908356632494564,33.36,0.7,0.1,2,100,0.1,0.1,1.0,0.5,0.6
RawPixels,P,0.37254901960784315,0.3723899337934425,0.3725087316418586,33.83,0.7,0.1,2,100,0.1,0.1,1.0,0.5,0.7
RawPixels,P,0.47058823529411764,0.4657505833549391,0.4688069057023898,33.71,0.7,0.1,2,100,0.1,0.1,1.0,0.5,0.8
RawPixels,P,0.45098039215686275,0.44916344916344914,0.4503747444923915,33.55,0.7,0.1,2,100,0.1,0.1,5.0,0.5,0.6
RawPixels,P,0.47058823529411764,0.471677559912854,0.4700115340253748,33.63,0.7,0.1,2,100,0.1,0.1,5.0,0.5,0.7
RawPixels,P,0.45098039215686275,0.4445816398278198,0.4422130018854277,33.15,0.7,0.1,2,100,0.1,0.1,5.0,0.5,0.8
RawPixels,P,0.47058823529411764,0.47122985054019534,0.4705516875902272,33.6,0.7,0.1,2,100,0.1,1.0,1.0,0.5,0.6
RawPixels,P,0.45098039215686275,0.45344205685761657,0.44975458771641386,33.53,0.7,0.1,2,100,0.1,1.0,1.0,0.5,0.7
RawPixels,P,0.43137254901960786,0.42568297576786546,0.4279527523310605,33.6,0.7,0.1,2,100,0.1,1.0,1.0,0.5,0.8
RawPixels,P,0.4117647058823529,0.4117048082565324,0.4115819673629004,33.67,0.7,0.1,2,100,0.1,1.0,5.0,0.5,0.6
RawPixels,P,0.47058823529411764,0.47201426024955434,0.46769424347279015,33.69,0.7,0.1,2,100,0.1,1.0,5.0,0.5,0.7
RawPixels,P,0.4117647058823529,0.41118421052631576,0.4059597523219814,33.78,0.7,0.1,2,100,0.1,1.0,5.0,0.5,0.8
RawPixels,P,0.45098039215686275,0.4506611875032928,0.4510268782714603,31.5,0.7,0.1,2,100,0.3,0.1,1.0,0.5,0.6
RawPixels,P,0.43137254901960786,0.43303303303303303,0.4310545839957605,31.12,0.7,0.1,2,100,0.3,0.1,1.0,0.5,0.7
RawPixels,P,0.47058823529411764,0.4657505833549391,0.4688069057023898,30.79,0.7,0.1,2,100,0.3,0.1,1.0,0.5,0.8
RawPixels,P,0.49019607843137253,0.4923208923208923,0.48990839579074874,30.62,0.7,0.1,2,100,0.3,0.1,5.0,0.5,0.6
RawPixels,P,0.49019607843137253,0.4907602099252954,0.4850263814433923,30.36,0.7,0.1,2,100,0.3,0.1,5.0,0.5,0.7
RawPixels,P,0.39215686274509803,0.3918986126116856,0.38838600728144324,30.76,0.7,0.1,2,100,0.3,0.1,5.0,0.5,0.8
RawPixels,P,0.47058823529411764,0.47122985054019534,0.4705516875902272,30.4,0.7,0.1,2,100,0.3,1.0,1.0,0.5,0.6
RawPixels,P,0.49019607843137253,0.49285726535302093,0.48769327147435604,30.82,0.7,0.1,2,100,0.3,1.0,1.0,0.5,0.7
RawPixels,P,0.47058823529411764,0.46790986790986794,0.46798299739476207,30.66,0.7,0.1,2,100,0.3,1.0,1.0,0.5,0.8
RawPixels,P,0.45098039215686275,0.4552552552552553,0.4506624271330154,30.17,0.7,0.1,2,100,0.3,1.0,5.0,0.5,0.6
RawPixels,P,0.47058823529411764,0.4717956592956593,0.46746278363925425,30.47,0.7,0.1,2,100,0.3,1.0,5.0,0.5,0.7
RawPixels,P,0.43137254901960786,0.43246187363834426,0.4284890426758939,30.68,0.7,0.1,2,100,0.3,1.0,5.0,0.5,0.8
RawPixels,P,0.49019607843137253,0.49259259259259264,0.49019607843137253,61.87,0.7,0.1,2,150,0.1,0.1,1.0,0.5,0.6
RawPixels,P,0.45098039215686275,0.44670296430732,0.44863883847549907,61.63,0.7,0.1,2,150,0.1,0.1,1.0,0.5,0.7
RawPixels,P,0.45098039215686275,0.44179282310064477,0.4434398654331371,61.79,0.7,0.1,2,150,0.1,0.1,1.0,0.5,0.8
RawPixels,P,0.47058823529411764,0.47304989999487157,0.4705158333911543,61.67,0.7,0.1,2,150,0.1,0.1,5.0,0.5,0.6
RawPixels,P,0.5098039215686274,0.5113095238095238,0.5082983193277311,61.59,0.7,0.1,2,150,0.1,0.1,5.0,0.5,0.7
RawPixels,P,0.43137254901960786,0.41972200367164963,0.4208821215346879,62.23,0.7,0.1,2,150,0.1,0.1,5.0,0.5,0.8
RawPixels,P,0.49019607843137253,0.49155390921095504,0.49010831373759567,61.05,0.7,0.1,2,150,0.1,1.0,1.0,0.5,0.6
RawPixels,P,0.47058823529411764,0.47257211128178866,0.4700099394596548,61.42,0.7,0.1,2,150,0.1,1.0,1.0,0.5,0.7
RawPixels,P,0.4117647058823529,0.4020281493137512,0.3991113990836303,62.14,0.7,0.1,2,150,0.1,1.0,1.0,0.5,0.8
RawPixels,P,0.49019607843137253,0.4932603057603058,0.4891873825697355,61.14,0.7,0.1,2,150,0.1,1.0,5.0,0.5,0.6
RawPixels,P,0.45098039215686275,0.4535244922341697,0.44984187223276406,61.86,0.7,0.1,2,150,0.1,1.0,5.0,0.5,0.7
RawPixels,P,0.45098039215686275,0.4508158508158508,0.4498834498834499,61.68,0.7,0.1,2,150,0.1,1.0,5.0,0.5,0.8
RawPixels,P,0.47058823529411764,0.4672364672364672,0.4685771744595274,55.85,0.7,0.1,2,150,0.3,0.1,1.0,0.5,0.6
RawPixels,P,0.47058823529411764,0.46278166278166283,0.4664747017688194,56.09,0.7,0.1,2,150,0.3,0.1,1.0,0.5,0.7
RawPixels,P,0.45098039215686275,0.4416666666666667,0.4441176470588235,55.97,0.7,0.1,2,150,0.3,0.1,1.0,0.5,0.8
RawPixels,P,0.47058823529411764,0.47304989999487157,0.4705158333911543,55.67,0.7,0.1,2,150,0.3,0.1,5.0,0.5,0.6
RawPixels,P,0.5098039215686274,0.5117845117845118,0.5062388591800356,55.91,0.7,0.1,2,150,0.3,0.1,5.0,0.5,0.7
RawPixels,P,0.4117647058823529,0.3973625590305622,0.39639605641775555,56.48,0.7,0.1,2,150,0.3,0.1,5.0,0.5,0.8
RawPixels,P,0.47058823529411764,0.47304989999487157,0.4705158333911543,56.39,0.7,0.1,2,150,0.3,1.0,1.0,0.5,0.6
RawPixels,P,0.47058823529411764,0.47257211128178866,0.4700099394596548,56.18,0.7,0.1,2,150,0.3,1.0,1.0,0.5,0.7
RawPixels,P,0.45098039215686275,0.4419442258938718,0.4404899646719428,56.28,0.7,0.1,2,150,0.3,1.0,1.0,0.5,0.8
RawPixels,P,0.43137254901960786,0.4354240388395986,0.43067668628557115,56.02,0.7,0.1,2,150,0.3,1.0,5.0,0.5,0.6
RawPixels,P,0.45098039215686275,0.454384531590414,0.4480247981545559,56.05,0.7,0.1,2,150,0.3,1.0,5.0,0.5,0.7
RawPixels,P,0.39215686274509803,0.39272099423902085,0.38925676429862166,56.34,0.7,0.1,2,150,0.3,1.0,5.0,0.5,0.8
RawPixels,P,0.43137254901960786,0.43469331400365885,0.43186594302212966,14.58,0.7,0.1,3,50,0.1,0.1,1.0,0.5,0.6
RawPixels,P,0.43137254901960786,0.42583774250440914,0.42910052910052915,14.48,0.7,0.1,3,50,0.1,0.1,1.0,0.5,0.7
RawPixels,P,0.43137254901960786,0.4258098223615465,0.42651668817997423,14.8,0.7,0.1,3,50,0.1,0.1,1.0,0.5,0.8
RawPixels,P,0.4117647058823529,0.4116152450090744,0.4114871356891214,14.75,0.7,0.1,3,50,0.1,0.1,5.0,0.5,0.6
RawPixels,P,0.45098039215686275,0.4499546985315486,0.4498571570789452,14.64,0.7,0.1,3,50,0.1,0.1,5.0,0.5,0.7
RawPixels,P,0.43137254901960786,0.4306138306138306,0.4284930755518991,14.36,0.7,0.1,3,50,0.1,0.1,5.0,0.5,0.8
RawPixels,P,0.45098039215686275,0.4460118425635667,0.447907062511525,14.35,0.7,0.1,3,50,0.1,1.0,1.0,0.5,0.6
RawPixels,P,0.47058823529411764,0.4700986700986702,0.47030055265349385,14.69,0.7,0.1,3,50,0.1,1.0,1.0,0.5,0.7
RawPixels,P,0.4117647058823529,0.40277777777777773,0.40546218487394964,14.61,0.7,0.1,3,50,0.1,1.0,1.0,0.5,0.8
RawPixels,P,0.4117647058823529,0.4063025210084034,0.4091942659416708,14.47,0.7,0.1,3,50,0.1,1.0,5.0,0.5,0.6
RawPixels,P,0.43137254901960786,0.4325482164191841,0.4314267642540887,14.48,0.7,0.1,3,50,0.1,1.0,5.0,0.5,0.7
RawPixels,P,0.43137254901960786,0.4301120448179272,0.4302026693030153,14.77,0.7,0.1,3,50,0.1,1.0,5.0,0.5,0.8
RawPixels,P,0.47058823529411764,0.4700986700986702,0.47030055265349385,13.79,0.7,0.1,3,50,0.3,0.1,1.0,0.5,0.6
RawPixels,P,0.4117647058823529,0.40754664438874966,0.41051157305027275,13.84,0.7,0.1,3,50,0.3,0.1,1.0,0.5,0.7
RawPixels,P,0.45098039215686275,0.44687291028754444,0.44794946803555125,14.27,0.7,0.1,3,50,0.3,0.1,1.0,0.5,0.8
RawPixels,P,0.4117647058823529,0.4063025210084034,0.4091942659416708,13.95,0.7,0.1,3,50,0.3,0.1,5.0,0.5,0.6
RawPixels,P,0.45098039215686275,0.45105105105105103,0.45013248542660306,14.03,0.7,0.1,3,50,0.3,0.1,5.0,0.5,0.7
RawPixels,P,0.4117647058823529,0.40914315569487986,0.4088696293564448,14.13,0.7,0.1,3,50,0.3,0.1,5.0,0.5,0.8
RawPixels,P,0.43137254901960786,0.4302233267750509,0.4311898105001553,13.93,0.7,0.1,3,50,0.3,1.0,1.0,0.5,0.6
RawPixels,P,0.4117647058823529,0.4117048082565324,0.4115819673629004,13.93,0.7,0.1,3,50,0.3,1.0,1.0,0.5,0.7
RawPixels,P,0.43137254901960786,0.42903209028969674,0.42992850128036864,14.28,0.7,0.1,3,50,0.3,1.0,1.0,0.5,0.8
RawPixels,P,0.35294117647058826,0.346493791735303,0.34944658558465636,13.6,0.7,0.1,3,50,0.3,1.0,5.0,0.5,0.6
RawPixels,P,0.43137254901960786,0.4311454311454312,0.4312968430615489,13.8,0.7,0.1,3,50,0.3,1.0,5.0,0.5,0.7
RawPixels,P,0.39215686274509803,0.3866946778711485,0.38843302026693033,14.11,0.7,0.1,3,50,0.3,1.0,5.0,0.5,0.8
RawPixels,P,0.49019607843137253,0.49421835628732175,0.4908356632494564,32.65,0.7,0.1,3,100,0.1,0.1,1.0,0.5,0.6
RawPixels,P,0.37254901960784315,0.3723899337934425,0.3725087316418586,32.85,0.7,0.1,3,100,0.1,0.1,1.0,0.5,0.7
RawPixels,P,0.47058823529411764,0.4657505833549391,0.4688069057023898,32.43,0.7,0.1,3,100,0.1,0.1,1.0,0.5,0.8
RawPixels,P,0.45098039215686275,0.44916344916344914,0.4503747444923915,32.29,0.7,0.1,3,100,0.1,0.1,5.0,0.5,0.6
RawPixels,P,0.47058823529411764,0.471677559912854,0.4700115340253748,33.21,0.7,0.1,3,100,0.1,0.1,5.0,0.5,0.7
RawPixels,P,0.45098039215686275,0.4445816398278198,0.4422130018854277,32.57,0.7,0.1,3,100,0.1,0.1,5.0,0.5,0.8
RawPixels,P,0.47058823529411764,0.47122985054019534,0.4705516875902272,32.71,0.7,0.1,3,100,0.1,1.0,1.0,0.5,0.6
RawPixels,P,0.45098039215686275,0.45344205685761657,0.44975458771641386,32.83,0.7,0.1,3,100,0.1,1.0,1.0,0.5,0.7
RawPixels,P,0.43137254901960786,0.42568297576786546,0.4279527523310605,32.33,0.7,0.1,3,100,0.1,1.0,1.0,0.5,0.8
RawPixels,P,0.4117647058823529,0.4117048082565324,0.4115819673629004,32.36,0.7,0.1,3,100,0.1,1.0,5.0,0.5,0.6
RawPixels,P,0.47058823529411764,0.47201426024955434,0.46769424347279015,32.64,0.7,0.1,3,100,0.1,1.0,5.0,0.5,0.7
RawPixels,P,0.4117647058823529,0.41118421052631576,0.4059597523219814,32.52,0.7,0.1,3,100,0.1,1.0,5.0,0.5,0.8
RawPixels,P,0.45098039215686275,0.4506611875032928,0.4510268782714603,30.35,0.7,0.1,3,100,0.3,0.1,1.0,0.5,0.6
RawPixels,P,0.43137254901960786,0.43303303303303303,0.4310545839957605,30.12,0.7,0.1,3,100,0.3,0.1,1.0,0.5,0.7
RawPixels,P,0.47058823529411764,0.4657505833549391,0.4688069057023898,30.55,0.7,0.1,3,100,0.3,0.1,1.0,0.5,0.8
RawPixels,P,0.49019607843137253,0.4923208923208923,0.48990839579074874,30.07,0.7,0.1,3,100,0.3,0.1,5.0,0.5,0.6
RawPixels,P,0.49019607843137253,0.4907602099252954,0.4850263814433923,30.64,0.7,0.1,3,100,0.3,0.1,5.0,0.5,0.7
RawPixels,P,0.39215686274509803,0.3918986126116856,0.38838600728144324,30.31,0.7,0.1,3,100,0.3,0.1,5.0,0.5,0.8
RawPixels,P,0.47058823529411764,0.47122985054019534,0.4705516875902272,30.83,0.7,0.1,3,100,0.3,1.0,1.0,0.5,0.6
RawPixels,P,0.49019607843137253,0.49285726535302093,0.48769327147435604,30.56,0.7,0.1,3,100,0.3,1.0,1.0,0.5,0.7
RawPixels,P,0.47058823529411764,0.46790986790986794,0.46798299739476207,30.67,0.7,0.1,3,100,0.3,1.0,1.0,0.5,0.8
RawPixels,P,0.45098039215686275,0.4552552552552553,0.4506624271330154,30.24,0.7,0.1,3,100,0.3,1.0,5.0,0.5,0.6
RawPixels,P,0.47058823529411764,0.4717956592956593,0.46746278363925425,30.56,0.7,0.1,3,100,0.3,1.0,5.0,0.5,0.7
RawPixels,P,0.43137254901960786,0.43246187363834426,0.4284890426758939,30.6,0.7,0.1,3,100,0.3,1.0,5.0,0.5,0.8
RawPixels,P,0.49019607843137253,0.49259259259259264,0.49019607843137253,61.72,0.7,0.1,3,150,0.1,0.1,1.0,0.5,0.6
RawPixels,P,0.45098039215686275,0.44670296430732,0.44863883847549907,61.68,0.7,0.1,3,150,0.1,0.1,1.0,0.5,0.7
RawPixels,P,0.45098039215686275,0.44179282310064477,0.4434398654331371,62.34,0.7,0.1,3,150,0.1,0.1,1.0,0.5,0.8
RawPixels,P,0.47058823529411764,0.47304989999487157,0.4705158333911543,61.22,0.7,0.1,3,150,0.1,0.1,5.0,0.5,0.6
RawPixels,P,0.5098039215686274,0.5113095238095238,0.5082983193277311,61.51,0.7,0.1,3,150,0.1,0.1,5.0,0.5,0.7
RawPixels,P,0.43137254901960786,0.41972200367164963,0.4208821215346879,61.68,0.7,0.1,3,150,0.1,0.1,5.0,0.5,0.8
RawPixels,P,0.49019607843137253,0.49155390921095504,0.49010831373759567,62.05,0.7,0.1,3,150,0.1,1.0,1.0,0.5,0.6
RawPixels,P,0.47058823529411764,0.47257211128178866,0.4700099394596548,61.32,0.7,0.1,3,150,0.1,1.0,1.0,0.5,0.7
RawPixels,P,0.4117647058823529,0.4020281493137512,0.3991113990836303,62.12,0.7,0.1,3,150,0.1,1.0,1.0,0.5,0.8
RawPixels,P,0.49019607843137253,0.4932603057603058,0.4891873825697355,62.43,0.7,0.1,3,150,0.1,1.0,5.0,0.5,0.6
RawPixels,P,0.45098039215686275,0.4535244922341697,0.44984187223276406,61.55,0.7,0.1,3,150,0.1,1.0,5.0,0.5,0.7
RawPixels,P,0.45098039215686275,0.4508158508158508,0.4498834498834499,62.11,0.7,0.1,3,150,0.1,1.0,5.0,0.5,0.8
RawPixels,P,0.47058823529411764,0.4672364672364672,0.4685771744595274,56.33,0.7,0.1,3,150,0.3,0.1,1.0,0.5,0.6
RawPixels,P,0.47058823529411764,0.46278166278166283,0.4664747017688194,56.02,0.7,0.1,3,150,0.3,0.1,1.0,0.5,0.7
RawPixels,P,0.45098039215686275,0.4416666666666667,0.4441176470588235,56.45,0.7,0.1,3,150,0.3,0.1,1.0,0.5,0.8
RawPixels,P,0.47058823529411764,0.47304989999487157,0.4705158333911543,55.9,0.7,0.1,3,150,0.3,0.1,5.0,0.5,0.6
RawPixels,P,0.5098039215686274,0.5117845117845118,0.5062388591800356,55.96,0.7,0.1,3,150,0.3,0.1,5.0,0.5,0.7
RawPixels,P,0.4117647058823529,0.3973625590305622,0.39639605641775555,56.66,0.7,0.1,3,150,0.3,0.1,5.0,0.5,0.8
RawPixels,P,0.47058823529411764,0.47304989999487157,0.4705158333911543,55.63,0.7,0.1,3,150,0.3,1.0,1.0,0.5,0.6
RawPixels,P,0.47058823529411764,0.47257211128178866,0.4700099394596548,56.12,0.7,0.1,3,150,0.3,1.0,1.0,0.5,0.7
RawPixels,P,0.45098039215686275,0.4419442258938718,0.4404899646719428,56.34,0.7,0.1,3,150,0.3,1.0,1.0,0.5,0.8
RawPixels,P,0.43137254901960786,0.4354240388395986,0.43067668628557115,56.21,0.7,0.1,3,150,0.3,1.0,5.0,0.5,0.6
RawPixels,P,0.45098039215686275,0.454384531590414,0.4480247981545559,56.12,0.7,0.1,3,150,0.3,1.0,5.0,0.5,0.7
RawPixels,P,0.39215686274509803,0.39272099423902085,0.38925676429862166,56.42,0.7,0.1,3,150,0.3,1.0,5.0,0.5,0.8
RawPixels,P,0.43137254901960786,0.43469331400365885,0.43186594302212966,14.63,0.7,0.1,4,50,0.1,0.1,1.0,0.5,0.6
RawPixels,P,0.43137254901960786,0.42583774250440914,0.42910052910052915,14.49,0.7,0.1,4,50,0.1,0.1,1.0,0.5,0.7
RawPixels,P,0.43137254901960786,0.4258098223615465,0.42651668817997423,14.54,0.7,0.1,4,50,0.1,0.1,1.0,0.5,0.8
RawPixels,P,0.4117647058823529,0.4116152450090744,0.4114871356891214,14.51,0.7,0.1,4,50,0.1,0.1,5.0,0.5,0.6
RawPixels,P,0.45098039215686275,0.4499546985315486,0.4498571570789452,14.32,0.7,0.1,4,50,0.1,0.1,5.0,0.5,0.7
RawPixels,P,0.43137254901960786,0.4306138306138306,0.4284930755518991,14.43,0.7,0.1,4,50,0.1,0.1,5.0,0.5,0.8
RawPixels,P,0.45098039215686275,0.4460118425635667,0.447907062511525,14.6,0.7,0.1,4,50,0.1,1.0,1.0,0.5,0.6
RawPixels,P,0.47058823529411764,0.4700986700986702,0.47030055265349385,14.62,0.7,0.1,4,50,0.1,1.0,1.0,0.5,0.7
RawPixels,P,0.4117647058823529,0.40277777777777773,0.40546218487394964,14.56,0.7,0.1,4,50,0.1,1.0,1.0,0.5,0.8
RawPixels,P,0.4117647058823529,0.4063025210084034,0.4091942659416708,14.63,0.7,0.1,4,50,0.1,1.0,5.0,0.5,0.6
RawPixels,P,0.43137254901960786,0.4325482164191841,0.4314267642540887,14.81,0.7,0.1,4,50,0.1,1.0,5.0,0.5,0.7
RawPixels,P,0.43137254901960786,0.4301120448179272,0.4302026693030153,14.77,0.7,0.1,4,50,0.1,1.0,5.0,0.5,0.8
RawPixels,P,0.47058823529411764,0.4700986700986702,0.47030055265349385,13.72,0.7,0.1,4,50,0.3,0.1,1.0,0.5,0.6
RawPixels,P,0.4117647058823529,0.40754664438874966,0.41051157305027275,14.22,0.7,0.1,4,50,0.3,0.1,1.0,0.5,0.7
RawPixels,P,0.45098039215686275,0.44687291028754444,0.44794946803555125,14.19,0.7,0.1,4,50,0.3,0.1,1.0,0.5,0.8
RawPixels,P,0.4117647058823529,0.4063025210084034,0.4091942659416708,13.87,0.7,0.1,4,50,0.3,0.1,5.0,0.5,0.6
RawPixels,P,0.45098039215686275,0.45105105105105103,0.45013248542660306,14.05,0.7,0.1,4,50,0.3,0.1,5.0,0.5,0.7
RawPixels,P,0.4117647058823529,0.40914315569487986,0.4088696293564448,13.84,0.7,0.1,4,50,0.3,0.1,5.0,0.5,0.8
RawPixels,P,0.43137254901960786,0.4302233267750509,0.4311898105001553,13.96,0.7,0.1,4,50,0.3,1.0,1.0,0.5,0.6
RawPixels,P,0.4117647058823529,0.4117048082565324,0.4115819673629004,13.99,0.7,0.1,4,50,0.3,1.0,1.0,0.5,0.7
RawPixels,P,0.43137254901960786,0.42903209028969674,0.42992850128036864,14.07,0.7,0.1,4,50,0.3,1.0,1.0,0.5,0.8
RawPixels,P,0.35294117647058826,0.346493791735303,0.34944658558465636,14.02,0.7,0.1,4,50,0.3,1.0,5.0,0.5,0.6
RawPixels,P,0.43137254901960786,0.4311454311454312,0.4312968430615489,14.08,0.7,0.1,4,50,0.3,1.0,5.0,0.5,0.7
RawPixels,P,0.39215686274509803,0.3866946778711485,0.38843302026693033,13.92,0.7,0.1,4,50,0.3,1.0,5.0,0.5,0.8
RawPixels,P,0.49019607843137253,0.49421835628732175,0.4908356632494564,32.39,0.7,0.1,4,100,0.1,0.1,1.0,0.5,0.6
RawPixels,P,0.37254901960784315,0.3723899337934425,0.3725087316418586,32.57,0.7,0.1,4,100,0.1,0.1,1.0,0.5,0.7
RawPixels,P,0.47058823529411764,0.4657505833549391,0.4688069057023898,32.84,0.7,0.1,4,100,0.1,0.1,1.0,0.5,0.8
RawPixels,P,0.45098039215686275,0.44916344916344914,0.4503747444923915,32.37,0.7,0.1,4,100,0.1,0.1,5.0,0.5,0.6
RawPixels,P,0.47058823529411764,0.471677559912854,0.4700115340253748,32.52,0.7,0.1,4,100,0.1,0.1,5.0,0.5,0.7
RawPixels,P,0.45098039215686275,0.4445816398278198,0.4422130018854277,32.65,0.7,0.1,4,100,0.1,0.1,5.0,0.5,0.8
RawPixels,P,0.47058823529411764,0.47122985054019534,0.4705516875902272,32.37,0.7,0.1,4,100,0.1,1.0,1.0,0.5,0.6
RawPixels,P,0.45098039215686275,0.45344205685761657,0.44975458771641386,32.77,0.7,0.1,4,100,0.1,1.0,1.0,0.5,0.7
RawPixels,P,0.43137254901960786,0.42568297576786546,0.4279527523310605,32.76,0.7,0.1,4,100,0.1,1.0,1.0,0.5,0.8
RawPixels,P,0.4117647058823529,0.4117048082565324,0.4115819673629004,32.8,0.7,0.1,4,100,0.1,1.0,5.0,0.5,0.6
RawPixels,P,0.47058823529411764,0.47201426024955434,0.46769424347279015,32.58,0.7,0.1,4,100,0.1,1.0,5.0,0.5,0.7
RawPixels,P,0.4117647058823529,0.41118421052631576,0.4059597523219814,32.9,0.7,0.1,4,100,0.1,1.0,5.0,0.5,0.8
RawPixels,P,0.45098039215686275,0.4506611875032928,0.4510268782714603,30.2,0.7,0.1,4,100,0.3,0.1,1.0,0.5,0.6
RawPixels,P,0.43137254901960786,0.43303303303303303,0.4310545839957605,30.57,0.7,0.1,4,100,0.3,0.1,1.0,0.5,0.7
RawPixels,P,0.47058823529411764,0.4657505833549391,0.4688069057023898,30.54,0.7,0.1,4,100,0.3,0.1,1.0,0.5,0.8
RawPixels,P,0.49019607843137253,0.4923208923208923,0.48990839579074874,30.76,0.7,0.1,4,100,0.3,0.1,5.0,0.5,0.6
RawPixels,P,0.49019607843137253,0.4907602099252954,0.4850263814433923,29.77,0.7,0.1,4,100,0.3,0.1,5.0,0.5,0.7
RawPixels,P,0.39215686274509803,0.3918986126116856,0.38838600728144324,30.15,0.7,0.1,4,100,0.3,0.1,5.0,0.5,0.8
RawPixels,P,0.47058823529411764,0.47122985054019534,0.4705516875902272,30.23,0.7,0.1,4,100,0.3,1.0,1.0,0.5,0.6
RawPixels,P,0.49019607843137253,0.49285726535302093,0.48769327147435604,30.77,0.7,0.1,4,100,0.3,1.0,1.0,0.5,0.7
RawPixels,P,0.47058823529411764,0.46790986790986794,0.46798299739476207,30.55,0.7,0.1,4,100,0.3,1.0,1.0,0.5,0.8
RawPixels,P,0.45098039215686275,0.4552552552552553,0.4506624271330154,30.45,0.7,0.1,4,100,0.3,1.0,5.0,0.5,0.6
RawPixels,P,0.47058823529411764,0.4717956592956593,0.46746278363925425,30.32,0.7,0.1,4,100,0.3,1.0,5.0,0.5,0.7
RawPixels,P,0.43137254901960786,0.43246187363834426,0.4284890426758939,30.73,0.7,0.1,4,100,0.3,1.0,5.0,0.5,0.8
RawPixels,P,0.49019607843137253,0.49259259259259264,0.49019607843137253,61.43,0.7,0.1,4,150,0.1,0.1,1.0,0.5,0.6
RawPixels,P,0.45098039215686275,0.44670296430732,0.44863883847549907,61.76,0.7,0.1,4,150,0.1,0.1,1.0,0.5,0.7
RawPixels,P,0.45098039215686275,0.44179282310064477,0.4434398654331371,61.74,0.7,0.1,4,150,0.1,0.1,1.0,0.5,0.8
RawPixels,P,0.47058823529411764,0.47304989999487157,0.4705158333911543,61.86,0.7,0.1,4,150,0.1,0.1,5.0,0.5,0.6
RawPixels,P,0.5098039215686274,0.5113095238095238,0.5082983193277311,61.52,0.7,0.1,4,150,0.1,0.1,5.0,0.5,0.7
RawPixels,P,0.43137254901960786,0.41972200367164963,0.4208821215346879,61.61,0.7,0.1,4,150,0.1,0.1,5.0,0.5,0.8
RawPixels,P,0.49019607843137253,0.49155390921095504,0.49010831373759567,61.08,0.7,0.1,4,150,0.1,1.0,1.0,0.5,0.6
RawPixels,P,0.47058823529411764,0.47257211128178866,0.4700099394596548,62.2,0.7,0.1,4,150,0.1,1.0,1.0,0.5,0.7
RawPixels,P,0.4117647058823529,0.4020281493137512,0.3991113990836303,62.31,0.7,0.1,4,150,0.1,1.0,1.0,0.5,0.8
RawPixels,P,0.49019607843137253,0.4932603057603058,0.4891873825697355,61.68,0.7,0.1,4,150,0.1,1.0,5.0,0.5,0.6
RawPixels,P,0.45098039215686275,0.4535244922341697,0.44984187223276406,61.37,0.7,0.1,4,150,0.1,1.0,5.0,0.5,0.7
RawPixels,P,0.45098039215686275,0.4508158508158508,0.4498834498834499,62.22,0.7,0.1,4,150,0.1,1.0,5.0,0.5,0.8
RawPixels,P,0.47058823529411764,0.4672364672364672,0.4685771744595274,56.39,0.7,0.1,4,150,0.3,0.1,1.0,0.5,0.6
RawPixels,P,0.47058823529411764,0.46278166278166283,0.4664747017688194,56.26,0.7,0.1,4,150,0.3,0.1,1.0,0.5,0.7
RawPixels,P,0.45098039215686275,0.4416666666666667,0.4441176470588235,56.02,0.7,0.1,4,150,0.3,0.1,1.0,0.5,0.8
RawPixels,P,0.47058823529411764,0.47304989999487157,0.4705158333911543,56.37,0.7,0.1,4,150,0.3,0.1,5.0,0.5,0.6
RawPixels,P,0.5098039215686274,0.5117845117845118,0.5062388591800356,56.91,0.7,0.1,4,150,0.3,0.1,5.0,0.5,0.7
RawPixels,P,0.4117647058823529,0.3973625590305622,0.39639605641775555,56.28,0.7,0.1,4,150,0.3,0.1,5.0,0.5,0.8
RawPixels,P,0.47058823529411764,0.47304989999487157,0.4705158333911543,56.49,0.7,0.1,4,150,0.3,1.0,1.0,0.5,0.6
RawPixels,P,0.47058823529411764,0.47257211128178866,0.4700099394596548,56.3,0.7,0.1,4,150,0.3,1.0,1.0,0.5,0.7
RawPixels,P,0.45098039215686275,0.4419442258938718,0.4404899646719428,56.06,0.7,0.1,4,150,0.3,1.0,1.0,0.5,0.8
RawPixels,P,0.43137254901960786,0.4354240388395986,0.43067668628557115,56.55,0.7,0.1,4,150,0.3,1.0,5.0,0.5,0.6
RawPixels,P,0.45098039215686275,0.454384531590414,0.4480247981545559,56.45,0.7,0.1,4,150,0.3,1.0,5.0,0.5,0.7
RawPixels,P,0.39215686274509803,0.39272099423902085,0.38925676429862166,55.72,0.7,0.1,4,150,0.3,1.0,5.0,0.5,0.8
